Analysis & Synthesis report for fir_filter_pipelined_l3_reduced
Thu Mar 26 12:15:31 2026
Quartus Prime Version 21.1.0 Build 842 10/21/2021 SJ Lite Edition


---------------------
; Table of Contents ;
---------------------
  1. Legal Notice
  2. Analysis & Synthesis Summary
  3. Analysis & Synthesis Settings
  4. Parallel Compilation
  5. Analysis & Synthesis Source Files Read
  6. Analysis & Synthesis Resource Usage Summary
  7. Analysis & Synthesis Resource Utilization by Entity
  8. Analysis & Synthesis DSP Block Usage Summary
  9. Registers Removed During Synthesis
 10. General Register Statistics
 11. Multiplexer Restructuring Statistics (Restructuring Performed)
 12. Parameter Settings for User Entity Instance: Top-level Entity: |fir_filter_pipelined_l3_reduced
 13. Parameter Settings for User Entity Instance: fir_filter_parallel_reduced_pipelined_stream:impl
 14. Parameter Settings for User Entity Instance: fir_filter_parallel_reduced_pipelined_stream:impl|fir_filter_parallel_reduced_pipelined:impl
 15. Post-Synthesis Netlist Statistics for Top Partition
 16. Elapsed Time Per Partition
 17. Analysis & Synthesis Messages



----------------
; Legal Notice ;
----------------
Copyright (C) 2021  Intel Corporation. All rights reserved.
Your use of Intel Corporation's design tools, logic functions 
and other software and tools, and any partner logic 
functions, and any output files from any of the foregoing 
(including device programming or simulation files), and any 
associated documentation or information are expressly subject 
to the terms and conditions of the Intel Program License 
Subscription Agreement, the Intel Quartus Prime License Agreement,
the Intel FPGA IP License Agreement, or other applicable license
agreement, including, without limitation, that your use is for
the sole purpose of programming logic devices manufactured by
Intel and sold by Intel or its authorized distributors.  Please
refer to the applicable agreement for further details, at
https://fpgasoftware.intel.com/eula.



+-------------------------------------------------------------------------------+
; Analysis & Synthesis Summary                                                  ;
+---------------------------------+---------------------------------------------+
; Analysis & Synthesis Status     ; Successful - Thu Mar 26 12:15:30 2026       ;
; Quartus Prime Version           ; 21.1.0 Build 842 10/21/2021 SJ Lite Edition ;
; Revision Name                   ; fir_filter_pipelined_l3_reduced             ;
; Top-level Entity Name           ; fir_filter_pipelined_l3_reduced             ;
; Family                          ; Cyclone V                                   ;
; Logic utilization (in ALMs)     ; N/A                                         ;
; Total registers                 ; 24304                                       ;
; Total pins                      ; 36                                          ;
; Total virtual pins              ; 0                                           ;
; Total block memory bits         ; 0                                           ;
; Total DSP Blocks                ; 159                                         ;
; Total HSSI RX PCSs              ; 0                                           ;
; Total HSSI PMA RX Deserializers ; 0                                           ;
; Total HSSI TX PCSs              ; 0                                           ;
; Total HSSI PMA TX Serializers   ; 0                                           ;
; Total PLLs                      ; 0                                           ;
; Total DLLs                      ; 0                                           ;
+---------------------------------+---------------------------------------------+


+-----------------------------------------------------------------------------------------------------------------------------------------------------+
; Analysis & Synthesis Settings                                                                                                                       ;
+---------------------------------------------------------------------------------+---------------------------------+---------------------------------+
; Option                                                                          ; Setting                         ; Default Value                   ;
+---------------------------------------------------------------------------------+---------------------------------+---------------------------------+
; Device                                                                          ; 5CGXFC9E6F35C7                  ;                                 ;
; Top-level entity name                                                           ; fir_filter_pipelined_l3_reduced ; fir_filter_pipelined_l3_reduced ;
; Family name                                                                     ; Cyclone V                       ; Cyclone V                       ;
; Maximum processors allowed for parallel compilation                             ; 4                               ;                                 ;
; Use smart compilation                                                           ; Off                             ; Off                             ;
; Enable parallel Assembler and Timing Analyzer during compilation                ; On                              ; On                              ;
; Enable compact report table                                                     ; Off                             ; Off                             ;
; Restructure Multiplexers                                                        ; Auto                            ; Auto                            ;
; MLAB Add Timing Constraints For Mixed-Port Feed-Through Mode Setting Don't Care ; Off                             ; Off                             ;
; Create Debugging Nodes for IP Cores                                             ; Off                             ; Off                             ;
; Preserve fewer node names                                                       ; On                              ; On                              ;
; Intel FPGA IP Evaluation Mode                                                   ; Enable                          ; Enable                          ;
; Verilog Version                                                                 ; Verilog_2001                    ; Verilog_2001                    ;
; VHDL Version                                                                    ; VHDL_1993                       ; VHDL_1993                       ;
; State Machine Processing                                                        ; Auto                            ; Auto                            ;
; Safe State Machine                                                              ; Off                             ; Off                             ;
; Extract Verilog State Machines                                                  ; On                              ; On                              ;
; Extract VHDL State Machines                                                     ; On                              ; On                              ;
; Ignore Verilog initial constructs                                               ; Off                             ; Off                             ;
; Iteration limit for constant Verilog loops                                      ; 5000                            ; 5000                            ;
; Iteration limit for non-constant Verilog loops                                  ; 250                             ; 250                             ;
; Add Pass-Through Logic to Inferred RAMs                                         ; On                              ; On                              ;
; Infer RAMs from Raw Logic                                                       ; On                              ; On                              ;
; Parallel Synthesis                                                              ; On                              ; On                              ;
; DSP Block Balancing                                                             ; Auto                            ; Auto                            ;
; NOT Gate Push-Back                                                              ; On                              ; On                              ;
; Power-Up Don't Care                                                             ; On                              ; On                              ;
; Remove Redundant Logic Cells                                                    ; Off                             ; Off                             ;
; Remove Duplicate Registers                                                      ; On                              ; On                              ;
; Ignore CARRY Buffers                                                            ; Off                             ; Off                             ;
; Ignore CASCADE Buffers                                                          ; Off                             ; Off                             ;
; Ignore GLOBAL Buffers                                                           ; Off                             ; Off                             ;
; Ignore ROW GLOBAL Buffers                                                       ; Off                             ; Off                             ;
; Ignore LCELL Buffers                                                            ; Off                             ; Off                             ;
; Ignore SOFT Buffers                                                             ; On                              ; On                              ;
; Limit AHDL Integers to 32 Bits                                                  ; Off                             ; Off                             ;
; Optimization Technique                                                          ; Balanced                        ; Balanced                        ;
; Carry Chain Length                                                              ; 70                              ; 70                              ;
; Auto Carry Chains                                                               ; On                              ; On                              ;
; Auto Open-Drain Pins                                                            ; On                              ; On                              ;
; Perform WYSIWYG Primitive Resynthesis                                           ; Off                             ; Off                             ;
; Auto ROM Replacement                                                            ; On                              ; On                              ;
; Auto RAM Replacement                                                            ; On                              ; On                              ;
; Auto DSP Block Replacement                                                      ; On                              ; On                              ;
; Auto Shift Register Replacement                                                 ; Auto                            ; Auto                            ;
; Allow Shift Register Merging across Hierarchies                                 ; Auto                            ; Auto                            ;
; Auto Clock Enable Replacement                                                   ; On                              ; On                              ;
; Strict RAM Replacement                                                          ; Off                             ; Off                             ;
; Allow Synchronous Control Signals                                               ; On                              ; On                              ;
; Force Use of Synchronous Clear Signals                                          ; Off                             ; Off                             ;
; Auto Resource Sharing                                                           ; Off                             ; Off                             ;
; Allow Any RAM Size For Recognition                                              ; Off                             ; Off                             ;
; Allow Any ROM Size For Recognition                                              ; Off                             ; Off                             ;
; Allow Any Shift Register Size For Recognition                                   ; Off                             ; Off                             ;
; Use LogicLock Constraints during Resource Balancing                             ; On                              ; On                              ;
; Ignore translate_off and synthesis_off directives                               ; Off                             ; Off                             ;
; Timing-Driven Synthesis                                                         ; On                              ; On                              ;
; Report Parameter Settings                                                       ; On                              ; On                              ;
; Report Source Assignments                                                       ; On                              ; On                              ;
; Report Connectivity Checks                                                      ; On                              ; On                              ;
; Ignore Maximum Fan-Out Assignments                                              ; Off                             ; Off                             ;
; Synchronization Register Chain Length                                           ; 3                               ; 3                               ;
; Power Optimization During Synthesis                                             ; Normal compilation              ; Normal compilation              ;
; HDL message level                                                               ; Level2                          ; Level2                          ;
; Suppress Register Optimization Related Messages                                 ; Off                             ; Off                             ;
; Number of Removed Registers Reported in Synthesis Report                        ; 5000                            ; 5000                            ;
; Number of Swept Nodes Reported in Synthesis Report                              ; 5000                            ; 5000                            ;
; Number of Inverted Registers Reported in Synthesis Report                       ; 100                             ; 100                             ;
; Clock MUX Protection                                                            ; On                              ; On                              ;
; Auto Gated Clock Conversion                                                     ; Off                             ; Off                             ;
; Block Design Naming                                                             ; Auto                            ; Auto                            ;
; SDC constraint protection                                                       ; Off                             ; Off                             ;
; Synthesis Effort                                                                ; Auto                            ; Auto                            ;
; Shift Register Replacement - Allow Asynchronous Clear Signal                    ; On                              ; On                              ;
; Pre-Mapping Resynthesis Optimization                                            ; Off                             ; Off                             ;
; Analysis & Synthesis Message Level                                              ; Medium                          ; Medium                          ;
; Disable Register Merging Across Hierarchies                                     ; Auto                            ; Auto                            ;
; Resource Aware Inference For Block RAM                                          ; On                              ; On                              ;
; Automatic Parallel Synthesis                                                    ; On                              ; On                              ;
; Partial Reconfiguration Bitstream ID                                            ; Off                             ; Off                             ;
+---------------------------------------------------------------------------------+---------------------------------+---------------------------------+


+------------------------------------------+
; Parallel Compilation                     ;
+----------------------------+-------------+
; Processors                 ; Number      ;
+----------------------------+-------------+
; Number detected on machine ; 4           ;
; Maximum allowed            ; 4           ;
;                            ;             ;
; Average used               ; 1.76        ;
; Maximum used               ; 4           ;
;                            ;             ;
; Usage by Processor         ; % Time Used ;
;     Processor 1            ; 100.0%      ;
;     Processor 2            ;  25.6%      ;
;     Processor 3            ;  25.2%      ;
;     Processor 4            ;  25.2%      ;
+----------------------------+-------------+


+------------------------------------------------------------------------------------------------------------------------------------------------------------------------------------------------------------------------------------------+
; Analysis & Synthesis Source Files Read                                                                                                                                                                                                   ;
+--------------------------------------------------+-----------------+------------------------------+----------------------------------------------------------------------------------------------------------------------------+---------+
; File Name with User-Entered Path                 ; Used in Netlist ; File Type                    ; File Name with Absolute Path                                                                                               ; Library ;
+--------------------------------------------------+-----------------+------------------------------+----------------------------------------------------------------------------------------------------------------------------+---------+
; rtl/include/fir_coeffs_pkg.sv                    ; yes             ; User SystemVerilog HDL File  ; C:/Mac/Home/Desktop/avlsi-fir-filter-design/fir-filter-hardware-optimized/rtl/include/fir_coeffs_pkg.sv                    ;         ;
; rtl/src/fir_filter_parallel_reduced_pipelined.sv ; yes             ; User SystemVerilog HDL File  ; C:/Mac/Home/Desktop/avlsi-fir-filter-design/fir-filter-hardware-optimized/rtl/src/fir_filter_parallel_reduced_pipelined.sv ;         ;
; rtl/src/fir_filter_pipelined_l3_reduced.sv       ; yes             ; User SystemVerilog HDL File  ; C:/Mac/Home/Desktop/avlsi-fir-filter-design/fir-filter-hardware-optimized/rtl/src/fir_filter_pipelined_l3_reduced.sv       ;         ;
+--------------------------------------------------+-----------------+------------------------------+----------------------------------------------------------------------------------------------------------------------------+---------+


+---------------------------------------------------------+
; Analysis & Synthesis Resource Usage Summary             ;
+---------------------------------------------+-----------+
; Resource                                    ; Usage     ;
+---------------------------------------------+-----------+
; Estimate of Logic utilization (ALMs needed) ; 12320     ;
;                                             ;           ;
; Combinational ALUT usage for logic          ; 11542     ;
;     -- 7 input functions                    ; 0         ;
;     -- 6 input functions                    ; 230       ;
;     -- 5 input functions                    ; 307       ;
;     -- 4 input functions                    ; 115       ;
;     -- <=3 input functions                  ; 10890     ;
;                                             ;           ;
; Dedicated logic registers                   ; 24304     ;
;                                             ;           ;
; I/O pins                                    ; 36        ;
;                                             ;           ;
; Total DSP Blocks                            ; 159       ;
;                                             ;           ;
; Maximum fan-out node                        ; clk~input ;
; Maximum fan-out                             ; 24304     ;
; Total fan-out                               ; 143407    ;
; Average fan-out                             ; 3.98      ;
+---------------------------------------------+-----------+


+---------------------------------------------------------------------------------------------------------------------------------------------------------------------------------------------------------------------------------------------------------------------------------------------------------------------------------------------------------------+
; Analysis & Synthesis Resource Utilization by Entity                                                                                                                                                                                                                                                                                                           ;
+--------------------------------------------------------+---------------------+---------------------------+-------------------+------------+------+--------------+-------------------------------------------------------------------------------------------------------------------------------+----------------------------------------------+--------------+
; Compilation Hierarchy Node                             ; Combinational ALUTs ; Dedicated Logic Registers ; Block Memory Bits ; DSP Blocks ; Pins ; Virtual Pins ; Full Hierarchy Name                                                                                                           ; Entity Name                                  ; Library Name ;
+--------------------------------------------------------+---------------------+---------------------------+-------------------+------------+------+--------------+-------------------------------------------------------------------------------------------------------------------------------+----------------------------------------------+--------------+
; |fir_filter_pipelined_l3_reduced                       ; 11542 (0)           ; 24304 (0)                 ; 0                 ; 159        ; 36   ; 0            ; |fir_filter_pipelined_l3_reduced                                                                                              ; fir_filter_pipelined_l3_reduced              ; work         ;
;    |fir_filter_parallel_reduced_pipelined_stream:impl| ; 11542 (246)         ; 24304 (263)               ; 0                 ; 159        ; 0    ; 0            ; |fir_filter_pipelined_l3_reduced|fir_filter_parallel_reduced_pipelined_stream:impl                                            ; fir_filter_parallel_reduced_pipelined_stream ; work         ;
;       |fir_filter_parallel_reduced_pipelined:impl|     ; 11296 (11296)       ; 24041 (24041)             ; 0                 ; 159        ; 0    ; 0            ; |fir_filter_pipelined_l3_reduced|fir_filter_parallel_reduced_pipelined_stream:impl|fir_filter_parallel_reduced_pipelined:impl ; fir_filter_parallel_reduced_pipelined        ; work         ;
+--------------------------------------------------------+---------------------+---------------------------+-------------------+------------+------+--------------+-------------------------------------------------------------------------------------------------------------------------------+----------------------------------------------+--------------+
Note: For table entries with two numbers listed, the numbers in parentheses indicate the number of resources of the given type used by the specific entity alone. The numbers listed outside of parentheses indicate the total resources of the given type used by the specific entity and all of its sub-entities in the hierarchy.


+---------------------------------------------------------+
; Analysis & Synthesis DSP Block Usage Summary            ;
+-------------------------------------------+-------------+
; Statistic                                 ; Number Used ;
+-------------------------------------------+-------------+
; Two Independent 18x18                     ; 9           ;
; Sum of two 18x18                          ; 150         ;
; Total number of DSP blocks                ; 159         ;
;                                           ;             ;
; Fixed Point Signed Multiplier             ; 135         ;
; Fixed Point Mixed Sign Multiplier         ; 174         ;
; Fixed Point Dedicated Pre-Adder           ; 303         ;
; Fixed Point Dedicated Coefficient Storage ; 303         ;
+-------------------------------------------+-------------+


+----------------------------------------------------------------------------------------------------------------------------------------------------------------------+
; Registers Removed During Synthesis                                                                                                                                   ;
+-----------------------------------------------------------------------------------------------------------------------------+----------------------------------------+
; Register name                                                                                                               ; Reason for Removal                     ;
+-----------------------------------------------------------------------------------------------------------------------------+----------------------------------------+
; fir_filter_parallel_reduced_pipelined_stream:impl|fir_filter_parallel_reduced_pipelined:impl|product_terms_pipe[0][0][4]    ; Stuck at GND due to stuck port data_in ;
; fir_filter_parallel_reduced_pipelined_stream:impl|fir_filter_parallel_reduced_pipelined:impl|product_terms_pipe[0][0][3]    ; Stuck at GND due to stuck port data_in ;
; fir_filter_parallel_reduced_pipelined_stream:impl|fir_filter_parallel_reduced_pipelined:impl|product_terms_pipe[0][0][2]    ; Stuck at GND due to stuck port data_in ;
; fir_filter_parallel_reduced_pipelined_stream:impl|fir_filter_parallel_reduced_pipelined:impl|product_terms_pipe[0][0][1]    ; Stuck at GND due to stuck port data_in ;
; fir_filter_parallel_reduced_pipelined_stream:impl|fir_filter_parallel_reduced_pipelined:impl|product_terms_pipe[0][0][0]    ; Stuck at GND due to stuck port data_in ;
; fir_filter_parallel_reduced_pipelined_stream:impl|fir_filter_parallel_reduced_pipelined:impl|product_terms_pipe[0][24][0]   ; Stuck at GND due to stuck port data_in ;
; fir_filter_parallel_reduced_pipelined_stream:impl|fir_filter_parallel_reduced_pipelined:impl|product_terms_pipe[0][49][0]   ; Stuck at GND due to stuck port data_in ;
; fir_filter_parallel_reduced_pipelined_stream:impl|fir_filter_parallel_reduced_pipelined:impl|product_terms_pipe[1][0][4]    ; Stuck at GND due to stuck port data_in ;
; fir_filter_parallel_reduced_pipelined_stream:impl|fir_filter_parallel_reduced_pipelined:impl|product_terms_pipe[1][0][3]    ; Stuck at GND due to stuck port data_in ;
; fir_filter_parallel_reduced_pipelined_stream:impl|fir_filter_parallel_reduced_pipelined:impl|product_terms_pipe[1][0][2]    ; Stuck at GND due to stuck port data_in ;
; fir_filter_parallel_reduced_pipelined_stream:impl|fir_filter_parallel_reduced_pipelined:impl|product_terms_pipe[1][0][1]    ; Stuck at GND due to stuck port data_in ;
; fir_filter_parallel_reduced_pipelined_stream:impl|fir_filter_parallel_reduced_pipelined:impl|product_terms_pipe[1][0][0]    ; Stuck at GND due to stuck port data_in ;
; fir_filter_parallel_reduced_pipelined_stream:impl|fir_filter_parallel_reduced_pipelined:impl|product_terms_pipe[1][24][0]   ; Stuck at GND due to stuck port data_in ;
; fir_filter_parallel_reduced_pipelined_stream:impl|fir_filter_parallel_reduced_pipelined:impl|product_terms_pipe[1][49][0]   ; Stuck at GND due to stuck port data_in ;
; fir_filter_parallel_reduced_pipelined_stream:impl|fir_filter_parallel_reduced_pipelined:impl|product_terms_pipe[2][0][4]    ; Stuck at GND due to stuck port data_in ;
; fir_filter_parallel_reduced_pipelined_stream:impl|fir_filter_parallel_reduced_pipelined:impl|product_terms_pipe[2][0][3]    ; Stuck at GND due to stuck port data_in ;
; fir_filter_parallel_reduced_pipelined_stream:impl|fir_filter_parallel_reduced_pipelined:impl|product_terms_pipe[2][0][2]    ; Stuck at GND due to stuck port data_in ;
; fir_filter_parallel_reduced_pipelined_stream:impl|fir_filter_parallel_reduced_pipelined:impl|product_terms_pipe[2][0][1]    ; Stuck at GND due to stuck port data_in ;
; fir_filter_parallel_reduced_pipelined_stream:impl|fir_filter_parallel_reduced_pipelined:impl|product_terms_pipe[2][0][0]    ; Stuck at GND due to stuck port data_in ;
; fir_filter_parallel_reduced_pipelined_stream:impl|fir_filter_parallel_reduced_pipelined:impl|product_terms_pipe[2][24][0]   ; Stuck at GND due to stuck port data_in ;
; fir_filter_parallel_reduced_pipelined_stream:impl|fir_filter_parallel_reduced_pipelined:impl|product_terms_pipe[2][49][0]   ; Stuck at GND due to stuck port data_in ;
; fir_filter_parallel_reduced_pipelined_stream:impl|fir_filter_parallel_reduced_pipelined:impl|product_terms_pipe[0][2][45]   ; Lost fanout                            ;
; fir_filter_parallel_reduced_pipelined_stream:impl|fir_filter_parallel_reduced_pipelined:impl|product_terms_pipe[0][2][44]   ; Lost fanout                            ;
; fir_filter_parallel_reduced_pipelined_stream:impl|fir_filter_parallel_reduced_pipelined:impl|product_terms_pipe[0][2][43]   ; Lost fanout                            ;
; fir_filter_parallel_reduced_pipelined_stream:impl|fir_filter_parallel_reduced_pipelined:impl|product_terms_pipe[0][2][42]   ; Lost fanout                            ;
; fir_filter_parallel_reduced_pipelined_stream:impl|fir_filter_parallel_reduced_pipelined:impl|product_terms_pipe[0][2][41]   ; Lost fanout                            ;
; fir_filter_parallel_reduced_pipelined_stream:impl|fir_filter_parallel_reduced_pipelined:impl|product_terms_pipe[0][2][40]   ; Lost fanout                            ;
; fir_filter_parallel_reduced_pipelined_stream:impl|fir_filter_parallel_reduced_pipelined:impl|product_terms_pipe[0][2][39]   ; Lost fanout                            ;
; fir_filter_parallel_reduced_pipelined_stream:impl|fir_filter_parallel_reduced_pipelined:impl|product_terms_pipe[0][2][38]   ; Lost fanout                            ;
; fir_filter_parallel_reduced_pipelined_stream:impl|fir_filter_parallel_reduced_pipelined:impl|product_terms_pipe[0][2][37]   ; Lost fanout                            ;
; fir_filter_parallel_reduced_pipelined_stream:impl|fir_filter_parallel_reduced_pipelined:impl|product_terms_pipe[0][2][36]   ; Lost fanout                            ;
; fir_filter_parallel_reduced_pipelined_stream:impl|fir_filter_parallel_reduced_pipelined:impl|product_terms_pipe[0][2][35]   ; Lost fanout                            ;
; fir_filter_parallel_reduced_pipelined_stream:impl|fir_filter_parallel_reduced_pipelined:impl|product_terms_pipe[0][2][34]   ; Lost fanout                            ;
; fir_filter_parallel_reduced_pipelined_stream:impl|fir_filter_parallel_reduced_pipelined:impl|product_terms_pipe[0][2][33]   ; Lost fanout                            ;
; fir_filter_parallel_reduced_pipelined_stream:impl|fir_filter_parallel_reduced_pipelined:impl|product_terms_pipe[0][2][32]   ; Lost fanout                            ;
; fir_filter_parallel_reduced_pipelined_stream:impl|fir_filter_parallel_reduced_pipelined:impl|product_terms_pipe[0][2][31]   ; Lost fanout                            ;
; fir_filter_parallel_reduced_pipelined_stream:impl|fir_filter_parallel_reduced_pipelined:impl|product_terms_pipe[0][2][30]   ; Lost fanout                            ;
; fir_filter_parallel_reduced_pipelined_stream:impl|fir_filter_parallel_reduced_pipelined:impl|product_terms_pipe[0][2][29]   ; Lost fanout                            ;
; fir_filter_parallel_reduced_pipelined_stream:impl|fir_filter_parallel_reduced_pipelined:impl|product_terms_pipe[0][2][28]   ; Lost fanout                            ;
; fir_filter_parallel_reduced_pipelined_stream:impl|fir_filter_parallel_reduced_pipelined:impl|product_terms_pipe[0][2][27]   ; Lost fanout                            ;
; fir_filter_parallel_reduced_pipelined_stream:impl|fir_filter_parallel_reduced_pipelined:impl|product_terms_pipe[0][2][26]   ; Lost fanout                            ;
; fir_filter_parallel_reduced_pipelined_stream:impl|fir_filter_parallel_reduced_pipelined:impl|product_terms_pipe[0][2][25]   ; Lost fanout                            ;
; fir_filter_parallel_reduced_pipelined_stream:impl|fir_filter_parallel_reduced_pipelined:impl|product_terms_pipe[0][2][24]   ; Lost fanout                            ;
; fir_filter_parallel_reduced_pipelined_stream:impl|fir_filter_parallel_reduced_pipelined:impl|product_terms_pipe[0][2][23]   ; Lost fanout                            ;
; fir_filter_parallel_reduced_pipelined_stream:impl|fir_filter_parallel_reduced_pipelined:impl|product_terms_pipe[0][2][22]   ; Lost fanout                            ;
; fir_filter_parallel_reduced_pipelined_stream:impl|fir_filter_parallel_reduced_pipelined:impl|product_terms_pipe[0][2][21]   ; Lost fanout                            ;
; fir_filter_parallel_reduced_pipelined_stream:impl|fir_filter_parallel_reduced_pipelined:impl|product_terms_pipe[0][2][20]   ; Lost fanout                            ;
; fir_filter_parallel_reduced_pipelined_stream:impl|fir_filter_parallel_reduced_pipelined:impl|product_terms_pipe[0][2][19]   ; Lost fanout                            ;
; fir_filter_parallel_reduced_pipelined_stream:impl|fir_filter_parallel_reduced_pipelined:impl|product_terms_pipe[0][2][18]   ; Lost fanout                            ;
; fir_filter_parallel_reduced_pipelined_stream:impl|fir_filter_parallel_reduced_pipelined:impl|product_terms_pipe[0][2][17]   ; Lost fanout                            ;
; fir_filter_parallel_reduced_pipelined_stream:impl|fir_filter_parallel_reduced_pipelined:impl|product_terms_pipe[0][2][16]   ; Lost fanout                            ;
; fir_filter_parallel_reduced_pipelined_stream:impl|fir_filter_parallel_reduced_pipelined:impl|product_terms_pipe[0][2][15]   ; Lost fanout                            ;
; fir_filter_parallel_reduced_pipelined_stream:impl|fir_filter_parallel_reduced_pipelined:impl|product_terms_pipe[0][2][14]   ; Lost fanout                            ;
; fir_filter_parallel_reduced_pipelined_stream:impl|fir_filter_parallel_reduced_pipelined:impl|product_terms_pipe[0][2][13]   ; Lost fanout                            ;
; fir_filter_parallel_reduced_pipelined_stream:impl|fir_filter_parallel_reduced_pipelined:impl|product_terms_pipe[0][2][12]   ; Lost fanout                            ;
; fir_filter_parallel_reduced_pipelined_stream:impl|fir_filter_parallel_reduced_pipelined:impl|product_terms_pipe[0][2][11]   ; Lost fanout                            ;
; fir_filter_parallel_reduced_pipelined_stream:impl|fir_filter_parallel_reduced_pipelined:impl|product_terms_pipe[0][2][10]   ; Lost fanout                            ;
; fir_filter_parallel_reduced_pipelined_stream:impl|fir_filter_parallel_reduced_pipelined:impl|product_terms_pipe[0][2][9]    ; Lost fanout                            ;
; fir_filter_parallel_reduced_pipelined_stream:impl|fir_filter_parallel_reduced_pipelined:impl|product_terms_pipe[0][2][8]    ; Lost fanout                            ;
; fir_filter_parallel_reduced_pipelined_stream:impl|fir_filter_parallel_reduced_pipelined:impl|product_terms_pipe[0][2][7]    ; Lost fanout                            ;
; fir_filter_parallel_reduced_pipelined_stream:impl|fir_filter_parallel_reduced_pipelined:impl|product_terms_pipe[0][2][6]    ; Lost fanout                            ;
; fir_filter_parallel_reduced_pipelined_stream:impl|fir_filter_parallel_reduced_pipelined:impl|product_terms_pipe[0][2][5]    ; Lost fanout                            ;
; fir_filter_parallel_reduced_pipelined_stream:impl|fir_filter_parallel_reduced_pipelined:impl|product_terms_pipe[0][2][4]    ; Lost fanout                            ;
; fir_filter_parallel_reduced_pipelined_stream:impl|fir_filter_parallel_reduced_pipelined:impl|product_terms_pipe[0][2][3]    ; Lost fanout                            ;
; fir_filter_parallel_reduced_pipelined_stream:impl|fir_filter_parallel_reduced_pipelined:impl|product_terms_pipe[0][2][2]    ; Lost fanout                            ;
; fir_filter_parallel_reduced_pipelined_stream:impl|fir_filter_parallel_reduced_pipelined:impl|product_terms_pipe[0][2][1]    ; Lost fanout                            ;
; fir_filter_parallel_reduced_pipelined_stream:impl|fir_filter_parallel_reduced_pipelined:impl|product_terms_pipe[0][2][0]    ; Lost fanout                            ;
; fir_filter_parallel_reduced_pipelined_stream:impl|fir_filter_parallel_reduced_pipelined:impl|product_terms_pipe[0][3][45]   ; Lost fanout                            ;
; fir_filter_parallel_reduced_pipelined_stream:impl|fir_filter_parallel_reduced_pipelined:impl|product_terms_pipe[0][3][44]   ; Lost fanout                            ;
; fir_filter_parallel_reduced_pipelined_stream:impl|fir_filter_parallel_reduced_pipelined:impl|product_terms_pipe[0][3][43]   ; Lost fanout                            ;
; fir_filter_parallel_reduced_pipelined_stream:impl|fir_filter_parallel_reduced_pipelined:impl|product_terms_pipe[0][3][42]   ; Lost fanout                            ;
; fir_filter_parallel_reduced_pipelined_stream:impl|fir_filter_parallel_reduced_pipelined:impl|product_terms_pipe[0][3][41]   ; Lost fanout                            ;
; fir_filter_parallel_reduced_pipelined_stream:impl|fir_filter_parallel_reduced_pipelined:impl|product_terms_pipe[0][3][40]   ; Lost fanout                            ;
; fir_filter_parallel_reduced_pipelined_stream:impl|fir_filter_parallel_reduced_pipelined:impl|product_terms_pipe[0][3][39]   ; Lost fanout                            ;
; fir_filter_parallel_reduced_pipelined_stream:impl|fir_filter_parallel_reduced_pipelined:impl|product_terms_pipe[0][3][38]   ; Lost fanout                            ;
; fir_filter_parallel_reduced_pipelined_stream:impl|fir_filter_parallel_reduced_pipelined:impl|product_terms_pipe[0][3][37]   ; Lost fanout                            ;
; fir_filter_parallel_reduced_pipelined_stream:impl|fir_filter_parallel_reduced_pipelined:impl|product_terms_pipe[0][3][36]   ; Lost fanout                            ;
; fir_filter_parallel_reduced_pipelined_stream:impl|fir_filter_parallel_reduced_pipelined:impl|product_terms_pipe[0][3][35]   ; Lost fanout                            ;
; fir_filter_parallel_reduced_pipelined_stream:impl|fir_filter_parallel_reduced_pipelined:impl|product_terms_pipe[0][3][34]   ; Lost fanout                            ;
; fir_filter_parallel_reduced_pipelined_stream:impl|fir_filter_parallel_reduced_pipelined:impl|product_terms_pipe[0][3][33]   ; Lost fanout                            ;
; fir_filter_parallel_reduced_pipelined_stream:impl|fir_filter_parallel_reduced_pipelined:impl|product_terms_pipe[0][3][32]   ; Lost fanout                            ;
; fir_filter_parallel_reduced_pipelined_stream:impl|fir_filter_parallel_reduced_pipelined:impl|product_terms_pipe[0][3][31]   ; Lost fanout                            ;
; fir_filter_parallel_reduced_pipelined_stream:impl|fir_filter_parallel_reduced_pipelined:impl|product_terms_pipe[0][3][30]   ; Lost fanout                            ;
; fir_filter_parallel_reduced_pipelined_stream:impl|fir_filter_parallel_reduced_pipelined:impl|product_terms_pipe[0][3][29]   ; Lost fanout                            ;
; fir_filter_parallel_reduced_pipelined_stream:impl|fir_filter_parallel_reduced_pipelined:impl|product_terms_pipe[0][3][28]   ; Lost fanout                            ;
; fir_filter_parallel_reduced_pipelined_stream:impl|fir_filter_parallel_reduced_pipelined:impl|product_terms_pipe[0][3][27]   ; Lost fanout                            ;
; fir_filter_parallel_reduced_pipelined_stream:impl|fir_filter_parallel_reduced_pipelined:impl|product_terms_pipe[0][3][26]   ; Lost fanout                            ;
; fir_filter_parallel_reduced_pipelined_stream:impl|fir_filter_parallel_reduced_pipelined:impl|product_terms_pipe[0][3][25]   ; Lost fanout                            ;
; fir_filter_parallel_reduced_pipelined_stream:impl|fir_filter_parallel_reduced_pipelined:impl|product_terms_pipe[0][3][24]   ; Lost fanout                            ;
; fir_filter_parallel_reduced_pipelined_stream:impl|fir_filter_parallel_reduced_pipelined:impl|product_terms_pipe[0][3][23]   ; Lost fanout                            ;
; fir_filter_parallel_reduced_pipelined_stream:impl|fir_filter_parallel_reduced_pipelined:impl|product_terms_pipe[0][3][22]   ; Lost fanout                            ;
; fir_filter_parallel_reduced_pipelined_stream:impl|fir_filter_parallel_reduced_pipelined:impl|product_terms_pipe[0][3][21]   ; Lost fanout                            ;
; fir_filter_parallel_reduced_pipelined_stream:impl|fir_filter_parallel_reduced_pipelined:impl|product_terms_pipe[0][3][20]   ; Lost fanout                            ;
; fir_filter_parallel_reduced_pipelined_stream:impl|fir_filter_parallel_reduced_pipelined:impl|product_terms_pipe[0][3][19]   ; Lost fanout                            ;
; fir_filter_parallel_reduced_pipelined_stream:impl|fir_filter_parallel_reduced_pipelined:impl|product_terms_pipe[0][3][18]   ; Lost fanout                            ;
; fir_filter_parallel_reduced_pipelined_stream:impl|fir_filter_parallel_reduced_pipelined:impl|product_terms_pipe[0][3][17]   ; Lost fanout                            ;
; fir_filter_parallel_reduced_pipelined_stream:impl|fir_filter_parallel_reduced_pipelined:impl|product_terms_pipe[0][3][16]   ; Lost fanout                            ;
; fir_filter_parallel_reduced_pipelined_stream:impl|fir_filter_parallel_reduced_pipelined:impl|product_terms_pipe[0][3][15]   ; Lost fanout                            ;
; fir_filter_parallel_reduced_pipelined_stream:impl|fir_filter_parallel_reduced_pipelined:impl|product_terms_pipe[0][3][14]   ; Lost fanout                            ;
; fir_filter_parallel_reduced_pipelined_stream:impl|fir_filter_parallel_reduced_pipelined:impl|product_terms_pipe[0][3][13]   ; Lost fanout                            ;
; fir_filter_parallel_reduced_pipelined_stream:impl|fir_filter_parallel_reduced_pipelined:impl|product_terms_pipe[0][3][12]   ; Lost fanout                            ;
; fir_filter_parallel_reduced_pipelined_stream:impl|fir_filter_parallel_reduced_pipelined:impl|product_terms_pipe[0][3][11]   ; Lost fanout                            ;
; fir_filter_parallel_reduced_pipelined_stream:impl|fir_filter_parallel_reduced_pipelined:impl|product_terms_pipe[0][3][10]   ; Lost fanout                            ;
; fir_filter_parallel_reduced_pipelined_stream:impl|fir_filter_parallel_reduced_pipelined:impl|product_terms_pipe[0][3][9]    ; Lost fanout                            ;
; fir_filter_parallel_reduced_pipelined_stream:impl|fir_filter_parallel_reduced_pipelined:impl|product_terms_pipe[0][3][8]    ; Lost fanout                            ;
; fir_filter_parallel_reduced_pipelined_stream:impl|fir_filter_parallel_reduced_pipelined:impl|product_terms_pipe[0][3][7]    ; Lost fanout                            ;
; fir_filter_parallel_reduced_pipelined_stream:impl|fir_filter_parallel_reduced_pipelined:impl|product_terms_pipe[0][3][6]    ; Lost fanout                            ;
; fir_filter_parallel_reduced_pipelined_stream:impl|fir_filter_parallel_reduced_pipelined:impl|product_terms_pipe[0][3][5]    ; Lost fanout                            ;
; fir_filter_parallel_reduced_pipelined_stream:impl|fir_filter_parallel_reduced_pipelined:impl|product_terms_pipe[0][3][4]    ; Lost fanout                            ;
; fir_filter_parallel_reduced_pipelined_stream:impl|fir_filter_parallel_reduced_pipelined:impl|product_terms_pipe[0][3][3]    ; Lost fanout                            ;
; fir_filter_parallel_reduced_pipelined_stream:impl|fir_filter_parallel_reduced_pipelined:impl|product_terms_pipe[0][3][2]    ; Lost fanout                            ;
; fir_filter_parallel_reduced_pipelined_stream:impl|fir_filter_parallel_reduced_pipelined:impl|product_terms_pipe[0][3][1]    ; Lost fanout                            ;
; fir_filter_parallel_reduced_pipelined_stream:impl|fir_filter_parallel_reduced_pipelined:impl|product_terms_pipe[0][3][0]    ; Lost fanout                            ;
; fir_filter_parallel_reduced_pipelined_stream:impl|fir_filter_parallel_reduced_pipelined:impl|product_terms_pipe[0][4][45]   ; Lost fanout                            ;
; fir_filter_parallel_reduced_pipelined_stream:impl|fir_filter_parallel_reduced_pipelined:impl|product_terms_pipe[0][4][44]   ; Lost fanout                            ;
; fir_filter_parallel_reduced_pipelined_stream:impl|fir_filter_parallel_reduced_pipelined:impl|product_terms_pipe[0][4][43]   ; Lost fanout                            ;
; fir_filter_parallel_reduced_pipelined_stream:impl|fir_filter_parallel_reduced_pipelined:impl|product_terms_pipe[0][4][42]   ; Lost fanout                            ;
; fir_filter_parallel_reduced_pipelined_stream:impl|fir_filter_parallel_reduced_pipelined:impl|product_terms_pipe[0][4][41]   ; Lost fanout                            ;
; fir_filter_parallel_reduced_pipelined_stream:impl|fir_filter_parallel_reduced_pipelined:impl|product_terms_pipe[0][4][40]   ; Lost fanout                            ;
; fir_filter_parallel_reduced_pipelined_stream:impl|fir_filter_parallel_reduced_pipelined:impl|product_terms_pipe[0][4][39]   ; Lost fanout                            ;
; fir_filter_parallel_reduced_pipelined_stream:impl|fir_filter_parallel_reduced_pipelined:impl|product_terms_pipe[0][4][38]   ; Lost fanout                            ;
; fir_filter_parallel_reduced_pipelined_stream:impl|fir_filter_parallel_reduced_pipelined:impl|product_terms_pipe[0][4][37]   ; Lost fanout                            ;
; fir_filter_parallel_reduced_pipelined_stream:impl|fir_filter_parallel_reduced_pipelined:impl|product_terms_pipe[0][4][36]   ; Lost fanout                            ;
; fir_filter_parallel_reduced_pipelined_stream:impl|fir_filter_parallel_reduced_pipelined:impl|product_terms_pipe[0][4][35]   ; Lost fanout                            ;
; fir_filter_parallel_reduced_pipelined_stream:impl|fir_filter_parallel_reduced_pipelined:impl|product_terms_pipe[0][4][34]   ; Lost fanout                            ;
; fir_filter_parallel_reduced_pipelined_stream:impl|fir_filter_parallel_reduced_pipelined:impl|product_terms_pipe[0][4][33]   ; Lost fanout                            ;
; fir_filter_parallel_reduced_pipelined_stream:impl|fir_filter_parallel_reduced_pipelined:impl|product_terms_pipe[0][4][32]   ; Lost fanout                            ;
; fir_filter_parallel_reduced_pipelined_stream:impl|fir_filter_parallel_reduced_pipelined:impl|product_terms_pipe[0][4][31]   ; Lost fanout                            ;
; fir_filter_parallel_reduced_pipelined_stream:impl|fir_filter_parallel_reduced_pipelined:impl|product_terms_pipe[0][4][30]   ; Lost fanout                            ;
; fir_filter_parallel_reduced_pipelined_stream:impl|fir_filter_parallel_reduced_pipelined:impl|product_terms_pipe[0][4][29]   ; Lost fanout                            ;
; fir_filter_parallel_reduced_pipelined_stream:impl|fir_filter_parallel_reduced_pipelined:impl|product_terms_pipe[0][4][28]   ; Lost fanout                            ;
; fir_filter_parallel_reduced_pipelined_stream:impl|fir_filter_parallel_reduced_pipelined:impl|product_terms_pipe[0][4][27]   ; Lost fanout                            ;
; fir_filter_parallel_reduced_pipelined_stream:impl|fir_filter_parallel_reduced_pipelined:impl|product_terms_pipe[0][4][26]   ; Lost fanout                            ;
; fir_filter_parallel_reduced_pipelined_stream:impl|fir_filter_parallel_reduced_pipelined:impl|product_terms_pipe[0][4][25]   ; Lost fanout                            ;
; fir_filter_parallel_reduced_pipelined_stream:impl|fir_filter_parallel_reduced_pipelined:impl|product_terms_pipe[0][4][24]   ; Lost fanout                            ;
; fir_filter_parallel_reduced_pipelined_stream:impl|fir_filter_parallel_reduced_pipelined:impl|product_terms_pipe[0][4][23]   ; Lost fanout                            ;
; fir_filter_parallel_reduced_pipelined_stream:impl|fir_filter_parallel_reduced_pipelined:impl|product_terms_pipe[0][4][22]   ; Lost fanout                            ;
; fir_filter_parallel_reduced_pipelined_stream:impl|fir_filter_parallel_reduced_pipelined:impl|product_terms_pipe[0][4][21]   ; Lost fanout                            ;
; fir_filter_parallel_reduced_pipelined_stream:impl|fir_filter_parallel_reduced_pipelined:impl|product_terms_pipe[0][4][20]   ; Lost fanout                            ;
; fir_filter_parallel_reduced_pipelined_stream:impl|fir_filter_parallel_reduced_pipelined:impl|product_terms_pipe[0][4][19]   ; Lost fanout                            ;
; fir_filter_parallel_reduced_pipelined_stream:impl|fir_filter_parallel_reduced_pipelined:impl|product_terms_pipe[0][4][18]   ; Lost fanout                            ;
; fir_filter_parallel_reduced_pipelined_stream:impl|fir_filter_parallel_reduced_pipelined:impl|product_terms_pipe[0][4][17]   ; Lost fanout                            ;
; fir_filter_parallel_reduced_pipelined_stream:impl|fir_filter_parallel_reduced_pipelined:impl|product_terms_pipe[0][4][16]   ; Lost fanout                            ;
; fir_filter_parallel_reduced_pipelined_stream:impl|fir_filter_parallel_reduced_pipelined:impl|product_terms_pipe[0][4][15]   ; Lost fanout                            ;
; fir_filter_parallel_reduced_pipelined_stream:impl|fir_filter_parallel_reduced_pipelined:impl|product_terms_pipe[0][4][14]   ; Lost fanout                            ;
; fir_filter_parallel_reduced_pipelined_stream:impl|fir_filter_parallel_reduced_pipelined:impl|product_terms_pipe[0][4][13]   ; Lost fanout                            ;
; fir_filter_parallel_reduced_pipelined_stream:impl|fir_filter_parallel_reduced_pipelined:impl|product_terms_pipe[0][4][12]   ; Lost fanout                            ;
; fir_filter_parallel_reduced_pipelined_stream:impl|fir_filter_parallel_reduced_pipelined:impl|product_terms_pipe[0][4][11]   ; Lost fanout                            ;
; fir_filter_parallel_reduced_pipelined_stream:impl|fir_filter_parallel_reduced_pipelined:impl|product_terms_pipe[0][4][10]   ; Lost fanout                            ;
; fir_filter_parallel_reduced_pipelined_stream:impl|fir_filter_parallel_reduced_pipelined:impl|product_terms_pipe[0][4][9]    ; Lost fanout                            ;
; fir_filter_parallel_reduced_pipelined_stream:impl|fir_filter_parallel_reduced_pipelined:impl|product_terms_pipe[0][4][8]    ; Lost fanout                            ;
; fir_filter_parallel_reduced_pipelined_stream:impl|fir_filter_parallel_reduced_pipelined:impl|product_terms_pipe[0][4][7]    ; Lost fanout                            ;
; fir_filter_parallel_reduced_pipelined_stream:impl|fir_filter_parallel_reduced_pipelined:impl|product_terms_pipe[0][4][6]    ; Lost fanout                            ;
; fir_filter_parallel_reduced_pipelined_stream:impl|fir_filter_parallel_reduced_pipelined:impl|product_terms_pipe[0][4][5]    ; Lost fanout                            ;
; fir_filter_parallel_reduced_pipelined_stream:impl|fir_filter_parallel_reduced_pipelined:impl|product_terms_pipe[0][4][4]    ; Lost fanout                            ;
; fir_filter_parallel_reduced_pipelined_stream:impl|fir_filter_parallel_reduced_pipelined:impl|product_terms_pipe[0][4][3]    ; Lost fanout                            ;
; fir_filter_parallel_reduced_pipelined_stream:impl|fir_filter_parallel_reduced_pipelined:impl|product_terms_pipe[0][4][2]    ; Lost fanout                            ;
; fir_filter_parallel_reduced_pipelined_stream:impl|fir_filter_parallel_reduced_pipelined:impl|product_terms_pipe[0][4][1]    ; Lost fanout                            ;
; fir_filter_parallel_reduced_pipelined_stream:impl|fir_filter_parallel_reduced_pipelined:impl|product_terms_pipe[0][4][0]    ; Lost fanout                            ;
; fir_filter_parallel_reduced_pipelined_stream:impl|fir_filter_parallel_reduced_pipelined:impl|product_terms_pipe[0][5][45]   ; Lost fanout                            ;
; fir_filter_parallel_reduced_pipelined_stream:impl|fir_filter_parallel_reduced_pipelined:impl|product_terms_pipe[0][5][44]   ; Lost fanout                            ;
; fir_filter_parallel_reduced_pipelined_stream:impl|fir_filter_parallel_reduced_pipelined:impl|product_terms_pipe[0][5][43]   ; Lost fanout                            ;
; fir_filter_parallel_reduced_pipelined_stream:impl|fir_filter_parallel_reduced_pipelined:impl|product_terms_pipe[0][5][42]   ; Lost fanout                            ;
; fir_filter_parallel_reduced_pipelined_stream:impl|fir_filter_parallel_reduced_pipelined:impl|product_terms_pipe[0][5][41]   ; Lost fanout                            ;
; fir_filter_parallel_reduced_pipelined_stream:impl|fir_filter_parallel_reduced_pipelined:impl|product_terms_pipe[0][5][40]   ; Lost fanout                            ;
; fir_filter_parallel_reduced_pipelined_stream:impl|fir_filter_parallel_reduced_pipelined:impl|product_terms_pipe[0][5][39]   ; Lost fanout                            ;
; fir_filter_parallel_reduced_pipelined_stream:impl|fir_filter_parallel_reduced_pipelined:impl|product_terms_pipe[0][5][38]   ; Lost fanout                            ;
; fir_filter_parallel_reduced_pipelined_stream:impl|fir_filter_parallel_reduced_pipelined:impl|product_terms_pipe[0][5][37]   ; Lost fanout                            ;
; fir_filter_parallel_reduced_pipelined_stream:impl|fir_filter_parallel_reduced_pipelined:impl|product_terms_pipe[0][5][36]   ; Lost fanout                            ;
; fir_filter_parallel_reduced_pipelined_stream:impl|fir_filter_parallel_reduced_pipelined:impl|product_terms_pipe[0][5][35]   ; Lost fanout                            ;
; fir_filter_parallel_reduced_pipelined_stream:impl|fir_filter_parallel_reduced_pipelined:impl|product_terms_pipe[0][5][34]   ; Lost fanout                            ;
; fir_filter_parallel_reduced_pipelined_stream:impl|fir_filter_parallel_reduced_pipelined:impl|product_terms_pipe[0][5][33]   ; Lost fanout                            ;
; fir_filter_parallel_reduced_pipelined_stream:impl|fir_filter_parallel_reduced_pipelined:impl|product_terms_pipe[0][5][32]   ; Lost fanout                            ;
; fir_filter_parallel_reduced_pipelined_stream:impl|fir_filter_parallel_reduced_pipelined:impl|product_terms_pipe[0][5][31]   ; Lost fanout                            ;
; fir_filter_parallel_reduced_pipelined_stream:impl|fir_filter_parallel_reduced_pipelined:impl|product_terms_pipe[0][5][30]   ; Lost fanout                            ;
; fir_filter_parallel_reduced_pipelined_stream:impl|fir_filter_parallel_reduced_pipelined:impl|product_terms_pipe[0][5][29]   ; Lost fanout                            ;
; fir_filter_parallel_reduced_pipelined_stream:impl|fir_filter_parallel_reduced_pipelined:impl|product_terms_pipe[0][5][28]   ; Lost fanout                            ;
; fir_filter_parallel_reduced_pipelined_stream:impl|fir_filter_parallel_reduced_pipelined:impl|product_terms_pipe[0][5][27]   ; Lost fanout                            ;
; fir_filter_parallel_reduced_pipelined_stream:impl|fir_filter_parallel_reduced_pipelined:impl|product_terms_pipe[0][5][26]   ; Lost fanout                            ;
; fir_filter_parallel_reduced_pipelined_stream:impl|fir_filter_parallel_reduced_pipelined:impl|product_terms_pipe[0][5][25]   ; Lost fanout                            ;
; fir_filter_parallel_reduced_pipelined_stream:impl|fir_filter_parallel_reduced_pipelined:impl|product_terms_pipe[0][5][24]   ; Lost fanout                            ;
; fir_filter_parallel_reduced_pipelined_stream:impl|fir_filter_parallel_reduced_pipelined:impl|product_terms_pipe[0][5][23]   ; Lost fanout                            ;
; fir_filter_parallel_reduced_pipelined_stream:impl|fir_filter_parallel_reduced_pipelined:impl|product_terms_pipe[0][5][22]   ; Lost fanout                            ;
; fir_filter_parallel_reduced_pipelined_stream:impl|fir_filter_parallel_reduced_pipelined:impl|product_terms_pipe[0][5][21]   ; Lost fanout                            ;
; fir_filter_parallel_reduced_pipelined_stream:impl|fir_filter_parallel_reduced_pipelined:impl|product_terms_pipe[0][5][20]   ; Lost fanout                            ;
; fir_filter_parallel_reduced_pipelined_stream:impl|fir_filter_parallel_reduced_pipelined:impl|product_terms_pipe[0][5][19]   ; Lost fanout                            ;
; fir_filter_parallel_reduced_pipelined_stream:impl|fir_filter_parallel_reduced_pipelined:impl|product_terms_pipe[0][5][18]   ; Lost fanout                            ;
; fir_filter_parallel_reduced_pipelined_stream:impl|fir_filter_parallel_reduced_pipelined:impl|product_terms_pipe[0][5][17]   ; Lost fanout                            ;
; fir_filter_parallel_reduced_pipelined_stream:impl|fir_filter_parallel_reduced_pipelined:impl|product_terms_pipe[0][5][16]   ; Lost fanout                            ;
; fir_filter_parallel_reduced_pipelined_stream:impl|fir_filter_parallel_reduced_pipelined:impl|product_terms_pipe[0][5][15]   ; Lost fanout                            ;
; fir_filter_parallel_reduced_pipelined_stream:impl|fir_filter_parallel_reduced_pipelined:impl|product_terms_pipe[0][5][14]   ; Lost fanout                            ;
; fir_filter_parallel_reduced_pipelined_stream:impl|fir_filter_parallel_reduced_pipelined:impl|product_terms_pipe[0][5][13]   ; Lost fanout                            ;
; fir_filter_parallel_reduced_pipelined_stream:impl|fir_filter_parallel_reduced_pipelined:impl|product_terms_pipe[0][5][12]   ; Lost fanout                            ;
; fir_filter_parallel_reduced_pipelined_stream:impl|fir_filter_parallel_reduced_pipelined:impl|product_terms_pipe[0][5][11]   ; Lost fanout                            ;
; fir_filter_parallel_reduced_pipelined_stream:impl|fir_filter_parallel_reduced_pipelined:impl|product_terms_pipe[0][5][10]   ; Lost fanout                            ;
; fir_filter_parallel_reduced_pipelined_stream:impl|fir_filter_parallel_reduced_pipelined:impl|product_terms_pipe[0][5][9]    ; Lost fanout                            ;
; fir_filter_parallel_reduced_pipelined_stream:impl|fir_filter_parallel_reduced_pipelined:impl|product_terms_pipe[0][5][8]    ; Lost fanout                            ;
; fir_filter_parallel_reduced_pipelined_stream:impl|fir_filter_parallel_reduced_pipelined:impl|product_terms_pipe[0][5][7]    ; Lost fanout                            ;
; fir_filter_parallel_reduced_pipelined_stream:impl|fir_filter_parallel_reduced_pipelined:impl|product_terms_pipe[0][5][6]    ; Lost fanout                            ;
; fir_filter_parallel_reduced_pipelined_stream:impl|fir_filter_parallel_reduced_pipelined:impl|product_terms_pipe[0][5][5]    ; Lost fanout                            ;
; fir_filter_parallel_reduced_pipelined_stream:impl|fir_filter_parallel_reduced_pipelined:impl|product_terms_pipe[0][5][4]    ; Lost fanout                            ;
; fir_filter_parallel_reduced_pipelined_stream:impl|fir_filter_parallel_reduced_pipelined:impl|product_terms_pipe[0][5][3]    ; Lost fanout                            ;
; fir_filter_parallel_reduced_pipelined_stream:impl|fir_filter_parallel_reduced_pipelined:impl|product_terms_pipe[0][5][2]    ; Lost fanout                            ;
; fir_filter_parallel_reduced_pipelined_stream:impl|fir_filter_parallel_reduced_pipelined:impl|product_terms_pipe[0][5][1]    ; Lost fanout                            ;
; fir_filter_parallel_reduced_pipelined_stream:impl|fir_filter_parallel_reduced_pipelined:impl|product_terms_pipe[0][5][0]    ; Lost fanout                            ;
; fir_filter_parallel_reduced_pipelined_stream:impl|fir_filter_parallel_reduced_pipelined:impl|product_terms_pipe[0][6][45]   ; Lost fanout                            ;
; fir_filter_parallel_reduced_pipelined_stream:impl|fir_filter_parallel_reduced_pipelined:impl|product_terms_pipe[0][6][44]   ; Lost fanout                            ;
; fir_filter_parallel_reduced_pipelined_stream:impl|fir_filter_parallel_reduced_pipelined:impl|product_terms_pipe[0][6][43]   ; Lost fanout                            ;
; fir_filter_parallel_reduced_pipelined_stream:impl|fir_filter_parallel_reduced_pipelined:impl|product_terms_pipe[0][6][42]   ; Lost fanout                            ;
; fir_filter_parallel_reduced_pipelined_stream:impl|fir_filter_parallel_reduced_pipelined:impl|product_terms_pipe[0][6][41]   ; Lost fanout                            ;
; fir_filter_parallel_reduced_pipelined_stream:impl|fir_filter_parallel_reduced_pipelined:impl|product_terms_pipe[0][6][40]   ; Lost fanout                            ;
; fir_filter_parallel_reduced_pipelined_stream:impl|fir_filter_parallel_reduced_pipelined:impl|product_terms_pipe[0][6][39]   ; Lost fanout                            ;
; fir_filter_parallel_reduced_pipelined_stream:impl|fir_filter_parallel_reduced_pipelined:impl|product_terms_pipe[0][6][38]   ; Lost fanout                            ;
; fir_filter_parallel_reduced_pipelined_stream:impl|fir_filter_parallel_reduced_pipelined:impl|product_terms_pipe[0][6][37]   ; Lost fanout                            ;
; fir_filter_parallel_reduced_pipelined_stream:impl|fir_filter_parallel_reduced_pipelined:impl|product_terms_pipe[0][6][36]   ; Lost fanout                            ;
; fir_filter_parallel_reduced_pipelined_stream:impl|fir_filter_parallel_reduced_pipelined:impl|product_terms_pipe[0][6][35]   ; Lost fanout                            ;
; fir_filter_parallel_reduced_pipelined_stream:impl|fir_filter_parallel_reduced_pipelined:impl|product_terms_pipe[0][6][34]   ; Lost fanout                            ;
; fir_filter_parallel_reduced_pipelined_stream:impl|fir_filter_parallel_reduced_pipelined:impl|product_terms_pipe[0][6][33]   ; Lost fanout                            ;
; fir_filter_parallel_reduced_pipelined_stream:impl|fir_filter_parallel_reduced_pipelined:impl|product_terms_pipe[0][6][32]   ; Lost fanout                            ;
; fir_filter_parallel_reduced_pipelined_stream:impl|fir_filter_parallel_reduced_pipelined:impl|product_terms_pipe[0][6][31]   ; Lost fanout                            ;
; fir_filter_parallel_reduced_pipelined_stream:impl|fir_filter_parallel_reduced_pipelined:impl|product_terms_pipe[0][6][30]   ; Lost fanout                            ;
; fir_filter_parallel_reduced_pipelined_stream:impl|fir_filter_parallel_reduced_pipelined:impl|product_terms_pipe[0][6][29]   ; Lost fanout                            ;
; fir_filter_parallel_reduced_pipelined_stream:impl|fir_filter_parallel_reduced_pipelined:impl|product_terms_pipe[0][6][28]   ; Lost fanout                            ;
; fir_filter_parallel_reduced_pipelined_stream:impl|fir_filter_parallel_reduced_pipelined:impl|product_terms_pipe[0][6][27]   ; Lost fanout                            ;
; fir_filter_parallel_reduced_pipelined_stream:impl|fir_filter_parallel_reduced_pipelined:impl|product_terms_pipe[0][6][26]   ; Lost fanout                            ;
; fir_filter_parallel_reduced_pipelined_stream:impl|fir_filter_parallel_reduced_pipelined:impl|product_terms_pipe[0][6][25]   ; Lost fanout                            ;
; fir_filter_parallel_reduced_pipelined_stream:impl|fir_filter_parallel_reduced_pipelined:impl|product_terms_pipe[0][6][24]   ; Lost fanout                            ;
; fir_filter_parallel_reduced_pipelined_stream:impl|fir_filter_parallel_reduced_pipelined:impl|product_terms_pipe[0][6][23]   ; Lost fanout                            ;
; fir_filter_parallel_reduced_pipelined_stream:impl|fir_filter_parallel_reduced_pipelined:impl|product_terms_pipe[0][6][22]   ; Lost fanout                            ;
; fir_filter_parallel_reduced_pipelined_stream:impl|fir_filter_parallel_reduced_pipelined:impl|product_terms_pipe[0][6][21]   ; Lost fanout                            ;
; fir_filter_parallel_reduced_pipelined_stream:impl|fir_filter_parallel_reduced_pipelined:impl|product_terms_pipe[0][6][20]   ; Lost fanout                            ;
; fir_filter_parallel_reduced_pipelined_stream:impl|fir_filter_parallel_reduced_pipelined:impl|product_terms_pipe[0][6][19]   ; Lost fanout                            ;
; fir_filter_parallel_reduced_pipelined_stream:impl|fir_filter_parallel_reduced_pipelined:impl|product_terms_pipe[0][6][18]   ; Lost fanout                            ;
; fir_filter_parallel_reduced_pipelined_stream:impl|fir_filter_parallel_reduced_pipelined:impl|product_terms_pipe[0][6][17]   ; Lost fanout                            ;
; fir_filter_parallel_reduced_pipelined_stream:impl|fir_filter_parallel_reduced_pipelined:impl|product_terms_pipe[0][6][16]   ; Lost fanout                            ;
; fir_filter_parallel_reduced_pipelined_stream:impl|fir_filter_parallel_reduced_pipelined:impl|product_terms_pipe[0][6][15]   ; Lost fanout                            ;
; fir_filter_parallel_reduced_pipelined_stream:impl|fir_filter_parallel_reduced_pipelined:impl|product_terms_pipe[0][6][14]   ; Lost fanout                            ;
; fir_filter_parallel_reduced_pipelined_stream:impl|fir_filter_parallel_reduced_pipelined:impl|product_terms_pipe[0][6][13]   ; Lost fanout                            ;
; fir_filter_parallel_reduced_pipelined_stream:impl|fir_filter_parallel_reduced_pipelined:impl|product_terms_pipe[0][6][12]   ; Lost fanout                            ;
; fir_filter_parallel_reduced_pipelined_stream:impl|fir_filter_parallel_reduced_pipelined:impl|product_terms_pipe[0][6][11]   ; Lost fanout                            ;
; fir_filter_parallel_reduced_pipelined_stream:impl|fir_filter_parallel_reduced_pipelined:impl|product_terms_pipe[0][6][10]   ; Lost fanout                            ;
; fir_filter_parallel_reduced_pipelined_stream:impl|fir_filter_parallel_reduced_pipelined:impl|product_terms_pipe[0][6][9]    ; Lost fanout                            ;
; fir_filter_parallel_reduced_pipelined_stream:impl|fir_filter_parallel_reduced_pipelined:impl|product_terms_pipe[0][6][8]    ; Lost fanout                            ;
; fir_filter_parallel_reduced_pipelined_stream:impl|fir_filter_parallel_reduced_pipelined:impl|product_terms_pipe[0][6][7]    ; Lost fanout                            ;
; fir_filter_parallel_reduced_pipelined_stream:impl|fir_filter_parallel_reduced_pipelined:impl|product_terms_pipe[0][6][6]    ; Lost fanout                            ;
; fir_filter_parallel_reduced_pipelined_stream:impl|fir_filter_parallel_reduced_pipelined:impl|product_terms_pipe[0][6][5]    ; Lost fanout                            ;
; fir_filter_parallel_reduced_pipelined_stream:impl|fir_filter_parallel_reduced_pipelined:impl|product_terms_pipe[0][6][4]    ; Lost fanout                            ;
; fir_filter_parallel_reduced_pipelined_stream:impl|fir_filter_parallel_reduced_pipelined:impl|product_terms_pipe[0][6][3]    ; Lost fanout                            ;
; fir_filter_parallel_reduced_pipelined_stream:impl|fir_filter_parallel_reduced_pipelined:impl|product_terms_pipe[0][6][2]    ; Lost fanout                            ;
; fir_filter_parallel_reduced_pipelined_stream:impl|fir_filter_parallel_reduced_pipelined:impl|product_terms_pipe[0][6][1]    ; Lost fanout                            ;
; fir_filter_parallel_reduced_pipelined_stream:impl|fir_filter_parallel_reduced_pipelined:impl|product_terms_pipe[0][6][0]    ; Lost fanout                            ;
; fir_filter_parallel_reduced_pipelined_stream:impl|fir_filter_parallel_reduced_pipelined:impl|product_terms_pipe[0][7][45]   ; Lost fanout                            ;
; fir_filter_parallel_reduced_pipelined_stream:impl|fir_filter_parallel_reduced_pipelined:impl|product_terms_pipe[0][7][44]   ; Lost fanout                            ;
; fir_filter_parallel_reduced_pipelined_stream:impl|fir_filter_parallel_reduced_pipelined:impl|product_terms_pipe[0][7][43]   ; Lost fanout                            ;
; fir_filter_parallel_reduced_pipelined_stream:impl|fir_filter_parallel_reduced_pipelined:impl|product_terms_pipe[0][7][42]   ; Lost fanout                            ;
; fir_filter_parallel_reduced_pipelined_stream:impl|fir_filter_parallel_reduced_pipelined:impl|product_terms_pipe[0][7][41]   ; Lost fanout                            ;
; fir_filter_parallel_reduced_pipelined_stream:impl|fir_filter_parallel_reduced_pipelined:impl|product_terms_pipe[0][7][40]   ; Lost fanout                            ;
; fir_filter_parallel_reduced_pipelined_stream:impl|fir_filter_parallel_reduced_pipelined:impl|product_terms_pipe[0][7][39]   ; Lost fanout                            ;
; fir_filter_parallel_reduced_pipelined_stream:impl|fir_filter_parallel_reduced_pipelined:impl|product_terms_pipe[0][7][38]   ; Lost fanout                            ;
; fir_filter_parallel_reduced_pipelined_stream:impl|fir_filter_parallel_reduced_pipelined:impl|product_terms_pipe[0][7][37]   ; Lost fanout                            ;
; fir_filter_parallel_reduced_pipelined_stream:impl|fir_filter_parallel_reduced_pipelined:impl|product_terms_pipe[0][7][36]   ; Lost fanout                            ;
; fir_filter_parallel_reduced_pipelined_stream:impl|fir_filter_parallel_reduced_pipelined:impl|product_terms_pipe[0][7][35]   ; Lost fanout                            ;
; fir_filter_parallel_reduced_pipelined_stream:impl|fir_filter_parallel_reduced_pipelined:impl|product_terms_pipe[0][7][34]   ; Lost fanout                            ;
; fir_filter_parallel_reduced_pipelined_stream:impl|fir_filter_parallel_reduced_pipelined:impl|product_terms_pipe[0][7][33]   ; Lost fanout                            ;
; fir_filter_parallel_reduced_pipelined_stream:impl|fir_filter_parallel_reduced_pipelined:impl|product_terms_pipe[0][7][32]   ; Lost fanout                            ;
; fir_filter_parallel_reduced_pipelined_stream:impl|fir_filter_parallel_reduced_pipelined:impl|product_terms_pipe[0][7][31]   ; Lost fanout                            ;
; fir_filter_parallel_reduced_pipelined_stream:impl|fir_filter_parallel_reduced_pipelined:impl|product_terms_pipe[0][7][30]   ; Lost fanout                            ;
; fir_filter_parallel_reduced_pipelined_stream:impl|fir_filter_parallel_reduced_pipelined:impl|product_terms_pipe[0][7][29]   ; Lost fanout                            ;
; fir_filter_parallel_reduced_pipelined_stream:impl|fir_filter_parallel_reduced_pipelined:impl|product_terms_pipe[0][7][28]   ; Lost fanout                            ;
; fir_filter_parallel_reduced_pipelined_stream:impl|fir_filter_parallel_reduced_pipelined:impl|product_terms_pipe[0][7][27]   ; Lost fanout                            ;
; fir_filter_parallel_reduced_pipelined_stream:impl|fir_filter_parallel_reduced_pipelined:impl|product_terms_pipe[0][7][26]   ; Lost fanout                            ;
; fir_filter_parallel_reduced_pipelined_stream:impl|fir_filter_parallel_reduced_pipelined:impl|product_terms_pipe[0][7][25]   ; Lost fanout                            ;
; fir_filter_parallel_reduced_pipelined_stream:impl|fir_filter_parallel_reduced_pipelined:impl|product_terms_pipe[0][7][24]   ; Lost fanout                            ;
; fir_filter_parallel_reduced_pipelined_stream:impl|fir_filter_parallel_reduced_pipelined:impl|product_terms_pipe[0][7][23]   ; Lost fanout                            ;
; fir_filter_parallel_reduced_pipelined_stream:impl|fir_filter_parallel_reduced_pipelined:impl|product_terms_pipe[0][7][22]   ; Lost fanout                            ;
; fir_filter_parallel_reduced_pipelined_stream:impl|fir_filter_parallel_reduced_pipelined:impl|product_terms_pipe[0][7][21]   ; Lost fanout                            ;
; fir_filter_parallel_reduced_pipelined_stream:impl|fir_filter_parallel_reduced_pipelined:impl|product_terms_pipe[0][7][20]   ; Lost fanout                            ;
; fir_filter_parallel_reduced_pipelined_stream:impl|fir_filter_parallel_reduced_pipelined:impl|product_terms_pipe[0][7][19]   ; Lost fanout                            ;
; fir_filter_parallel_reduced_pipelined_stream:impl|fir_filter_parallel_reduced_pipelined:impl|product_terms_pipe[0][7][18]   ; Lost fanout                            ;
; fir_filter_parallel_reduced_pipelined_stream:impl|fir_filter_parallel_reduced_pipelined:impl|product_terms_pipe[0][7][17]   ; Lost fanout                            ;
; fir_filter_parallel_reduced_pipelined_stream:impl|fir_filter_parallel_reduced_pipelined:impl|product_terms_pipe[0][7][16]   ; Lost fanout                            ;
; fir_filter_parallel_reduced_pipelined_stream:impl|fir_filter_parallel_reduced_pipelined:impl|product_terms_pipe[0][7][15]   ; Lost fanout                            ;
; fir_filter_parallel_reduced_pipelined_stream:impl|fir_filter_parallel_reduced_pipelined:impl|product_terms_pipe[0][7][14]   ; Lost fanout                            ;
; fir_filter_parallel_reduced_pipelined_stream:impl|fir_filter_parallel_reduced_pipelined:impl|product_terms_pipe[0][7][13]   ; Lost fanout                            ;
; fir_filter_parallel_reduced_pipelined_stream:impl|fir_filter_parallel_reduced_pipelined:impl|product_terms_pipe[0][7][12]   ; Lost fanout                            ;
; fir_filter_parallel_reduced_pipelined_stream:impl|fir_filter_parallel_reduced_pipelined:impl|product_terms_pipe[0][7][11]   ; Lost fanout                            ;
; fir_filter_parallel_reduced_pipelined_stream:impl|fir_filter_parallel_reduced_pipelined:impl|product_terms_pipe[0][7][10]   ; Lost fanout                            ;
; fir_filter_parallel_reduced_pipelined_stream:impl|fir_filter_parallel_reduced_pipelined:impl|product_terms_pipe[0][7][9]    ; Lost fanout                            ;
; fir_filter_parallel_reduced_pipelined_stream:impl|fir_filter_parallel_reduced_pipelined:impl|product_terms_pipe[0][7][8]    ; Lost fanout                            ;
; fir_filter_parallel_reduced_pipelined_stream:impl|fir_filter_parallel_reduced_pipelined:impl|product_terms_pipe[0][7][7]    ; Lost fanout                            ;
; fir_filter_parallel_reduced_pipelined_stream:impl|fir_filter_parallel_reduced_pipelined:impl|product_terms_pipe[0][7][6]    ; Lost fanout                            ;
; fir_filter_parallel_reduced_pipelined_stream:impl|fir_filter_parallel_reduced_pipelined:impl|product_terms_pipe[0][7][5]    ; Lost fanout                            ;
; fir_filter_parallel_reduced_pipelined_stream:impl|fir_filter_parallel_reduced_pipelined:impl|product_terms_pipe[0][7][4]    ; Lost fanout                            ;
; fir_filter_parallel_reduced_pipelined_stream:impl|fir_filter_parallel_reduced_pipelined:impl|product_terms_pipe[0][7][3]    ; Lost fanout                            ;
; fir_filter_parallel_reduced_pipelined_stream:impl|fir_filter_parallel_reduced_pipelined:impl|product_terms_pipe[0][7][2]    ; Lost fanout                            ;
; fir_filter_parallel_reduced_pipelined_stream:impl|fir_filter_parallel_reduced_pipelined:impl|product_terms_pipe[0][7][1]    ; Lost fanout                            ;
; fir_filter_parallel_reduced_pipelined_stream:impl|fir_filter_parallel_reduced_pipelined:impl|product_terms_pipe[0][7][0]    ; Lost fanout                            ;
; fir_filter_parallel_reduced_pipelined_stream:impl|fir_filter_parallel_reduced_pipelined:impl|product_terms_pipe[0][8][45]   ; Lost fanout                            ;
; fir_filter_parallel_reduced_pipelined_stream:impl|fir_filter_parallel_reduced_pipelined:impl|product_terms_pipe[0][8][44]   ; Lost fanout                            ;
; fir_filter_parallel_reduced_pipelined_stream:impl|fir_filter_parallel_reduced_pipelined:impl|product_terms_pipe[0][8][43]   ; Lost fanout                            ;
; fir_filter_parallel_reduced_pipelined_stream:impl|fir_filter_parallel_reduced_pipelined:impl|product_terms_pipe[0][8][42]   ; Lost fanout                            ;
; fir_filter_parallel_reduced_pipelined_stream:impl|fir_filter_parallel_reduced_pipelined:impl|product_terms_pipe[0][8][41]   ; Lost fanout                            ;
; fir_filter_parallel_reduced_pipelined_stream:impl|fir_filter_parallel_reduced_pipelined:impl|product_terms_pipe[0][8][40]   ; Lost fanout                            ;
; fir_filter_parallel_reduced_pipelined_stream:impl|fir_filter_parallel_reduced_pipelined:impl|product_terms_pipe[0][8][39]   ; Lost fanout                            ;
; fir_filter_parallel_reduced_pipelined_stream:impl|fir_filter_parallel_reduced_pipelined:impl|product_terms_pipe[0][8][38]   ; Lost fanout                            ;
; fir_filter_parallel_reduced_pipelined_stream:impl|fir_filter_parallel_reduced_pipelined:impl|product_terms_pipe[0][8][37]   ; Lost fanout                            ;
; fir_filter_parallel_reduced_pipelined_stream:impl|fir_filter_parallel_reduced_pipelined:impl|product_terms_pipe[0][8][36]   ; Lost fanout                            ;
; fir_filter_parallel_reduced_pipelined_stream:impl|fir_filter_parallel_reduced_pipelined:impl|product_terms_pipe[0][8][35]   ; Lost fanout                            ;
; fir_filter_parallel_reduced_pipelined_stream:impl|fir_filter_parallel_reduced_pipelined:impl|product_terms_pipe[0][8][34]   ; Lost fanout                            ;
; fir_filter_parallel_reduced_pipelined_stream:impl|fir_filter_parallel_reduced_pipelined:impl|product_terms_pipe[0][8][33]   ; Lost fanout                            ;
; fir_filter_parallel_reduced_pipelined_stream:impl|fir_filter_parallel_reduced_pipelined:impl|product_terms_pipe[0][8][32]   ; Lost fanout                            ;
; fir_filter_parallel_reduced_pipelined_stream:impl|fir_filter_parallel_reduced_pipelined:impl|product_terms_pipe[0][8][31]   ; Lost fanout                            ;
; fir_filter_parallel_reduced_pipelined_stream:impl|fir_filter_parallel_reduced_pipelined:impl|product_terms_pipe[0][8][30]   ; Lost fanout                            ;
; fir_filter_parallel_reduced_pipelined_stream:impl|fir_filter_parallel_reduced_pipelined:impl|product_terms_pipe[0][8][29]   ; Lost fanout                            ;
; fir_filter_parallel_reduced_pipelined_stream:impl|fir_filter_parallel_reduced_pipelined:impl|product_terms_pipe[0][8][28]   ; Lost fanout                            ;
; fir_filter_parallel_reduced_pipelined_stream:impl|fir_filter_parallel_reduced_pipelined:impl|product_terms_pipe[0][8][27]   ; Lost fanout                            ;
; fir_filter_parallel_reduced_pipelined_stream:impl|fir_filter_parallel_reduced_pipelined:impl|product_terms_pipe[0][8][26]   ; Lost fanout                            ;
; fir_filter_parallel_reduced_pipelined_stream:impl|fir_filter_parallel_reduced_pipelined:impl|product_terms_pipe[0][8][25]   ; Lost fanout                            ;
; fir_filter_parallel_reduced_pipelined_stream:impl|fir_filter_parallel_reduced_pipelined:impl|product_terms_pipe[0][8][24]   ; Lost fanout                            ;
; fir_filter_parallel_reduced_pipelined_stream:impl|fir_filter_parallel_reduced_pipelined:impl|product_terms_pipe[0][8][23]   ; Lost fanout                            ;
; fir_filter_parallel_reduced_pipelined_stream:impl|fir_filter_parallel_reduced_pipelined:impl|product_terms_pipe[0][8][22]   ; Lost fanout                            ;
; fir_filter_parallel_reduced_pipelined_stream:impl|fir_filter_parallel_reduced_pipelined:impl|product_terms_pipe[0][8][21]   ; Lost fanout                            ;
; fir_filter_parallel_reduced_pipelined_stream:impl|fir_filter_parallel_reduced_pipelined:impl|product_terms_pipe[0][8][20]   ; Lost fanout                            ;
; fir_filter_parallel_reduced_pipelined_stream:impl|fir_filter_parallel_reduced_pipelined:impl|product_terms_pipe[0][8][19]   ; Lost fanout                            ;
; fir_filter_parallel_reduced_pipelined_stream:impl|fir_filter_parallel_reduced_pipelined:impl|product_terms_pipe[0][8][18]   ; Lost fanout                            ;
; fir_filter_parallel_reduced_pipelined_stream:impl|fir_filter_parallel_reduced_pipelined:impl|product_terms_pipe[0][8][17]   ; Lost fanout                            ;
; fir_filter_parallel_reduced_pipelined_stream:impl|fir_filter_parallel_reduced_pipelined:impl|product_terms_pipe[0][8][16]   ; Lost fanout                            ;
; fir_filter_parallel_reduced_pipelined_stream:impl|fir_filter_parallel_reduced_pipelined:impl|product_terms_pipe[0][8][15]   ; Lost fanout                            ;
; fir_filter_parallel_reduced_pipelined_stream:impl|fir_filter_parallel_reduced_pipelined:impl|product_terms_pipe[0][8][14]   ; Lost fanout                            ;
; fir_filter_parallel_reduced_pipelined_stream:impl|fir_filter_parallel_reduced_pipelined:impl|product_terms_pipe[0][8][13]   ; Lost fanout                            ;
; fir_filter_parallel_reduced_pipelined_stream:impl|fir_filter_parallel_reduced_pipelined:impl|product_terms_pipe[0][8][12]   ; Lost fanout                            ;
; fir_filter_parallel_reduced_pipelined_stream:impl|fir_filter_parallel_reduced_pipelined:impl|product_terms_pipe[0][8][11]   ; Lost fanout                            ;
; fir_filter_parallel_reduced_pipelined_stream:impl|fir_filter_parallel_reduced_pipelined:impl|product_terms_pipe[0][8][10]   ; Lost fanout                            ;
; fir_filter_parallel_reduced_pipelined_stream:impl|fir_filter_parallel_reduced_pipelined:impl|product_terms_pipe[0][8][9]    ; Lost fanout                            ;
; fir_filter_parallel_reduced_pipelined_stream:impl|fir_filter_parallel_reduced_pipelined:impl|product_terms_pipe[0][8][8]    ; Lost fanout                            ;
; fir_filter_parallel_reduced_pipelined_stream:impl|fir_filter_parallel_reduced_pipelined:impl|product_terms_pipe[0][8][7]    ; Lost fanout                            ;
; fir_filter_parallel_reduced_pipelined_stream:impl|fir_filter_parallel_reduced_pipelined:impl|product_terms_pipe[0][8][6]    ; Lost fanout                            ;
; fir_filter_parallel_reduced_pipelined_stream:impl|fir_filter_parallel_reduced_pipelined:impl|product_terms_pipe[0][8][5]    ; Lost fanout                            ;
; fir_filter_parallel_reduced_pipelined_stream:impl|fir_filter_parallel_reduced_pipelined:impl|product_terms_pipe[0][8][4]    ; Lost fanout                            ;
; fir_filter_parallel_reduced_pipelined_stream:impl|fir_filter_parallel_reduced_pipelined:impl|product_terms_pipe[0][8][3]    ; Lost fanout                            ;
; fir_filter_parallel_reduced_pipelined_stream:impl|fir_filter_parallel_reduced_pipelined:impl|product_terms_pipe[0][8][2]    ; Lost fanout                            ;
; fir_filter_parallel_reduced_pipelined_stream:impl|fir_filter_parallel_reduced_pipelined:impl|product_terms_pipe[0][8][1]    ; Lost fanout                            ;
; fir_filter_parallel_reduced_pipelined_stream:impl|fir_filter_parallel_reduced_pipelined:impl|product_terms_pipe[0][8][0]    ; Lost fanout                            ;
; fir_filter_parallel_reduced_pipelined_stream:impl|fir_filter_parallel_reduced_pipelined:impl|product_terms_pipe[0][9][45]   ; Lost fanout                            ;
; fir_filter_parallel_reduced_pipelined_stream:impl|fir_filter_parallel_reduced_pipelined:impl|product_terms_pipe[0][9][44]   ; Lost fanout                            ;
; fir_filter_parallel_reduced_pipelined_stream:impl|fir_filter_parallel_reduced_pipelined:impl|product_terms_pipe[0][9][43]   ; Lost fanout                            ;
; fir_filter_parallel_reduced_pipelined_stream:impl|fir_filter_parallel_reduced_pipelined:impl|product_terms_pipe[0][9][42]   ; Lost fanout                            ;
; fir_filter_parallel_reduced_pipelined_stream:impl|fir_filter_parallel_reduced_pipelined:impl|product_terms_pipe[0][9][41]   ; Lost fanout                            ;
; fir_filter_parallel_reduced_pipelined_stream:impl|fir_filter_parallel_reduced_pipelined:impl|product_terms_pipe[0][9][40]   ; Lost fanout                            ;
; fir_filter_parallel_reduced_pipelined_stream:impl|fir_filter_parallel_reduced_pipelined:impl|product_terms_pipe[0][9][39]   ; Lost fanout                            ;
; fir_filter_parallel_reduced_pipelined_stream:impl|fir_filter_parallel_reduced_pipelined:impl|product_terms_pipe[0][9][38]   ; Lost fanout                            ;
; fir_filter_parallel_reduced_pipelined_stream:impl|fir_filter_parallel_reduced_pipelined:impl|product_terms_pipe[0][9][37]   ; Lost fanout                            ;
; fir_filter_parallel_reduced_pipelined_stream:impl|fir_filter_parallel_reduced_pipelined:impl|product_terms_pipe[0][9][36]   ; Lost fanout                            ;
; fir_filter_parallel_reduced_pipelined_stream:impl|fir_filter_parallel_reduced_pipelined:impl|product_terms_pipe[0][9][35]   ; Lost fanout                            ;
; fir_filter_parallel_reduced_pipelined_stream:impl|fir_filter_parallel_reduced_pipelined:impl|product_terms_pipe[0][9][34]   ; Lost fanout                            ;
; fir_filter_parallel_reduced_pipelined_stream:impl|fir_filter_parallel_reduced_pipelined:impl|product_terms_pipe[0][9][33]   ; Lost fanout                            ;
; fir_filter_parallel_reduced_pipelined_stream:impl|fir_filter_parallel_reduced_pipelined:impl|product_terms_pipe[0][9][32]   ; Lost fanout                            ;
; fir_filter_parallel_reduced_pipelined_stream:impl|fir_filter_parallel_reduced_pipelined:impl|product_terms_pipe[0][9][31]   ; Lost fanout                            ;
; fir_filter_parallel_reduced_pipelined_stream:impl|fir_filter_parallel_reduced_pipelined:impl|product_terms_pipe[0][9][30]   ; Lost fanout                            ;
; fir_filter_parallel_reduced_pipelined_stream:impl|fir_filter_parallel_reduced_pipelined:impl|product_terms_pipe[0][9][29]   ; Lost fanout                            ;
; fir_filter_parallel_reduced_pipelined_stream:impl|fir_filter_parallel_reduced_pipelined:impl|product_terms_pipe[0][9][28]   ; Lost fanout                            ;
; fir_filter_parallel_reduced_pipelined_stream:impl|fir_filter_parallel_reduced_pipelined:impl|product_terms_pipe[0][9][27]   ; Lost fanout                            ;
; fir_filter_parallel_reduced_pipelined_stream:impl|fir_filter_parallel_reduced_pipelined:impl|product_terms_pipe[0][9][26]   ; Lost fanout                            ;
; fir_filter_parallel_reduced_pipelined_stream:impl|fir_filter_parallel_reduced_pipelined:impl|product_terms_pipe[0][9][25]   ; Lost fanout                            ;
; fir_filter_parallel_reduced_pipelined_stream:impl|fir_filter_parallel_reduced_pipelined:impl|product_terms_pipe[0][9][24]   ; Lost fanout                            ;
; fir_filter_parallel_reduced_pipelined_stream:impl|fir_filter_parallel_reduced_pipelined:impl|product_terms_pipe[0][9][23]   ; Lost fanout                            ;
; fir_filter_parallel_reduced_pipelined_stream:impl|fir_filter_parallel_reduced_pipelined:impl|product_terms_pipe[0][9][22]   ; Lost fanout                            ;
; fir_filter_parallel_reduced_pipelined_stream:impl|fir_filter_parallel_reduced_pipelined:impl|product_terms_pipe[0][9][21]   ; Lost fanout                            ;
; fir_filter_parallel_reduced_pipelined_stream:impl|fir_filter_parallel_reduced_pipelined:impl|product_terms_pipe[0][9][20]   ; Lost fanout                            ;
; fir_filter_parallel_reduced_pipelined_stream:impl|fir_filter_parallel_reduced_pipelined:impl|product_terms_pipe[0][9][19]   ; Lost fanout                            ;
; fir_filter_parallel_reduced_pipelined_stream:impl|fir_filter_parallel_reduced_pipelined:impl|product_terms_pipe[0][9][18]   ; Lost fanout                            ;
; fir_filter_parallel_reduced_pipelined_stream:impl|fir_filter_parallel_reduced_pipelined:impl|product_terms_pipe[0][9][17]   ; Lost fanout                            ;
; fir_filter_parallel_reduced_pipelined_stream:impl|fir_filter_parallel_reduced_pipelined:impl|product_terms_pipe[0][9][16]   ; Lost fanout                            ;
; fir_filter_parallel_reduced_pipelined_stream:impl|fir_filter_parallel_reduced_pipelined:impl|product_terms_pipe[0][9][15]   ; Lost fanout                            ;
; fir_filter_parallel_reduced_pipelined_stream:impl|fir_filter_parallel_reduced_pipelined:impl|product_terms_pipe[0][9][14]   ; Lost fanout                            ;
; fir_filter_parallel_reduced_pipelined_stream:impl|fir_filter_parallel_reduced_pipelined:impl|product_terms_pipe[0][9][13]   ; Lost fanout                            ;
; fir_filter_parallel_reduced_pipelined_stream:impl|fir_filter_parallel_reduced_pipelined:impl|product_terms_pipe[0][9][12]   ; Lost fanout                            ;
; fir_filter_parallel_reduced_pipelined_stream:impl|fir_filter_parallel_reduced_pipelined:impl|product_terms_pipe[0][9][11]   ; Lost fanout                            ;
; fir_filter_parallel_reduced_pipelined_stream:impl|fir_filter_parallel_reduced_pipelined:impl|product_terms_pipe[0][9][10]   ; Lost fanout                            ;
; fir_filter_parallel_reduced_pipelined_stream:impl|fir_filter_parallel_reduced_pipelined:impl|product_terms_pipe[0][9][9]    ; Lost fanout                            ;
; fir_filter_parallel_reduced_pipelined_stream:impl|fir_filter_parallel_reduced_pipelined:impl|product_terms_pipe[0][9][8]    ; Lost fanout                            ;
; fir_filter_parallel_reduced_pipelined_stream:impl|fir_filter_parallel_reduced_pipelined:impl|product_terms_pipe[0][9][7]    ; Lost fanout                            ;
; fir_filter_parallel_reduced_pipelined_stream:impl|fir_filter_parallel_reduced_pipelined:impl|product_terms_pipe[0][9][6]    ; Lost fanout                            ;
; fir_filter_parallel_reduced_pipelined_stream:impl|fir_filter_parallel_reduced_pipelined:impl|product_terms_pipe[0][9][5]    ; Lost fanout                            ;
; fir_filter_parallel_reduced_pipelined_stream:impl|fir_filter_parallel_reduced_pipelined:impl|product_terms_pipe[0][9][4]    ; Lost fanout                            ;
; fir_filter_parallel_reduced_pipelined_stream:impl|fir_filter_parallel_reduced_pipelined:impl|product_terms_pipe[0][9][3]    ; Lost fanout                            ;
; fir_filter_parallel_reduced_pipelined_stream:impl|fir_filter_parallel_reduced_pipelined:impl|product_terms_pipe[0][9][2]    ; Lost fanout                            ;
; fir_filter_parallel_reduced_pipelined_stream:impl|fir_filter_parallel_reduced_pipelined:impl|product_terms_pipe[0][9][1]    ; Lost fanout                            ;
; fir_filter_parallel_reduced_pipelined_stream:impl|fir_filter_parallel_reduced_pipelined:impl|product_terms_pipe[0][9][0]    ; Lost fanout                            ;
; fir_filter_parallel_reduced_pipelined_stream:impl|fir_filter_parallel_reduced_pipelined:impl|product_terms_pipe[0][10][45]  ; Lost fanout                            ;
; fir_filter_parallel_reduced_pipelined_stream:impl|fir_filter_parallel_reduced_pipelined:impl|product_terms_pipe[0][10][44]  ; Lost fanout                            ;
; fir_filter_parallel_reduced_pipelined_stream:impl|fir_filter_parallel_reduced_pipelined:impl|product_terms_pipe[0][10][43]  ; Lost fanout                            ;
; fir_filter_parallel_reduced_pipelined_stream:impl|fir_filter_parallel_reduced_pipelined:impl|product_terms_pipe[0][10][42]  ; Lost fanout                            ;
; fir_filter_parallel_reduced_pipelined_stream:impl|fir_filter_parallel_reduced_pipelined:impl|product_terms_pipe[0][10][41]  ; Lost fanout                            ;
; fir_filter_parallel_reduced_pipelined_stream:impl|fir_filter_parallel_reduced_pipelined:impl|product_terms_pipe[0][10][40]  ; Lost fanout                            ;
; fir_filter_parallel_reduced_pipelined_stream:impl|fir_filter_parallel_reduced_pipelined:impl|product_terms_pipe[0][10][39]  ; Lost fanout                            ;
; fir_filter_parallel_reduced_pipelined_stream:impl|fir_filter_parallel_reduced_pipelined:impl|product_terms_pipe[0][10][38]  ; Lost fanout                            ;
; fir_filter_parallel_reduced_pipelined_stream:impl|fir_filter_parallel_reduced_pipelined:impl|product_terms_pipe[0][10][37]  ; Lost fanout                            ;
; fir_filter_parallel_reduced_pipelined_stream:impl|fir_filter_parallel_reduced_pipelined:impl|product_terms_pipe[0][10][36]  ; Lost fanout                            ;
; fir_filter_parallel_reduced_pipelined_stream:impl|fir_filter_parallel_reduced_pipelined:impl|product_terms_pipe[0][10][35]  ; Lost fanout                            ;
; fir_filter_parallel_reduced_pipelined_stream:impl|fir_filter_parallel_reduced_pipelined:impl|product_terms_pipe[0][10][34]  ; Lost fanout                            ;
; fir_filter_parallel_reduced_pipelined_stream:impl|fir_filter_parallel_reduced_pipelined:impl|product_terms_pipe[0][10][33]  ; Lost fanout                            ;
; fir_filter_parallel_reduced_pipelined_stream:impl|fir_filter_parallel_reduced_pipelined:impl|product_terms_pipe[0][10][32]  ; Lost fanout                            ;
; fir_filter_parallel_reduced_pipelined_stream:impl|fir_filter_parallel_reduced_pipelined:impl|product_terms_pipe[0][10][31]  ; Lost fanout                            ;
; fir_filter_parallel_reduced_pipelined_stream:impl|fir_filter_parallel_reduced_pipelined:impl|product_terms_pipe[0][10][30]  ; Lost fanout                            ;
; fir_filter_parallel_reduced_pipelined_stream:impl|fir_filter_parallel_reduced_pipelined:impl|product_terms_pipe[0][10][29]  ; Lost fanout                            ;
; fir_filter_parallel_reduced_pipelined_stream:impl|fir_filter_parallel_reduced_pipelined:impl|product_terms_pipe[0][10][28]  ; Lost fanout                            ;
; fir_filter_parallel_reduced_pipelined_stream:impl|fir_filter_parallel_reduced_pipelined:impl|product_terms_pipe[0][10][27]  ; Lost fanout                            ;
; fir_filter_parallel_reduced_pipelined_stream:impl|fir_filter_parallel_reduced_pipelined:impl|product_terms_pipe[0][10][26]  ; Lost fanout                            ;
; fir_filter_parallel_reduced_pipelined_stream:impl|fir_filter_parallel_reduced_pipelined:impl|product_terms_pipe[0][10][25]  ; Lost fanout                            ;
; fir_filter_parallel_reduced_pipelined_stream:impl|fir_filter_parallel_reduced_pipelined:impl|product_terms_pipe[0][10][24]  ; Lost fanout                            ;
; fir_filter_parallel_reduced_pipelined_stream:impl|fir_filter_parallel_reduced_pipelined:impl|product_terms_pipe[0][10][23]  ; Lost fanout                            ;
; fir_filter_parallel_reduced_pipelined_stream:impl|fir_filter_parallel_reduced_pipelined:impl|product_terms_pipe[0][10][22]  ; Lost fanout                            ;
; fir_filter_parallel_reduced_pipelined_stream:impl|fir_filter_parallel_reduced_pipelined:impl|product_terms_pipe[0][10][21]  ; Lost fanout                            ;
; fir_filter_parallel_reduced_pipelined_stream:impl|fir_filter_parallel_reduced_pipelined:impl|product_terms_pipe[0][10][20]  ; Lost fanout                            ;
; fir_filter_parallel_reduced_pipelined_stream:impl|fir_filter_parallel_reduced_pipelined:impl|product_terms_pipe[0][10][19]  ; Lost fanout                            ;
; fir_filter_parallel_reduced_pipelined_stream:impl|fir_filter_parallel_reduced_pipelined:impl|product_terms_pipe[0][10][18]  ; Lost fanout                            ;
; fir_filter_parallel_reduced_pipelined_stream:impl|fir_filter_parallel_reduced_pipelined:impl|product_terms_pipe[0][10][17]  ; Lost fanout                            ;
; fir_filter_parallel_reduced_pipelined_stream:impl|fir_filter_parallel_reduced_pipelined:impl|product_terms_pipe[0][10][16]  ; Lost fanout                            ;
; fir_filter_parallel_reduced_pipelined_stream:impl|fir_filter_parallel_reduced_pipelined:impl|product_terms_pipe[0][10][15]  ; Lost fanout                            ;
; fir_filter_parallel_reduced_pipelined_stream:impl|fir_filter_parallel_reduced_pipelined:impl|product_terms_pipe[0][10][14]  ; Lost fanout                            ;
; fir_filter_parallel_reduced_pipelined_stream:impl|fir_filter_parallel_reduced_pipelined:impl|product_terms_pipe[0][10][13]  ; Lost fanout                            ;
; fir_filter_parallel_reduced_pipelined_stream:impl|fir_filter_parallel_reduced_pipelined:impl|product_terms_pipe[0][10][12]  ; Lost fanout                            ;
; fir_filter_parallel_reduced_pipelined_stream:impl|fir_filter_parallel_reduced_pipelined:impl|product_terms_pipe[0][10][11]  ; Lost fanout                            ;
; fir_filter_parallel_reduced_pipelined_stream:impl|fir_filter_parallel_reduced_pipelined:impl|product_terms_pipe[0][10][10]  ; Lost fanout                            ;
; fir_filter_parallel_reduced_pipelined_stream:impl|fir_filter_parallel_reduced_pipelined:impl|product_terms_pipe[0][10][9]   ; Lost fanout                            ;
; fir_filter_parallel_reduced_pipelined_stream:impl|fir_filter_parallel_reduced_pipelined:impl|product_terms_pipe[0][10][8]   ; Lost fanout                            ;
; fir_filter_parallel_reduced_pipelined_stream:impl|fir_filter_parallel_reduced_pipelined:impl|product_terms_pipe[0][10][7]   ; Lost fanout                            ;
; fir_filter_parallel_reduced_pipelined_stream:impl|fir_filter_parallel_reduced_pipelined:impl|product_terms_pipe[0][10][6]   ; Lost fanout                            ;
; fir_filter_parallel_reduced_pipelined_stream:impl|fir_filter_parallel_reduced_pipelined:impl|product_terms_pipe[0][10][5]   ; Lost fanout                            ;
; fir_filter_parallel_reduced_pipelined_stream:impl|fir_filter_parallel_reduced_pipelined:impl|product_terms_pipe[0][10][4]   ; Lost fanout                            ;
; fir_filter_parallel_reduced_pipelined_stream:impl|fir_filter_parallel_reduced_pipelined:impl|product_terms_pipe[0][10][3]   ; Lost fanout                            ;
; fir_filter_parallel_reduced_pipelined_stream:impl|fir_filter_parallel_reduced_pipelined:impl|product_terms_pipe[0][10][2]   ; Lost fanout                            ;
; fir_filter_parallel_reduced_pipelined_stream:impl|fir_filter_parallel_reduced_pipelined:impl|product_terms_pipe[0][10][1]   ; Lost fanout                            ;
; fir_filter_parallel_reduced_pipelined_stream:impl|fir_filter_parallel_reduced_pipelined:impl|product_terms_pipe[0][10][0]   ; Lost fanout                            ;
; fir_filter_parallel_reduced_pipelined_stream:impl|fir_filter_parallel_reduced_pipelined:impl|product_terms_pipe[0][11][45]  ; Lost fanout                            ;
; fir_filter_parallel_reduced_pipelined_stream:impl|fir_filter_parallel_reduced_pipelined:impl|product_terms_pipe[0][11][44]  ; Lost fanout                            ;
; fir_filter_parallel_reduced_pipelined_stream:impl|fir_filter_parallel_reduced_pipelined:impl|product_terms_pipe[0][11][43]  ; Lost fanout                            ;
; fir_filter_parallel_reduced_pipelined_stream:impl|fir_filter_parallel_reduced_pipelined:impl|product_terms_pipe[0][11][42]  ; Lost fanout                            ;
; fir_filter_parallel_reduced_pipelined_stream:impl|fir_filter_parallel_reduced_pipelined:impl|product_terms_pipe[0][11][41]  ; Lost fanout                            ;
; fir_filter_parallel_reduced_pipelined_stream:impl|fir_filter_parallel_reduced_pipelined:impl|product_terms_pipe[0][11][40]  ; Lost fanout                            ;
; fir_filter_parallel_reduced_pipelined_stream:impl|fir_filter_parallel_reduced_pipelined:impl|product_terms_pipe[0][11][39]  ; Lost fanout                            ;
; fir_filter_parallel_reduced_pipelined_stream:impl|fir_filter_parallel_reduced_pipelined:impl|product_terms_pipe[0][11][38]  ; Lost fanout                            ;
; fir_filter_parallel_reduced_pipelined_stream:impl|fir_filter_parallel_reduced_pipelined:impl|product_terms_pipe[0][11][37]  ; Lost fanout                            ;
; fir_filter_parallel_reduced_pipelined_stream:impl|fir_filter_parallel_reduced_pipelined:impl|product_terms_pipe[0][11][36]  ; Lost fanout                            ;
; fir_filter_parallel_reduced_pipelined_stream:impl|fir_filter_parallel_reduced_pipelined:impl|product_terms_pipe[0][11][35]  ; Lost fanout                            ;
; fir_filter_parallel_reduced_pipelined_stream:impl|fir_filter_parallel_reduced_pipelined:impl|product_terms_pipe[0][11][34]  ; Lost fanout                            ;
; fir_filter_parallel_reduced_pipelined_stream:impl|fir_filter_parallel_reduced_pipelined:impl|product_terms_pipe[0][11][33]  ; Lost fanout                            ;
; fir_filter_parallel_reduced_pipelined_stream:impl|fir_filter_parallel_reduced_pipelined:impl|product_terms_pipe[0][11][32]  ; Lost fanout                            ;
; fir_filter_parallel_reduced_pipelined_stream:impl|fir_filter_parallel_reduced_pipelined:impl|product_terms_pipe[0][11][31]  ; Lost fanout                            ;
; fir_filter_parallel_reduced_pipelined_stream:impl|fir_filter_parallel_reduced_pipelined:impl|product_terms_pipe[0][11][30]  ; Lost fanout                            ;
; fir_filter_parallel_reduced_pipelined_stream:impl|fir_filter_parallel_reduced_pipelined:impl|product_terms_pipe[0][11][29]  ; Lost fanout                            ;
; fir_filter_parallel_reduced_pipelined_stream:impl|fir_filter_parallel_reduced_pipelined:impl|product_terms_pipe[0][11][28]  ; Lost fanout                            ;
; fir_filter_parallel_reduced_pipelined_stream:impl|fir_filter_parallel_reduced_pipelined:impl|product_terms_pipe[0][11][27]  ; Lost fanout                            ;
; fir_filter_parallel_reduced_pipelined_stream:impl|fir_filter_parallel_reduced_pipelined:impl|product_terms_pipe[0][11][26]  ; Lost fanout                            ;
; fir_filter_parallel_reduced_pipelined_stream:impl|fir_filter_parallel_reduced_pipelined:impl|product_terms_pipe[0][11][25]  ; Lost fanout                            ;
; fir_filter_parallel_reduced_pipelined_stream:impl|fir_filter_parallel_reduced_pipelined:impl|product_terms_pipe[0][11][24]  ; Lost fanout                            ;
; fir_filter_parallel_reduced_pipelined_stream:impl|fir_filter_parallel_reduced_pipelined:impl|product_terms_pipe[0][11][23]  ; Lost fanout                            ;
; fir_filter_parallel_reduced_pipelined_stream:impl|fir_filter_parallel_reduced_pipelined:impl|product_terms_pipe[0][11][22]  ; Lost fanout                            ;
; fir_filter_parallel_reduced_pipelined_stream:impl|fir_filter_parallel_reduced_pipelined:impl|product_terms_pipe[0][11][21]  ; Lost fanout                            ;
; fir_filter_parallel_reduced_pipelined_stream:impl|fir_filter_parallel_reduced_pipelined:impl|product_terms_pipe[0][11][20]  ; Lost fanout                            ;
; fir_filter_parallel_reduced_pipelined_stream:impl|fir_filter_parallel_reduced_pipelined:impl|product_terms_pipe[0][11][19]  ; Lost fanout                            ;
; fir_filter_parallel_reduced_pipelined_stream:impl|fir_filter_parallel_reduced_pipelined:impl|product_terms_pipe[0][11][18]  ; Lost fanout                            ;
; fir_filter_parallel_reduced_pipelined_stream:impl|fir_filter_parallel_reduced_pipelined:impl|product_terms_pipe[0][11][17]  ; Lost fanout                            ;
; fir_filter_parallel_reduced_pipelined_stream:impl|fir_filter_parallel_reduced_pipelined:impl|product_terms_pipe[0][11][16]  ; Lost fanout                            ;
; fir_filter_parallel_reduced_pipelined_stream:impl|fir_filter_parallel_reduced_pipelined:impl|product_terms_pipe[0][11][15]  ; Lost fanout                            ;
; fir_filter_parallel_reduced_pipelined_stream:impl|fir_filter_parallel_reduced_pipelined:impl|product_terms_pipe[0][11][14]  ; Lost fanout                            ;
; fir_filter_parallel_reduced_pipelined_stream:impl|fir_filter_parallel_reduced_pipelined:impl|product_terms_pipe[0][11][13]  ; Lost fanout                            ;
; fir_filter_parallel_reduced_pipelined_stream:impl|fir_filter_parallel_reduced_pipelined:impl|product_terms_pipe[0][11][12]  ; Lost fanout                            ;
; fir_filter_parallel_reduced_pipelined_stream:impl|fir_filter_parallel_reduced_pipelined:impl|product_terms_pipe[0][11][11]  ; Lost fanout                            ;
; fir_filter_parallel_reduced_pipelined_stream:impl|fir_filter_parallel_reduced_pipelined:impl|product_terms_pipe[0][11][10]  ; Lost fanout                            ;
; fir_filter_parallel_reduced_pipelined_stream:impl|fir_filter_parallel_reduced_pipelined:impl|product_terms_pipe[0][11][9]   ; Lost fanout                            ;
; fir_filter_parallel_reduced_pipelined_stream:impl|fir_filter_parallel_reduced_pipelined:impl|product_terms_pipe[0][11][8]   ; Lost fanout                            ;
; fir_filter_parallel_reduced_pipelined_stream:impl|fir_filter_parallel_reduced_pipelined:impl|product_terms_pipe[0][11][7]   ; Lost fanout                            ;
; fir_filter_parallel_reduced_pipelined_stream:impl|fir_filter_parallel_reduced_pipelined:impl|product_terms_pipe[0][11][6]   ; Lost fanout                            ;
; fir_filter_parallel_reduced_pipelined_stream:impl|fir_filter_parallel_reduced_pipelined:impl|product_terms_pipe[0][11][5]   ; Lost fanout                            ;
; fir_filter_parallel_reduced_pipelined_stream:impl|fir_filter_parallel_reduced_pipelined:impl|product_terms_pipe[0][11][4]   ; Lost fanout                            ;
; fir_filter_parallel_reduced_pipelined_stream:impl|fir_filter_parallel_reduced_pipelined:impl|product_terms_pipe[0][11][3]   ; Lost fanout                            ;
; fir_filter_parallel_reduced_pipelined_stream:impl|fir_filter_parallel_reduced_pipelined:impl|product_terms_pipe[0][11][2]   ; Lost fanout                            ;
; fir_filter_parallel_reduced_pipelined_stream:impl|fir_filter_parallel_reduced_pipelined:impl|product_terms_pipe[0][11][1]   ; Lost fanout                            ;
; fir_filter_parallel_reduced_pipelined_stream:impl|fir_filter_parallel_reduced_pipelined:impl|product_terms_pipe[0][11][0]   ; Lost fanout                            ;
; fir_filter_parallel_reduced_pipelined_stream:impl|fir_filter_parallel_reduced_pipelined:impl|product_terms_pipe[0][12][45]  ; Lost fanout                            ;
; fir_filter_parallel_reduced_pipelined_stream:impl|fir_filter_parallel_reduced_pipelined:impl|product_terms_pipe[0][12][44]  ; Lost fanout                            ;
; fir_filter_parallel_reduced_pipelined_stream:impl|fir_filter_parallel_reduced_pipelined:impl|product_terms_pipe[0][12][43]  ; Lost fanout                            ;
; fir_filter_parallel_reduced_pipelined_stream:impl|fir_filter_parallel_reduced_pipelined:impl|product_terms_pipe[0][12][42]  ; Lost fanout                            ;
; fir_filter_parallel_reduced_pipelined_stream:impl|fir_filter_parallel_reduced_pipelined:impl|product_terms_pipe[0][12][41]  ; Lost fanout                            ;
; fir_filter_parallel_reduced_pipelined_stream:impl|fir_filter_parallel_reduced_pipelined:impl|product_terms_pipe[0][12][40]  ; Lost fanout                            ;
; fir_filter_parallel_reduced_pipelined_stream:impl|fir_filter_parallel_reduced_pipelined:impl|product_terms_pipe[0][12][39]  ; Lost fanout                            ;
; fir_filter_parallel_reduced_pipelined_stream:impl|fir_filter_parallel_reduced_pipelined:impl|product_terms_pipe[0][12][38]  ; Lost fanout                            ;
; fir_filter_parallel_reduced_pipelined_stream:impl|fir_filter_parallel_reduced_pipelined:impl|product_terms_pipe[0][12][37]  ; Lost fanout                            ;
; fir_filter_parallel_reduced_pipelined_stream:impl|fir_filter_parallel_reduced_pipelined:impl|product_terms_pipe[0][12][36]  ; Lost fanout                            ;
; fir_filter_parallel_reduced_pipelined_stream:impl|fir_filter_parallel_reduced_pipelined:impl|product_terms_pipe[0][12][35]  ; Lost fanout                            ;
; fir_filter_parallel_reduced_pipelined_stream:impl|fir_filter_parallel_reduced_pipelined:impl|product_terms_pipe[0][12][34]  ; Lost fanout                            ;
; fir_filter_parallel_reduced_pipelined_stream:impl|fir_filter_parallel_reduced_pipelined:impl|product_terms_pipe[0][12][33]  ; Lost fanout                            ;
; fir_filter_parallel_reduced_pipelined_stream:impl|fir_filter_parallel_reduced_pipelined:impl|product_terms_pipe[0][12][32]  ; Lost fanout                            ;
; fir_filter_parallel_reduced_pipelined_stream:impl|fir_filter_parallel_reduced_pipelined:impl|product_terms_pipe[0][12][31]  ; Lost fanout                            ;
; fir_filter_parallel_reduced_pipelined_stream:impl|fir_filter_parallel_reduced_pipelined:impl|product_terms_pipe[0][12][30]  ; Lost fanout                            ;
; fir_filter_parallel_reduced_pipelined_stream:impl|fir_filter_parallel_reduced_pipelined:impl|product_terms_pipe[0][12][29]  ; Lost fanout                            ;
; fir_filter_parallel_reduced_pipelined_stream:impl|fir_filter_parallel_reduced_pipelined:impl|product_terms_pipe[0][12][28]  ; Lost fanout                            ;
; fir_filter_parallel_reduced_pipelined_stream:impl|fir_filter_parallel_reduced_pipelined:impl|product_terms_pipe[0][12][27]  ; Lost fanout                            ;
; fir_filter_parallel_reduced_pipelined_stream:impl|fir_filter_parallel_reduced_pipelined:impl|product_terms_pipe[0][12][26]  ; Lost fanout                            ;
; fir_filter_parallel_reduced_pipelined_stream:impl|fir_filter_parallel_reduced_pipelined:impl|product_terms_pipe[0][12][25]  ; Lost fanout                            ;
; fir_filter_parallel_reduced_pipelined_stream:impl|fir_filter_parallel_reduced_pipelined:impl|product_terms_pipe[0][12][24]  ; Lost fanout                            ;
; fir_filter_parallel_reduced_pipelined_stream:impl|fir_filter_parallel_reduced_pipelined:impl|product_terms_pipe[0][12][23]  ; Lost fanout                            ;
; fir_filter_parallel_reduced_pipelined_stream:impl|fir_filter_parallel_reduced_pipelined:impl|product_terms_pipe[0][12][22]  ; Lost fanout                            ;
; fir_filter_parallel_reduced_pipelined_stream:impl|fir_filter_parallel_reduced_pipelined:impl|product_terms_pipe[0][12][21]  ; Lost fanout                            ;
; fir_filter_parallel_reduced_pipelined_stream:impl|fir_filter_parallel_reduced_pipelined:impl|product_terms_pipe[0][12][20]  ; Lost fanout                            ;
; fir_filter_parallel_reduced_pipelined_stream:impl|fir_filter_parallel_reduced_pipelined:impl|product_terms_pipe[0][12][19]  ; Lost fanout                            ;
; fir_filter_parallel_reduced_pipelined_stream:impl|fir_filter_parallel_reduced_pipelined:impl|product_terms_pipe[0][12][18]  ; Lost fanout                            ;
; fir_filter_parallel_reduced_pipelined_stream:impl|fir_filter_parallel_reduced_pipelined:impl|product_terms_pipe[0][12][17]  ; Lost fanout                            ;
; fir_filter_parallel_reduced_pipelined_stream:impl|fir_filter_parallel_reduced_pipelined:impl|product_terms_pipe[0][12][16]  ; Lost fanout                            ;
; fir_filter_parallel_reduced_pipelined_stream:impl|fir_filter_parallel_reduced_pipelined:impl|product_terms_pipe[0][12][15]  ; Lost fanout                            ;
; fir_filter_parallel_reduced_pipelined_stream:impl|fir_filter_parallel_reduced_pipelined:impl|product_terms_pipe[0][12][14]  ; Lost fanout                            ;
; fir_filter_parallel_reduced_pipelined_stream:impl|fir_filter_parallel_reduced_pipelined:impl|product_terms_pipe[0][12][13]  ; Lost fanout                            ;
; fir_filter_parallel_reduced_pipelined_stream:impl|fir_filter_parallel_reduced_pipelined:impl|product_terms_pipe[0][12][12]  ; Lost fanout                            ;
; fir_filter_parallel_reduced_pipelined_stream:impl|fir_filter_parallel_reduced_pipelined:impl|product_terms_pipe[0][12][11]  ; Lost fanout                            ;
; fir_filter_parallel_reduced_pipelined_stream:impl|fir_filter_parallel_reduced_pipelined:impl|product_terms_pipe[0][12][10]  ; Lost fanout                            ;
; fir_filter_parallel_reduced_pipelined_stream:impl|fir_filter_parallel_reduced_pipelined:impl|product_terms_pipe[0][12][9]   ; Lost fanout                            ;
; fir_filter_parallel_reduced_pipelined_stream:impl|fir_filter_parallel_reduced_pipelined:impl|product_terms_pipe[0][12][8]   ; Lost fanout                            ;
; fir_filter_parallel_reduced_pipelined_stream:impl|fir_filter_parallel_reduced_pipelined:impl|product_terms_pipe[0][12][7]   ; Lost fanout                            ;
; fir_filter_parallel_reduced_pipelined_stream:impl|fir_filter_parallel_reduced_pipelined:impl|product_terms_pipe[0][12][6]   ; Lost fanout                            ;
; fir_filter_parallel_reduced_pipelined_stream:impl|fir_filter_parallel_reduced_pipelined:impl|product_terms_pipe[0][12][5]   ; Lost fanout                            ;
; fir_filter_parallel_reduced_pipelined_stream:impl|fir_filter_parallel_reduced_pipelined:impl|product_terms_pipe[0][12][4]   ; Lost fanout                            ;
; fir_filter_parallel_reduced_pipelined_stream:impl|fir_filter_parallel_reduced_pipelined:impl|product_terms_pipe[0][12][3]   ; Lost fanout                            ;
; fir_filter_parallel_reduced_pipelined_stream:impl|fir_filter_parallel_reduced_pipelined:impl|product_terms_pipe[0][12][2]   ; Lost fanout                            ;
; fir_filter_parallel_reduced_pipelined_stream:impl|fir_filter_parallel_reduced_pipelined:impl|product_terms_pipe[0][12][1]   ; Lost fanout                            ;
; fir_filter_parallel_reduced_pipelined_stream:impl|fir_filter_parallel_reduced_pipelined:impl|product_terms_pipe[0][12][0]   ; Lost fanout                            ;
; fir_filter_parallel_reduced_pipelined_stream:impl|fir_filter_parallel_reduced_pipelined:impl|product_terms_pipe[0][13][45]  ; Lost fanout                            ;
; fir_filter_parallel_reduced_pipelined_stream:impl|fir_filter_parallel_reduced_pipelined:impl|product_terms_pipe[0][13][44]  ; Lost fanout                            ;
; fir_filter_parallel_reduced_pipelined_stream:impl|fir_filter_parallel_reduced_pipelined:impl|product_terms_pipe[0][13][43]  ; Lost fanout                            ;
; fir_filter_parallel_reduced_pipelined_stream:impl|fir_filter_parallel_reduced_pipelined:impl|product_terms_pipe[0][13][42]  ; Lost fanout                            ;
; fir_filter_parallel_reduced_pipelined_stream:impl|fir_filter_parallel_reduced_pipelined:impl|product_terms_pipe[0][13][41]  ; Lost fanout                            ;
; fir_filter_parallel_reduced_pipelined_stream:impl|fir_filter_parallel_reduced_pipelined:impl|product_terms_pipe[0][13][40]  ; Lost fanout                            ;
; fir_filter_parallel_reduced_pipelined_stream:impl|fir_filter_parallel_reduced_pipelined:impl|product_terms_pipe[0][13][39]  ; Lost fanout                            ;
; fir_filter_parallel_reduced_pipelined_stream:impl|fir_filter_parallel_reduced_pipelined:impl|product_terms_pipe[0][13][38]  ; Lost fanout                            ;
; fir_filter_parallel_reduced_pipelined_stream:impl|fir_filter_parallel_reduced_pipelined:impl|product_terms_pipe[0][13][37]  ; Lost fanout                            ;
; fir_filter_parallel_reduced_pipelined_stream:impl|fir_filter_parallel_reduced_pipelined:impl|product_terms_pipe[0][13][36]  ; Lost fanout                            ;
; fir_filter_parallel_reduced_pipelined_stream:impl|fir_filter_parallel_reduced_pipelined:impl|product_terms_pipe[0][13][35]  ; Lost fanout                            ;
; fir_filter_parallel_reduced_pipelined_stream:impl|fir_filter_parallel_reduced_pipelined:impl|product_terms_pipe[0][13][34]  ; Lost fanout                            ;
; fir_filter_parallel_reduced_pipelined_stream:impl|fir_filter_parallel_reduced_pipelined:impl|product_terms_pipe[0][13][33]  ; Lost fanout                            ;
; fir_filter_parallel_reduced_pipelined_stream:impl|fir_filter_parallel_reduced_pipelined:impl|product_terms_pipe[0][13][32]  ; Lost fanout                            ;
; fir_filter_parallel_reduced_pipelined_stream:impl|fir_filter_parallel_reduced_pipelined:impl|product_terms_pipe[0][13][31]  ; Lost fanout                            ;
; fir_filter_parallel_reduced_pipelined_stream:impl|fir_filter_parallel_reduced_pipelined:impl|product_terms_pipe[0][13][30]  ; Lost fanout                            ;
; fir_filter_parallel_reduced_pipelined_stream:impl|fir_filter_parallel_reduced_pipelined:impl|product_terms_pipe[0][13][29]  ; Lost fanout                            ;
; fir_filter_parallel_reduced_pipelined_stream:impl|fir_filter_parallel_reduced_pipelined:impl|product_terms_pipe[0][13][28]  ; Lost fanout                            ;
; fir_filter_parallel_reduced_pipelined_stream:impl|fir_filter_parallel_reduced_pipelined:impl|product_terms_pipe[0][13][27]  ; Lost fanout                            ;
; fir_filter_parallel_reduced_pipelined_stream:impl|fir_filter_parallel_reduced_pipelined:impl|product_terms_pipe[0][13][26]  ; Lost fanout                            ;
; fir_filter_parallel_reduced_pipelined_stream:impl|fir_filter_parallel_reduced_pipelined:impl|product_terms_pipe[0][13][25]  ; Lost fanout                            ;
; fir_filter_parallel_reduced_pipelined_stream:impl|fir_filter_parallel_reduced_pipelined:impl|product_terms_pipe[0][13][24]  ; Lost fanout                            ;
; fir_filter_parallel_reduced_pipelined_stream:impl|fir_filter_parallel_reduced_pipelined:impl|product_terms_pipe[0][13][23]  ; Lost fanout                            ;
; fir_filter_parallel_reduced_pipelined_stream:impl|fir_filter_parallel_reduced_pipelined:impl|product_terms_pipe[0][13][22]  ; Lost fanout                            ;
; fir_filter_parallel_reduced_pipelined_stream:impl|fir_filter_parallel_reduced_pipelined:impl|product_terms_pipe[0][13][21]  ; Lost fanout                            ;
; fir_filter_parallel_reduced_pipelined_stream:impl|fir_filter_parallel_reduced_pipelined:impl|product_terms_pipe[0][13][20]  ; Lost fanout                            ;
; fir_filter_parallel_reduced_pipelined_stream:impl|fir_filter_parallel_reduced_pipelined:impl|product_terms_pipe[0][13][19]  ; Lost fanout                            ;
; fir_filter_parallel_reduced_pipelined_stream:impl|fir_filter_parallel_reduced_pipelined:impl|product_terms_pipe[0][13][18]  ; Lost fanout                            ;
; fir_filter_parallel_reduced_pipelined_stream:impl|fir_filter_parallel_reduced_pipelined:impl|product_terms_pipe[0][13][17]  ; Lost fanout                            ;
; fir_filter_parallel_reduced_pipelined_stream:impl|fir_filter_parallel_reduced_pipelined:impl|product_terms_pipe[0][13][16]  ; Lost fanout                            ;
; fir_filter_parallel_reduced_pipelined_stream:impl|fir_filter_parallel_reduced_pipelined:impl|product_terms_pipe[0][13][15]  ; Lost fanout                            ;
; fir_filter_parallel_reduced_pipelined_stream:impl|fir_filter_parallel_reduced_pipelined:impl|product_terms_pipe[0][13][14]  ; Lost fanout                            ;
; fir_filter_parallel_reduced_pipelined_stream:impl|fir_filter_parallel_reduced_pipelined:impl|product_terms_pipe[0][13][13]  ; Lost fanout                            ;
; fir_filter_parallel_reduced_pipelined_stream:impl|fir_filter_parallel_reduced_pipelined:impl|product_terms_pipe[0][13][12]  ; Lost fanout                            ;
; fir_filter_parallel_reduced_pipelined_stream:impl|fir_filter_parallel_reduced_pipelined:impl|product_terms_pipe[0][13][11]  ; Lost fanout                            ;
; fir_filter_parallel_reduced_pipelined_stream:impl|fir_filter_parallel_reduced_pipelined:impl|product_terms_pipe[0][13][10]  ; Lost fanout                            ;
; fir_filter_parallel_reduced_pipelined_stream:impl|fir_filter_parallel_reduced_pipelined:impl|product_terms_pipe[0][13][9]   ; Lost fanout                            ;
; fir_filter_parallel_reduced_pipelined_stream:impl|fir_filter_parallel_reduced_pipelined:impl|product_terms_pipe[0][13][8]   ; Lost fanout                            ;
; fir_filter_parallel_reduced_pipelined_stream:impl|fir_filter_parallel_reduced_pipelined:impl|product_terms_pipe[0][13][7]   ; Lost fanout                            ;
; fir_filter_parallel_reduced_pipelined_stream:impl|fir_filter_parallel_reduced_pipelined:impl|product_terms_pipe[0][13][6]   ; Lost fanout                            ;
; fir_filter_parallel_reduced_pipelined_stream:impl|fir_filter_parallel_reduced_pipelined:impl|product_terms_pipe[0][13][5]   ; Lost fanout                            ;
; fir_filter_parallel_reduced_pipelined_stream:impl|fir_filter_parallel_reduced_pipelined:impl|product_terms_pipe[0][13][4]   ; Lost fanout                            ;
; fir_filter_parallel_reduced_pipelined_stream:impl|fir_filter_parallel_reduced_pipelined:impl|product_terms_pipe[0][13][3]   ; Lost fanout                            ;
; fir_filter_parallel_reduced_pipelined_stream:impl|fir_filter_parallel_reduced_pipelined:impl|product_terms_pipe[0][13][2]   ; Lost fanout                            ;
; fir_filter_parallel_reduced_pipelined_stream:impl|fir_filter_parallel_reduced_pipelined:impl|product_terms_pipe[0][13][1]   ; Lost fanout                            ;
; fir_filter_parallel_reduced_pipelined_stream:impl|fir_filter_parallel_reduced_pipelined:impl|product_terms_pipe[0][13][0]   ; Lost fanout                            ;
; fir_filter_parallel_reduced_pipelined_stream:impl|fir_filter_parallel_reduced_pipelined:impl|product_terms_pipe[0][14][45]  ; Lost fanout                            ;
; fir_filter_parallel_reduced_pipelined_stream:impl|fir_filter_parallel_reduced_pipelined:impl|product_terms_pipe[0][14][44]  ; Lost fanout                            ;
; fir_filter_parallel_reduced_pipelined_stream:impl|fir_filter_parallel_reduced_pipelined:impl|product_terms_pipe[0][14][43]  ; Lost fanout                            ;
; fir_filter_parallel_reduced_pipelined_stream:impl|fir_filter_parallel_reduced_pipelined:impl|product_terms_pipe[0][14][42]  ; Lost fanout                            ;
; fir_filter_parallel_reduced_pipelined_stream:impl|fir_filter_parallel_reduced_pipelined:impl|product_terms_pipe[0][14][41]  ; Lost fanout                            ;
; fir_filter_parallel_reduced_pipelined_stream:impl|fir_filter_parallel_reduced_pipelined:impl|product_terms_pipe[0][14][40]  ; Lost fanout                            ;
; fir_filter_parallel_reduced_pipelined_stream:impl|fir_filter_parallel_reduced_pipelined:impl|product_terms_pipe[0][14][39]  ; Lost fanout                            ;
; fir_filter_parallel_reduced_pipelined_stream:impl|fir_filter_parallel_reduced_pipelined:impl|product_terms_pipe[0][14][38]  ; Lost fanout                            ;
; fir_filter_parallel_reduced_pipelined_stream:impl|fir_filter_parallel_reduced_pipelined:impl|product_terms_pipe[0][14][37]  ; Lost fanout                            ;
; fir_filter_parallel_reduced_pipelined_stream:impl|fir_filter_parallel_reduced_pipelined:impl|product_terms_pipe[0][14][36]  ; Lost fanout                            ;
; fir_filter_parallel_reduced_pipelined_stream:impl|fir_filter_parallel_reduced_pipelined:impl|product_terms_pipe[0][14][35]  ; Lost fanout                            ;
; fir_filter_parallel_reduced_pipelined_stream:impl|fir_filter_parallel_reduced_pipelined:impl|product_terms_pipe[0][14][34]  ; Lost fanout                            ;
; fir_filter_parallel_reduced_pipelined_stream:impl|fir_filter_parallel_reduced_pipelined:impl|product_terms_pipe[0][14][33]  ; Lost fanout                            ;
; fir_filter_parallel_reduced_pipelined_stream:impl|fir_filter_parallel_reduced_pipelined:impl|product_terms_pipe[0][14][32]  ; Lost fanout                            ;
; fir_filter_parallel_reduced_pipelined_stream:impl|fir_filter_parallel_reduced_pipelined:impl|product_terms_pipe[0][14][31]  ; Lost fanout                            ;
; fir_filter_parallel_reduced_pipelined_stream:impl|fir_filter_parallel_reduced_pipelined:impl|product_terms_pipe[0][14][30]  ; Lost fanout                            ;
; fir_filter_parallel_reduced_pipelined_stream:impl|fir_filter_parallel_reduced_pipelined:impl|product_terms_pipe[0][14][29]  ; Lost fanout                            ;
; fir_filter_parallel_reduced_pipelined_stream:impl|fir_filter_parallel_reduced_pipelined:impl|product_terms_pipe[0][14][28]  ; Lost fanout                            ;
; fir_filter_parallel_reduced_pipelined_stream:impl|fir_filter_parallel_reduced_pipelined:impl|product_terms_pipe[0][14][27]  ; Lost fanout                            ;
; fir_filter_parallel_reduced_pipelined_stream:impl|fir_filter_parallel_reduced_pipelined:impl|product_terms_pipe[0][14][26]  ; Lost fanout                            ;
; fir_filter_parallel_reduced_pipelined_stream:impl|fir_filter_parallel_reduced_pipelined:impl|product_terms_pipe[0][14][25]  ; Lost fanout                            ;
; fir_filter_parallel_reduced_pipelined_stream:impl|fir_filter_parallel_reduced_pipelined:impl|product_terms_pipe[0][14][24]  ; Lost fanout                            ;
; fir_filter_parallel_reduced_pipelined_stream:impl|fir_filter_parallel_reduced_pipelined:impl|product_terms_pipe[0][14][23]  ; Lost fanout                            ;
; fir_filter_parallel_reduced_pipelined_stream:impl|fir_filter_parallel_reduced_pipelined:impl|product_terms_pipe[0][14][22]  ; Lost fanout                            ;
; fir_filter_parallel_reduced_pipelined_stream:impl|fir_filter_parallel_reduced_pipelined:impl|product_terms_pipe[0][14][21]  ; Lost fanout                            ;
; fir_filter_parallel_reduced_pipelined_stream:impl|fir_filter_parallel_reduced_pipelined:impl|product_terms_pipe[0][14][20]  ; Lost fanout                            ;
; fir_filter_parallel_reduced_pipelined_stream:impl|fir_filter_parallel_reduced_pipelined:impl|product_terms_pipe[0][14][19]  ; Lost fanout                            ;
; fir_filter_parallel_reduced_pipelined_stream:impl|fir_filter_parallel_reduced_pipelined:impl|product_terms_pipe[0][14][18]  ; Lost fanout                            ;
; fir_filter_parallel_reduced_pipelined_stream:impl|fir_filter_parallel_reduced_pipelined:impl|product_terms_pipe[0][14][17]  ; Lost fanout                            ;
; fir_filter_parallel_reduced_pipelined_stream:impl|fir_filter_parallel_reduced_pipelined:impl|product_terms_pipe[0][14][16]  ; Lost fanout                            ;
; fir_filter_parallel_reduced_pipelined_stream:impl|fir_filter_parallel_reduced_pipelined:impl|product_terms_pipe[0][14][15]  ; Lost fanout                            ;
; fir_filter_parallel_reduced_pipelined_stream:impl|fir_filter_parallel_reduced_pipelined:impl|product_terms_pipe[0][14][14]  ; Lost fanout                            ;
; fir_filter_parallel_reduced_pipelined_stream:impl|fir_filter_parallel_reduced_pipelined:impl|product_terms_pipe[0][14][13]  ; Lost fanout                            ;
; fir_filter_parallel_reduced_pipelined_stream:impl|fir_filter_parallel_reduced_pipelined:impl|product_terms_pipe[0][14][12]  ; Lost fanout                            ;
; fir_filter_parallel_reduced_pipelined_stream:impl|fir_filter_parallel_reduced_pipelined:impl|product_terms_pipe[0][14][11]  ; Lost fanout                            ;
; fir_filter_parallel_reduced_pipelined_stream:impl|fir_filter_parallel_reduced_pipelined:impl|product_terms_pipe[0][14][10]  ; Lost fanout                            ;
; fir_filter_parallel_reduced_pipelined_stream:impl|fir_filter_parallel_reduced_pipelined:impl|product_terms_pipe[0][14][9]   ; Lost fanout                            ;
; fir_filter_parallel_reduced_pipelined_stream:impl|fir_filter_parallel_reduced_pipelined:impl|product_terms_pipe[0][14][8]   ; Lost fanout                            ;
; fir_filter_parallel_reduced_pipelined_stream:impl|fir_filter_parallel_reduced_pipelined:impl|product_terms_pipe[0][14][7]   ; Lost fanout                            ;
; fir_filter_parallel_reduced_pipelined_stream:impl|fir_filter_parallel_reduced_pipelined:impl|product_terms_pipe[0][14][6]   ; Lost fanout                            ;
; fir_filter_parallel_reduced_pipelined_stream:impl|fir_filter_parallel_reduced_pipelined:impl|product_terms_pipe[0][14][5]   ; Lost fanout                            ;
; fir_filter_parallel_reduced_pipelined_stream:impl|fir_filter_parallel_reduced_pipelined:impl|product_terms_pipe[0][14][4]   ; Lost fanout                            ;
; fir_filter_parallel_reduced_pipelined_stream:impl|fir_filter_parallel_reduced_pipelined:impl|product_terms_pipe[0][14][3]   ; Lost fanout                            ;
; fir_filter_parallel_reduced_pipelined_stream:impl|fir_filter_parallel_reduced_pipelined:impl|product_terms_pipe[0][14][2]   ; Lost fanout                            ;
; fir_filter_parallel_reduced_pipelined_stream:impl|fir_filter_parallel_reduced_pipelined:impl|product_terms_pipe[0][14][1]   ; Lost fanout                            ;
; fir_filter_parallel_reduced_pipelined_stream:impl|fir_filter_parallel_reduced_pipelined:impl|product_terms_pipe[0][14][0]   ; Lost fanout                            ;
; fir_filter_parallel_reduced_pipelined_stream:impl|fir_filter_parallel_reduced_pipelined:impl|product_terms_pipe[0][15][45]  ; Lost fanout                            ;
; fir_filter_parallel_reduced_pipelined_stream:impl|fir_filter_parallel_reduced_pipelined:impl|product_terms_pipe[0][15][44]  ; Lost fanout                            ;
; fir_filter_parallel_reduced_pipelined_stream:impl|fir_filter_parallel_reduced_pipelined:impl|product_terms_pipe[0][15][43]  ; Lost fanout                            ;
; fir_filter_parallel_reduced_pipelined_stream:impl|fir_filter_parallel_reduced_pipelined:impl|product_terms_pipe[0][15][42]  ; Lost fanout                            ;
; fir_filter_parallel_reduced_pipelined_stream:impl|fir_filter_parallel_reduced_pipelined:impl|product_terms_pipe[0][15][41]  ; Lost fanout                            ;
; fir_filter_parallel_reduced_pipelined_stream:impl|fir_filter_parallel_reduced_pipelined:impl|product_terms_pipe[0][15][40]  ; Lost fanout                            ;
; fir_filter_parallel_reduced_pipelined_stream:impl|fir_filter_parallel_reduced_pipelined:impl|product_terms_pipe[0][15][39]  ; Lost fanout                            ;
; fir_filter_parallel_reduced_pipelined_stream:impl|fir_filter_parallel_reduced_pipelined:impl|product_terms_pipe[0][15][38]  ; Lost fanout                            ;
; fir_filter_parallel_reduced_pipelined_stream:impl|fir_filter_parallel_reduced_pipelined:impl|product_terms_pipe[0][15][37]  ; Lost fanout                            ;
; fir_filter_parallel_reduced_pipelined_stream:impl|fir_filter_parallel_reduced_pipelined:impl|product_terms_pipe[0][15][36]  ; Lost fanout                            ;
; fir_filter_parallel_reduced_pipelined_stream:impl|fir_filter_parallel_reduced_pipelined:impl|product_terms_pipe[0][15][35]  ; Lost fanout                            ;
; fir_filter_parallel_reduced_pipelined_stream:impl|fir_filter_parallel_reduced_pipelined:impl|product_terms_pipe[0][15][34]  ; Lost fanout                            ;
; fir_filter_parallel_reduced_pipelined_stream:impl|fir_filter_parallel_reduced_pipelined:impl|product_terms_pipe[0][15][33]  ; Lost fanout                            ;
; fir_filter_parallel_reduced_pipelined_stream:impl|fir_filter_parallel_reduced_pipelined:impl|product_terms_pipe[0][15][32]  ; Lost fanout                            ;
; fir_filter_parallel_reduced_pipelined_stream:impl|fir_filter_parallel_reduced_pipelined:impl|product_terms_pipe[0][15][31]  ; Lost fanout                            ;
; fir_filter_parallel_reduced_pipelined_stream:impl|fir_filter_parallel_reduced_pipelined:impl|product_terms_pipe[0][15][30]  ; Lost fanout                            ;
; fir_filter_parallel_reduced_pipelined_stream:impl|fir_filter_parallel_reduced_pipelined:impl|product_terms_pipe[0][15][29]  ; Lost fanout                            ;
; fir_filter_parallel_reduced_pipelined_stream:impl|fir_filter_parallel_reduced_pipelined:impl|product_terms_pipe[0][15][28]  ; Lost fanout                            ;
; fir_filter_parallel_reduced_pipelined_stream:impl|fir_filter_parallel_reduced_pipelined:impl|product_terms_pipe[0][15][27]  ; Lost fanout                            ;
; fir_filter_parallel_reduced_pipelined_stream:impl|fir_filter_parallel_reduced_pipelined:impl|product_terms_pipe[0][15][26]  ; Lost fanout                            ;
; fir_filter_parallel_reduced_pipelined_stream:impl|fir_filter_parallel_reduced_pipelined:impl|product_terms_pipe[0][15][25]  ; Lost fanout                            ;
; fir_filter_parallel_reduced_pipelined_stream:impl|fir_filter_parallel_reduced_pipelined:impl|product_terms_pipe[0][15][24]  ; Lost fanout                            ;
; fir_filter_parallel_reduced_pipelined_stream:impl|fir_filter_parallel_reduced_pipelined:impl|product_terms_pipe[0][15][23]  ; Lost fanout                            ;
; fir_filter_parallel_reduced_pipelined_stream:impl|fir_filter_parallel_reduced_pipelined:impl|product_terms_pipe[0][15][22]  ; Lost fanout                            ;
; fir_filter_parallel_reduced_pipelined_stream:impl|fir_filter_parallel_reduced_pipelined:impl|product_terms_pipe[0][15][21]  ; Lost fanout                            ;
; fir_filter_parallel_reduced_pipelined_stream:impl|fir_filter_parallel_reduced_pipelined:impl|product_terms_pipe[0][15][20]  ; Lost fanout                            ;
; fir_filter_parallel_reduced_pipelined_stream:impl|fir_filter_parallel_reduced_pipelined:impl|product_terms_pipe[0][15][19]  ; Lost fanout                            ;
; fir_filter_parallel_reduced_pipelined_stream:impl|fir_filter_parallel_reduced_pipelined:impl|product_terms_pipe[0][15][18]  ; Lost fanout                            ;
; fir_filter_parallel_reduced_pipelined_stream:impl|fir_filter_parallel_reduced_pipelined:impl|product_terms_pipe[0][15][17]  ; Lost fanout                            ;
; fir_filter_parallel_reduced_pipelined_stream:impl|fir_filter_parallel_reduced_pipelined:impl|product_terms_pipe[0][15][16]  ; Lost fanout                            ;
; fir_filter_parallel_reduced_pipelined_stream:impl|fir_filter_parallel_reduced_pipelined:impl|product_terms_pipe[0][15][15]  ; Lost fanout                            ;
; fir_filter_parallel_reduced_pipelined_stream:impl|fir_filter_parallel_reduced_pipelined:impl|product_terms_pipe[0][15][14]  ; Lost fanout                            ;
; fir_filter_parallel_reduced_pipelined_stream:impl|fir_filter_parallel_reduced_pipelined:impl|product_terms_pipe[0][15][13]  ; Lost fanout                            ;
; fir_filter_parallel_reduced_pipelined_stream:impl|fir_filter_parallel_reduced_pipelined:impl|product_terms_pipe[0][15][12]  ; Lost fanout                            ;
; fir_filter_parallel_reduced_pipelined_stream:impl|fir_filter_parallel_reduced_pipelined:impl|product_terms_pipe[0][15][11]  ; Lost fanout                            ;
; fir_filter_parallel_reduced_pipelined_stream:impl|fir_filter_parallel_reduced_pipelined:impl|product_terms_pipe[0][15][10]  ; Lost fanout                            ;
; fir_filter_parallel_reduced_pipelined_stream:impl|fir_filter_parallel_reduced_pipelined:impl|product_terms_pipe[0][15][9]   ; Lost fanout                            ;
; fir_filter_parallel_reduced_pipelined_stream:impl|fir_filter_parallel_reduced_pipelined:impl|product_terms_pipe[0][15][8]   ; Lost fanout                            ;
; fir_filter_parallel_reduced_pipelined_stream:impl|fir_filter_parallel_reduced_pipelined:impl|product_terms_pipe[0][15][7]   ; Lost fanout                            ;
; fir_filter_parallel_reduced_pipelined_stream:impl|fir_filter_parallel_reduced_pipelined:impl|product_terms_pipe[0][15][6]   ; Lost fanout                            ;
; fir_filter_parallel_reduced_pipelined_stream:impl|fir_filter_parallel_reduced_pipelined:impl|product_terms_pipe[0][15][5]   ; Lost fanout                            ;
; fir_filter_parallel_reduced_pipelined_stream:impl|fir_filter_parallel_reduced_pipelined:impl|product_terms_pipe[0][15][4]   ; Lost fanout                            ;
; fir_filter_parallel_reduced_pipelined_stream:impl|fir_filter_parallel_reduced_pipelined:impl|product_terms_pipe[0][15][3]   ; Lost fanout                            ;
; fir_filter_parallel_reduced_pipelined_stream:impl|fir_filter_parallel_reduced_pipelined:impl|product_terms_pipe[0][15][2]   ; Lost fanout                            ;
; fir_filter_parallel_reduced_pipelined_stream:impl|fir_filter_parallel_reduced_pipelined:impl|product_terms_pipe[0][15][1]   ; Lost fanout                            ;
; fir_filter_parallel_reduced_pipelined_stream:impl|fir_filter_parallel_reduced_pipelined:impl|product_terms_pipe[0][15][0]   ; Lost fanout                            ;
; fir_filter_parallel_reduced_pipelined_stream:impl|fir_filter_parallel_reduced_pipelined:impl|product_terms_pipe[0][16][45]  ; Lost fanout                            ;
; fir_filter_parallel_reduced_pipelined_stream:impl|fir_filter_parallel_reduced_pipelined:impl|product_terms_pipe[0][16][44]  ; Lost fanout                            ;
; fir_filter_parallel_reduced_pipelined_stream:impl|fir_filter_parallel_reduced_pipelined:impl|product_terms_pipe[0][16][43]  ; Lost fanout                            ;
; fir_filter_parallel_reduced_pipelined_stream:impl|fir_filter_parallel_reduced_pipelined:impl|product_terms_pipe[0][16][42]  ; Lost fanout                            ;
; fir_filter_parallel_reduced_pipelined_stream:impl|fir_filter_parallel_reduced_pipelined:impl|product_terms_pipe[0][16][41]  ; Lost fanout                            ;
; fir_filter_parallel_reduced_pipelined_stream:impl|fir_filter_parallel_reduced_pipelined:impl|product_terms_pipe[0][16][40]  ; Lost fanout                            ;
; fir_filter_parallel_reduced_pipelined_stream:impl|fir_filter_parallel_reduced_pipelined:impl|product_terms_pipe[0][16][39]  ; Lost fanout                            ;
; fir_filter_parallel_reduced_pipelined_stream:impl|fir_filter_parallel_reduced_pipelined:impl|product_terms_pipe[0][16][38]  ; Lost fanout                            ;
; fir_filter_parallel_reduced_pipelined_stream:impl|fir_filter_parallel_reduced_pipelined:impl|product_terms_pipe[0][16][37]  ; Lost fanout                            ;
; fir_filter_parallel_reduced_pipelined_stream:impl|fir_filter_parallel_reduced_pipelined:impl|product_terms_pipe[0][16][36]  ; Lost fanout                            ;
; fir_filter_parallel_reduced_pipelined_stream:impl|fir_filter_parallel_reduced_pipelined:impl|product_terms_pipe[0][16][35]  ; Lost fanout                            ;
; fir_filter_parallel_reduced_pipelined_stream:impl|fir_filter_parallel_reduced_pipelined:impl|product_terms_pipe[0][16][34]  ; Lost fanout                            ;
; fir_filter_parallel_reduced_pipelined_stream:impl|fir_filter_parallel_reduced_pipelined:impl|product_terms_pipe[0][16][33]  ; Lost fanout                            ;
; fir_filter_parallel_reduced_pipelined_stream:impl|fir_filter_parallel_reduced_pipelined:impl|product_terms_pipe[0][16][32]  ; Lost fanout                            ;
; fir_filter_parallel_reduced_pipelined_stream:impl|fir_filter_parallel_reduced_pipelined:impl|product_terms_pipe[0][16][31]  ; Lost fanout                            ;
; fir_filter_parallel_reduced_pipelined_stream:impl|fir_filter_parallel_reduced_pipelined:impl|product_terms_pipe[0][16][30]  ; Lost fanout                            ;
; fir_filter_parallel_reduced_pipelined_stream:impl|fir_filter_parallel_reduced_pipelined:impl|product_terms_pipe[0][16][29]  ; Lost fanout                            ;
; fir_filter_parallel_reduced_pipelined_stream:impl|fir_filter_parallel_reduced_pipelined:impl|product_terms_pipe[0][16][28]  ; Lost fanout                            ;
; fir_filter_parallel_reduced_pipelined_stream:impl|fir_filter_parallel_reduced_pipelined:impl|product_terms_pipe[0][16][27]  ; Lost fanout                            ;
; fir_filter_parallel_reduced_pipelined_stream:impl|fir_filter_parallel_reduced_pipelined:impl|product_terms_pipe[0][16][26]  ; Lost fanout                            ;
; fir_filter_parallel_reduced_pipelined_stream:impl|fir_filter_parallel_reduced_pipelined:impl|product_terms_pipe[0][16][25]  ; Lost fanout                            ;
; fir_filter_parallel_reduced_pipelined_stream:impl|fir_filter_parallel_reduced_pipelined:impl|product_terms_pipe[0][16][24]  ; Lost fanout                            ;
; fir_filter_parallel_reduced_pipelined_stream:impl|fir_filter_parallel_reduced_pipelined:impl|product_terms_pipe[0][16][23]  ; Lost fanout                            ;
; fir_filter_parallel_reduced_pipelined_stream:impl|fir_filter_parallel_reduced_pipelined:impl|product_terms_pipe[0][16][22]  ; Lost fanout                            ;
; fir_filter_parallel_reduced_pipelined_stream:impl|fir_filter_parallel_reduced_pipelined:impl|product_terms_pipe[0][16][21]  ; Lost fanout                            ;
; fir_filter_parallel_reduced_pipelined_stream:impl|fir_filter_parallel_reduced_pipelined:impl|product_terms_pipe[0][16][20]  ; Lost fanout                            ;
; fir_filter_parallel_reduced_pipelined_stream:impl|fir_filter_parallel_reduced_pipelined:impl|product_terms_pipe[0][16][19]  ; Lost fanout                            ;
; fir_filter_parallel_reduced_pipelined_stream:impl|fir_filter_parallel_reduced_pipelined:impl|product_terms_pipe[0][16][18]  ; Lost fanout                            ;
; fir_filter_parallel_reduced_pipelined_stream:impl|fir_filter_parallel_reduced_pipelined:impl|product_terms_pipe[0][16][17]  ; Lost fanout                            ;
; fir_filter_parallel_reduced_pipelined_stream:impl|fir_filter_parallel_reduced_pipelined:impl|product_terms_pipe[0][16][16]  ; Lost fanout                            ;
; fir_filter_parallel_reduced_pipelined_stream:impl|fir_filter_parallel_reduced_pipelined:impl|product_terms_pipe[0][16][15]  ; Lost fanout                            ;
; fir_filter_parallel_reduced_pipelined_stream:impl|fir_filter_parallel_reduced_pipelined:impl|product_terms_pipe[0][16][14]  ; Lost fanout                            ;
; fir_filter_parallel_reduced_pipelined_stream:impl|fir_filter_parallel_reduced_pipelined:impl|product_terms_pipe[0][16][13]  ; Lost fanout                            ;
; fir_filter_parallel_reduced_pipelined_stream:impl|fir_filter_parallel_reduced_pipelined:impl|product_terms_pipe[0][16][12]  ; Lost fanout                            ;
; fir_filter_parallel_reduced_pipelined_stream:impl|fir_filter_parallel_reduced_pipelined:impl|product_terms_pipe[0][16][11]  ; Lost fanout                            ;
; fir_filter_parallel_reduced_pipelined_stream:impl|fir_filter_parallel_reduced_pipelined:impl|product_terms_pipe[0][16][10]  ; Lost fanout                            ;
; fir_filter_parallel_reduced_pipelined_stream:impl|fir_filter_parallel_reduced_pipelined:impl|product_terms_pipe[0][16][9]   ; Lost fanout                            ;
; fir_filter_parallel_reduced_pipelined_stream:impl|fir_filter_parallel_reduced_pipelined:impl|product_terms_pipe[0][16][8]   ; Lost fanout                            ;
; fir_filter_parallel_reduced_pipelined_stream:impl|fir_filter_parallel_reduced_pipelined:impl|product_terms_pipe[0][16][7]   ; Lost fanout                            ;
; fir_filter_parallel_reduced_pipelined_stream:impl|fir_filter_parallel_reduced_pipelined:impl|product_terms_pipe[0][16][6]   ; Lost fanout                            ;
; fir_filter_parallel_reduced_pipelined_stream:impl|fir_filter_parallel_reduced_pipelined:impl|product_terms_pipe[0][16][5]   ; Lost fanout                            ;
; fir_filter_parallel_reduced_pipelined_stream:impl|fir_filter_parallel_reduced_pipelined:impl|product_terms_pipe[0][16][4]   ; Lost fanout                            ;
; fir_filter_parallel_reduced_pipelined_stream:impl|fir_filter_parallel_reduced_pipelined:impl|product_terms_pipe[0][16][3]   ; Lost fanout                            ;
; fir_filter_parallel_reduced_pipelined_stream:impl|fir_filter_parallel_reduced_pipelined:impl|product_terms_pipe[0][16][2]   ; Lost fanout                            ;
; fir_filter_parallel_reduced_pipelined_stream:impl|fir_filter_parallel_reduced_pipelined:impl|product_terms_pipe[0][16][1]   ; Lost fanout                            ;
; fir_filter_parallel_reduced_pipelined_stream:impl|fir_filter_parallel_reduced_pipelined:impl|product_terms_pipe[0][16][0]   ; Lost fanout                            ;
; fir_filter_parallel_reduced_pipelined_stream:impl|fir_filter_parallel_reduced_pipelined:impl|product_terms_pipe[0][17][45]  ; Lost fanout                            ;
; fir_filter_parallel_reduced_pipelined_stream:impl|fir_filter_parallel_reduced_pipelined:impl|product_terms_pipe[0][17][44]  ; Lost fanout                            ;
; fir_filter_parallel_reduced_pipelined_stream:impl|fir_filter_parallel_reduced_pipelined:impl|product_terms_pipe[0][17][43]  ; Lost fanout                            ;
; fir_filter_parallel_reduced_pipelined_stream:impl|fir_filter_parallel_reduced_pipelined:impl|product_terms_pipe[0][17][42]  ; Lost fanout                            ;
; fir_filter_parallel_reduced_pipelined_stream:impl|fir_filter_parallel_reduced_pipelined:impl|product_terms_pipe[0][17][41]  ; Lost fanout                            ;
; fir_filter_parallel_reduced_pipelined_stream:impl|fir_filter_parallel_reduced_pipelined:impl|product_terms_pipe[0][17][40]  ; Lost fanout                            ;
; fir_filter_parallel_reduced_pipelined_stream:impl|fir_filter_parallel_reduced_pipelined:impl|product_terms_pipe[0][17][39]  ; Lost fanout                            ;
; fir_filter_parallel_reduced_pipelined_stream:impl|fir_filter_parallel_reduced_pipelined:impl|product_terms_pipe[0][17][38]  ; Lost fanout                            ;
; fir_filter_parallel_reduced_pipelined_stream:impl|fir_filter_parallel_reduced_pipelined:impl|product_terms_pipe[0][17][37]  ; Lost fanout                            ;
; fir_filter_parallel_reduced_pipelined_stream:impl|fir_filter_parallel_reduced_pipelined:impl|product_terms_pipe[0][17][36]  ; Lost fanout                            ;
; fir_filter_parallel_reduced_pipelined_stream:impl|fir_filter_parallel_reduced_pipelined:impl|product_terms_pipe[0][17][35]  ; Lost fanout                            ;
; fir_filter_parallel_reduced_pipelined_stream:impl|fir_filter_parallel_reduced_pipelined:impl|product_terms_pipe[0][17][34]  ; Lost fanout                            ;
; fir_filter_parallel_reduced_pipelined_stream:impl|fir_filter_parallel_reduced_pipelined:impl|product_terms_pipe[0][17][33]  ; Lost fanout                            ;
; fir_filter_parallel_reduced_pipelined_stream:impl|fir_filter_parallel_reduced_pipelined:impl|product_terms_pipe[0][17][32]  ; Lost fanout                            ;
; fir_filter_parallel_reduced_pipelined_stream:impl|fir_filter_parallel_reduced_pipelined:impl|product_terms_pipe[0][17][31]  ; Lost fanout                            ;
; fir_filter_parallel_reduced_pipelined_stream:impl|fir_filter_parallel_reduced_pipelined:impl|product_terms_pipe[0][17][30]  ; Lost fanout                            ;
; fir_filter_parallel_reduced_pipelined_stream:impl|fir_filter_parallel_reduced_pipelined:impl|product_terms_pipe[0][17][29]  ; Lost fanout                            ;
; fir_filter_parallel_reduced_pipelined_stream:impl|fir_filter_parallel_reduced_pipelined:impl|product_terms_pipe[0][17][28]  ; Lost fanout                            ;
; fir_filter_parallel_reduced_pipelined_stream:impl|fir_filter_parallel_reduced_pipelined:impl|product_terms_pipe[0][17][27]  ; Lost fanout                            ;
; fir_filter_parallel_reduced_pipelined_stream:impl|fir_filter_parallel_reduced_pipelined:impl|product_terms_pipe[0][17][26]  ; Lost fanout                            ;
; fir_filter_parallel_reduced_pipelined_stream:impl|fir_filter_parallel_reduced_pipelined:impl|product_terms_pipe[0][17][25]  ; Lost fanout                            ;
; fir_filter_parallel_reduced_pipelined_stream:impl|fir_filter_parallel_reduced_pipelined:impl|product_terms_pipe[0][17][24]  ; Lost fanout                            ;
; fir_filter_parallel_reduced_pipelined_stream:impl|fir_filter_parallel_reduced_pipelined:impl|product_terms_pipe[0][17][23]  ; Lost fanout                            ;
; fir_filter_parallel_reduced_pipelined_stream:impl|fir_filter_parallel_reduced_pipelined:impl|product_terms_pipe[0][17][22]  ; Lost fanout                            ;
; fir_filter_parallel_reduced_pipelined_stream:impl|fir_filter_parallel_reduced_pipelined:impl|product_terms_pipe[0][17][21]  ; Lost fanout                            ;
; fir_filter_parallel_reduced_pipelined_stream:impl|fir_filter_parallel_reduced_pipelined:impl|product_terms_pipe[0][17][20]  ; Lost fanout                            ;
; fir_filter_parallel_reduced_pipelined_stream:impl|fir_filter_parallel_reduced_pipelined:impl|product_terms_pipe[0][17][19]  ; Lost fanout                            ;
; fir_filter_parallel_reduced_pipelined_stream:impl|fir_filter_parallel_reduced_pipelined:impl|product_terms_pipe[0][17][18]  ; Lost fanout                            ;
; fir_filter_parallel_reduced_pipelined_stream:impl|fir_filter_parallel_reduced_pipelined:impl|product_terms_pipe[0][17][17]  ; Lost fanout                            ;
; fir_filter_parallel_reduced_pipelined_stream:impl|fir_filter_parallel_reduced_pipelined:impl|product_terms_pipe[0][17][16]  ; Lost fanout                            ;
; fir_filter_parallel_reduced_pipelined_stream:impl|fir_filter_parallel_reduced_pipelined:impl|product_terms_pipe[0][17][15]  ; Lost fanout                            ;
; fir_filter_parallel_reduced_pipelined_stream:impl|fir_filter_parallel_reduced_pipelined:impl|product_terms_pipe[0][17][14]  ; Lost fanout                            ;
; fir_filter_parallel_reduced_pipelined_stream:impl|fir_filter_parallel_reduced_pipelined:impl|product_terms_pipe[0][17][13]  ; Lost fanout                            ;
; fir_filter_parallel_reduced_pipelined_stream:impl|fir_filter_parallel_reduced_pipelined:impl|product_terms_pipe[0][17][12]  ; Lost fanout                            ;
; fir_filter_parallel_reduced_pipelined_stream:impl|fir_filter_parallel_reduced_pipelined:impl|product_terms_pipe[0][17][11]  ; Lost fanout                            ;
; fir_filter_parallel_reduced_pipelined_stream:impl|fir_filter_parallel_reduced_pipelined:impl|product_terms_pipe[0][17][10]  ; Lost fanout                            ;
; fir_filter_parallel_reduced_pipelined_stream:impl|fir_filter_parallel_reduced_pipelined:impl|product_terms_pipe[0][17][9]   ; Lost fanout                            ;
; fir_filter_parallel_reduced_pipelined_stream:impl|fir_filter_parallel_reduced_pipelined:impl|product_terms_pipe[0][17][8]   ; Lost fanout                            ;
; fir_filter_parallel_reduced_pipelined_stream:impl|fir_filter_parallel_reduced_pipelined:impl|product_terms_pipe[0][17][7]   ; Lost fanout                            ;
; fir_filter_parallel_reduced_pipelined_stream:impl|fir_filter_parallel_reduced_pipelined:impl|product_terms_pipe[0][17][6]   ; Lost fanout                            ;
; fir_filter_parallel_reduced_pipelined_stream:impl|fir_filter_parallel_reduced_pipelined:impl|product_terms_pipe[0][17][5]   ; Lost fanout                            ;
; fir_filter_parallel_reduced_pipelined_stream:impl|fir_filter_parallel_reduced_pipelined:impl|product_terms_pipe[0][17][4]   ; Lost fanout                            ;
; fir_filter_parallel_reduced_pipelined_stream:impl|fir_filter_parallel_reduced_pipelined:impl|product_terms_pipe[0][17][3]   ; Lost fanout                            ;
; fir_filter_parallel_reduced_pipelined_stream:impl|fir_filter_parallel_reduced_pipelined:impl|product_terms_pipe[0][17][2]   ; Lost fanout                            ;
; fir_filter_parallel_reduced_pipelined_stream:impl|fir_filter_parallel_reduced_pipelined:impl|product_terms_pipe[0][17][1]   ; Lost fanout                            ;
; fir_filter_parallel_reduced_pipelined_stream:impl|fir_filter_parallel_reduced_pipelined:impl|product_terms_pipe[0][17][0]   ; Lost fanout                            ;
; fir_filter_parallel_reduced_pipelined_stream:impl|fir_filter_parallel_reduced_pipelined:impl|product_terms_pipe[0][18][45]  ; Lost fanout                            ;
; fir_filter_parallel_reduced_pipelined_stream:impl|fir_filter_parallel_reduced_pipelined:impl|product_terms_pipe[0][18][44]  ; Lost fanout                            ;
; fir_filter_parallel_reduced_pipelined_stream:impl|fir_filter_parallel_reduced_pipelined:impl|product_terms_pipe[0][18][43]  ; Lost fanout                            ;
; fir_filter_parallel_reduced_pipelined_stream:impl|fir_filter_parallel_reduced_pipelined:impl|product_terms_pipe[0][18][42]  ; Lost fanout                            ;
; fir_filter_parallel_reduced_pipelined_stream:impl|fir_filter_parallel_reduced_pipelined:impl|product_terms_pipe[0][18][41]  ; Lost fanout                            ;
; fir_filter_parallel_reduced_pipelined_stream:impl|fir_filter_parallel_reduced_pipelined:impl|product_terms_pipe[0][18][40]  ; Lost fanout                            ;
; fir_filter_parallel_reduced_pipelined_stream:impl|fir_filter_parallel_reduced_pipelined:impl|product_terms_pipe[0][18][39]  ; Lost fanout                            ;
; fir_filter_parallel_reduced_pipelined_stream:impl|fir_filter_parallel_reduced_pipelined:impl|product_terms_pipe[0][18][38]  ; Lost fanout                            ;
; fir_filter_parallel_reduced_pipelined_stream:impl|fir_filter_parallel_reduced_pipelined:impl|product_terms_pipe[0][18][37]  ; Lost fanout                            ;
; fir_filter_parallel_reduced_pipelined_stream:impl|fir_filter_parallel_reduced_pipelined:impl|product_terms_pipe[0][18][36]  ; Lost fanout                            ;
; fir_filter_parallel_reduced_pipelined_stream:impl|fir_filter_parallel_reduced_pipelined:impl|product_terms_pipe[0][18][35]  ; Lost fanout                            ;
; fir_filter_parallel_reduced_pipelined_stream:impl|fir_filter_parallel_reduced_pipelined:impl|product_terms_pipe[0][18][34]  ; Lost fanout                            ;
; fir_filter_parallel_reduced_pipelined_stream:impl|fir_filter_parallel_reduced_pipelined:impl|product_terms_pipe[0][18][33]  ; Lost fanout                            ;
; fir_filter_parallel_reduced_pipelined_stream:impl|fir_filter_parallel_reduced_pipelined:impl|product_terms_pipe[0][18][32]  ; Lost fanout                            ;
; fir_filter_parallel_reduced_pipelined_stream:impl|fir_filter_parallel_reduced_pipelined:impl|product_terms_pipe[0][18][31]  ; Lost fanout                            ;
; fir_filter_parallel_reduced_pipelined_stream:impl|fir_filter_parallel_reduced_pipelined:impl|product_terms_pipe[0][18][30]  ; Lost fanout                            ;
; fir_filter_parallel_reduced_pipelined_stream:impl|fir_filter_parallel_reduced_pipelined:impl|product_terms_pipe[0][18][29]  ; Lost fanout                            ;
; fir_filter_parallel_reduced_pipelined_stream:impl|fir_filter_parallel_reduced_pipelined:impl|product_terms_pipe[0][18][28]  ; Lost fanout                            ;
; fir_filter_parallel_reduced_pipelined_stream:impl|fir_filter_parallel_reduced_pipelined:impl|product_terms_pipe[0][18][27]  ; Lost fanout                            ;
; fir_filter_parallel_reduced_pipelined_stream:impl|fir_filter_parallel_reduced_pipelined:impl|product_terms_pipe[0][18][26]  ; Lost fanout                            ;
; fir_filter_parallel_reduced_pipelined_stream:impl|fir_filter_parallel_reduced_pipelined:impl|product_terms_pipe[0][18][25]  ; Lost fanout                            ;
; fir_filter_parallel_reduced_pipelined_stream:impl|fir_filter_parallel_reduced_pipelined:impl|product_terms_pipe[0][18][24]  ; Lost fanout                            ;
; fir_filter_parallel_reduced_pipelined_stream:impl|fir_filter_parallel_reduced_pipelined:impl|product_terms_pipe[0][18][23]  ; Lost fanout                            ;
; fir_filter_parallel_reduced_pipelined_stream:impl|fir_filter_parallel_reduced_pipelined:impl|product_terms_pipe[0][18][22]  ; Lost fanout                            ;
; fir_filter_parallel_reduced_pipelined_stream:impl|fir_filter_parallel_reduced_pipelined:impl|product_terms_pipe[0][18][21]  ; Lost fanout                            ;
; fir_filter_parallel_reduced_pipelined_stream:impl|fir_filter_parallel_reduced_pipelined:impl|product_terms_pipe[0][18][20]  ; Lost fanout                            ;
; fir_filter_parallel_reduced_pipelined_stream:impl|fir_filter_parallel_reduced_pipelined:impl|product_terms_pipe[0][18][19]  ; Lost fanout                            ;
; fir_filter_parallel_reduced_pipelined_stream:impl|fir_filter_parallel_reduced_pipelined:impl|product_terms_pipe[0][18][18]  ; Lost fanout                            ;
; fir_filter_parallel_reduced_pipelined_stream:impl|fir_filter_parallel_reduced_pipelined:impl|product_terms_pipe[0][18][17]  ; Lost fanout                            ;
; fir_filter_parallel_reduced_pipelined_stream:impl|fir_filter_parallel_reduced_pipelined:impl|product_terms_pipe[0][18][16]  ; Lost fanout                            ;
; fir_filter_parallel_reduced_pipelined_stream:impl|fir_filter_parallel_reduced_pipelined:impl|product_terms_pipe[0][18][15]  ; Lost fanout                            ;
; fir_filter_parallel_reduced_pipelined_stream:impl|fir_filter_parallel_reduced_pipelined:impl|product_terms_pipe[0][18][14]  ; Lost fanout                            ;
; fir_filter_parallel_reduced_pipelined_stream:impl|fir_filter_parallel_reduced_pipelined:impl|product_terms_pipe[0][18][13]  ; Lost fanout                            ;
; fir_filter_parallel_reduced_pipelined_stream:impl|fir_filter_parallel_reduced_pipelined:impl|product_terms_pipe[0][18][12]  ; Lost fanout                            ;
; fir_filter_parallel_reduced_pipelined_stream:impl|fir_filter_parallel_reduced_pipelined:impl|product_terms_pipe[0][18][11]  ; Lost fanout                            ;
; fir_filter_parallel_reduced_pipelined_stream:impl|fir_filter_parallel_reduced_pipelined:impl|product_terms_pipe[0][18][10]  ; Lost fanout                            ;
; fir_filter_parallel_reduced_pipelined_stream:impl|fir_filter_parallel_reduced_pipelined:impl|product_terms_pipe[0][18][9]   ; Lost fanout                            ;
; fir_filter_parallel_reduced_pipelined_stream:impl|fir_filter_parallel_reduced_pipelined:impl|product_terms_pipe[0][18][8]   ; Lost fanout                            ;
; fir_filter_parallel_reduced_pipelined_stream:impl|fir_filter_parallel_reduced_pipelined:impl|product_terms_pipe[0][18][7]   ; Lost fanout                            ;
; fir_filter_parallel_reduced_pipelined_stream:impl|fir_filter_parallel_reduced_pipelined:impl|product_terms_pipe[0][18][6]   ; Lost fanout                            ;
; fir_filter_parallel_reduced_pipelined_stream:impl|fir_filter_parallel_reduced_pipelined:impl|product_terms_pipe[0][18][5]   ; Lost fanout                            ;
; fir_filter_parallel_reduced_pipelined_stream:impl|fir_filter_parallel_reduced_pipelined:impl|product_terms_pipe[0][18][4]   ; Lost fanout                            ;
; fir_filter_parallel_reduced_pipelined_stream:impl|fir_filter_parallel_reduced_pipelined:impl|product_terms_pipe[0][18][3]   ; Lost fanout                            ;
; fir_filter_parallel_reduced_pipelined_stream:impl|fir_filter_parallel_reduced_pipelined:impl|product_terms_pipe[0][18][2]   ; Lost fanout                            ;
; fir_filter_parallel_reduced_pipelined_stream:impl|fir_filter_parallel_reduced_pipelined:impl|product_terms_pipe[0][18][1]   ; Lost fanout                            ;
; fir_filter_parallel_reduced_pipelined_stream:impl|fir_filter_parallel_reduced_pipelined:impl|product_terms_pipe[0][18][0]   ; Lost fanout                            ;
; fir_filter_parallel_reduced_pipelined_stream:impl|fir_filter_parallel_reduced_pipelined:impl|product_terms_pipe[0][19][45]  ; Lost fanout                            ;
; fir_filter_parallel_reduced_pipelined_stream:impl|fir_filter_parallel_reduced_pipelined:impl|product_terms_pipe[0][19][44]  ; Lost fanout                            ;
; fir_filter_parallel_reduced_pipelined_stream:impl|fir_filter_parallel_reduced_pipelined:impl|product_terms_pipe[0][19][43]  ; Lost fanout                            ;
; fir_filter_parallel_reduced_pipelined_stream:impl|fir_filter_parallel_reduced_pipelined:impl|product_terms_pipe[0][19][42]  ; Lost fanout                            ;
; fir_filter_parallel_reduced_pipelined_stream:impl|fir_filter_parallel_reduced_pipelined:impl|product_terms_pipe[0][19][41]  ; Lost fanout                            ;
; fir_filter_parallel_reduced_pipelined_stream:impl|fir_filter_parallel_reduced_pipelined:impl|product_terms_pipe[0][19][40]  ; Lost fanout                            ;
; fir_filter_parallel_reduced_pipelined_stream:impl|fir_filter_parallel_reduced_pipelined:impl|product_terms_pipe[0][19][39]  ; Lost fanout                            ;
; fir_filter_parallel_reduced_pipelined_stream:impl|fir_filter_parallel_reduced_pipelined:impl|product_terms_pipe[0][19][38]  ; Lost fanout                            ;
; fir_filter_parallel_reduced_pipelined_stream:impl|fir_filter_parallel_reduced_pipelined:impl|product_terms_pipe[0][19][37]  ; Lost fanout                            ;
; fir_filter_parallel_reduced_pipelined_stream:impl|fir_filter_parallel_reduced_pipelined:impl|product_terms_pipe[0][19][36]  ; Lost fanout                            ;
; fir_filter_parallel_reduced_pipelined_stream:impl|fir_filter_parallel_reduced_pipelined:impl|product_terms_pipe[0][19][35]  ; Lost fanout                            ;
; fir_filter_parallel_reduced_pipelined_stream:impl|fir_filter_parallel_reduced_pipelined:impl|product_terms_pipe[0][19][34]  ; Lost fanout                            ;
; fir_filter_parallel_reduced_pipelined_stream:impl|fir_filter_parallel_reduced_pipelined:impl|product_terms_pipe[0][19][33]  ; Lost fanout                            ;
; fir_filter_parallel_reduced_pipelined_stream:impl|fir_filter_parallel_reduced_pipelined:impl|product_terms_pipe[0][19][32]  ; Lost fanout                            ;
; fir_filter_parallel_reduced_pipelined_stream:impl|fir_filter_parallel_reduced_pipelined:impl|product_terms_pipe[0][19][31]  ; Lost fanout                            ;
; fir_filter_parallel_reduced_pipelined_stream:impl|fir_filter_parallel_reduced_pipelined:impl|product_terms_pipe[0][19][30]  ; Lost fanout                            ;
; fir_filter_parallel_reduced_pipelined_stream:impl|fir_filter_parallel_reduced_pipelined:impl|product_terms_pipe[0][19][29]  ; Lost fanout                            ;
; fir_filter_parallel_reduced_pipelined_stream:impl|fir_filter_parallel_reduced_pipelined:impl|product_terms_pipe[0][19][28]  ; Lost fanout                            ;
; fir_filter_parallel_reduced_pipelined_stream:impl|fir_filter_parallel_reduced_pipelined:impl|product_terms_pipe[0][19][27]  ; Lost fanout                            ;
; fir_filter_parallel_reduced_pipelined_stream:impl|fir_filter_parallel_reduced_pipelined:impl|product_terms_pipe[0][19][26]  ; Lost fanout                            ;
; fir_filter_parallel_reduced_pipelined_stream:impl|fir_filter_parallel_reduced_pipelined:impl|product_terms_pipe[0][19][25]  ; Lost fanout                            ;
; fir_filter_parallel_reduced_pipelined_stream:impl|fir_filter_parallel_reduced_pipelined:impl|product_terms_pipe[0][19][24]  ; Lost fanout                            ;
; fir_filter_parallel_reduced_pipelined_stream:impl|fir_filter_parallel_reduced_pipelined:impl|product_terms_pipe[0][19][23]  ; Lost fanout                            ;
; fir_filter_parallel_reduced_pipelined_stream:impl|fir_filter_parallel_reduced_pipelined:impl|product_terms_pipe[0][19][22]  ; Lost fanout                            ;
; fir_filter_parallel_reduced_pipelined_stream:impl|fir_filter_parallel_reduced_pipelined:impl|product_terms_pipe[0][19][21]  ; Lost fanout                            ;
; fir_filter_parallel_reduced_pipelined_stream:impl|fir_filter_parallel_reduced_pipelined:impl|product_terms_pipe[0][19][20]  ; Lost fanout                            ;
; fir_filter_parallel_reduced_pipelined_stream:impl|fir_filter_parallel_reduced_pipelined:impl|product_terms_pipe[0][19][19]  ; Lost fanout                            ;
; fir_filter_parallel_reduced_pipelined_stream:impl|fir_filter_parallel_reduced_pipelined:impl|product_terms_pipe[0][19][18]  ; Lost fanout                            ;
; fir_filter_parallel_reduced_pipelined_stream:impl|fir_filter_parallel_reduced_pipelined:impl|product_terms_pipe[0][19][17]  ; Lost fanout                            ;
; fir_filter_parallel_reduced_pipelined_stream:impl|fir_filter_parallel_reduced_pipelined:impl|product_terms_pipe[0][19][16]  ; Lost fanout                            ;
; fir_filter_parallel_reduced_pipelined_stream:impl|fir_filter_parallel_reduced_pipelined:impl|product_terms_pipe[0][19][15]  ; Lost fanout                            ;
; fir_filter_parallel_reduced_pipelined_stream:impl|fir_filter_parallel_reduced_pipelined:impl|product_terms_pipe[0][19][14]  ; Lost fanout                            ;
; fir_filter_parallel_reduced_pipelined_stream:impl|fir_filter_parallel_reduced_pipelined:impl|product_terms_pipe[0][19][13]  ; Lost fanout                            ;
; fir_filter_parallel_reduced_pipelined_stream:impl|fir_filter_parallel_reduced_pipelined:impl|product_terms_pipe[0][19][12]  ; Lost fanout                            ;
; fir_filter_parallel_reduced_pipelined_stream:impl|fir_filter_parallel_reduced_pipelined:impl|product_terms_pipe[0][19][11]  ; Lost fanout                            ;
; fir_filter_parallel_reduced_pipelined_stream:impl|fir_filter_parallel_reduced_pipelined:impl|product_terms_pipe[0][19][10]  ; Lost fanout                            ;
; fir_filter_parallel_reduced_pipelined_stream:impl|fir_filter_parallel_reduced_pipelined:impl|product_terms_pipe[0][19][9]   ; Lost fanout                            ;
; fir_filter_parallel_reduced_pipelined_stream:impl|fir_filter_parallel_reduced_pipelined:impl|product_terms_pipe[0][19][8]   ; Lost fanout                            ;
; fir_filter_parallel_reduced_pipelined_stream:impl|fir_filter_parallel_reduced_pipelined:impl|product_terms_pipe[0][19][7]   ; Lost fanout                            ;
; fir_filter_parallel_reduced_pipelined_stream:impl|fir_filter_parallel_reduced_pipelined:impl|product_terms_pipe[0][19][6]   ; Lost fanout                            ;
; fir_filter_parallel_reduced_pipelined_stream:impl|fir_filter_parallel_reduced_pipelined:impl|product_terms_pipe[0][19][5]   ; Lost fanout                            ;
; fir_filter_parallel_reduced_pipelined_stream:impl|fir_filter_parallel_reduced_pipelined:impl|product_terms_pipe[0][19][4]   ; Lost fanout                            ;
; fir_filter_parallel_reduced_pipelined_stream:impl|fir_filter_parallel_reduced_pipelined:impl|product_terms_pipe[0][19][3]   ; Lost fanout                            ;
; fir_filter_parallel_reduced_pipelined_stream:impl|fir_filter_parallel_reduced_pipelined:impl|product_terms_pipe[0][19][2]   ; Lost fanout                            ;
; fir_filter_parallel_reduced_pipelined_stream:impl|fir_filter_parallel_reduced_pipelined:impl|product_terms_pipe[0][19][1]   ; Lost fanout                            ;
; fir_filter_parallel_reduced_pipelined_stream:impl|fir_filter_parallel_reduced_pipelined:impl|product_terms_pipe[0][19][0]   ; Lost fanout                            ;
; fir_filter_parallel_reduced_pipelined_stream:impl|fir_filter_parallel_reduced_pipelined:impl|product_terms_pipe[0][20][45]  ; Lost fanout                            ;
; fir_filter_parallel_reduced_pipelined_stream:impl|fir_filter_parallel_reduced_pipelined:impl|product_terms_pipe[0][20][44]  ; Lost fanout                            ;
; fir_filter_parallel_reduced_pipelined_stream:impl|fir_filter_parallel_reduced_pipelined:impl|product_terms_pipe[0][20][43]  ; Lost fanout                            ;
; fir_filter_parallel_reduced_pipelined_stream:impl|fir_filter_parallel_reduced_pipelined:impl|product_terms_pipe[0][20][42]  ; Lost fanout                            ;
; fir_filter_parallel_reduced_pipelined_stream:impl|fir_filter_parallel_reduced_pipelined:impl|product_terms_pipe[0][20][41]  ; Lost fanout                            ;
; fir_filter_parallel_reduced_pipelined_stream:impl|fir_filter_parallel_reduced_pipelined:impl|product_terms_pipe[0][20][40]  ; Lost fanout                            ;
; fir_filter_parallel_reduced_pipelined_stream:impl|fir_filter_parallel_reduced_pipelined:impl|product_terms_pipe[0][20][39]  ; Lost fanout                            ;
; fir_filter_parallel_reduced_pipelined_stream:impl|fir_filter_parallel_reduced_pipelined:impl|product_terms_pipe[0][20][38]  ; Lost fanout                            ;
; fir_filter_parallel_reduced_pipelined_stream:impl|fir_filter_parallel_reduced_pipelined:impl|product_terms_pipe[0][20][37]  ; Lost fanout                            ;
; fir_filter_parallel_reduced_pipelined_stream:impl|fir_filter_parallel_reduced_pipelined:impl|product_terms_pipe[0][20][36]  ; Lost fanout                            ;
; fir_filter_parallel_reduced_pipelined_stream:impl|fir_filter_parallel_reduced_pipelined:impl|product_terms_pipe[0][20][35]  ; Lost fanout                            ;
; fir_filter_parallel_reduced_pipelined_stream:impl|fir_filter_parallel_reduced_pipelined:impl|product_terms_pipe[0][20][34]  ; Lost fanout                            ;
; fir_filter_parallel_reduced_pipelined_stream:impl|fir_filter_parallel_reduced_pipelined:impl|product_terms_pipe[0][20][33]  ; Lost fanout                            ;
; fir_filter_parallel_reduced_pipelined_stream:impl|fir_filter_parallel_reduced_pipelined:impl|product_terms_pipe[0][20][32]  ; Lost fanout                            ;
; fir_filter_parallel_reduced_pipelined_stream:impl|fir_filter_parallel_reduced_pipelined:impl|product_terms_pipe[0][20][31]  ; Lost fanout                            ;
; fir_filter_parallel_reduced_pipelined_stream:impl|fir_filter_parallel_reduced_pipelined:impl|product_terms_pipe[0][20][30]  ; Lost fanout                            ;
; fir_filter_parallel_reduced_pipelined_stream:impl|fir_filter_parallel_reduced_pipelined:impl|product_terms_pipe[0][20][29]  ; Lost fanout                            ;
; fir_filter_parallel_reduced_pipelined_stream:impl|fir_filter_parallel_reduced_pipelined:impl|product_terms_pipe[0][20][28]  ; Lost fanout                            ;
; fir_filter_parallel_reduced_pipelined_stream:impl|fir_filter_parallel_reduced_pipelined:impl|product_terms_pipe[0][20][27]  ; Lost fanout                            ;
; fir_filter_parallel_reduced_pipelined_stream:impl|fir_filter_parallel_reduced_pipelined:impl|product_terms_pipe[0][20][26]  ; Lost fanout                            ;
; fir_filter_parallel_reduced_pipelined_stream:impl|fir_filter_parallel_reduced_pipelined:impl|product_terms_pipe[0][20][25]  ; Lost fanout                            ;
; fir_filter_parallel_reduced_pipelined_stream:impl|fir_filter_parallel_reduced_pipelined:impl|product_terms_pipe[0][20][24]  ; Lost fanout                            ;
; fir_filter_parallel_reduced_pipelined_stream:impl|fir_filter_parallel_reduced_pipelined:impl|product_terms_pipe[0][20][23]  ; Lost fanout                            ;
; fir_filter_parallel_reduced_pipelined_stream:impl|fir_filter_parallel_reduced_pipelined:impl|product_terms_pipe[0][20][22]  ; Lost fanout                            ;
; fir_filter_parallel_reduced_pipelined_stream:impl|fir_filter_parallel_reduced_pipelined:impl|product_terms_pipe[0][20][21]  ; Lost fanout                            ;
; fir_filter_parallel_reduced_pipelined_stream:impl|fir_filter_parallel_reduced_pipelined:impl|product_terms_pipe[0][20][20]  ; Lost fanout                            ;
; fir_filter_parallel_reduced_pipelined_stream:impl|fir_filter_parallel_reduced_pipelined:impl|product_terms_pipe[0][20][19]  ; Lost fanout                            ;
; fir_filter_parallel_reduced_pipelined_stream:impl|fir_filter_parallel_reduced_pipelined:impl|product_terms_pipe[0][20][18]  ; Lost fanout                            ;
; fir_filter_parallel_reduced_pipelined_stream:impl|fir_filter_parallel_reduced_pipelined:impl|product_terms_pipe[0][20][17]  ; Lost fanout                            ;
; fir_filter_parallel_reduced_pipelined_stream:impl|fir_filter_parallel_reduced_pipelined:impl|product_terms_pipe[0][20][16]  ; Lost fanout                            ;
; fir_filter_parallel_reduced_pipelined_stream:impl|fir_filter_parallel_reduced_pipelined:impl|product_terms_pipe[0][20][15]  ; Lost fanout                            ;
; fir_filter_parallel_reduced_pipelined_stream:impl|fir_filter_parallel_reduced_pipelined:impl|product_terms_pipe[0][20][14]  ; Lost fanout                            ;
; fir_filter_parallel_reduced_pipelined_stream:impl|fir_filter_parallel_reduced_pipelined:impl|product_terms_pipe[0][20][13]  ; Lost fanout                            ;
; fir_filter_parallel_reduced_pipelined_stream:impl|fir_filter_parallel_reduced_pipelined:impl|product_terms_pipe[0][20][12]  ; Lost fanout                            ;
; fir_filter_parallel_reduced_pipelined_stream:impl|fir_filter_parallel_reduced_pipelined:impl|product_terms_pipe[0][20][11]  ; Lost fanout                            ;
; fir_filter_parallel_reduced_pipelined_stream:impl|fir_filter_parallel_reduced_pipelined:impl|product_terms_pipe[0][20][10]  ; Lost fanout                            ;
; fir_filter_parallel_reduced_pipelined_stream:impl|fir_filter_parallel_reduced_pipelined:impl|product_terms_pipe[0][20][9]   ; Lost fanout                            ;
; fir_filter_parallel_reduced_pipelined_stream:impl|fir_filter_parallel_reduced_pipelined:impl|product_terms_pipe[0][20][8]   ; Lost fanout                            ;
; fir_filter_parallel_reduced_pipelined_stream:impl|fir_filter_parallel_reduced_pipelined:impl|product_terms_pipe[0][20][7]   ; Lost fanout                            ;
; fir_filter_parallel_reduced_pipelined_stream:impl|fir_filter_parallel_reduced_pipelined:impl|product_terms_pipe[0][20][6]   ; Lost fanout                            ;
; fir_filter_parallel_reduced_pipelined_stream:impl|fir_filter_parallel_reduced_pipelined:impl|product_terms_pipe[0][20][5]   ; Lost fanout                            ;
; fir_filter_parallel_reduced_pipelined_stream:impl|fir_filter_parallel_reduced_pipelined:impl|product_terms_pipe[0][20][4]   ; Lost fanout                            ;
; fir_filter_parallel_reduced_pipelined_stream:impl|fir_filter_parallel_reduced_pipelined:impl|product_terms_pipe[0][20][3]   ; Lost fanout                            ;
; fir_filter_parallel_reduced_pipelined_stream:impl|fir_filter_parallel_reduced_pipelined:impl|product_terms_pipe[0][20][2]   ; Lost fanout                            ;
; fir_filter_parallel_reduced_pipelined_stream:impl|fir_filter_parallel_reduced_pipelined:impl|product_terms_pipe[0][20][1]   ; Lost fanout                            ;
; fir_filter_parallel_reduced_pipelined_stream:impl|fir_filter_parallel_reduced_pipelined:impl|product_terms_pipe[0][20][0]   ; Lost fanout                            ;
; fir_filter_parallel_reduced_pipelined_stream:impl|fir_filter_parallel_reduced_pipelined:impl|product_terms_pipe[0][21][45]  ; Lost fanout                            ;
; fir_filter_parallel_reduced_pipelined_stream:impl|fir_filter_parallel_reduced_pipelined:impl|product_terms_pipe[0][21][44]  ; Lost fanout                            ;
; fir_filter_parallel_reduced_pipelined_stream:impl|fir_filter_parallel_reduced_pipelined:impl|product_terms_pipe[0][21][43]  ; Lost fanout                            ;
; fir_filter_parallel_reduced_pipelined_stream:impl|fir_filter_parallel_reduced_pipelined:impl|product_terms_pipe[0][21][42]  ; Lost fanout                            ;
; fir_filter_parallel_reduced_pipelined_stream:impl|fir_filter_parallel_reduced_pipelined:impl|product_terms_pipe[0][21][41]  ; Lost fanout                            ;
; fir_filter_parallel_reduced_pipelined_stream:impl|fir_filter_parallel_reduced_pipelined:impl|product_terms_pipe[0][21][40]  ; Lost fanout                            ;
; fir_filter_parallel_reduced_pipelined_stream:impl|fir_filter_parallel_reduced_pipelined:impl|product_terms_pipe[0][21][39]  ; Lost fanout                            ;
; fir_filter_parallel_reduced_pipelined_stream:impl|fir_filter_parallel_reduced_pipelined:impl|product_terms_pipe[0][21][38]  ; Lost fanout                            ;
; fir_filter_parallel_reduced_pipelined_stream:impl|fir_filter_parallel_reduced_pipelined:impl|product_terms_pipe[0][21][37]  ; Lost fanout                            ;
; fir_filter_parallel_reduced_pipelined_stream:impl|fir_filter_parallel_reduced_pipelined:impl|product_terms_pipe[0][21][36]  ; Lost fanout                            ;
; fir_filter_parallel_reduced_pipelined_stream:impl|fir_filter_parallel_reduced_pipelined:impl|product_terms_pipe[0][21][35]  ; Lost fanout                            ;
; fir_filter_parallel_reduced_pipelined_stream:impl|fir_filter_parallel_reduced_pipelined:impl|product_terms_pipe[0][21][34]  ; Lost fanout                            ;
; fir_filter_parallel_reduced_pipelined_stream:impl|fir_filter_parallel_reduced_pipelined:impl|product_terms_pipe[0][21][33]  ; Lost fanout                            ;
; fir_filter_parallel_reduced_pipelined_stream:impl|fir_filter_parallel_reduced_pipelined:impl|product_terms_pipe[0][21][32]  ; Lost fanout                            ;
; fir_filter_parallel_reduced_pipelined_stream:impl|fir_filter_parallel_reduced_pipelined:impl|product_terms_pipe[0][21][31]  ; Lost fanout                            ;
; fir_filter_parallel_reduced_pipelined_stream:impl|fir_filter_parallel_reduced_pipelined:impl|product_terms_pipe[0][21][30]  ; Lost fanout                            ;
; fir_filter_parallel_reduced_pipelined_stream:impl|fir_filter_parallel_reduced_pipelined:impl|product_terms_pipe[0][21][29]  ; Lost fanout                            ;
; fir_filter_parallel_reduced_pipelined_stream:impl|fir_filter_parallel_reduced_pipelined:impl|product_terms_pipe[0][21][28]  ; Lost fanout                            ;
; fir_filter_parallel_reduced_pipelined_stream:impl|fir_filter_parallel_reduced_pipelined:impl|product_terms_pipe[0][21][27]  ; Lost fanout                            ;
; fir_filter_parallel_reduced_pipelined_stream:impl|fir_filter_parallel_reduced_pipelined:impl|product_terms_pipe[0][21][26]  ; Lost fanout                            ;
; fir_filter_parallel_reduced_pipelined_stream:impl|fir_filter_parallel_reduced_pipelined:impl|product_terms_pipe[0][21][25]  ; Lost fanout                            ;
; fir_filter_parallel_reduced_pipelined_stream:impl|fir_filter_parallel_reduced_pipelined:impl|product_terms_pipe[0][21][24]  ; Lost fanout                            ;
; fir_filter_parallel_reduced_pipelined_stream:impl|fir_filter_parallel_reduced_pipelined:impl|product_terms_pipe[0][21][23]  ; Lost fanout                            ;
; fir_filter_parallel_reduced_pipelined_stream:impl|fir_filter_parallel_reduced_pipelined:impl|product_terms_pipe[0][21][22]  ; Lost fanout                            ;
; fir_filter_parallel_reduced_pipelined_stream:impl|fir_filter_parallel_reduced_pipelined:impl|product_terms_pipe[0][21][21]  ; Lost fanout                            ;
; fir_filter_parallel_reduced_pipelined_stream:impl|fir_filter_parallel_reduced_pipelined:impl|product_terms_pipe[0][21][20]  ; Lost fanout                            ;
; fir_filter_parallel_reduced_pipelined_stream:impl|fir_filter_parallel_reduced_pipelined:impl|product_terms_pipe[0][21][19]  ; Lost fanout                            ;
; fir_filter_parallel_reduced_pipelined_stream:impl|fir_filter_parallel_reduced_pipelined:impl|product_terms_pipe[0][21][18]  ; Lost fanout                            ;
; fir_filter_parallel_reduced_pipelined_stream:impl|fir_filter_parallel_reduced_pipelined:impl|product_terms_pipe[0][21][17]  ; Lost fanout                            ;
; fir_filter_parallel_reduced_pipelined_stream:impl|fir_filter_parallel_reduced_pipelined:impl|product_terms_pipe[0][21][16]  ; Lost fanout                            ;
; fir_filter_parallel_reduced_pipelined_stream:impl|fir_filter_parallel_reduced_pipelined:impl|product_terms_pipe[0][21][15]  ; Lost fanout                            ;
; fir_filter_parallel_reduced_pipelined_stream:impl|fir_filter_parallel_reduced_pipelined:impl|product_terms_pipe[0][21][14]  ; Lost fanout                            ;
; fir_filter_parallel_reduced_pipelined_stream:impl|fir_filter_parallel_reduced_pipelined:impl|product_terms_pipe[0][21][13]  ; Lost fanout                            ;
; fir_filter_parallel_reduced_pipelined_stream:impl|fir_filter_parallel_reduced_pipelined:impl|product_terms_pipe[0][21][12]  ; Lost fanout                            ;
; fir_filter_parallel_reduced_pipelined_stream:impl|fir_filter_parallel_reduced_pipelined:impl|product_terms_pipe[0][21][11]  ; Lost fanout                            ;
; fir_filter_parallel_reduced_pipelined_stream:impl|fir_filter_parallel_reduced_pipelined:impl|product_terms_pipe[0][21][10]  ; Lost fanout                            ;
; fir_filter_parallel_reduced_pipelined_stream:impl|fir_filter_parallel_reduced_pipelined:impl|product_terms_pipe[0][21][9]   ; Lost fanout                            ;
; fir_filter_parallel_reduced_pipelined_stream:impl|fir_filter_parallel_reduced_pipelined:impl|product_terms_pipe[0][21][8]   ; Lost fanout                            ;
; fir_filter_parallel_reduced_pipelined_stream:impl|fir_filter_parallel_reduced_pipelined:impl|product_terms_pipe[0][21][7]   ; Lost fanout                            ;
; fir_filter_parallel_reduced_pipelined_stream:impl|fir_filter_parallel_reduced_pipelined:impl|product_terms_pipe[0][21][6]   ; Lost fanout                            ;
; fir_filter_parallel_reduced_pipelined_stream:impl|fir_filter_parallel_reduced_pipelined:impl|product_terms_pipe[0][21][5]   ; Lost fanout                            ;
; fir_filter_parallel_reduced_pipelined_stream:impl|fir_filter_parallel_reduced_pipelined:impl|product_terms_pipe[0][21][4]   ; Lost fanout                            ;
; fir_filter_parallel_reduced_pipelined_stream:impl|fir_filter_parallel_reduced_pipelined:impl|product_terms_pipe[0][21][3]   ; Lost fanout                            ;
; fir_filter_parallel_reduced_pipelined_stream:impl|fir_filter_parallel_reduced_pipelined:impl|product_terms_pipe[0][21][2]   ; Lost fanout                            ;
; fir_filter_parallel_reduced_pipelined_stream:impl|fir_filter_parallel_reduced_pipelined:impl|product_terms_pipe[0][21][1]   ; Lost fanout                            ;
; fir_filter_parallel_reduced_pipelined_stream:impl|fir_filter_parallel_reduced_pipelined:impl|product_terms_pipe[0][21][0]   ; Lost fanout                            ;
; fir_filter_parallel_reduced_pipelined_stream:impl|fir_filter_parallel_reduced_pipelined:impl|product_terms_pipe[0][22][45]  ; Lost fanout                            ;
; fir_filter_parallel_reduced_pipelined_stream:impl|fir_filter_parallel_reduced_pipelined:impl|product_terms_pipe[0][22][44]  ; Lost fanout                            ;
; fir_filter_parallel_reduced_pipelined_stream:impl|fir_filter_parallel_reduced_pipelined:impl|product_terms_pipe[0][22][43]  ; Lost fanout                            ;
; fir_filter_parallel_reduced_pipelined_stream:impl|fir_filter_parallel_reduced_pipelined:impl|product_terms_pipe[0][22][42]  ; Lost fanout                            ;
; fir_filter_parallel_reduced_pipelined_stream:impl|fir_filter_parallel_reduced_pipelined:impl|product_terms_pipe[0][22][41]  ; Lost fanout                            ;
; fir_filter_parallel_reduced_pipelined_stream:impl|fir_filter_parallel_reduced_pipelined:impl|product_terms_pipe[0][22][40]  ; Lost fanout                            ;
; fir_filter_parallel_reduced_pipelined_stream:impl|fir_filter_parallel_reduced_pipelined:impl|product_terms_pipe[0][22][39]  ; Lost fanout                            ;
; fir_filter_parallel_reduced_pipelined_stream:impl|fir_filter_parallel_reduced_pipelined:impl|product_terms_pipe[0][22][38]  ; Lost fanout                            ;
; fir_filter_parallel_reduced_pipelined_stream:impl|fir_filter_parallel_reduced_pipelined:impl|product_terms_pipe[0][22][37]  ; Lost fanout                            ;
; fir_filter_parallel_reduced_pipelined_stream:impl|fir_filter_parallel_reduced_pipelined:impl|product_terms_pipe[0][22][36]  ; Lost fanout                            ;
; fir_filter_parallel_reduced_pipelined_stream:impl|fir_filter_parallel_reduced_pipelined:impl|product_terms_pipe[0][22][35]  ; Lost fanout                            ;
; fir_filter_parallel_reduced_pipelined_stream:impl|fir_filter_parallel_reduced_pipelined:impl|product_terms_pipe[0][22][34]  ; Lost fanout                            ;
; fir_filter_parallel_reduced_pipelined_stream:impl|fir_filter_parallel_reduced_pipelined:impl|product_terms_pipe[0][22][33]  ; Lost fanout                            ;
; fir_filter_parallel_reduced_pipelined_stream:impl|fir_filter_parallel_reduced_pipelined:impl|product_terms_pipe[0][22][32]  ; Lost fanout                            ;
; fir_filter_parallel_reduced_pipelined_stream:impl|fir_filter_parallel_reduced_pipelined:impl|product_terms_pipe[0][22][31]  ; Lost fanout                            ;
; fir_filter_parallel_reduced_pipelined_stream:impl|fir_filter_parallel_reduced_pipelined:impl|product_terms_pipe[0][22][30]  ; Lost fanout                            ;
; fir_filter_parallel_reduced_pipelined_stream:impl|fir_filter_parallel_reduced_pipelined:impl|product_terms_pipe[0][22][29]  ; Lost fanout                            ;
; fir_filter_parallel_reduced_pipelined_stream:impl|fir_filter_parallel_reduced_pipelined:impl|product_terms_pipe[0][22][28]  ; Lost fanout                            ;
; fir_filter_parallel_reduced_pipelined_stream:impl|fir_filter_parallel_reduced_pipelined:impl|product_terms_pipe[0][22][27]  ; Lost fanout                            ;
; fir_filter_parallel_reduced_pipelined_stream:impl|fir_filter_parallel_reduced_pipelined:impl|product_terms_pipe[0][22][26]  ; Lost fanout                            ;
; fir_filter_parallel_reduced_pipelined_stream:impl|fir_filter_parallel_reduced_pipelined:impl|product_terms_pipe[0][22][25]  ; Lost fanout                            ;
; fir_filter_parallel_reduced_pipelined_stream:impl|fir_filter_parallel_reduced_pipelined:impl|product_terms_pipe[0][22][24]  ; Lost fanout                            ;
; fir_filter_parallel_reduced_pipelined_stream:impl|fir_filter_parallel_reduced_pipelined:impl|product_terms_pipe[0][22][23]  ; Lost fanout                            ;
; fir_filter_parallel_reduced_pipelined_stream:impl|fir_filter_parallel_reduced_pipelined:impl|product_terms_pipe[0][22][22]  ; Lost fanout                            ;
; fir_filter_parallel_reduced_pipelined_stream:impl|fir_filter_parallel_reduced_pipelined:impl|product_terms_pipe[0][22][21]  ; Lost fanout                            ;
; fir_filter_parallel_reduced_pipelined_stream:impl|fir_filter_parallel_reduced_pipelined:impl|product_terms_pipe[0][22][20]  ; Lost fanout                            ;
; fir_filter_parallel_reduced_pipelined_stream:impl|fir_filter_parallel_reduced_pipelined:impl|product_terms_pipe[0][22][19]  ; Lost fanout                            ;
; fir_filter_parallel_reduced_pipelined_stream:impl|fir_filter_parallel_reduced_pipelined:impl|product_terms_pipe[0][22][18]  ; Lost fanout                            ;
; fir_filter_parallel_reduced_pipelined_stream:impl|fir_filter_parallel_reduced_pipelined:impl|product_terms_pipe[0][22][17]  ; Lost fanout                            ;
; fir_filter_parallel_reduced_pipelined_stream:impl|fir_filter_parallel_reduced_pipelined:impl|product_terms_pipe[0][22][16]  ; Lost fanout                            ;
; fir_filter_parallel_reduced_pipelined_stream:impl|fir_filter_parallel_reduced_pipelined:impl|product_terms_pipe[0][22][15]  ; Lost fanout                            ;
; fir_filter_parallel_reduced_pipelined_stream:impl|fir_filter_parallel_reduced_pipelined:impl|product_terms_pipe[0][22][14]  ; Lost fanout                            ;
; fir_filter_parallel_reduced_pipelined_stream:impl|fir_filter_parallel_reduced_pipelined:impl|product_terms_pipe[0][22][13]  ; Lost fanout                            ;
; fir_filter_parallel_reduced_pipelined_stream:impl|fir_filter_parallel_reduced_pipelined:impl|product_terms_pipe[0][22][12]  ; Lost fanout                            ;
; fir_filter_parallel_reduced_pipelined_stream:impl|fir_filter_parallel_reduced_pipelined:impl|product_terms_pipe[0][22][11]  ; Lost fanout                            ;
; fir_filter_parallel_reduced_pipelined_stream:impl|fir_filter_parallel_reduced_pipelined:impl|product_terms_pipe[0][22][10]  ; Lost fanout                            ;
; fir_filter_parallel_reduced_pipelined_stream:impl|fir_filter_parallel_reduced_pipelined:impl|product_terms_pipe[0][22][9]   ; Lost fanout                            ;
; fir_filter_parallel_reduced_pipelined_stream:impl|fir_filter_parallel_reduced_pipelined:impl|product_terms_pipe[0][22][8]   ; Lost fanout                            ;
; fir_filter_parallel_reduced_pipelined_stream:impl|fir_filter_parallel_reduced_pipelined:impl|product_terms_pipe[0][22][7]   ; Lost fanout                            ;
; fir_filter_parallel_reduced_pipelined_stream:impl|fir_filter_parallel_reduced_pipelined:impl|product_terms_pipe[0][22][6]   ; Lost fanout                            ;
; fir_filter_parallel_reduced_pipelined_stream:impl|fir_filter_parallel_reduced_pipelined:impl|product_terms_pipe[0][22][5]   ; Lost fanout                            ;
; fir_filter_parallel_reduced_pipelined_stream:impl|fir_filter_parallel_reduced_pipelined:impl|product_terms_pipe[0][22][4]   ; Lost fanout                            ;
; fir_filter_parallel_reduced_pipelined_stream:impl|fir_filter_parallel_reduced_pipelined:impl|product_terms_pipe[0][22][3]   ; Lost fanout                            ;
; fir_filter_parallel_reduced_pipelined_stream:impl|fir_filter_parallel_reduced_pipelined:impl|product_terms_pipe[0][22][2]   ; Lost fanout                            ;
; fir_filter_parallel_reduced_pipelined_stream:impl|fir_filter_parallel_reduced_pipelined:impl|product_terms_pipe[0][22][1]   ; Lost fanout                            ;
; fir_filter_parallel_reduced_pipelined_stream:impl|fir_filter_parallel_reduced_pipelined:impl|product_terms_pipe[0][22][0]   ; Lost fanout                            ;
; fir_filter_parallel_reduced_pipelined_stream:impl|fir_filter_parallel_reduced_pipelined:impl|product_terms_pipe[0][23][45]  ; Lost fanout                            ;
; fir_filter_parallel_reduced_pipelined_stream:impl|fir_filter_parallel_reduced_pipelined:impl|product_terms_pipe[0][23][44]  ; Lost fanout                            ;
; fir_filter_parallel_reduced_pipelined_stream:impl|fir_filter_parallel_reduced_pipelined:impl|product_terms_pipe[0][23][43]  ; Lost fanout                            ;
; fir_filter_parallel_reduced_pipelined_stream:impl|fir_filter_parallel_reduced_pipelined:impl|product_terms_pipe[0][23][42]  ; Lost fanout                            ;
; fir_filter_parallel_reduced_pipelined_stream:impl|fir_filter_parallel_reduced_pipelined:impl|product_terms_pipe[0][23][41]  ; Lost fanout                            ;
; fir_filter_parallel_reduced_pipelined_stream:impl|fir_filter_parallel_reduced_pipelined:impl|product_terms_pipe[0][23][40]  ; Lost fanout                            ;
; fir_filter_parallel_reduced_pipelined_stream:impl|fir_filter_parallel_reduced_pipelined:impl|product_terms_pipe[0][23][39]  ; Lost fanout                            ;
; fir_filter_parallel_reduced_pipelined_stream:impl|fir_filter_parallel_reduced_pipelined:impl|product_terms_pipe[0][23][38]  ; Lost fanout                            ;
; fir_filter_parallel_reduced_pipelined_stream:impl|fir_filter_parallel_reduced_pipelined:impl|product_terms_pipe[0][23][37]  ; Lost fanout                            ;
; fir_filter_parallel_reduced_pipelined_stream:impl|fir_filter_parallel_reduced_pipelined:impl|product_terms_pipe[0][23][36]  ; Lost fanout                            ;
; fir_filter_parallel_reduced_pipelined_stream:impl|fir_filter_parallel_reduced_pipelined:impl|product_terms_pipe[0][23][35]  ; Lost fanout                            ;
; fir_filter_parallel_reduced_pipelined_stream:impl|fir_filter_parallel_reduced_pipelined:impl|product_terms_pipe[0][23][34]  ; Lost fanout                            ;
; fir_filter_parallel_reduced_pipelined_stream:impl|fir_filter_parallel_reduced_pipelined:impl|product_terms_pipe[0][23][33]  ; Lost fanout                            ;
; fir_filter_parallel_reduced_pipelined_stream:impl|fir_filter_parallel_reduced_pipelined:impl|product_terms_pipe[0][23][32]  ; Lost fanout                            ;
; fir_filter_parallel_reduced_pipelined_stream:impl|fir_filter_parallel_reduced_pipelined:impl|product_terms_pipe[0][23][31]  ; Lost fanout                            ;
; fir_filter_parallel_reduced_pipelined_stream:impl|fir_filter_parallel_reduced_pipelined:impl|product_terms_pipe[0][23][30]  ; Lost fanout                            ;
; fir_filter_parallel_reduced_pipelined_stream:impl|fir_filter_parallel_reduced_pipelined:impl|product_terms_pipe[0][23][29]  ; Lost fanout                            ;
; fir_filter_parallel_reduced_pipelined_stream:impl|fir_filter_parallel_reduced_pipelined:impl|product_terms_pipe[0][23][28]  ; Lost fanout                            ;
; fir_filter_parallel_reduced_pipelined_stream:impl|fir_filter_parallel_reduced_pipelined:impl|product_terms_pipe[0][23][27]  ; Lost fanout                            ;
; fir_filter_parallel_reduced_pipelined_stream:impl|fir_filter_parallel_reduced_pipelined:impl|product_terms_pipe[0][23][26]  ; Lost fanout                            ;
; fir_filter_parallel_reduced_pipelined_stream:impl|fir_filter_parallel_reduced_pipelined:impl|product_terms_pipe[0][23][25]  ; Lost fanout                            ;
; fir_filter_parallel_reduced_pipelined_stream:impl|fir_filter_parallel_reduced_pipelined:impl|product_terms_pipe[0][23][24]  ; Lost fanout                            ;
; fir_filter_parallel_reduced_pipelined_stream:impl|fir_filter_parallel_reduced_pipelined:impl|product_terms_pipe[0][23][23]  ; Lost fanout                            ;
; fir_filter_parallel_reduced_pipelined_stream:impl|fir_filter_parallel_reduced_pipelined:impl|product_terms_pipe[0][23][22]  ; Lost fanout                            ;
; fir_filter_parallel_reduced_pipelined_stream:impl|fir_filter_parallel_reduced_pipelined:impl|product_terms_pipe[0][23][21]  ; Lost fanout                            ;
; fir_filter_parallel_reduced_pipelined_stream:impl|fir_filter_parallel_reduced_pipelined:impl|product_terms_pipe[0][23][20]  ; Lost fanout                            ;
; fir_filter_parallel_reduced_pipelined_stream:impl|fir_filter_parallel_reduced_pipelined:impl|product_terms_pipe[0][23][19]  ; Lost fanout                            ;
; fir_filter_parallel_reduced_pipelined_stream:impl|fir_filter_parallel_reduced_pipelined:impl|product_terms_pipe[0][23][18]  ; Lost fanout                            ;
; fir_filter_parallel_reduced_pipelined_stream:impl|fir_filter_parallel_reduced_pipelined:impl|product_terms_pipe[0][23][17]  ; Lost fanout                            ;
; fir_filter_parallel_reduced_pipelined_stream:impl|fir_filter_parallel_reduced_pipelined:impl|product_terms_pipe[0][23][16]  ; Lost fanout                            ;
; fir_filter_parallel_reduced_pipelined_stream:impl|fir_filter_parallel_reduced_pipelined:impl|product_terms_pipe[0][23][15]  ; Lost fanout                            ;
; fir_filter_parallel_reduced_pipelined_stream:impl|fir_filter_parallel_reduced_pipelined:impl|product_terms_pipe[0][23][14]  ; Lost fanout                            ;
; fir_filter_parallel_reduced_pipelined_stream:impl|fir_filter_parallel_reduced_pipelined:impl|product_terms_pipe[0][23][13]  ; Lost fanout                            ;
; fir_filter_parallel_reduced_pipelined_stream:impl|fir_filter_parallel_reduced_pipelined:impl|product_terms_pipe[0][23][12]  ; Lost fanout                            ;
; fir_filter_parallel_reduced_pipelined_stream:impl|fir_filter_parallel_reduced_pipelined:impl|product_terms_pipe[0][23][11]  ; Lost fanout                            ;
; fir_filter_parallel_reduced_pipelined_stream:impl|fir_filter_parallel_reduced_pipelined:impl|product_terms_pipe[0][23][10]  ; Lost fanout                            ;
; fir_filter_parallel_reduced_pipelined_stream:impl|fir_filter_parallel_reduced_pipelined:impl|product_terms_pipe[0][23][9]   ; Lost fanout                            ;
; fir_filter_parallel_reduced_pipelined_stream:impl|fir_filter_parallel_reduced_pipelined:impl|product_terms_pipe[0][23][8]   ; Lost fanout                            ;
; fir_filter_parallel_reduced_pipelined_stream:impl|fir_filter_parallel_reduced_pipelined:impl|product_terms_pipe[0][23][7]   ; Lost fanout                            ;
; fir_filter_parallel_reduced_pipelined_stream:impl|fir_filter_parallel_reduced_pipelined:impl|product_terms_pipe[0][23][6]   ; Lost fanout                            ;
; fir_filter_parallel_reduced_pipelined_stream:impl|fir_filter_parallel_reduced_pipelined:impl|product_terms_pipe[0][23][5]   ; Lost fanout                            ;
; fir_filter_parallel_reduced_pipelined_stream:impl|fir_filter_parallel_reduced_pipelined:impl|product_terms_pipe[0][23][4]   ; Lost fanout                            ;
; fir_filter_parallel_reduced_pipelined_stream:impl|fir_filter_parallel_reduced_pipelined:impl|product_terms_pipe[0][23][3]   ; Lost fanout                            ;
; fir_filter_parallel_reduced_pipelined_stream:impl|fir_filter_parallel_reduced_pipelined:impl|product_terms_pipe[0][23][2]   ; Lost fanout                            ;
; fir_filter_parallel_reduced_pipelined_stream:impl|fir_filter_parallel_reduced_pipelined:impl|product_terms_pipe[0][23][1]   ; Lost fanout                            ;
; fir_filter_parallel_reduced_pipelined_stream:impl|fir_filter_parallel_reduced_pipelined:impl|product_terms_pipe[0][23][0]   ; Lost fanout                            ;
; fir_filter_parallel_reduced_pipelined_stream:impl|fir_filter_parallel_reduced_pipelined:impl|product_terms_pipe[0][26][45]  ; Lost fanout                            ;
; fir_filter_parallel_reduced_pipelined_stream:impl|fir_filter_parallel_reduced_pipelined:impl|product_terms_pipe[0][26][44]  ; Lost fanout                            ;
; fir_filter_parallel_reduced_pipelined_stream:impl|fir_filter_parallel_reduced_pipelined:impl|product_terms_pipe[0][26][43]  ; Lost fanout                            ;
; fir_filter_parallel_reduced_pipelined_stream:impl|fir_filter_parallel_reduced_pipelined:impl|product_terms_pipe[0][26][42]  ; Lost fanout                            ;
; fir_filter_parallel_reduced_pipelined_stream:impl|fir_filter_parallel_reduced_pipelined:impl|product_terms_pipe[0][26][41]  ; Lost fanout                            ;
; fir_filter_parallel_reduced_pipelined_stream:impl|fir_filter_parallel_reduced_pipelined:impl|product_terms_pipe[0][26][40]  ; Lost fanout                            ;
; fir_filter_parallel_reduced_pipelined_stream:impl|fir_filter_parallel_reduced_pipelined:impl|product_terms_pipe[0][26][39]  ; Lost fanout                            ;
; fir_filter_parallel_reduced_pipelined_stream:impl|fir_filter_parallel_reduced_pipelined:impl|product_terms_pipe[0][26][38]  ; Lost fanout                            ;
; fir_filter_parallel_reduced_pipelined_stream:impl|fir_filter_parallel_reduced_pipelined:impl|product_terms_pipe[0][26][37]  ; Lost fanout                            ;
; fir_filter_parallel_reduced_pipelined_stream:impl|fir_filter_parallel_reduced_pipelined:impl|product_terms_pipe[0][26][36]  ; Lost fanout                            ;
; fir_filter_parallel_reduced_pipelined_stream:impl|fir_filter_parallel_reduced_pipelined:impl|product_terms_pipe[0][26][35]  ; Lost fanout                            ;
; fir_filter_parallel_reduced_pipelined_stream:impl|fir_filter_parallel_reduced_pipelined:impl|product_terms_pipe[0][26][34]  ; Lost fanout                            ;
; fir_filter_parallel_reduced_pipelined_stream:impl|fir_filter_parallel_reduced_pipelined:impl|product_terms_pipe[0][26][33]  ; Lost fanout                            ;
; fir_filter_parallel_reduced_pipelined_stream:impl|fir_filter_parallel_reduced_pipelined:impl|product_terms_pipe[0][26][32]  ; Lost fanout                            ;
; fir_filter_parallel_reduced_pipelined_stream:impl|fir_filter_parallel_reduced_pipelined:impl|product_terms_pipe[0][26][31]  ; Lost fanout                            ;
; fir_filter_parallel_reduced_pipelined_stream:impl|fir_filter_parallel_reduced_pipelined:impl|product_terms_pipe[0][26][30]  ; Lost fanout                            ;
; fir_filter_parallel_reduced_pipelined_stream:impl|fir_filter_parallel_reduced_pipelined:impl|product_terms_pipe[0][26][29]  ; Lost fanout                            ;
; fir_filter_parallel_reduced_pipelined_stream:impl|fir_filter_parallel_reduced_pipelined:impl|product_terms_pipe[0][26][28]  ; Lost fanout                            ;
; fir_filter_parallel_reduced_pipelined_stream:impl|fir_filter_parallel_reduced_pipelined:impl|product_terms_pipe[0][26][27]  ; Lost fanout                            ;
; fir_filter_parallel_reduced_pipelined_stream:impl|fir_filter_parallel_reduced_pipelined:impl|product_terms_pipe[0][26][26]  ; Lost fanout                            ;
; fir_filter_parallel_reduced_pipelined_stream:impl|fir_filter_parallel_reduced_pipelined:impl|product_terms_pipe[0][26][25]  ; Lost fanout                            ;
; fir_filter_parallel_reduced_pipelined_stream:impl|fir_filter_parallel_reduced_pipelined:impl|product_terms_pipe[0][26][24]  ; Lost fanout                            ;
; fir_filter_parallel_reduced_pipelined_stream:impl|fir_filter_parallel_reduced_pipelined:impl|product_terms_pipe[0][26][23]  ; Lost fanout                            ;
; fir_filter_parallel_reduced_pipelined_stream:impl|fir_filter_parallel_reduced_pipelined:impl|product_terms_pipe[0][26][22]  ; Lost fanout                            ;
; fir_filter_parallel_reduced_pipelined_stream:impl|fir_filter_parallel_reduced_pipelined:impl|product_terms_pipe[0][26][21]  ; Lost fanout                            ;
; fir_filter_parallel_reduced_pipelined_stream:impl|fir_filter_parallel_reduced_pipelined:impl|product_terms_pipe[0][26][20]  ; Lost fanout                            ;
; fir_filter_parallel_reduced_pipelined_stream:impl|fir_filter_parallel_reduced_pipelined:impl|product_terms_pipe[0][26][19]  ; Lost fanout                            ;
; fir_filter_parallel_reduced_pipelined_stream:impl|fir_filter_parallel_reduced_pipelined:impl|product_terms_pipe[0][26][18]  ; Lost fanout                            ;
; fir_filter_parallel_reduced_pipelined_stream:impl|fir_filter_parallel_reduced_pipelined:impl|product_terms_pipe[0][26][17]  ; Lost fanout                            ;
; fir_filter_parallel_reduced_pipelined_stream:impl|fir_filter_parallel_reduced_pipelined:impl|product_terms_pipe[0][26][16]  ; Lost fanout                            ;
; fir_filter_parallel_reduced_pipelined_stream:impl|fir_filter_parallel_reduced_pipelined:impl|product_terms_pipe[0][26][15]  ; Lost fanout                            ;
; fir_filter_parallel_reduced_pipelined_stream:impl|fir_filter_parallel_reduced_pipelined:impl|product_terms_pipe[0][26][14]  ; Lost fanout                            ;
; fir_filter_parallel_reduced_pipelined_stream:impl|fir_filter_parallel_reduced_pipelined:impl|product_terms_pipe[0][26][13]  ; Lost fanout                            ;
; fir_filter_parallel_reduced_pipelined_stream:impl|fir_filter_parallel_reduced_pipelined:impl|product_terms_pipe[0][26][12]  ; Lost fanout                            ;
; fir_filter_parallel_reduced_pipelined_stream:impl|fir_filter_parallel_reduced_pipelined:impl|product_terms_pipe[0][26][11]  ; Lost fanout                            ;
; fir_filter_parallel_reduced_pipelined_stream:impl|fir_filter_parallel_reduced_pipelined:impl|product_terms_pipe[0][26][10]  ; Lost fanout                            ;
; fir_filter_parallel_reduced_pipelined_stream:impl|fir_filter_parallel_reduced_pipelined:impl|product_terms_pipe[0][26][9]   ; Lost fanout                            ;
; fir_filter_parallel_reduced_pipelined_stream:impl|fir_filter_parallel_reduced_pipelined:impl|product_terms_pipe[0][26][8]   ; Lost fanout                            ;
; fir_filter_parallel_reduced_pipelined_stream:impl|fir_filter_parallel_reduced_pipelined:impl|product_terms_pipe[0][26][7]   ; Lost fanout                            ;
; fir_filter_parallel_reduced_pipelined_stream:impl|fir_filter_parallel_reduced_pipelined:impl|product_terms_pipe[0][26][6]   ; Lost fanout                            ;
; fir_filter_parallel_reduced_pipelined_stream:impl|fir_filter_parallel_reduced_pipelined:impl|product_terms_pipe[0][26][5]   ; Lost fanout                            ;
; fir_filter_parallel_reduced_pipelined_stream:impl|fir_filter_parallel_reduced_pipelined:impl|product_terms_pipe[0][26][4]   ; Lost fanout                            ;
; fir_filter_parallel_reduced_pipelined_stream:impl|fir_filter_parallel_reduced_pipelined:impl|product_terms_pipe[0][26][3]   ; Lost fanout                            ;
; fir_filter_parallel_reduced_pipelined_stream:impl|fir_filter_parallel_reduced_pipelined:impl|product_terms_pipe[0][26][2]   ; Lost fanout                            ;
; fir_filter_parallel_reduced_pipelined_stream:impl|fir_filter_parallel_reduced_pipelined:impl|product_terms_pipe[0][26][1]   ; Lost fanout                            ;
; fir_filter_parallel_reduced_pipelined_stream:impl|fir_filter_parallel_reduced_pipelined:impl|product_terms_pipe[0][26][0]   ; Lost fanout                            ;
; fir_filter_parallel_reduced_pipelined_stream:impl|fir_filter_parallel_reduced_pipelined:impl|product_terms_pipe[0][27][45]  ; Lost fanout                            ;
; fir_filter_parallel_reduced_pipelined_stream:impl|fir_filter_parallel_reduced_pipelined:impl|product_terms_pipe[0][27][44]  ; Lost fanout                            ;
; fir_filter_parallel_reduced_pipelined_stream:impl|fir_filter_parallel_reduced_pipelined:impl|product_terms_pipe[0][27][43]  ; Lost fanout                            ;
; fir_filter_parallel_reduced_pipelined_stream:impl|fir_filter_parallel_reduced_pipelined:impl|product_terms_pipe[0][27][42]  ; Lost fanout                            ;
; fir_filter_parallel_reduced_pipelined_stream:impl|fir_filter_parallel_reduced_pipelined:impl|product_terms_pipe[0][27][41]  ; Lost fanout                            ;
; fir_filter_parallel_reduced_pipelined_stream:impl|fir_filter_parallel_reduced_pipelined:impl|product_terms_pipe[0][27][40]  ; Lost fanout                            ;
; fir_filter_parallel_reduced_pipelined_stream:impl|fir_filter_parallel_reduced_pipelined:impl|product_terms_pipe[0][27][39]  ; Lost fanout                            ;
; fir_filter_parallel_reduced_pipelined_stream:impl|fir_filter_parallel_reduced_pipelined:impl|product_terms_pipe[0][27][38]  ; Lost fanout                            ;
; fir_filter_parallel_reduced_pipelined_stream:impl|fir_filter_parallel_reduced_pipelined:impl|product_terms_pipe[0][27][37]  ; Lost fanout                            ;
; fir_filter_parallel_reduced_pipelined_stream:impl|fir_filter_parallel_reduced_pipelined:impl|product_terms_pipe[0][27][36]  ; Lost fanout                            ;
; fir_filter_parallel_reduced_pipelined_stream:impl|fir_filter_parallel_reduced_pipelined:impl|product_terms_pipe[0][27][35]  ; Lost fanout                            ;
; fir_filter_parallel_reduced_pipelined_stream:impl|fir_filter_parallel_reduced_pipelined:impl|product_terms_pipe[0][27][34]  ; Lost fanout                            ;
; fir_filter_parallel_reduced_pipelined_stream:impl|fir_filter_parallel_reduced_pipelined:impl|product_terms_pipe[0][27][33]  ; Lost fanout                            ;
; fir_filter_parallel_reduced_pipelined_stream:impl|fir_filter_parallel_reduced_pipelined:impl|product_terms_pipe[0][27][32]  ; Lost fanout                            ;
; fir_filter_parallel_reduced_pipelined_stream:impl|fir_filter_parallel_reduced_pipelined:impl|product_terms_pipe[0][27][31]  ; Lost fanout                            ;
; fir_filter_parallel_reduced_pipelined_stream:impl|fir_filter_parallel_reduced_pipelined:impl|product_terms_pipe[0][27][30]  ; Lost fanout                            ;
; fir_filter_parallel_reduced_pipelined_stream:impl|fir_filter_parallel_reduced_pipelined:impl|product_terms_pipe[0][27][29]  ; Lost fanout                            ;
; fir_filter_parallel_reduced_pipelined_stream:impl|fir_filter_parallel_reduced_pipelined:impl|product_terms_pipe[0][27][28]  ; Lost fanout                            ;
; fir_filter_parallel_reduced_pipelined_stream:impl|fir_filter_parallel_reduced_pipelined:impl|product_terms_pipe[0][27][27]  ; Lost fanout                            ;
; fir_filter_parallel_reduced_pipelined_stream:impl|fir_filter_parallel_reduced_pipelined:impl|product_terms_pipe[0][27][26]  ; Lost fanout                            ;
; fir_filter_parallel_reduced_pipelined_stream:impl|fir_filter_parallel_reduced_pipelined:impl|product_terms_pipe[0][27][25]  ; Lost fanout                            ;
; fir_filter_parallel_reduced_pipelined_stream:impl|fir_filter_parallel_reduced_pipelined:impl|product_terms_pipe[0][27][24]  ; Lost fanout                            ;
; fir_filter_parallel_reduced_pipelined_stream:impl|fir_filter_parallel_reduced_pipelined:impl|product_terms_pipe[0][27][23]  ; Lost fanout                            ;
; fir_filter_parallel_reduced_pipelined_stream:impl|fir_filter_parallel_reduced_pipelined:impl|product_terms_pipe[0][27][22]  ; Lost fanout                            ;
; fir_filter_parallel_reduced_pipelined_stream:impl|fir_filter_parallel_reduced_pipelined:impl|product_terms_pipe[0][27][21]  ; Lost fanout                            ;
; fir_filter_parallel_reduced_pipelined_stream:impl|fir_filter_parallel_reduced_pipelined:impl|product_terms_pipe[0][27][20]  ; Lost fanout                            ;
; fir_filter_parallel_reduced_pipelined_stream:impl|fir_filter_parallel_reduced_pipelined:impl|product_terms_pipe[0][27][19]  ; Lost fanout                            ;
; fir_filter_parallel_reduced_pipelined_stream:impl|fir_filter_parallel_reduced_pipelined:impl|product_terms_pipe[0][27][18]  ; Lost fanout                            ;
; fir_filter_parallel_reduced_pipelined_stream:impl|fir_filter_parallel_reduced_pipelined:impl|product_terms_pipe[0][27][17]  ; Lost fanout                            ;
; fir_filter_parallel_reduced_pipelined_stream:impl|fir_filter_parallel_reduced_pipelined:impl|product_terms_pipe[0][27][16]  ; Lost fanout                            ;
; fir_filter_parallel_reduced_pipelined_stream:impl|fir_filter_parallel_reduced_pipelined:impl|product_terms_pipe[0][27][15]  ; Lost fanout                            ;
; fir_filter_parallel_reduced_pipelined_stream:impl|fir_filter_parallel_reduced_pipelined:impl|product_terms_pipe[0][27][14]  ; Lost fanout                            ;
; fir_filter_parallel_reduced_pipelined_stream:impl|fir_filter_parallel_reduced_pipelined:impl|product_terms_pipe[0][27][13]  ; Lost fanout                            ;
; fir_filter_parallel_reduced_pipelined_stream:impl|fir_filter_parallel_reduced_pipelined:impl|product_terms_pipe[0][27][12]  ; Lost fanout                            ;
; fir_filter_parallel_reduced_pipelined_stream:impl|fir_filter_parallel_reduced_pipelined:impl|product_terms_pipe[0][27][11]  ; Lost fanout                            ;
; fir_filter_parallel_reduced_pipelined_stream:impl|fir_filter_parallel_reduced_pipelined:impl|product_terms_pipe[0][27][10]  ; Lost fanout                            ;
; fir_filter_parallel_reduced_pipelined_stream:impl|fir_filter_parallel_reduced_pipelined:impl|product_terms_pipe[0][27][9]   ; Lost fanout                            ;
; fir_filter_parallel_reduced_pipelined_stream:impl|fir_filter_parallel_reduced_pipelined:impl|product_terms_pipe[0][27][8]   ; Lost fanout                            ;
; fir_filter_parallel_reduced_pipelined_stream:impl|fir_filter_parallel_reduced_pipelined:impl|product_terms_pipe[0][27][7]   ; Lost fanout                            ;
; fir_filter_parallel_reduced_pipelined_stream:impl|fir_filter_parallel_reduced_pipelined:impl|product_terms_pipe[0][27][6]   ; Lost fanout                            ;
; fir_filter_parallel_reduced_pipelined_stream:impl|fir_filter_parallel_reduced_pipelined:impl|product_terms_pipe[0][27][5]   ; Lost fanout                            ;
; fir_filter_parallel_reduced_pipelined_stream:impl|fir_filter_parallel_reduced_pipelined:impl|product_terms_pipe[0][27][4]   ; Lost fanout                            ;
; fir_filter_parallel_reduced_pipelined_stream:impl|fir_filter_parallel_reduced_pipelined:impl|product_terms_pipe[0][27][3]   ; Lost fanout                            ;
; fir_filter_parallel_reduced_pipelined_stream:impl|fir_filter_parallel_reduced_pipelined:impl|product_terms_pipe[0][27][2]   ; Lost fanout                            ;
; fir_filter_parallel_reduced_pipelined_stream:impl|fir_filter_parallel_reduced_pipelined:impl|product_terms_pipe[0][27][1]   ; Lost fanout                            ;
; fir_filter_parallel_reduced_pipelined_stream:impl|fir_filter_parallel_reduced_pipelined:impl|product_terms_pipe[0][27][0]   ; Lost fanout                            ;
; fir_filter_parallel_reduced_pipelined_stream:impl|fir_filter_parallel_reduced_pipelined:impl|product_terms_pipe[0][28][45]  ; Lost fanout                            ;
; fir_filter_parallel_reduced_pipelined_stream:impl|fir_filter_parallel_reduced_pipelined:impl|product_terms_pipe[0][28][44]  ; Lost fanout                            ;
; fir_filter_parallel_reduced_pipelined_stream:impl|fir_filter_parallel_reduced_pipelined:impl|product_terms_pipe[0][28][43]  ; Lost fanout                            ;
; fir_filter_parallel_reduced_pipelined_stream:impl|fir_filter_parallel_reduced_pipelined:impl|product_terms_pipe[0][28][42]  ; Lost fanout                            ;
; fir_filter_parallel_reduced_pipelined_stream:impl|fir_filter_parallel_reduced_pipelined:impl|product_terms_pipe[0][28][41]  ; Lost fanout                            ;
; fir_filter_parallel_reduced_pipelined_stream:impl|fir_filter_parallel_reduced_pipelined:impl|product_terms_pipe[0][28][40]  ; Lost fanout                            ;
; fir_filter_parallel_reduced_pipelined_stream:impl|fir_filter_parallel_reduced_pipelined:impl|product_terms_pipe[0][28][39]  ; Lost fanout                            ;
; fir_filter_parallel_reduced_pipelined_stream:impl|fir_filter_parallel_reduced_pipelined:impl|product_terms_pipe[0][28][38]  ; Lost fanout                            ;
; fir_filter_parallel_reduced_pipelined_stream:impl|fir_filter_parallel_reduced_pipelined:impl|product_terms_pipe[0][28][37]  ; Lost fanout                            ;
; fir_filter_parallel_reduced_pipelined_stream:impl|fir_filter_parallel_reduced_pipelined:impl|product_terms_pipe[0][28][36]  ; Lost fanout                            ;
; fir_filter_parallel_reduced_pipelined_stream:impl|fir_filter_parallel_reduced_pipelined:impl|product_terms_pipe[0][28][35]  ; Lost fanout                            ;
; fir_filter_parallel_reduced_pipelined_stream:impl|fir_filter_parallel_reduced_pipelined:impl|product_terms_pipe[0][28][34]  ; Lost fanout                            ;
; fir_filter_parallel_reduced_pipelined_stream:impl|fir_filter_parallel_reduced_pipelined:impl|product_terms_pipe[0][28][33]  ; Lost fanout                            ;
; fir_filter_parallel_reduced_pipelined_stream:impl|fir_filter_parallel_reduced_pipelined:impl|product_terms_pipe[0][28][32]  ; Lost fanout                            ;
; fir_filter_parallel_reduced_pipelined_stream:impl|fir_filter_parallel_reduced_pipelined:impl|product_terms_pipe[0][28][31]  ; Lost fanout                            ;
; fir_filter_parallel_reduced_pipelined_stream:impl|fir_filter_parallel_reduced_pipelined:impl|product_terms_pipe[0][28][30]  ; Lost fanout                            ;
; fir_filter_parallel_reduced_pipelined_stream:impl|fir_filter_parallel_reduced_pipelined:impl|product_terms_pipe[0][28][29]  ; Lost fanout                            ;
; fir_filter_parallel_reduced_pipelined_stream:impl|fir_filter_parallel_reduced_pipelined:impl|product_terms_pipe[0][28][28]  ; Lost fanout                            ;
; fir_filter_parallel_reduced_pipelined_stream:impl|fir_filter_parallel_reduced_pipelined:impl|product_terms_pipe[0][28][27]  ; Lost fanout                            ;
; fir_filter_parallel_reduced_pipelined_stream:impl|fir_filter_parallel_reduced_pipelined:impl|product_terms_pipe[0][28][26]  ; Lost fanout                            ;
; fir_filter_parallel_reduced_pipelined_stream:impl|fir_filter_parallel_reduced_pipelined:impl|product_terms_pipe[0][28][25]  ; Lost fanout                            ;
; fir_filter_parallel_reduced_pipelined_stream:impl|fir_filter_parallel_reduced_pipelined:impl|product_terms_pipe[0][28][24]  ; Lost fanout                            ;
; fir_filter_parallel_reduced_pipelined_stream:impl|fir_filter_parallel_reduced_pipelined:impl|product_terms_pipe[0][28][23]  ; Lost fanout                            ;
; fir_filter_parallel_reduced_pipelined_stream:impl|fir_filter_parallel_reduced_pipelined:impl|product_terms_pipe[0][28][22]  ; Lost fanout                            ;
; fir_filter_parallel_reduced_pipelined_stream:impl|fir_filter_parallel_reduced_pipelined:impl|product_terms_pipe[0][28][21]  ; Lost fanout                            ;
; fir_filter_parallel_reduced_pipelined_stream:impl|fir_filter_parallel_reduced_pipelined:impl|product_terms_pipe[0][28][20]  ; Lost fanout                            ;
; fir_filter_parallel_reduced_pipelined_stream:impl|fir_filter_parallel_reduced_pipelined:impl|product_terms_pipe[0][28][19]  ; Lost fanout                            ;
; fir_filter_parallel_reduced_pipelined_stream:impl|fir_filter_parallel_reduced_pipelined:impl|product_terms_pipe[0][28][18]  ; Lost fanout                            ;
; fir_filter_parallel_reduced_pipelined_stream:impl|fir_filter_parallel_reduced_pipelined:impl|product_terms_pipe[0][28][17]  ; Lost fanout                            ;
; fir_filter_parallel_reduced_pipelined_stream:impl|fir_filter_parallel_reduced_pipelined:impl|product_terms_pipe[0][28][16]  ; Lost fanout                            ;
; fir_filter_parallel_reduced_pipelined_stream:impl|fir_filter_parallel_reduced_pipelined:impl|product_terms_pipe[0][28][15]  ; Lost fanout                            ;
; fir_filter_parallel_reduced_pipelined_stream:impl|fir_filter_parallel_reduced_pipelined:impl|product_terms_pipe[0][28][14]  ; Lost fanout                            ;
; fir_filter_parallel_reduced_pipelined_stream:impl|fir_filter_parallel_reduced_pipelined:impl|product_terms_pipe[0][28][13]  ; Lost fanout                            ;
; fir_filter_parallel_reduced_pipelined_stream:impl|fir_filter_parallel_reduced_pipelined:impl|product_terms_pipe[0][28][12]  ; Lost fanout                            ;
; fir_filter_parallel_reduced_pipelined_stream:impl|fir_filter_parallel_reduced_pipelined:impl|product_terms_pipe[0][28][11]  ; Lost fanout                            ;
; fir_filter_parallel_reduced_pipelined_stream:impl|fir_filter_parallel_reduced_pipelined:impl|product_terms_pipe[0][28][10]  ; Lost fanout                            ;
; fir_filter_parallel_reduced_pipelined_stream:impl|fir_filter_parallel_reduced_pipelined:impl|product_terms_pipe[0][28][9]   ; Lost fanout                            ;
; fir_filter_parallel_reduced_pipelined_stream:impl|fir_filter_parallel_reduced_pipelined:impl|product_terms_pipe[0][28][8]   ; Lost fanout                            ;
; fir_filter_parallel_reduced_pipelined_stream:impl|fir_filter_parallel_reduced_pipelined:impl|product_terms_pipe[0][28][7]   ; Lost fanout                            ;
; fir_filter_parallel_reduced_pipelined_stream:impl|fir_filter_parallel_reduced_pipelined:impl|product_terms_pipe[0][28][6]   ; Lost fanout                            ;
; fir_filter_parallel_reduced_pipelined_stream:impl|fir_filter_parallel_reduced_pipelined:impl|product_terms_pipe[0][28][5]   ; Lost fanout                            ;
; fir_filter_parallel_reduced_pipelined_stream:impl|fir_filter_parallel_reduced_pipelined:impl|product_terms_pipe[0][28][4]   ; Lost fanout                            ;
; fir_filter_parallel_reduced_pipelined_stream:impl|fir_filter_parallel_reduced_pipelined:impl|product_terms_pipe[0][28][3]   ; Lost fanout                            ;
; fir_filter_parallel_reduced_pipelined_stream:impl|fir_filter_parallel_reduced_pipelined:impl|product_terms_pipe[0][28][2]   ; Lost fanout                            ;
; fir_filter_parallel_reduced_pipelined_stream:impl|fir_filter_parallel_reduced_pipelined:impl|product_terms_pipe[0][28][1]   ; Lost fanout                            ;
; fir_filter_parallel_reduced_pipelined_stream:impl|fir_filter_parallel_reduced_pipelined:impl|product_terms_pipe[0][28][0]   ; Lost fanout                            ;
; fir_filter_parallel_reduced_pipelined_stream:impl|fir_filter_parallel_reduced_pipelined:impl|product_terms_pipe[0][29][45]  ; Lost fanout                            ;
; fir_filter_parallel_reduced_pipelined_stream:impl|fir_filter_parallel_reduced_pipelined:impl|product_terms_pipe[0][29][44]  ; Lost fanout                            ;
; fir_filter_parallel_reduced_pipelined_stream:impl|fir_filter_parallel_reduced_pipelined:impl|product_terms_pipe[0][29][43]  ; Lost fanout                            ;
; fir_filter_parallel_reduced_pipelined_stream:impl|fir_filter_parallel_reduced_pipelined:impl|product_terms_pipe[0][29][42]  ; Lost fanout                            ;
; fir_filter_parallel_reduced_pipelined_stream:impl|fir_filter_parallel_reduced_pipelined:impl|product_terms_pipe[0][29][41]  ; Lost fanout                            ;
; fir_filter_parallel_reduced_pipelined_stream:impl|fir_filter_parallel_reduced_pipelined:impl|product_terms_pipe[0][29][40]  ; Lost fanout                            ;
; fir_filter_parallel_reduced_pipelined_stream:impl|fir_filter_parallel_reduced_pipelined:impl|product_terms_pipe[0][29][39]  ; Lost fanout                            ;
; fir_filter_parallel_reduced_pipelined_stream:impl|fir_filter_parallel_reduced_pipelined:impl|product_terms_pipe[0][29][38]  ; Lost fanout                            ;
; fir_filter_parallel_reduced_pipelined_stream:impl|fir_filter_parallel_reduced_pipelined:impl|product_terms_pipe[0][29][37]  ; Lost fanout                            ;
; fir_filter_parallel_reduced_pipelined_stream:impl|fir_filter_parallel_reduced_pipelined:impl|product_terms_pipe[0][29][36]  ; Lost fanout                            ;
; fir_filter_parallel_reduced_pipelined_stream:impl|fir_filter_parallel_reduced_pipelined:impl|product_terms_pipe[0][29][35]  ; Lost fanout                            ;
; fir_filter_parallel_reduced_pipelined_stream:impl|fir_filter_parallel_reduced_pipelined:impl|product_terms_pipe[0][29][34]  ; Lost fanout                            ;
; fir_filter_parallel_reduced_pipelined_stream:impl|fir_filter_parallel_reduced_pipelined:impl|product_terms_pipe[0][29][33]  ; Lost fanout                            ;
; fir_filter_parallel_reduced_pipelined_stream:impl|fir_filter_parallel_reduced_pipelined:impl|product_terms_pipe[0][29][32]  ; Lost fanout                            ;
; fir_filter_parallel_reduced_pipelined_stream:impl|fir_filter_parallel_reduced_pipelined:impl|product_terms_pipe[0][29][31]  ; Lost fanout                            ;
; fir_filter_parallel_reduced_pipelined_stream:impl|fir_filter_parallel_reduced_pipelined:impl|product_terms_pipe[0][29][30]  ; Lost fanout                            ;
; fir_filter_parallel_reduced_pipelined_stream:impl|fir_filter_parallel_reduced_pipelined:impl|product_terms_pipe[0][29][29]  ; Lost fanout                            ;
; fir_filter_parallel_reduced_pipelined_stream:impl|fir_filter_parallel_reduced_pipelined:impl|product_terms_pipe[0][29][28]  ; Lost fanout                            ;
; fir_filter_parallel_reduced_pipelined_stream:impl|fir_filter_parallel_reduced_pipelined:impl|product_terms_pipe[0][29][27]  ; Lost fanout                            ;
; fir_filter_parallel_reduced_pipelined_stream:impl|fir_filter_parallel_reduced_pipelined:impl|product_terms_pipe[0][29][26]  ; Lost fanout                            ;
; fir_filter_parallel_reduced_pipelined_stream:impl|fir_filter_parallel_reduced_pipelined:impl|product_terms_pipe[0][29][25]  ; Lost fanout                            ;
; fir_filter_parallel_reduced_pipelined_stream:impl|fir_filter_parallel_reduced_pipelined:impl|product_terms_pipe[0][29][24]  ; Lost fanout                            ;
; fir_filter_parallel_reduced_pipelined_stream:impl|fir_filter_parallel_reduced_pipelined:impl|product_terms_pipe[0][29][23]  ; Lost fanout                            ;
; fir_filter_parallel_reduced_pipelined_stream:impl|fir_filter_parallel_reduced_pipelined:impl|product_terms_pipe[0][29][22]  ; Lost fanout                            ;
; fir_filter_parallel_reduced_pipelined_stream:impl|fir_filter_parallel_reduced_pipelined:impl|product_terms_pipe[0][29][21]  ; Lost fanout                            ;
; fir_filter_parallel_reduced_pipelined_stream:impl|fir_filter_parallel_reduced_pipelined:impl|product_terms_pipe[0][29][20]  ; Lost fanout                            ;
; fir_filter_parallel_reduced_pipelined_stream:impl|fir_filter_parallel_reduced_pipelined:impl|product_terms_pipe[0][29][19]  ; Lost fanout                            ;
; fir_filter_parallel_reduced_pipelined_stream:impl|fir_filter_parallel_reduced_pipelined:impl|product_terms_pipe[0][29][18]  ; Lost fanout                            ;
; fir_filter_parallel_reduced_pipelined_stream:impl|fir_filter_parallel_reduced_pipelined:impl|product_terms_pipe[0][29][17]  ; Lost fanout                            ;
; fir_filter_parallel_reduced_pipelined_stream:impl|fir_filter_parallel_reduced_pipelined:impl|product_terms_pipe[0][29][16]  ; Lost fanout                            ;
; fir_filter_parallel_reduced_pipelined_stream:impl|fir_filter_parallel_reduced_pipelined:impl|product_terms_pipe[0][29][15]  ; Lost fanout                            ;
; fir_filter_parallel_reduced_pipelined_stream:impl|fir_filter_parallel_reduced_pipelined:impl|product_terms_pipe[0][29][14]  ; Lost fanout                            ;
; fir_filter_parallel_reduced_pipelined_stream:impl|fir_filter_parallel_reduced_pipelined:impl|product_terms_pipe[0][29][13]  ; Lost fanout                            ;
; fir_filter_parallel_reduced_pipelined_stream:impl|fir_filter_parallel_reduced_pipelined:impl|product_terms_pipe[0][29][12]  ; Lost fanout                            ;
; fir_filter_parallel_reduced_pipelined_stream:impl|fir_filter_parallel_reduced_pipelined:impl|product_terms_pipe[0][29][11]  ; Lost fanout                            ;
; fir_filter_parallel_reduced_pipelined_stream:impl|fir_filter_parallel_reduced_pipelined:impl|product_terms_pipe[0][29][10]  ; Lost fanout                            ;
; fir_filter_parallel_reduced_pipelined_stream:impl|fir_filter_parallel_reduced_pipelined:impl|product_terms_pipe[0][29][9]   ; Lost fanout                            ;
; fir_filter_parallel_reduced_pipelined_stream:impl|fir_filter_parallel_reduced_pipelined:impl|product_terms_pipe[0][29][8]   ; Lost fanout                            ;
; fir_filter_parallel_reduced_pipelined_stream:impl|fir_filter_parallel_reduced_pipelined:impl|product_terms_pipe[0][29][7]   ; Lost fanout                            ;
; fir_filter_parallel_reduced_pipelined_stream:impl|fir_filter_parallel_reduced_pipelined:impl|product_terms_pipe[0][29][6]   ; Lost fanout                            ;
; fir_filter_parallel_reduced_pipelined_stream:impl|fir_filter_parallel_reduced_pipelined:impl|product_terms_pipe[0][29][5]   ; Lost fanout                            ;
; fir_filter_parallel_reduced_pipelined_stream:impl|fir_filter_parallel_reduced_pipelined:impl|product_terms_pipe[0][29][4]   ; Lost fanout                            ;
; fir_filter_parallel_reduced_pipelined_stream:impl|fir_filter_parallel_reduced_pipelined:impl|product_terms_pipe[0][29][3]   ; Lost fanout                            ;
; fir_filter_parallel_reduced_pipelined_stream:impl|fir_filter_parallel_reduced_pipelined:impl|product_terms_pipe[0][29][2]   ; Lost fanout                            ;
; fir_filter_parallel_reduced_pipelined_stream:impl|fir_filter_parallel_reduced_pipelined:impl|product_terms_pipe[0][29][1]   ; Lost fanout                            ;
; fir_filter_parallel_reduced_pipelined_stream:impl|fir_filter_parallel_reduced_pipelined:impl|product_terms_pipe[0][29][0]   ; Lost fanout                            ;
; fir_filter_parallel_reduced_pipelined_stream:impl|fir_filter_parallel_reduced_pipelined:impl|product_terms_pipe[0][30][45]  ; Lost fanout                            ;
; fir_filter_parallel_reduced_pipelined_stream:impl|fir_filter_parallel_reduced_pipelined:impl|product_terms_pipe[0][30][44]  ; Lost fanout                            ;
; fir_filter_parallel_reduced_pipelined_stream:impl|fir_filter_parallel_reduced_pipelined:impl|product_terms_pipe[0][30][43]  ; Lost fanout                            ;
; fir_filter_parallel_reduced_pipelined_stream:impl|fir_filter_parallel_reduced_pipelined:impl|product_terms_pipe[0][30][42]  ; Lost fanout                            ;
; fir_filter_parallel_reduced_pipelined_stream:impl|fir_filter_parallel_reduced_pipelined:impl|product_terms_pipe[0][30][41]  ; Lost fanout                            ;
; fir_filter_parallel_reduced_pipelined_stream:impl|fir_filter_parallel_reduced_pipelined:impl|product_terms_pipe[0][30][40]  ; Lost fanout                            ;
; fir_filter_parallel_reduced_pipelined_stream:impl|fir_filter_parallel_reduced_pipelined:impl|product_terms_pipe[0][30][39]  ; Lost fanout                            ;
; fir_filter_parallel_reduced_pipelined_stream:impl|fir_filter_parallel_reduced_pipelined:impl|product_terms_pipe[0][30][38]  ; Lost fanout                            ;
; fir_filter_parallel_reduced_pipelined_stream:impl|fir_filter_parallel_reduced_pipelined:impl|product_terms_pipe[0][30][37]  ; Lost fanout                            ;
; fir_filter_parallel_reduced_pipelined_stream:impl|fir_filter_parallel_reduced_pipelined:impl|product_terms_pipe[0][30][36]  ; Lost fanout                            ;
; fir_filter_parallel_reduced_pipelined_stream:impl|fir_filter_parallel_reduced_pipelined:impl|product_terms_pipe[0][30][35]  ; Lost fanout                            ;
; fir_filter_parallel_reduced_pipelined_stream:impl|fir_filter_parallel_reduced_pipelined:impl|product_terms_pipe[0][30][34]  ; Lost fanout                            ;
; fir_filter_parallel_reduced_pipelined_stream:impl|fir_filter_parallel_reduced_pipelined:impl|product_terms_pipe[0][30][33]  ; Lost fanout                            ;
; fir_filter_parallel_reduced_pipelined_stream:impl|fir_filter_parallel_reduced_pipelined:impl|product_terms_pipe[0][30][32]  ; Lost fanout                            ;
; fir_filter_parallel_reduced_pipelined_stream:impl|fir_filter_parallel_reduced_pipelined:impl|product_terms_pipe[0][30][31]  ; Lost fanout                            ;
; fir_filter_parallel_reduced_pipelined_stream:impl|fir_filter_parallel_reduced_pipelined:impl|product_terms_pipe[0][30][30]  ; Lost fanout                            ;
; fir_filter_parallel_reduced_pipelined_stream:impl|fir_filter_parallel_reduced_pipelined:impl|product_terms_pipe[0][30][29]  ; Lost fanout                            ;
; fir_filter_parallel_reduced_pipelined_stream:impl|fir_filter_parallel_reduced_pipelined:impl|product_terms_pipe[0][30][28]  ; Lost fanout                            ;
; fir_filter_parallel_reduced_pipelined_stream:impl|fir_filter_parallel_reduced_pipelined:impl|product_terms_pipe[0][30][27]  ; Lost fanout                            ;
; fir_filter_parallel_reduced_pipelined_stream:impl|fir_filter_parallel_reduced_pipelined:impl|product_terms_pipe[0][30][26]  ; Lost fanout                            ;
; fir_filter_parallel_reduced_pipelined_stream:impl|fir_filter_parallel_reduced_pipelined:impl|product_terms_pipe[0][30][25]  ; Lost fanout                            ;
; fir_filter_parallel_reduced_pipelined_stream:impl|fir_filter_parallel_reduced_pipelined:impl|product_terms_pipe[0][30][24]  ; Lost fanout                            ;
; fir_filter_parallel_reduced_pipelined_stream:impl|fir_filter_parallel_reduced_pipelined:impl|product_terms_pipe[0][30][23]  ; Lost fanout                            ;
; fir_filter_parallel_reduced_pipelined_stream:impl|fir_filter_parallel_reduced_pipelined:impl|product_terms_pipe[0][30][22]  ; Lost fanout                            ;
; fir_filter_parallel_reduced_pipelined_stream:impl|fir_filter_parallel_reduced_pipelined:impl|product_terms_pipe[0][30][21]  ; Lost fanout                            ;
; fir_filter_parallel_reduced_pipelined_stream:impl|fir_filter_parallel_reduced_pipelined:impl|product_terms_pipe[0][30][20]  ; Lost fanout                            ;
; fir_filter_parallel_reduced_pipelined_stream:impl|fir_filter_parallel_reduced_pipelined:impl|product_terms_pipe[0][30][19]  ; Lost fanout                            ;
; fir_filter_parallel_reduced_pipelined_stream:impl|fir_filter_parallel_reduced_pipelined:impl|product_terms_pipe[0][30][18]  ; Lost fanout                            ;
; fir_filter_parallel_reduced_pipelined_stream:impl|fir_filter_parallel_reduced_pipelined:impl|product_terms_pipe[0][30][17]  ; Lost fanout                            ;
; fir_filter_parallel_reduced_pipelined_stream:impl|fir_filter_parallel_reduced_pipelined:impl|product_terms_pipe[0][30][16]  ; Lost fanout                            ;
; fir_filter_parallel_reduced_pipelined_stream:impl|fir_filter_parallel_reduced_pipelined:impl|product_terms_pipe[0][30][15]  ; Lost fanout                            ;
; fir_filter_parallel_reduced_pipelined_stream:impl|fir_filter_parallel_reduced_pipelined:impl|product_terms_pipe[0][30][14]  ; Lost fanout                            ;
; fir_filter_parallel_reduced_pipelined_stream:impl|fir_filter_parallel_reduced_pipelined:impl|product_terms_pipe[0][30][13]  ; Lost fanout                            ;
; fir_filter_parallel_reduced_pipelined_stream:impl|fir_filter_parallel_reduced_pipelined:impl|product_terms_pipe[0][30][12]  ; Lost fanout                            ;
; fir_filter_parallel_reduced_pipelined_stream:impl|fir_filter_parallel_reduced_pipelined:impl|product_terms_pipe[0][30][11]  ; Lost fanout                            ;
; fir_filter_parallel_reduced_pipelined_stream:impl|fir_filter_parallel_reduced_pipelined:impl|product_terms_pipe[0][30][10]  ; Lost fanout                            ;
; fir_filter_parallel_reduced_pipelined_stream:impl|fir_filter_parallel_reduced_pipelined:impl|product_terms_pipe[0][30][9]   ; Lost fanout                            ;
; fir_filter_parallel_reduced_pipelined_stream:impl|fir_filter_parallel_reduced_pipelined:impl|product_terms_pipe[0][30][8]   ; Lost fanout                            ;
; fir_filter_parallel_reduced_pipelined_stream:impl|fir_filter_parallel_reduced_pipelined:impl|product_terms_pipe[0][30][7]   ; Lost fanout                            ;
; fir_filter_parallel_reduced_pipelined_stream:impl|fir_filter_parallel_reduced_pipelined:impl|product_terms_pipe[0][30][6]   ; Lost fanout                            ;
; fir_filter_parallel_reduced_pipelined_stream:impl|fir_filter_parallel_reduced_pipelined:impl|product_terms_pipe[0][30][5]   ; Lost fanout                            ;
; fir_filter_parallel_reduced_pipelined_stream:impl|fir_filter_parallel_reduced_pipelined:impl|product_terms_pipe[0][30][4]   ; Lost fanout                            ;
; fir_filter_parallel_reduced_pipelined_stream:impl|fir_filter_parallel_reduced_pipelined:impl|product_terms_pipe[0][30][3]   ; Lost fanout                            ;
; fir_filter_parallel_reduced_pipelined_stream:impl|fir_filter_parallel_reduced_pipelined:impl|product_terms_pipe[0][30][2]   ; Lost fanout                            ;
; fir_filter_parallel_reduced_pipelined_stream:impl|fir_filter_parallel_reduced_pipelined:impl|product_terms_pipe[0][30][1]   ; Lost fanout                            ;
; fir_filter_parallel_reduced_pipelined_stream:impl|fir_filter_parallel_reduced_pipelined:impl|product_terms_pipe[0][30][0]   ; Lost fanout                            ;
; fir_filter_parallel_reduced_pipelined_stream:impl|fir_filter_parallel_reduced_pipelined:impl|product_terms_pipe[0][31][45]  ; Lost fanout                            ;
; fir_filter_parallel_reduced_pipelined_stream:impl|fir_filter_parallel_reduced_pipelined:impl|product_terms_pipe[0][31][44]  ; Lost fanout                            ;
; fir_filter_parallel_reduced_pipelined_stream:impl|fir_filter_parallel_reduced_pipelined:impl|product_terms_pipe[0][31][43]  ; Lost fanout                            ;
; fir_filter_parallel_reduced_pipelined_stream:impl|fir_filter_parallel_reduced_pipelined:impl|product_terms_pipe[0][31][42]  ; Lost fanout                            ;
; fir_filter_parallel_reduced_pipelined_stream:impl|fir_filter_parallel_reduced_pipelined:impl|product_terms_pipe[0][31][41]  ; Lost fanout                            ;
; fir_filter_parallel_reduced_pipelined_stream:impl|fir_filter_parallel_reduced_pipelined:impl|product_terms_pipe[0][31][40]  ; Lost fanout                            ;
; fir_filter_parallel_reduced_pipelined_stream:impl|fir_filter_parallel_reduced_pipelined:impl|product_terms_pipe[0][31][39]  ; Lost fanout                            ;
; fir_filter_parallel_reduced_pipelined_stream:impl|fir_filter_parallel_reduced_pipelined:impl|product_terms_pipe[0][31][38]  ; Lost fanout                            ;
; fir_filter_parallel_reduced_pipelined_stream:impl|fir_filter_parallel_reduced_pipelined:impl|product_terms_pipe[0][31][37]  ; Lost fanout                            ;
; fir_filter_parallel_reduced_pipelined_stream:impl|fir_filter_parallel_reduced_pipelined:impl|product_terms_pipe[0][31][36]  ; Lost fanout                            ;
; fir_filter_parallel_reduced_pipelined_stream:impl|fir_filter_parallel_reduced_pipelined:impl|product_terms_pipe[0][31][35]  ; Lost fanout                            ;
; fir_filter_parallel_reduced_pipelined_stream:impl|fir_filter_parallel_reduced_pipelined:impl|product_terms_pipe[0][31][34]  ; Lost fanout                            ;
; fir_filter_parallel_reduced_pipelined_stream:impl|fir_filter_parallel_reduced_pipelined:impl|product_terms_pipe[0][31][33]  ; Lost fanout                            ;
; fir_filter_parallel_reduced_pipelined_stream:impl|fir_filter_parallel_reduced_pipelined:impl|product_terms_pipe[0][31][32]  ; Lost fanout                            ;
; fir_filter_parallel_reduced_pipelined_stream:impl|fir_filter_parallel_reduced_pipelined:impl|product_terms_pipe[0][31][31]  ; Lost fanout                            ;
; fir_filter_parallel_reduced_pipelined_stream:impl|fir_filter_parallel_reduced_pipelined:impl|product_terms_pipe[0][31][30]  ; Lost fanout                            ;
; fir_filter_parallel_reduced_pipelined_stream:impl|fir_filter_parallel_reduced_pipelined:impl|product_terms_pipe[0][31][29]  ; Lost fanout                            ;
; fir_filter_parallel_reduced_pipelined_stream:impl|fir_filter_parallel_reduced_pipelined:impl|product_terms_pipe[0][31][28]  ; Lost fanout                            ;
; fir_filter_parallel_reduced_pipelined_stream:impl|fir_filter_parallel_reduced_pipelined:impl|product_terms_pipe[0][31][27]  ; Lost fanout                            ;
; fir_filter_parallel_reduced_pipelined_stream:impl|fir_filter_parallel_reduced_pipelined:impl|product_terms_pipe[0][31][26]  ; Lost fanout                            ;
; fir_filter_parallel_reduced_pipelined_stream:impl|fir_filter_parallel_reduced_pipelined:impl|product_terms_pipe[0][31][25]  ; Lost fanout                            ;
; fir_filter_parallel_reduced_pipelined_stream:impl|fir_filter_parallel_reduced_pipelined:impl|product_terms_pipe[0][31][24]  ; Lost fanout                            ;
; fir_filter_parallel_reduced_pipelined_stream:impl|fir_filter_parallel_reduced_pipelined:impl|product_terms_pipe[0][31][23]  ; Lost fanout                            ;
; fir_filter_parallel_reduced_pipelined_stream:impl|fir_filter_parallel_reduced_pipelined:impl|product_terms_pipe[0][31][22]  ; Lost fanout                            ;
; fir_filter_parallel_reduced_pipelined_stream:impl|fir_filter_parallel_reduced_pipelined:impl|product_terms_pipe[0][31][21]  ; Lost fanout                            ;
; fir_filter_parallel_reduced_pipelined_stream:impl|fir_filter_parallel_reduced_pipelined:impl|product_terms_pipe[0][31][20]  ; Lost fanout                            ;
; fir_filter_parallel_reduced_pipelined_stream:impl|fir_filter_parallel_reduced_pipelined:impl|product_terms_pipe[0][31][19]  ; Lost fanout                            ;
; fir_filter_parallel_reduced_pipelined_stream:impl|fir_filter_parallel_reduced_pipelined:impl|product_terms_pipe[0][31][18]  ; Lost fanout                            ;
; fir_filter_parallel_reduced_pipelined_stream:impl|fir_filter_parallel_reduced_pipelined:impl|product_terms_pipe[0][31][17]  ; Lost fanout                            ;
; fir_filter_parallel_reduced_pipelined_stream:impl|fir_filter_parallel_reduced_pipelined:impl|product_terms_pipe[0][31][16]  ; Lost fanout                            ;
; fir_filter_parallel_reduced_pipelined_stream:impl|fir_filter_parallel_reduced_pipelined:impl|product_terms_pipe[0][31][15]  ; Lost fanout                            ;
; fir_filter_parallel_reduced_pipelined_stream:impl|fir_filter_parallel_reduced_pipelined:impl|product_terms_pipe[0][31][14]  ; Lost fanout                            ;
; fir_filter_parallel_reduced_pipelined_stream:impl|fir_filter_parallel_reduced_pipelined:impl|product_terms_pipe[0][31][13]  ; Lost fanout                            ;
; fir_filter_parallel_reduced_pipelined_stream:impl|fir_filter_parallel_reduced_pipelined:impl|product_terms_pipe[0][31][12]  ; Lost fanout                            ;
; fir_filter_parallel_reduced_pipelined_stream:impl|fir_filter_parallel_reduced_pipelined:impl|product_terms_pipe[0][31][11]  ; Lost fanout                            ;
; fir_filter_parallel_reduced_pipelined_stream:impl|fir_filter_parallel_reduced_pipelined:impl|product_terms_pipe[0][31][10]  ; Lost fanout                            ;
; fir_filter_parallel_reduced_pipelined_stream:impl|fir_filter_parallel_reduced_pipelined:impl|product_terms_pipe[0][31][9]   ; Lost fanout                            ;
; fir_filter_parallel_reduced_pipelined_stream:impl|fir_filter_parallel_reduced_pipelined:impl|product_terms_pipe[0][31][8]   ; Lost fanout                            ;
; fir_filter_parallel_reduced_pipelined_stream:impl|fir_filter_parallel_reduced_pipelined:impl|product_terms_pipe[0][31][7]   ; Lost fanout                            ;
; fir_filter_parallel_reduced_pipelined_stream:impl|fir_filter_parallel_reduced_pipelined:impl|product_terms_pipe[0][31][6]   ; Lost fanout                            ;
; fir_filter_parallel_reduced_pipelined_stream:impl|fir_filter_parallel_reduced_pipelined:impl|product_terms_pipe[0][31][5]   ; Lost fanout                            ;
; fir_filter_parallel_reduced_pipelined_stream:impl|fir_filter_parallel_reduced_pipelined:impl|product_terms_pipe[0][31][4]   ; Lost fanout                            ;
; fir_filter_parallel_reduced_pipelined_stream:impl|fir_filter_parallel_reduced_pipelined:impl|product_terms_pipe[0][31][3]   ; Lost fanout                            ;
; fir_filter_parallel_reduced_pipelined_stream:impl|fir_filter_parallel_reduced_pipelined:impl|product_terms_pipe[0][31][2]   ; Lost fanout                            ;
; fir_filter_parallel_reduced_pipelined_stream:impl|fir_filter_parallel_reduced_pipelined:impl|product_terms_pipe[0][31][1]   ; Lost fanout                            ;
; fir_filter_parallel_reduced_pipelined_stream:impl|fir_filter_parallel_reduced_pipelined:impl|product_terms_pipe[0][31][0]   ; Lost fanout                            ;
; fir_filter_parallel_reduced_pipelined_stream:impl|fir_filter_parallel_reduced_pipelined:impl|product_terms_pipe[0][32][45]  ; Lost fanout                            ;
; fir_filter_parallel_reduced_pipelined_stream:impl|fir_filter_parallel_reduced_pipelined:impl|product_terms_pipe[0][32][44]  ; Lost fanout                            ;
; fir_filter_parallel_reduced_pipelined_stream:impl|fir_filter_parallel_reduced_pipelined:impl|product_terms_pipe[0][32][43]  ; Lost fanout                            ;
; fir_filter_parallel_reduced_pipelined_stream:impl|fir_filter_parallel_reduced_pipelined:impl|product_terms_pipe[0][32][42]  ; Lost fanout                            ;
; fir_filter_parallel_reduced_pipelined_stream:impl|fir_filter_parallel_reduced_pipelined:impl|product_terms_pipe[0][32][41]  ; Lost fanout                            ;
; fir_filter_parallel_reduced_pipelined_stream:impl|fir_filter_parallel_reduced_pipelined:impl|product_terms_pipe[0][32][40]  ; Lost fanout                            ;
; fir_filter_parallel_reduced_pipelined_stream:impl|fir_filter_parallel_reduced_pipelined:impl|product_terms_pipe[0][32][39]  ; Lost fanout                            ;
; fir_filter_parallel_reduced_pipelined_stream:impl|fir_filter_parallel_reduced_pipelined:impl|product_terms_pipe[0][32][38]  ; Lost fanout                            ;
; fir_filter_parallel_reduced_pipelined_stream:impl|fir_filter_parallel_reduced_pipelined:impl|product_terms_pipe[0][32][37]  ; Lost fanout                            ;
; fir_filter_parallel_reduced_pipelined_stream:impl|fir_filter_parallel_reduced_pipelined:impl|product_terms_pipe[0][32][36]  ; Lost fanout                            ;
; fir_filter_parallel_reduced_pipelined_stream:impl|fir_filter_parallel_reduced_pipelined:impl|product_terms_pipe[0][32][35]  ; Lost fanout                            ;
; fir_filter_parallel_reduced_pipelined_stream:impl|fir_filter_parallel_reduced_pipelined:impl|product_terms_pipe[0][32][34]  ; Lost fanout                            ;
; fir_filter_parallel_reduced_pipelined_stream:impl|fir_filter_parallel_reduced_pipelined:impl|product_terms_pipe[0][32][33]  ; Lost fanout                            ;
; fir_filter_parallel_reduced_pipelined_stream:impl|fir_filter_parallel_reduced_pipelined:impl|product_terms_pipe[0][32][32]  ; Lost fanout                            ;
; fir_filter_parallel_reduced_pipelined_stream:impl|fir_filter_parallel_reduced_pipelined:impl|product_terms_pipe[0][32][31]  ; Lost fanout                            ;
; fir_filter_parallel_reduced_pipelined_stream:impl|fir_filter_parallel_reduced_pipelined:impl|product_terms_pipe[0][32][30]  ; Lost fanout                            ;
; fir_filter_parallel_reduced_pipelined_stream:impl|fir_filter_parallel_reduced_pipelined:impl|product_terms_pipe[0][32][29]  ; Lost fanout                            ;
; fir_filter_parallel_reduced_pipelined_stream:impl|fir_filter_parallel_reduced_pipelined:impl|product_terms_pipe[0][32][28]  ; Lost fanout                            ;
; fir_filter_parallel_reduced_pipelined_stream:impl|fir_filter_parallel_reduced_pipelined:impl|product_terms_pipe[0][32][27]  ; Lost fanout                            ;
; fir_filter_parallel_reduced_pipelined_stream:impl|fir_filter_parallel_reduced_pipelined:impl|product_terms_pipe[0][32][26]  ; Lost fanout                            ;
; fir_filter_parallel_reduced_pipelined_stream:impl|fir_filter_parallel_reduced_pipelined:impl|product_terms_pipe[0][32][25]  ; Lost fanout                            ;
; fir_filter_parallel_reduced_pipelined_stream:impl|fir_filter_parallel_reduced_pipelined:impl|product_terms_pipe[0][32][24]  ; Lost fanout                            ;
; fir_filter_parallel_reduced_pipelined_stream:impl|fir_filter_parallel_reduced_pipelined:impl|product_terms_pipe[0][32][23]  ; Lost fanout                            ;
; fir_filter_parallel_reduced_pipelined_stream:impl|fir_filter_parallel_reduced_pipelined:impl|product_terms_pipe[0][32][22]  ; Lost fanout                            ;
; fir_filter_parallel_reduced_pipelined_stream:impl|fir_filter_parallel_reduced_pipelined:impl|product_terms_pipe[0][32][21]  ; Lost fanout                            ;
; fir_filter_parallel_reduced_pipelined_stream:impl|fir_filter_parallel_reduced_pipelined:impl|product_terms_pipe[0][32][20]  ; Lost fanout                            ;
; fir_filter_parallel_reduced_pipelined_stream:impl|fir_filter_parallel_reduced_pipelined:impl|product_terms_pipe[0][32][19]  ; Lost fanout                            ;
; fir_filter_parallel_reduced_pipelined_stream:impl|fir_filter_parallel_reduced_pipelined:impl|product_terms_pipe[0][32][18]  ; Lost fanout                            ;
; fir_filter_parallel_reduced_pipelined_stream:impl|fir_filter_parallel_reduced_pipelined:impl|product_terms_pipe[0][32][17]  ; Lost fanout                            ;
; fir_filter_parallel_reduced_pipelined_stream:impl|fir_filter_parallel_reduced_pipelined:impl|product_terms_pipe[0][32][16]  ; Lost fanout                            ;
; fir_filter_parallel_reduced_pipelined_stream:impl|fir_filter_parallel_reduced_pipelined:impl|product_terms_pipe[0][32][15]  ; Lost fanout                            ;
; fir_filter_parallel_reduced_pipelined_stream:impl|fir_filter_parallel_reduced_pipelined:impl|product_terms_pipe[0][32][14]  ; Lost fanout                            ;
; fir_filter_parallel_reduced_pipelined_stream:impl|fir_filter_parallel_reduced_pipelined:impl|product_terms_pipe[0][32][13]  ; Lost fanout                            ;
; fir_filter_parallel_reduced_pipelined_stream:impl|fir_filter_parallel_reduced_pipelined:impl|product_terms_pipe[0][32][12]  ; Lost fanout                            ;
; fir_filter_parallel_reduced_pipelined_stream:impl|fir_filter_parallel_reduced_pipelined:impl|product_terms_pipe[0][32][11]  ; Lost fanout                            ;
; fir_filter_parallel_reduced_pipelined_stream:impl|fir_filter_parallel_reduced_pipelined:impl|product_terms_pipe[0][32][10]  ; Lost fanout                            ;
; fir_filter_parallel_reduced_pipelined_stream:impl|fir_filter_parallel_reduced_pipelined:impl|product_terms_pipe[0][32][9]   ; Lost fanout                            ;
; fir_filter_parallel_reduced_pipelined_stream:impl|fir_filter_parallel_reduced_pipelined:impl|product_terms_pipe[0][32][8]   ; Lost fanout                            ;
; fir_filter_parallel_reduced_pipelined_stream:impl|fir_filter_parallel_reduced_pipelined:impl|product_terms_pipe[0][32][7]   ; Lost fanout                            ;
; fir_filter_parallel_reduced_pipelined_stream:impl|fir_filter_parallel_reduced_pipelined:impl|product_terms_pipe[0][32][6]   ; Lost fanout                            ;
; fir_filter_parallel_reduced_pipelined_stream:impl|fir_filter_parallel_reduced_pipelined:impl|product_terms_pipe[0][32][5]   ; Lost fanout                            ;
; fir_filter_parallel_reduced_pipelined_stream:impl|fir_filter_parallel_reduced_pipelined:impl|product_terms_pipe[0][32][4]   ; Lost fanout                            ;
; fir_filter_parallel_reduced_pipelined_stream:impl|fir_filter_parallel_reduced_pipelined:impl|product_terms_pipe[0][32][3]   ; Lost fanout                            ;
; fir_filter_parallel_reduced_pipelined_stream:impl|fir_filter_parallel_reduced_pipelined:impl|product_terms_pipe[0][32][2]   ; Lost fanout                            ;
; fir_filter_parallel_reduced_pipelined_stream:impl|fir_filter_parallel_reduced_pipelined:impl|product_terms_pipe[0][32][1]   ; Lost fanout                            ;
; fir_filter_parallel_reduced_pipelined_stream:impl|fir_filter_parallel_reduced_pipelined:impl|product_terms_pipe[0][32][0]   ; Lost fanout                            ;
; fir_filter_parallel_reduced_pipelined_stream:impl|fir_filter_parallel_reduced_pipelined:impl|product_terms_pipe[0][33][45]  ; Lost fanout                            ;
; fir_filter_parallel_reduced_pipelined_stream:impl|fir_filter_parallel_reduced_pipelined:impl|product_terms_pipe[0][33][44]  ; Lost fanout                            ;
; fir_filter_parallel_reduced_pipelined_stream:impl|fir_filter_parallel_reduced_pipelined:impl|product_terms_pipe[0][33][43]  ; Lost fanout                            ;
; fir_filter_parallel_reduced_pipelined_stream:impl|fir_filter_parallel_reduced_pipelined:impl|product_terms_pipe[0][33][42]  ; Lost fanout                            ;
; fir_filter_parallel_reduced_pipelined_stream:impl|fir_filter_parallel_reduced_pipelined:impl|product_terms_pipe[0][33][41]  ; Lost fanout                            ;
; fir_filter_parallel_reduced_pipelined_stream:impl|fir_filter_parallel_reduced_pipelined:impl|product_terms_pipe[0][33][40]  ; Lost fanout                            ;
; fir_filter_parallel_reduced_pipelined_stream:impl|fir_filter_parallel_reduced_pipelined:impl|product_terms_pipe[0][33][39]  ; Lost fanout                            ;
; fir_filter_parallel_reduced_pipelined_stream:impl|fir_filter_parallel_reduced_pipelined:impl|product_terms_pipe[0][33][38]  ; Lost fanout                            ;
; fir_filter_parallel_reduced_pipelined_stream:impl|fir_filter_parallel_reduced_pipelined:impl|product_terms_pipe[0][33][37]  ; Lost fanout                            ;
; fir_filter_parallel_reduced_pipelined_stream:impl|fir_filter_parallel_reduced_pipelined:impl|product_terms_pipe[0][33][36]  ; Lost fanout                            ;
; fir_filter_parallel_reduced_pipelined_stream:impl|fir_filter_parallel_reduced_pipelined:impl|product_terms_pipe[0][33][35]  ; Lost fanout                            ;
; fir_filter_parallel_reduced_pipelined_stream:impl|fir_filter_parallel_reduced_pipelined:impl|product_terms_pipe[0][33][34]  ; Lost fanout                            ;
; fir_filter_parallel_reduced_pipelined_stream:impl|fir_filter_parallel_reduced_pipelined:impl|product_terms_pipe[0][33][33]  ; Lost fanout                            ;
; fir_filter_parallel_reduced_pipelined_stream:impl|fir_filter_parallel_reduced_pipelined:impl|product_terms_pipe[0][33][32]  ; Lost fanout                            ;
; fir_filter_parallel_reduced_pipelined_stream:impl|fir_filter_parallel_reduced_pipelined:impl|product_terms_pipe[0][33][31]  ; Lost fanout                            ;
; fir_filter_parallel_reduced_pipelined_stream:impl|fir_filter_parallel_reduced_pipelined:impl|product_terms_pipe[0][33][30]  ; Lost fanout                            ;
; fir_filter_parallel_reduced_pipelined_stream:impl|fir_filter_parallel_reduced_pipelined:impl|product_terms_pipe[0][33][29]  ; Lost fanout                            ;
; fir_filter_parallel_reduced_pipelined_stream:impl|fir_filter_parallel_reduced_pipelined:impl|product_terms_pipe[0][33][28]  ; Lost fanout                            ;
; fir_filter_parallel_reduced_pipelined_stream:impl|fir_filter_parallel_reduced_pipelined:impl|product_terms_pipe[0][33][27]  ; Lost fanout                            ;
; fir_filter_parallel_reduced_pipelined_stream:impl|fir_filter_parallel_reduced_pipelined:impl|product_terms_pipe[0][33][26]  ; Lost fanout                            ;
; fir_filter_parallel_reduced_pipelined_stream:impl|fir_filter_parallel_reduced_pipelined:impl|product_terms_pipe[0][33][25]  ; Lost fanout                            ;
; fir_filter_parallel_reduced_pipelined_stream:impl|fir_filter_parallel_reduced_pipelined:impl|product_terms_pipe[0][33][24]  ; Lost fanout                            ;
; fir_filter_parallel_reduced_pipelined_stream:impl|fir_filter_parallel_reduced_pipelined:impl|product_terms_pipe[0][33][23]  ; Lost fanout                            ;
; fir_filter_parallel_reduced_pipelined_stream:impl|fir_filter_parallel_reduced_pipelined:impl|product_terms_pipe[0][33][22]  ; Lost fanout                            ;
; fir_filter_parallel_reduced_pipelined_stream:impl|fir_filter_parallel_reduced_pipelined:impl|product_terms_pipe[0][33][21]  ; Lost fanout                            ;
; fir_filter_parallel_reduced_pipelined_stream:impl|fir_filter_parallel_reduced_pipelined:impl|product_terms_pipe[0][33][20]  ; Lost fanout                            ;
; fir_filter_parallel_reduced_pipelined_stream:impl|fir_filter_parallel_reduced_pipelined:impl|product_terms_pipe[0][33][19]  ; Lost fanout                            ;
; fir_filter_parallel_reduced_pipelined_stream:impl|fir_filter_parallel_reduced_pipelined:impl|product_terms_pipe[0][33][18]  ; Lost fanout                            ;
; fir_filter_parallel_reduced_pipelined_stream:impl|fir_filter_parallel_reduced_pipelined:impl|product_terms_pipe[0][33][17]  ; Lost fanout                            ;
; fir_filter_parallel_reduced_pipelined_stream:impl|fir_filter_parallel_reduced_pipelined:impl|product_terms_pipe[0][33][16]  ; Lost fanout                            ;
; fir_filter_parallel_reduced_pipelined_stream:impl|fir_filter_parallel_reduced_pipelined:impl|product_terms_pipe[0][33][15]  ; Lost fanout                            ;
; fir_filter_parallel_reduced_pipelined_stream:impl|fir_filter_parallel_reduced_pipelined:impl|product_terms_pipe[0][33][14]  ; Lost fanout                            ;
; fir_filter_parallel_reduced_pipelined_stream:impl|fir_filter_parallel_reduced_pipelined:impl|product_terms_pipe[0][33][13]  ; Lost fanout                            ;
; fir_filter_parallel_reduced_pipelined_stream:impl|fir_filter_parallel_reduced_pipelined:impl|product_terms_pipe[0][33][12]  ; Lost fanout                            ;
; fir_filter_parallel_reduced_pipelined_stream:impl|fir_filter_parallel_reduced_pipelined:impl|product_terms_pipe[0][33][11]  ; Lost fanout                            ;
; fir_filter_parallel_reduced_pipelined_stream:impl|fir_filter_parallel_reduced_pipelined:impl|product_terms_pipe[0][33][10]  ; Lost fanout                            ;
; fir_filter_parallel_reduced_pipelined_stream:impl|fir_filter_parallel_reduced_pipelined:impl|product_terms_pipe[0][33][9]   ; Lost fanout                            ;
; fir_filter_parallel_reduced_pipelined_stream:impl|fir_filter_parallel_reduced_pipelined:impl|product_terms_pipe[0][33][8]   ; Lost fanout                            ;
; fir_filter_parallel_reduced_pipelined_stream:impl|fir_filter_parallel_reduced_pipelined:impl|product_terms_pipe[0][33][7]   ; Lost fanout                            ;
; fir_filter_parallel_reduced_pipelined_stream:impl|fir_filter_parallel_reduced_pipelined:impl|product_terms_pipe[0][33][6]   ; Lost fanout                            ;
; fir_filter_parallel_reduced_pipelined_stream:impl|fir_filter_parallel_reduced_pipelined:impl|product_terms_pipe[0][33][5]   ; Lost fanout                            ;
; fir_filter_parallel_reduced_pipelined_stream:impl|fir_filter_parallel_reduced_pipelined:impl|product_terms_pipe[0][33][4]   ; Lost fanout                            ;
; fir_filter_parallel_reduced_pipelined_stream:impl|fir_filter_parallel_reduced_pipelined:impl|product_terms_pipe[0][33][3]   ; Lost fanout                            ;
; fir_filter_parallel_reduced_pipelined_stream:impl|fir_filter_parallel_reduced_pipelined:impl|product_terms_pipe[0][33][2]   ; Lost fanout                            ;
; fir_filter_parallel_reduced_pipelined_stream:impl|fir_filter_parallel_reduced_pipelined:impl|product_terms_pipe[0][33][1]   ; Lost fanout                            ;
; fir_filter_parallel_reduced_pipelined_stream:impl|fir_filter_parallel_reduced_pipelined:impl|product_terms_pipe[0][33][0]   ; Lost fanout                            ;
; fir_filter_parallel_reduced_pipelined_stream:impl|fir_filter_parallel_reduced_pipelined:impl|product_terms_pipe[0][34][45]  ; Lost fanout                            ;
; fir_filter_parallel_reduced_pipelined_stream:impl|fir_filter_parallel_reduced_pipelined:impl|product_terms_pipe[0][34][44]  ; Lost fanout                            ;
; fir_filter_parallel_reduced_pipelined_stream:impl|fir_filter_parallel_reduced_pipelined:impl|product_terms_pipe[0][34][43]  ; Lost fanout                            ;
; fir_filter_parallel_reduced_pipelined_stream:impl|fir_filter_parallel_reduced_pipelined:impl|product_terms_pipe[0][34][42]  ; Lost fanout                            ;
; fir_filter_parallel_reduced_pipelined_stream:impl|fir_filter_parallel_reduced_pipelined:impl|product_terms_pipe[0][34][41]  ; Lost fanout                            ;
; fir_filter_parallel_reduced_pipelined_stream:impl|fir_filter_parallel_reduced_pipelined:impl|product_terms_pipe[0][34][40]  ; Lost fanout                            ;
; fir_filter_parallel_reduced_pipelined_stream:impl|fir_filter_parallel_reduced_pipelined:impl|product_terms_pipe[0][34][39]  ; Lost fanout                            ;
; fir_filter_parallel_reduced_pipelined_stream:impl|fir_filter_parallel_reduced_pipelined:impl|product_terms_pipe[0][34][38]  ; Lost fanout                            ;
; fir_filter_parallel_reduced_pipelined_stream:impl|fir_filter_parallel_reduced_pipelined:impl|product_terms_pipe[0][34][37]  ; Lost fanout                            ;
; fir_filter_parallel_reduced_pipelined_stream:impl|fir_filter_parallel_reduced_pipelined:impl|product_terms_pipe[0][34][36]  ; Lost fanout                            ;
; fir_filter_parallel_reduced_pipelined_stream:impl|fir_filter_parallel_reduced_pipelined:impl|product_terms_pipe[0][34][35]  ; Lost fanout                            ;
; fir_filter_parallel_reduced_pipelined_stream:impl|fir_filter_parallel_reduced_pipelined:impl|product_terms_pipe[0][34][34]  ; Lost fanout                            ;
; fir_filter_parallel_reduced_pipelined_stream:impl|fir_filter_parallel_reduced_pipelined:impl|product_terms_pipe[0][34][33]  ; Lost fanout                            ;
; fir_filter_parallel_reduced_pipelined_stream:impl|fir_filter_parallel_reduced_pipelined:impl|product_terms_pipe[0][34][32]  ; Lost fanout                            ;
; fir_filter_parallel_reduced_pipelined_stream:impl|fir_filter_parallel_reduced_pipelined:impl|product_terms_pipe[0][34][31]  ; Lost fanout                            ;
; fir_filter_parallel_reduced_pipelined_stream:impl|fir_filter_parallel_reduced_pipelined:impl|product_terms_pipe[0][34][30]  ; Lost fanout                            ;
; fir_filter_parallel_reduced_pipelined_stream:impl|fir_filter_parallel_reduced_pipelined:impl|product_terms_pipe[0][34][29]  ; Lost fanout                            ;
; fir_filter_parallel_reduced_pipelined_stream:impl|fir_filter_parallel_reduced_pipelined:impl|product_terms_pipe[0][34][28]  ; Lost fanout                            ;
; fir_filter_parallel_reduced_pipelined_stream:impl|fir_filter_parallel_reduced_pipelined:impl|product_terms_pipe[0][34][27]  ; Lost fanout                            ;
; fir_filter_parallel_reduced_pipelined_stream:impl|fir_filter_parallel_reduced_pipelined:impl|product_terms_pipe[0][34][26]  ; Lost fanout                            ;
; fir_filter_parallel_reduced_pipelined_stream:impl|fir_filter_parallel_reduced_pipelined:impl|product_terms_pipe[0][34][25]  ; Lost fanout                            ;
; fir_filter_parallel_reduced_pipelined_stream:impl|fir_filter_parallel_reduced_pipelined:impl|product_terms_pipe[0][34][24]  ; Lost fanout                            ;
; fir_filter_parallel_reduced_pipelined_stream:impl|fir_filter_parallel_reduced_pipelined:impl|product_terms_pipe[0][34][23]  ; Lost fanout                            ;
; fir_filter_parallel_reduced_pipelined_stream:impl|fir_filter_parallel_reduced_pipelined:impl|product_terms_pipe[0][34][22]  ; Lost fanout                            ;
; fir_filter_parallel_reduced_pipelined_stream:impl|fir_filter_parallel_reduced_pipelined:impl|product_terms_pipe[0][34][21]  ; Lost fanout                            ;
; fir_filter_parallel_reduced_pipelined_stream:impl|fir_filter_parallel_reduced_pipelined:impl|product_terms_pipe[0][34][20]  ; Lost fanout                            ;
; fir_filter_parallel_reduced_pipelined_stream:impl|fir_filter_parallel_reduced_pipelined:impl|product_terms_pipe[0][34][19]  ; Lost fanout                            ;
; fir_filter_parallel_reduced_pipelined_stream:impl|fir_filter_parallel_reduced_pipelined:impl|product_terms_pipe[0][34][18]  ; Lost fanout                            ;
; fir_filter_parallel_reduced_pipelined_stream:impl|fir_filter_parallel_reduced_pipelined:impl|product_terms_pipe[0][34][17]  ; Lost fanout                            ;
; fir_filter_parallel_reduced_pipelined_stream:impl|fir_filter_parallel_reduced_pipelined:impl|product_terms_pipe[0][34][16]  ; Lost fanout                            ;
; fir_filter_parallel_reduced_pipelined_stream:impl|fir_filter_parallel_reduced_pipelined:impl|product_terms_pipe[0][34][15]  ; Lost fanout                            ;
; fir_filter_parallel_reduced_pipelined_stream:impl|fir_filter_parallel_reduced_pipelined:impl|product_terms_pipe[0][34][14]  ; Lost fanout                            ;
; fir_filter_parallel_reduced_pipelined_stream:impl|fir_filter_parallel_reduced_pipelined:impl|product_terms_pipe[0][34][13]  ; Lost fanout                            ;
; fir_filter_parallel_reduced_pipelined_stream:impl|fir_filter_parallel_reduced_pipelined:impl|product_terms_pipe[0][34][12]  ; Lost fanout                            ;
; fir_filter_parallel_reduced_pipelined_stream:impl|fir_filter_parallel_reduced_pipelined:impl|product_terms_pipe[0][34][11]  ; Lost fanout                            ;
; fir_filter_parallel_reduced_pipelined_stream:impl|fir_filter_parallel_reduced_pipelined:impl|product_terms_pipe[0][34][10]  ; Lost fanout                            ;
; fir_filter_parallel_reduced_pipelined_stream:impl|fir_filter_parallel_reduced_pipelined:impl|product_terms_pipe[0][34][9]   ; Lost fanout                            ;
; fir_filter_parallel_reduced_pipelined_stream:impl|fir_filter_parallel_reduced_pipelined:impl|product_terms_pipe[0][34][8]   ; Lost fanout                            ;
; fir_filter_parallel_reduced_pipelined_stream:impl|fir_filter_parallel_reduced_pipelined:impl|product_terms_pipe[0][34][7]   ; Lost fanout                            ;
; fir_filter_parallel_reduced_pipelined_stream:impl|fir_filter_parallel_reduced_pipelined:impl|product_terms_pipe[0][34][6]   ; Lost fanout                            ;
; fir_filter_parallel_reduced_pipelined_stream:impl|fir_filter_parallel_reduced_pipelined:impl|product_terms_pipe[0][34][5]   ; Lost fanout                            ;
; fir_filter_parallel_reduced_pipelined_stream:impl|fir_filter_parallel_reduced_pipelined:impl|product_terms_pipe[0][34][4]   ; Lost fanout                            ;
; fir_filter_parallel_reduced_pipelined_stream:impl|fir_filter_parallel_reduced_pipelined:impl|product_terms_pipe[0][34][3]   ; Lost fanout                            ;
; fir_filter_parallel_reduced_pipelined_stream:impl|fir_filter_parallel_reduced_pipelined:impl|product_terms_pipe[0][34][2]   ; Lost fanout                            ;
; fir_filter_parallel_reduced_pipelined_stream:impl|fir_filter_parallel_reduced_pipelined:impl|product_terms_pipe[0][34][1]   ; Lost fanout                            ;
; fir_filter_parallel_reduced_pipelined_stream:impl|fir_filter_parallel_reduced_pipelined:impl|product_terms_pipe[0][34][0]   ; Lost fanout                            ;
; fir_filter_parallel_reduced_pipelined_stream:impl|fir_filter_parallel_reduced_pipelined:impl|product_terms_pipe[0][35][45]  ; Lost fanout                            ;
; fir_filter_parallel_reduced_pipelined_stream:impl|fir_filter_parallel_reduced_pipelined:impl|product_terms_pipe[0][35][44]  ; Lost fanout                            ;
; fir_filter_parallel_reduced_pipelined_stream:impl|fir_filter_parallel_reduced_pipelined:impl|product_terms_pipe[0][35][43]  ; Lost fanout                            ;
; fir_filter_parallel_reduced_pipelined_stream:impl|fir_filter_parallel_reduced_pipelined:impl|product_terms_pipe[0][35][42]  ; Lost fanout                            ;
; fir_filter_parallel_reduced_pipelined_stream:impl|fir_filter_parallel_reduced_pipelined:impl|product_terms_pipe[0][35][41]  ; Lost fanout                            ;
; fir_filter_parallel_reduced_pipelined_stream:impl|fir_filter_parallel_reduced_pipelined:impl|product_terms_pipe[0][35][40]  ; Lost fanout                            ;
; fir_filter_parallel_reduced_pipelined_stream:impl|fir_filter_parallel_reduced_pipelined:impl|product_terms_pipe[0][35][39]  ; Lost fanout                            ;
; fir_filter_parallel_reduced_pipelined_stream:impl|fir_filter_parallel_reduced_pipelined:impl|product_terms_pipe[0][35][38]  ; Lost fanout                            ;
; fir_filter_parallel_reduced_pipelined_stream:impl|fir_filter_parallel_reduced_pipelined:impl|product_terms_pipe[0][35][37]  ; Lost fanout                            ;
; fir_filter_parallel_reduced_pipelined_stream:impl|fir_filter_parallel_reduced_pipelined:impl|product_terms_pipe[0][35][36]  ; Lost fanout                            ;
; fir_filter_parallel_reduced_pipelined_stream:impl|fir_filter_parallel_reduced_pipelined:impl|product_terms_pipe[0][35][35]  ; Lost fanout                            ;
; fir_filter_parallel_reduced_pipelined_stream:impl|fir_filter_parallel_reduced_pipelined:impl|product_terms_pipe[0][35][34]  ; Lost fanout                            ;
; fir_filter_parallel_reduced_pipelined_stream:impl|fir_filter_parallel_reduced_pipelined:impl|product_terms_pipe[0][35][33]  ; Lost fanout                            ;
; fir_filter_parallel_reduced_pipelined_stream:impl|fir_filter_parallel_reduced_pipelined:impl|product_terms_pipe[0][35][32]  ; Lost fanout                            ;
; fir_filter_parallel_reduced_pipelined_stream:impl|fir_filter_parallel_reduced_pipelined:impl|product_terms_pipe[0][35][31]  ; Lost fanout                            ;
; fir_filter_parallel_reduced_pipelined_stream:impl|fir_filter_parallel_reduced_pipelined:impl|product_terms_pipe[0][35][30]  ; Lost fanout                            ;
; fir_filter_parallel_reduced_pipelined_stream:impl|fir_filter_parallel_reduced_pipelined:impl|product_terms_pipe[0][35][29]  ; Lost fanout                            ;
; fir_filter_parallel_reduced_pipelined_stream:impl|fir_filter_parallel_reduced_pipelined:impl|product_terms_pipe[0][35][28]  ; Lost fanout                            ;
; fir_filter_parallel_reduced_pipelined_stream:impl|fir_filter_parallel_reduced_pipelined:impl|product_terms_pipe[0][35][27]  ; Lost fanout                            ;
; fir_filter_parallel_reduced_pipelined_stream:impl|fir_filter_parallel_reduced_pipelined:impl|product_terms_pipe[0][35][26]  ; Lost fanout                            ;
; fir_filter_parallel_reduced_pipelined_stream:impl|fir_filter_parallel_reduced_pipelined:impl|product_terms_pipe[0][35][25]  ; Lost fanout                            ;
; fir_filter_parallel_reduced_pipelined_stream:impl|fir_filter_parallel_reduced_pipelined:impl|product_terms_pipe[0][35][24]  ; Lost fanout                            ;
; fir_filter_parallel_reduced_pipelined_stream:impl|fir_filter_parallel_reduced_pipelined:impl|product_terms_pipe[0][35][23]  ; Lost fanout                            ;
; fir_filter_parallel_reduced_pipelined_stream:impl|fir_filter_parallel_reduced_pipelined:impl|product_terms_pipe[0][35][22]  ; Lost fanout                            ;
; fir_filter_parallel_reduced_pipelined_stream:impl|fir_filter_parallel_reduced_pipelined:impl|product_terms_pipe[0][35][21]  ; Lost fanout                            ;
; fir_filter_parallel_reduced_pipelined_stream:impl|fir_filter_parallel_reduced_pipelined:impl|product_terms_pipe[0][35][20]  ; Lost fanout                            ;
; fir_filter_parallel_reduced_pipelined_stream:impl|fir_filter_parallel_reduced_pipelined:impl|product_terms_pipe[0][35][19]  ; Lost fanout                            ;
; fir_filter_parallel_reduced_pipelined_stream:impl|fir_filter_parallel_reduced_pipelined:impl|product_terms_pipe[0][35][18]  ; Lost fanout                            ;
; fir_filter_parallel_reduced_pipelined_stream:impl|fir_filter_parallel_reduced_pipelined:impl|product_terms_pipe[0][35][17]  ; Lost fanout                            ;
; fir_filter_parallel_reduced_pipelined_stream:impl|fir_filter_parallel_reduced_pipelined:impl|product_terms_pipe[0][35][16]  ; Lost fanout                            ;
; fir_filter_parallel_reduced_pipelined_stream:impl|fir_filter_parallel_reduced_pipelined:impl|product_terms_pipe[0][35][15]  ; Lost fanout                            ;
; fir_filter_parallel_reduced_pipelined_stream:impl|fir_filter_parallel_reduced_pipelined:impl|product_terms_pipe[0][35][14]  ; Lost fanout                            ;
; fir_filter_parallel_reduced_pipelined_stream:impl|fir_filter_parallel_reduced_pipelined:impl|product_terms_pipe[0][35][13]  ; Lost fanout                            ;
; fir_filter_parallel_reduced_pipelined_stream:impl|fir_filter_parallel_reduced_pipelined:impl|product_terms_pipe[0][35][12]  ; Lost fanout                            ;
; fir_filter_parallel_reduced_pipelined_stream:impl|fir_filter_parallel_reduced_pipelined:impl|product_terms_pipe[0][35][11]  ; Lost fanout                            ;
; fir_filter_parallel_reduced_pipelined_stream:impl|fir_filter_parallel_reduced_pipelined:impl|product_terms_pipe[0][35][10]  ; Lost fanout                            ;
; fir_filter_parallel_reduced_pipelined_stream:impl|fir_filter_parallel_reduced_pipelined:impl|product_terms_pipe[0][35][9]   ; Lost fanout                            ;
; fir_filter_parallel_reduced_pipelined_stream:impl|fir_filter_parallel_reduced_pipelined:impl|product_terms_pipe[0][35][8]   ; Lost fanout                            ;
; fir_filter_parallel_reduced_pipelined_stream:impl|fir_filter_parallel_reduced_pipelined:impl|product_terms_pipe[0][35][7]   ; Lost fanout                            ;
; fir_filter_parallel_reduced_pipelined_stream:impl|fir_filter_parallel_reduced_pipelined:impl|product_terms_pipe[0][35][6]   ; Lost fanout                            ;
; fir_filter_parallel_reduced_pipelined_stream:impl|fir_filter_parallel_reduced_pipelined:impl|product_terms_pipe[0][35][5]   ; Lost fanout                            ;
; fir_filter_parallel_reduced_pipelined_stream:impl|fir_filter_parallel_reduced_pipelined:impl|product_terms_pipe[0][35][4]   ; Lost fanout                            ;
; fir_filter_parallel_reduced_pipelined_stream:impl|fir_filter_parallel_reduced_pipelined:impl|product_terms_pipe[0][35][3]   ; Lost fanout                            ;
; fir_filter_parallel_reduced_pipelined_stream:impl|fir_filter_parallel_reduced_pipelined:impl|product_terms_pipe[0][35][2]   ; Lost fanout                            ;
; fir_filter_parallel_reduced_pipelined_stream:impl|fir_filter_parallel_reduced_pipelined:impl|product_terms_pipe[0][35][1]   ; Lost fanout                            ;
; fir_filter_parallel_reduced_pipelined_stream:impl|fir_filter_parallel_reduced_pipelined:impl|product_terms_pipe[0][35][0]   ; Lost fanout                            ;
; fir_filter_parallel_reduced_pipelined_stream:impl|fir_filter_parallel_reduced_pipelined:impl|product_terms_pipe[0][36][45]  ; Lost fanout                            ;
; fir_filter_parallel_reduced_pipelined_stream:impl|fir_filter_parallel_reduced_pipelined:impl|product_terms_pipe[0][36][44]  ; Lost fanout                            ;
; fir_filter_parallel_reduced_pipelined_stream:impl|fir_filter_parallel_reduced_pipelined:impl|product_terms_pipe[0][36][43]  ; Lost fanout                            ;
; fir_filter_parallel_reduced_pipelined_stream:impl|fir_filter_parallel_reduced_pipelined:impl|product_terms_pipe[0][36][42]  ; Lost fanout                            ;
; fir_filter_parallel_reduced_pipelined_stream:impl|fir_filter_parallel_reduced_pipelined:impl|product_terms_pipe[0][36][41]  ; Lost fanout                            ;
; fir_filter_parallel_reduced_pipelined_stream:impl|fir_filter_parallel_reduced_pipelined:impl|product_terms_pipe[0][36][40]  ; Lost fanout                            ;
; fir_filter_parallel_reduced_pipelined_stream:impl|fir_filter_parallel_reduced_pipelined:impl|product_terms_pipe[0][36][39]  ; Lost fanout                            ;
; fir_filter_parallel_reduced_pipelined_stream:impl|fir_filter_parallel_reduced_pipelined:impl|product_terms_pipe[0][36][38]  ; Lost fanout                            ;
; fir_filter_parallel_reduced_pipelined_stream:impl|fir_filter_parallel_reduced_pipelined:impl|product_terms_pipe[0][36][37]  ; Lost fanout                            ;
; fir_filter_parallel_reduced_pipelined_stream:impl|fir_filter_parallel_reduced_pipelined:impl|product_terms_pipe[0][36][36]  ; Lost fanout                            ;
; fir_filter_parallel_reduced_pipelined_stream:impl|fir_filter_parallel_reduced_pipelined:impl|product_terms_pipe[0][36][35]  ; Lost fanout                            ;
; fir_filter_parallel_reduced_pipelined_stream:impl|fir_filter_parallel_reduced_pipelined:impl|product_terms_pipe[0][36][34]  ; Lost fanout                            ;
; fir_filter_parallel_reduced_pipelined_stream:impl|fir_filter_parallel_reduced_pipelined:impl|product_terms_pipe[0][36][33]  ; Lost fanout                            ;
; fir_filter_parallel_reduced_pipelined_stream:impl|fir_filter_parallel_reduced_pipelined:impl|product_terms_pipe[0][36][32]  ; Lost fanout                            ;
; fir_filter_parallel_reduced_pipelined_stream:impl|fir_filter_parallel_reduced_pipelined:impl|product_terms_pipe[0][36][31]  ; Lost fanout                            ;
; fir_filter_parallel_reduced_pipelined_stream:impl|fir_filter_parallel_reduced_pipelined:impl|product_terms_pipe[0][36][30]  ; Lost fanout                            ;
; fir_filter_parallel_reduced_pipelined_stream:impl|fir_filter_parallel_reduced_pipelined:impl|product_terms_pipe[0][36][29]  ; Lost fanout                            ;
; fir_filter_parallel_reduced_pipelined_stream:impl|fir_filter_parallel_reduced_pipelined:impl|product_terms_pipe[0][36][28]  ; Lost fanout                            ;
; fir_filter_parallel_reduced_pipelined_stream:impl|fir_filter_parallel_reduced_pipelined:impl|product_terms_pipe[0][36][27]  ; Lost fanout                            ;
; fir_filter_parallel_reduced_pipelined_stream:impl|fir_filter_parallel_reduced_pipelined:impl|product_terms_pipe[0][36][26]  ; Lost fanout                            ;
; fir_filter_parallel_reduced_pipelined_stream:impl|fir_filter_parallel_reduced_pipelined:impl|product_terms_pipe[0][36][25]  ; Lost fanout                            ;
; fir_filter_parallel_reduced_pipelined_stream:impl|fir_filter_parallel_reduced_pipelined:impl|product_terms_pipe[0][36][24]  ; Lost fanout                            ;
; fir_filter_parallel_reduced_pipelined_stream:impl|fir_filter_parallel_reduced_pipelined:impl|product_terms_pipe[0][36][23]  ; Lost fanout                            ;
; fir_filter_parallel_reduced_pipelined_stream:impl|fir_filter_parallel_reduced_pipelined:impl|product_terms_pipe[0][36][22]  ; Lost fanout                            ;
; fir_filter_parallel_reduced_pipelined_stream:impl|fir_filter_parallel_reduced_pipelined:impl|product_terms_pipe[0][36][21]  ; Lost fanout                            ;
; fir_filter_parallel_reduced_pipelined_stream:impl|fir_filter_parallel_reduced_pipelined:impl|product_terms_pipe[0][36][20]  ; Lost fanout                            ;
; fir_filter_parallel_reduced_pipelined_stream:impl|fir_filter_parallel_reduced_pipelined:impl|product_terms_pipe[0][36][19]  ; Lost fanout                            ;
; fir_filter_parallel_reduced_pipelined_stream:impl|fir_filter_parallel_reduced_pipelined:impl|product_terms_pipe[0][36][18]  ; Lost fanout                            ;
; fir_filter_parallel_reduced_pipelined_stream:impl|fir_filter_parallel_reduced_pipelined:impl|product_terms_pipe[0][36][17]  ; Lost fanout                            ;
; fir_filter_parallel_reduced_pipelined_stream:impl|fir_filter_parallel_reduced_pipelined:impl|product_terms_pipe[0][36][16]  ; Lost fanout                            ;
; fir_filter_parallel_reduced_pipelined_stream:impl|fir_filter_parallel_reduced_pipelined:impl|product_terms_pipe[0][36][15]  ; Lost fanout                            ;
; fir_filter_parallel_reduced_pipelined_stream:impl|fir_filter_parallel_reduced_pipelined:impl|product_terms_pipe[0][36][14]  ; Lost fanout                            ;
; fir_filter_parallel_reduced_pipelined_stream:impl|fir_filter_parallel_reduced_pipelined:impl|product_terms_pipe[0][36][13]  ; Lost fanout                            ;
; fir_filter_parallel_reduced_pipelined_stream:impl|fir_filter_parallel_reduced_pipelined:impl|product_terms_pipe[0][36][12]  ; Lost fanout                            ;
; fir_filter_parallel_reduced_pipelined_stream:impl|fir_filter_parallel_reduced_pipelined:impl|product_terms_pipe[0][36][11]  ; Lost fanout                            ;
; fir_filter_parallel_reduced_pipelined_stream:impl|fir_filter_parallel_reduced_pipelined:impl|product_terms_pipe[0][36][10]  ; Lost fanout                            ;
; fir_filter_parallel_reduced_pipelined_stream:impl|fir_filter_parallel_reduced_pipelined:impl|product_terms_pipe[0][36][9]   ; Lost fanout                            ;
; fir_filter_parallel_reduced_pipelined_stream:impl|fir_filter_parallel_reduced_pipelined:impl|product_terms_pipe[0][36][8]   ; Lost fanout                            ;
; fir_filter_parallel_reduced_pipelined_stream:impl|fir_filter_parallel_reduced_pipelined:impl|product_terms_pipe[0][36][7]   ; Lost fanout                            ;
; fir_filter_parallel_reduced_pipelined_stream:impl|fir_filter_parallel_reduced_pipelined:impl|product_terms_pipe[0][36][6]   ; Lost fanout                            ;
; fir_filter_parallel_reduced_pipelined_stream:impl|fir_filter_parallel_reduced_pipelined:impl|product_terms_pipe[0][36][5]   ; Lost fanout                            ;
; fir_filter_parallel_reduced_pipelined_stream:impl|fir_filter_parallel_reduced_pipelined:impl|product_terms_pipe[0][36][4]   ; Lost fanout                            ;
; fir_filter_parallel_reduced_pipelined_stream:impl|fir_filter_parallel_reduced_pipelined:impl|product_terms_pipe[0][36][3]   ; Lost fanout                            ;
; fir_filter_parallel_reduced_pipelined_stream:impl|fir_filter_parallel_reduced_pipelined:impl|product_terms_pipe[0][36][2]   ; Lost fanout                            ;
; fir_filter_parallel_reduced_pipelined_stream:impl|fir_filter_parallel_reduced_pipelined:impl|product_terms_pipe[0][36][1]   ; Lost fanout                            ;
; fir_filter_parallel_reduced_pipelined_stream:impl|fir_filter_parallel_reduced_pipelined:impl|product_terms_pipe[0][36][0]   ; Lost fanout                            ;
; fir_filter_parallel_reduced_pipelined_stream:impl|fir_filter_parallel_reduced_pipelined:impl|product_terms_pipe[0][37][45]  ; Lost fanout                            ;
; fir_filter_parallel_reduced_pipelined_stream:impl|fir_filter_parallel_reduced_pipelined:impl|product_terms_pipe[0][37][44]  ; Lost fanout                            ;
; fir_filter_parallel_reduced_pipelined_stream:impl|fir_filter_parallel_reduced_pipelined:impl|product_terms_pipe[0][37][43]  ; Lost fanout                            ;
; fir_filter_parallel_reduced_pipelined_stream:impl|fir_filter_parallel_reduced_pipelined:impl|product_terms_pipe[0][37][42]  ; Lost fanout                            ;
; fir_filter_parallel_reduced_pipelined_stream:impl|fir_filter_parallel_reduced_pipelined:impl|product_terms_pipe[0][37][41]  ; Lost fanout                            ;
; fir_filter_parallel_reduced_pipelined_stream:impl|fir_filter_parallel_reduced_pipelined:impl|product_terms_pipe[0][37][40]  ; Lost fanout                            ;
; fir_filter_parallel_reduced_pipelined_stream:impl|fir_filter_parallel_reduced_pipelined:impl|product_terms_pipe[0][37][39]  ; Lost fanout                            ;
; fir_filter_parallel_reduced_pipelined_stream:impl|fir_filter_parallel_reduced_pipelined:impl|product_terms_pipe[0][37][38]  ; Lost fanout                            ;
; fir_filter_parallel_reduced_pipelined_stream:impl|fir_filter_parallel_reduced_pipelined:impl|product_terms_pipe[0][37][37]  ; Lost fanout                            ;
; fir_filter_parallel_reduced_pipelined_stream:impl|fir_filter_parallel_reduced_pipelined:impl|product_terms_pipe[0][37][36]  ; Lost fanout                            ;
; fir_filter_parallel_reduced_pipelined_stream:impl|fir_filter_parallel_reduced_pipelined:impl|product_terms_pipe[0][37][35]  ; Lost fanout                            ;
; fir_filter_parallel_reduced_pipelined_stream:impl|fir_filter_parallel_reduced_pipelined:impl|product_terms_pipe[0][37][34]  ; Lost fanout                            ;
; fir_filter_parallel_reduced_pipelined_stream:impl|fir_filter_parallel_reduced_pipelined:impl|product_terms_pipe[0][37][33]  ; Lost fanout                            ;
; fir_filter_parallel_reduced_pipelined_stream:impl|fir_filter_parallel_reduced_pipelined:impl|product_terms_pipe[0][37][32]  ; Lost fanout                            ;
; fir_filter_parallel_reduced_pipelined_stream:impl|fir_filter_parallel_reduced_pipelined:impl|product_terms_pipe[0][37][31]  ; Lost fanout                            ;
; fir_filter_parallel_reduced_pipelined_stream:impl|fir_filter_parallel_reduced_pipelined:impl|product_terms_pipe[0][37][30]  ; Lost fanout                            ;
; fir_filter_parallel_reduced_pipelined_stream:impl|fir_filter_parallel_reduced_pipelined:impl|product_terms_pipe[0][37][29]  ; Lost fanout                            ;
; fir_filter_parallel_reduced_pipelined_stream:impl|fir_filter_parallel_reduced_pipelined:impl|product_terms_pipe[0][37][28]  ; Lost fanout                            ;
; fir_filter_parallel_reduced_pipelined_stream:impl|fir_filter_parallel_reduced_pipelined:impl|product_terms_pipe[0][37][27]  ; Lost fanout                            ;
; fir_filter_parallel_reduced_pipelined_stream:impl|fir_filter_parallel_reduced_pipelined:impl|product_terms_pipe[0][37][26]  ; Lost fanout                            ;
; fir_filter_parallel_reduced_pipelined_stream:impl|fir_filter_parallel_reduced_pipelined:impl|product_terms_pipe[0][37][25]  ; Lost fanout                            ;
; fir_filter_parallel_reduced_pipelined_stream:impl|fir_filter_parallel_reduced_pipelined:impl|product_terms_pipe[0][37][24]  ; Lost fanout                            ;
; fir_filter_parallel_reduced_pipelined_stream:impl|fir_filter_parallel_reduced_pipelined:impl|product_terms_pipe[0][37][23]  ; Lost fanout                            ;
; fir_filter_parallel_reduced_pipelined_stream:impl|fir_filter_parallel_reduced_pipelined:impl|product_terms_pipe[0][37][22]  ; Lost fanout                            ;
; fir_filter_parallel_reduced_pipelined_stream:impl|fir_filter_parallel_reduced_pipelined:impl|product_terms_pipe[0][37][21]  ; Lost fanout                            ;
; fir_filter_parallel_reduced_pipelined_stream:impl|fir_filter_parallel_reduced_pipelined:impl|product_terms_pipe[0][37][20]  ; Lost fanout                            ;
; fir_filter_parallel_reduced_pipelined_stream:impl|fir_filter_parallel_reduced_pipelined:impl|product_terms_pipe[0][37][19]  ; Lost fanout                            ;
; fir_filter_parallel_reduced_pipelined_stream:impl|fir_filter_parallel_reduced_pipelined:impl|product_terms_pipe[0][37][18]  ; Lost fanout                            ;
; fir_filter_parallel_reduced_pipelined_stream:impl|fir_filter_parallel_reduced_pipelined:impl|product_terms_pipe[0][37][17]  ; Lost fanout                            ;
; fir_filter_parallel_reduced_pipelined_stream:impl|fir_filter_parallel_reduced_pipelined:impl|product_terms_pipe[0][37][16]  ; Lost fanout                            ;
; fir_filter_parallel_reduced_pipelined_stream:impl|fir_filter_parallel_reduced_pipelined:impl|product_terms_pipe[0][37][15]  ; Lost fanout                            ;
; fir_filter_parallel_reduced_pipelined_stream:impl|fir_filter_parallel_reduced_pipelined:impl|product_terms_pipe[0][37][14]  ; Lost fanout                            ;
; fir_filter_parallel_reduced_pipelined_stream:impl|fir_filter_parallel_reduced_pipelined:impl|product_terms_pipe[0][37][13]  ; Lost fanout                            ;
; fir_filter_parallel_reduced_pipelined_stream:impl|fir_filter_parallel_reduced_pipelined:impl|product_terms_pipe[0][37][12]  ; Lost fanout                            ;
; fir_filter_parallel_reduced_pipelined_stream:impl|fir_filter_parallel_reduced_pipelined:impl|product_terms_pipe[0][37][11]  ; Lost fanout                            ;
; fir_filter_parallel_reduced_pipelined_stream:impl|fir_filter_parallel_reduced_pipelined:impl|product_terms_pipe[0][37][10]  ; Lost fanout                            ;
; fir_filter_parallel_reduced_pipelined_stream:impl|fir_filter_parallel_reduced_pipelined:impl|product_terms_pipe[0][37][9]   ; Lost fanout                            ;
; fir_filter_parallel_reduced_pipelined_stream:impl|fir_filter_parallel_reduced_pipelined:impl|product_terms_pipe[0][37][8]   ; Lost fanout                            ;
; fir_filter_parallel_reduced_pipelined_stream:impl|fir_filter_parallel_reduced_pipelined:impl|product_terms_pipe[0][37][7]   ; Lost fanout                            ;
; fir_filter_parallel_reduced_pipelined_stream:impl|fir_filter_parallel_reduced_pipelined:impl|product_terms_pipe[0][37][6]   ; Lost fanout                            ;
; fir_filter_parallel_reduced_pipelined_stream:impl|fir_filter_parallel_reduced_pipelined:impl|product_terms_pipe[0][37][5]   ; Lost fanout                            ;
; fir_filter_parallel_reduced_pipelined_stream:impl|fir_filter_parallel_reduced_pipelined:impl|product_terms_pipe[0][37][4]   ; Lost fanout                            ;
; fir_filter_parallel_reduced_pipelined_stream:impl|fir_filter_parallel_reduced_pipelined:impl|product_terms_pipe[0][37][3]   ; Lost fanout                            ;
; fir_filter_parallel_reduced_pipelined_stream:impl|fir_filter_parallel_reduced_pipelined:impl|product_terms_pipe[0][37][2]   ; Lost fanout                            ;
; fir_filter_parallel_reduced_pipelined_stream:impl|fir_filter_parallel_reduced_pipelined:impl|product_terms_pipe[0][37][1]   ; Lost fanout                            ;
; fir_filter_parallel_reduced_pipelined_stream:impl|fir_filter_parallel_reduced_pipelined:impl|product_terms_pipe[0][37][0]   ; Lost fanout                            ;
; fir_filter_parallel_reduced_pipelined_stream:impl|fir_filter_parallel_reduced_pipelined:impl|product_terms_pipe[0][38][45]  ; Lost fanout                            ;
; fir_filter_parallel_reduced_pipelined_stream:impl|fir_filter_parallel_reduced_pipelined:impl|product_terms_pipe[0][38][44]  ; Lost fanout                            ;
; fir_filter_parallel_reduced_pipelined_stream:impl|fir_filter_parallel_reduced_pipelined:impl|product_terms_pipe[0][38][43]  ; Lost fanout                            ;
; fir_filter_parallel_reduced_pipelined_stream:impl|fir_filter_parallel_reduced_pipelined:impl|product_terms_pipe[0][38][42]  ; Lost fanout                            ;
; fir_filter_parallel_reduced_pipelined_stream:impl|fir_filter_parallel_reduced_pipelined:impl|product_terms_pipe[0][38][41]  ; Lost fanout                            ;
; fir_filter_parallel_reduced_pipelined_stream:impl|fir_filter_parallel_reduced_pipelined:impl|product_terms_pipe[0][38][40]  ; Lost fanout                            ;
; fir_filter_parallel_reduced_pipelined_stream:impl|fir_filter_parallel_reduced_pipelined:impl|product_terms_pipe[0][38][39]  ; Lost fanout                            ;
; fir_filter_parallel_reduced_pipelined_stream:impl|fir_filter_parallel_reduced_pipelined:impl|product_terms_pipe[0][38][38]  ; Lost fanout                            ;
; fir_filter_parallel_reduced_pipelined_stream:impl|fir_filter_parallel_reduced_pipelined:impl|product_terms_pipe[0][38][37]  ; Lost fanout                            ;
; fir_filter_parallel_reduced_pipelined_stream:impl|fir_filter_parallel_reduced_pipelined:impl|product_terms_pipe[0][38][36]  ; Lost fanout                            ;
; fir_filter_parallel_reduced_pipelined_stream:impl|fir_filter_parallel_reduced_pipelined:impl|product_terms_pipe[0][38][35]  ; Lost fanout                            ;
; fir_filter_parallel_reduced_pipelined_stream:impl|fir_filter_parallel_reduced_pipelined:impl|product_terms_pipe[0][38][34]  ; Lost fanout                            ;
; fir_filter_parallel_reduced_pipelined_stream:impl|fir_filter_parallel_reduced_pipelined:impl|product_terms_pipe[0][38][33]  ; Lost fanout                            ;
; fir_filter_parallel_reduced_pipelined_stream:impl|fir_filter_parallel_reduced_pipelined:impl|product_terms_pipe[0][38][32]  ; Lost fanout                            ;
; fir_filter_parallel_reduced_pipelined_stream:impl|fir_filter_parallel_reduced_pipelined:impl|product_terms_pipe[0][38][31]  ; Lost fanout                            ;
; fir_filter_parallel_reduced_pipelined_stream:impl|fir_filter_parallel_reduced_pipelined:impl|product_terms_pipe[0][38][30]  ; Lost fanout                            ;
; fir_filter_parallel_reduced_pipelined_stream:impl|fir_filter_parallel_reduced_pipelined:impl|product_terms_pipe[0][38][29]  ; Lost fanout                            ;
; fir_filter_parallel_reduced_pipelined_stream:impl|fir_filter_parallel_reduced_pipelined:impl|product_terms_pipe[0][38][28]  ; Lost fanout                            ;
; fir_filter_parallel_reduced_pipelined_stream:impl|fir_filter_parallel_reduced_pipelined:impl|product_terms_pipe[0][38][27]  ; Lost fanout                            ;
; fir_filter_parallel_reduced_pipelined_stream:impl|fir_filter_parallel_reduced_pipelined:impl|product_terms_pipe[0][38][26]  ; Lost fanout                            ;
; fir_filter_parallel_reduced_pipelined_stream:impl|fir_filter_parallel_reduced_pipelined:impl|product_terms_pipe[0][38][25]  ; Lost fanout                            ;
; fir_filter_parallel_reduced_pipelined_stream:impl|fir_filter_parallel_reduced_pipelined:impl|product_terms_pipe[0][38][24]  ; Lost fanout                            ;
; fir_filter_parallel_reduced_pipelined_stream:impl|fir_filter_parallel_reduced_pipelined:impl|product_terms_pipe[0][38][23]  ; Lost fanout                            ;
; fir_filter_parallel_reduced_pipelined_stream:impl|fir_filter_parallel_reduced_pipelined:impl|product_terms_pipe[0][38][22]  ; Lost fanout                            ;
; fir_filter_parallel_reduced_pipelined_stream:impl|fir_filter_parallel_reduced_pipelined:impl|product_terms_pipe[0][38][21]  ; Lost fanout                            ;
; fir_filter_parallel_reduced_pipelined_stream:impl|fir_filter_parallel_reduced_pipelined:impl|product_terms_pipe[0][38][20]  ; Lost fanout                            ;
; fir_filter_parallel_reduced_pipelined_stream:impl|fir_filter_parallel_reduced_pipelined:impl|product_terms_pipe[0][38][19]  ; Lost fanout                            ;
; fir_filter_parallel_reduced_pipelined_stream:impl|fir_filter_parallel_reduced_pipelined:impl|product_terms_pipe[0][38][18]  ; Lost fanout                            ;
; fir_filter_parallel_reduced_pipelined_stream:impl|fir_filter_parallel_reduced_pipelined:impl|product_terms_pipe[0][38][17]  ; Lost fanout                            ;
; fir_filter_parallel_reduced_pipelined_stream:impl|fir_filter_parallel_reduced_pipelined:impl|product_terms_pipe[0][38][16]  ; Lost fanout                            ;
; fir_filter_parallel_reduced_pipelined_stream:impl|fir_filter_parallel_reduced_pipelined:impl|product_terms_pipe[0][38][15]  ; Lost fanout                            ;
; fir_filter_parallel_reduced_pipelined_stream:impl|fir_filter_parallel_reduced_pipelined:impl|product_terms_pipe[0][38][14]  ; Lost fanout                            ;
; fir_filter_parallel_reduced_pipelined_stream:impl|fir_filter_parallel_reduced_pipelined:impl|product_terms_pipe[0][38][13]  ; Lost fanout                            ;
; fir_filter_parallel_reduced_pipelined_stream:impl|fir_filter_parallel_reduced_pipelined:impl|product_terms_pipe[0][38][12]  ; Lost fanout                            ;
; fir_filter_parallel_reduced_pipelined_stream:impl|fir_filter_parallel_reduced_pipelined:impl|product_terms_pipe[0][38][11]  ; Lost fanout                            ;
; fir_filter_parallel_reduced_pipelined_stream:impl|fir_filter_parallel_reduced_pipelined:impl|product_terms_pipe[0][38][10]  ; Lost fanout                            ;
; fir_filter_parallel_reduced_pipelined_stream:impl|fir_filter_parallel_reduced_pipelined:impl|product_terms_pipe[0][38][9]   ; Lost fanout                            ;
; fir_filter_parallel_reduced_pipelined_stream:impl|fir_filter_parallel_reduced_pipelined:impl|product_terms_pipe[0][38][8]   ; Lost fanout                            ;
; fir_filter_parallel_reduced_pipelined_stream:impl|fir_filter_parallel_reduced_pipelined:impl|product_terms_pipe[0][38][7]   ; Lost fanout                            ;
; fir_filter_parallel_reduced_pipelined_stream:impl|fir_filter_parallel_reduced_pipelined:impl|product_terms_pipe[0][38][6]   ; Lost fanout                            ;
; fir_filter_parallel_reduced_pipelined_stream:impl|fir_filter_parallel_reduced_pipelined:impl|product_terms_pipe[0][38][5]   ; Lost fanout                            ;
; fir_filter_parallel_reduced_pipelined_stream:impl|fir_filter_parallel_reduced_pipelined:impl|product_terms_pipe[0][38][4]   ; Lost fanout                            ;
; fir_filter_parallel_reduced_pipelined_stream:impl|fir_filter_parallel_reduced_pipelined:impl|product_terms_pipe[0][38][3]   ; Lost fanout                            ;
; fir_filter_parallel_reduced_pipelined_stream:impl|fir_filter_parallel_reduced_pipelined:impl|product_terms_pipe[0][38][2]   ; Lost fanout                            ;
; fir_filter_parallel_reduced_pipelined_stream:impl|fir_filter_parallel_reduced_pipelined:impl|product_terms_pipe[0][38][1]   ; Lost fanout                            ;
; fir_filter_parallel_reduced_pipelined_stream:impl|fir_filter_parallel_reduced_pipelined:impl|product_terms_pipe[0][38][0]   ; Lost fanout                            ;
; fir_filter_parallel_reduced_pipelined_stream:impl|fir_filter_parallel_reduced_pipelined:impl|product_terms_pipe[0][39][45]  ; Lost fanout                            ;
; fir_filter_parallel_reduced_pipelined_stream:impl|fir_filter_parallel_reduced_pipelined:impl|product_terms_pipe[0][39][44]  ; Lost fanout                            ;
; fir_filter_parallel_reduced_pipelined_stream:impl|fir_filter_parallel_reduced_pipelined:impl|product_terms_pipe[0][39][43]  ; Lost fanout                            ;
; fir_filter_parallel_reduced_pipelined_stream:impl|fir_filter_parallel_reduced_pipelined:impl|product_terms_pipe[0][39][42]  ; Lost fanout                            ;
; fir_filter_parallel_reduced_pipelined_stream:impl|fir_filter_parallel_reduced_pipelined:impl|product_terms_pipe[0][39][41]  ; Lost fanout                            ;
; fir_filter_parallel_reduced_pipelined_stream:impl|fir_filter_parallel_reduced_pipelined:impl|product_terms_pipe[0][39][40]  ; Lost fanout                            ;
; fir_filter_parallel_reduced_pipelined_stream:impl|fir_filter_parallel_reduced_pipelined:impl|product_terms_pipe[0][39][39]  ; Lost fanout                            ;
; fir_filter_parallel_reduced_pipelined_stream:impl|fir_filter_parallel_reduced_pipelined:impl|product_terms_pipe[0][39][38]  ; Lost fanout                            ;
; fir_filter_parallel_reduced_pipelined_stream:impl|fir_filter_parallel_reduced_pipelined:impl|product_terms_pipe[0][39][37]  ; Lost fanout                            ;
; fir_filter_parallel_reduced_pipelined_stream:impl|fir_filter_parallel_reduced_pipelined:impl|product_terms_pipe[0][39][36]  ; Lost fanout                            ;
; fir_filter_parallel_reduced_pipelined_stream:impl|fir_filter_parallel_reduced_pipelined:impl|product_terms_pipe[0][39][35]  ; Lost fanout                            ;
; fir_filter_parallel_reduced_pipelined_stream:impl|fir_filter_parallel_reduced_pipelined:impl|product_terms_pipe[0][39][34]  ; Lost fanout                            ;
; fir_filter_parallel_reduced_pipelined_stream:impl|fir_filter_parallel_reduced_pipelined:impl|product_terms_pipe[0][39][33]  ; Lost fanout                            ;
; fir_filter_parallel_reduced_pipelined_stream:impl|fir_filter_parallel_reduced_pipelined:impl|product_terms_pipe[0][39][32]  ; Lost fanout                            ;
; fir_filter_parallel_reduced_pipelined_stream:impl|fir_filter_parallel_reduced_pipelined:impl|product_terms_pipe[0][39][31]  ; Lost fanout                            ;
; fir_filter_parallel_reduced_pipelined_stream:impl|fir_filter_parallel_reduced_pipelined:impl|product_terms_pipe[0][39][30]  ; Lost fanout                            ;
; fir_filter_parallel_reduced_pipelined_stream:impl|fir_filter_parallel_reduced_pipelined:impl|product_terms_pipe[0][39][29]  ; Lost fanout                            ;
; fir_filter_parallel_reduced_pipelined_stream:impl|fir_filter_parallel_reduced_pipelined:impl|product_terms_pipe[0][39][28]  ; Lost fanout                            ;
; fir_filter_parallel_reduced_pipelined_stream:impl|fir_filter_parallel_reduced_pipelined:impl|product_terms_pipe[0][39][27]  ; Lost fanout                            ;
; fir_filter_parallel_reduced_pipelined_stream:impl|fir_filter_parallel_reduced_pipelined:impl|product_terms_pipe[0][39][26]  ; Lost fanout                            ;
; fir_filter_parallel_reduced_pipelined_stream:impl|fir_filter_parallel_reduced_pipelined:impl|product_terms_pipe[0][39][25]  ; Lost fanout                            ;
; fir_filter_parallel_reduced_pipelined_stream:impl|fir_filter_parallel_reduced_pipelined:impl|product_terms_pipe[0][39][24]  ; Lost fanout                            ;
; fir_filter_parallel_reduced_pipelined_stream:impl|fir_filter_parallel_reduced_pipelined:impl|product_terms_pipe[0][39][23]  ; Lost fanout                            ;
; fir_filter_parallel_reduced_pipelined_stream:impl|fir_filter_parallel_reduced_pipelined:impl|product_terms_pipe[0][39][22]  ; Lost fanout                            ;
; fir_filter_parallel_reduced_pipelined_stream:impl|fir_filter_parallel_reduced_pipelined:impl|product_terms_pipe[0][39][21]  ; Lost fanout                            ;
; fir_filter_parallel_reduced_pipelined_stream:impl|fir_filter_parallel_reduced_pipelined:impl|product_terms_pipe[0][39][20]  ; Lost fanout                            ;
; fir_filter_parallel_reduced_pipelined_stream:impl|fir_filter_parallel_reduced_pipelined:impl|product_terms_pipe[0][39][19]  ; Lost fanout                            ;
; fir_filter_parallel_reduced_pipelined_stream:impl|fir_filter_parallel_reduced_pipelined:impl|product_terms_pipe[0][39][18]  ; Lost fanout                            ;
; fir_filter_parallel_reduced_pipelined_stream:impl|fir_filter_parallel_reduced_pipelined:impl|product_terms_pipe[0][39][17]  ; Lost fanout                            ;
; fir_filter_parallel_reduced_pipelined_stream:impl|fir_filter_parallel_reduced_pipelined:impl|product_terms_pipe[0][39][16]  ; Lost fanout                            ;
; fir_filter_parallel_reduced_pipelined_stream:impl|fir_filter_parallel_reduced_pipelined:impl|product_terms_pipe[0][39][15]  ; Lost fanout                            ;
; fir_filter_parallel_reduced_pipelined_stream:impl|fir_filter_parallel_reduced_pipelined:impl|product_terms_pipe[0][39][14]  ; Lost fanout                            ;
; fir_filter_parallel_reduced_pipelined_stream:impl|fir_filter_parallel_reduced_pipelined:impl|product_terms_pipe[0][39][13]  ; Lost fanout                            ;
; fir_filter_parallel_reduced_pipelined_stream:impl|fir_filter_parallel_reduced_pipelined:impl|product_terms_pipe[0][39][12]  ; Lost fanout                            ;
; fir_filter_parallel_reduced_pipelined_stream:impl|fir_filter_parallel_reduced_pipelined:impl|product_terms_pipe[0][39][11]  ; Lost fanout                            ;
; fir_filter_parallel_reduced_pipelined_stream:impl|fir_filter_parallel_reduced_pipelined:impl|product_terms_pipe[0][39][10]  ; Lost fanout                            ;
; fir_filter_parallel_reduced_pipelined_stream:impl|fir_filter_parallel_reduced_pipelined:impl|product_terms_pipe[0][39][9]   ; Lost fanout                            ;
; fir_filter_parallel_reduced_pipelined_stream:impl|fir_filter_parallel_reduced_pipelined:impl|product_terms_pipe[0][39][8]   ; Lost fanout                            ;
; fir_filter_parallel_reduced_pipelined_stream:impl|fir_filter_parallel_reduced_pipelined:impl|product_terms_pipe[0][39][7]   ; Lost fanout                            ;
; fir_filter_parallel_reduced_pipelined_stream:impl|fir_filter_parallel_reduced_pipelined:impl|product_terms_pipe[0][39][6]   ; Lost fanout                            ;
; fir_filter_parallel_reduced_pipelined_stream:impl|fir_filter_parallel_reduced_pipelined:impl|product_terms_pipe[0][39][5]   ; Lost fanout                            ;
; fir_filter_parallel_reduced_pipelined_stream:impl|fir_filter_parallel_reduced_pipelined:impl|product_terms_pipe[0][39][4]   ; Lost fanout                            ;
; fir_filter_parallel_reduced_pipelined_stream:impl|fir_filter_parallel_reduced_pipelined:impl|product_terms_pipe[0][39][3]   ; Lost fanout                            ;
; fir_filter_parallel_reduced_pipelined_stream:impl|fir_filter_parallel_reduced_pipelined:impl|product_terms_pipe[0][39][2]   ; Lost fanout                            ;
; fir_filter_parallel_reduced_pipelined_stream:impl|fir_filter_parallel_reduced_pipelined:impl|product_terms_pipe[0][39][1]   ; Lost fanout                            ;
; fir_filter_parallel_reduced_pipelined_stream:impl|fir_filter_parallel_reduced_pipelined:impl|product_terms_pipe[0][39][0]   ; Lost fanout                            ;
; fir_filter_parallel_reduced_pipelined_stream:impl|fir_filter_parallel_reduced_pipelined:impl|product_terms_pipe[0][40][45]  ; Lost fanout                            ;
; fir_filter_parallel_reduced_pipelined_stream:impl|fir_filter_parallel_reduced_pipelined:impl|product_terms_pipe[0][40][44]  ; Lost fanout                            ;
; fir_filter_parallel_reduced_pipelined_stream:impl|fir_filter_parallel_reduced_pipelined:impl|product_terms_pipe[0][40][43]  ; Lost fanout                            ;
; fir_filter_parallel_reduced_pipelined_stream:impl|fir_filter_parallel_reduced_pipelined:impl|product_terms_pipe[0][40][42]  ; Lost fanout                            ;
; fir_filter_parallel_reduced_pipelined_stream:impl|fir_filter_parallel_reduced_pipelined:impl|product_terms_pipe[0][40][41]  ; Lost fanout                            ;
; fir_filter_parallel_reduced_pipelined_stream:impl|fir_filter_parallel_reduced_pipelined:impl|product_terms_pipe[0][40][40]  ; Lost fanout                            ;
; fir_filter_parallel_reduced_pipelined_stream:impl|fir_filter_parallel_reduced_pipelined:impl|product_terms_pipe[0][40][39]  ; Lost fanout                            ;
; fir_filter_parallel_reduced_pipelined_stream:impl|fir_filter_parallel_reduced_pipelined:impl|product_terms_pipe[0][40][38]  ; Lost fanout                            ;
; fir_filter_parallel_reduced_pipelined_stream:impl|fir_filter_parallel_reduced_pipelined:impl|product_terms_pipe[0][40][37]  ; Lost fanout                            ;
; fir_filter_parallel_reduced_pipelined_stream:impl|fir_filter_parallel_reduced_pipelined:impl|product_terms_pipe[0][40][36]  ; Lost fanout                            ;
; fir_filter_parallel_reduced_pipelined_stream:impl|fir_filter_parallel_reduced_pipelined:impl|product_terms_pipe[0][40][35]  ; Lost fanout                            ;
; fir_filter_parallel_reduced_pipelined_stream:impl|fir_filter_parallel_reduced_pipelined:impl|product_terms_pipe[0][40][34]  ; Lost fanout                            ;
; fir_filter_parallel_reduced_pipelined_stream:impl|fir_filter_parallel_reduced_pipelined:impl|product_terms_pipe[0][40][33]  ; Lost fanout                            ;
; fir_filter_parallel_reduced_pipelined_stream:impl|fir_filter_parallel_reduced_pipelined:impl|product_terms_pipe[0][40][32]  ; Lost fanout                            ;
; fir_filter_parallel_reduced_pipelined_stream:impl|fir_filter_parallel_reduced_pipelined:impl|product_terms_pipe[0][40][31]  ; Lost fanout                            ;
; fir_filter_parallel_reduced_pipelined_stream:impl|fir_filter_parallel_reduced_pipelined:impl|product_terms_pipe[0][40][30]  ; Lost fanout                            ;
; fir_filter_parallel_reduced_pipelined_stream:impl|fir_filter_parallel_reduced_pipelined:impl|product_terms_pipe[0][40][29]  ; Lost fanout                            ;
; fir_filter_parallel_reduced_pipelined_stream:impl|fir_filter_parallel_reduced_pipelined:impl|product_terms_pipe[0][40][28]  ; Lost fanout                            ;
; fir_filter_parallel_reduced_pipelined_stream:impl|fir_filter_parallel_reduced_pipelined:impl|product_terms_pipe[0][40][27]  ; Lost fanout                            ;
; fir_filter_parallel_reduced_pipelined_stream:impl|fir_filter_parallel_reduced_pipelined:impl|product_terms_pipe[0][40][26]  ; Lost fanout                            ;
; fir_filter_parallel_reduced_pipelined_stream:impl|fir_filter_parallel_reduced_pipelined:impl|product_terms_pipe[0][40][25]  ; Lost fanout                            ;
; fir_filter_parallel_reduced_pipelined_stream:impl|fir_filter_parallel_reduced_pipelined:impl|product_terms_pipe[0][40][24]  ; Lost fanout                            ;
; fir_filter_parallel_reduced_pipelined_stream:impl|fir_filter_parallel_reduced_pipelined:impl|product_terms_pipe[0][40][23]  ; Lost fanout                            ;
; fir_filter_parallel_reduced_pipelined_stream:impl|fir_filter_parallel_reduced_pipelined:impl|product_terms_pipe[0][40][22]  ; Lost fanout                            ;
; fir_filter_parallel_reduced_pipelined_stream:impl|fir_filter_parallel_reduced_pipelined:impl|product_terms_pipe[0][40][21]  ; Lost fanout                            ;
; fir_filter_parallel_reduced_pipelined_stream:impl|fir_filter_parallel_reduced_pipelined:impl|product_terms_pipe[0][40][20]  ; Lost fanout                            ;
; fir_filter_parallel_reduced_pipelined_stream:impl|fir_filter_parallel_reduced_pipelined:impl|product_terms_pipe[0][40][19]  ; Lost fanout                            ;
; fir_filter_parallel_reduced_pipelined_stream:impl|fir_filter_parallel_reduced_pipelined:impl|product_terms_pipe[0][40][18]  ; Lost fanout                            ;
; fir_filter_parallel_reduced_pipelined_stream:impl|fir_filter_parallel_reduced_pipelined:impl|product_terms_pipe[0][40][17]  ; Lost fanout                            ;
; fir_filter_parallel_reduced_pipelined_stream:impl|fir_filter_parallel_reduced_pipelined:impl|product_terms_pipe[0][40][16]  ; Lost fanout                            ;
; fir_filter_parallel_reduced_pipelined_stream:impl|fir_filter_parallel_reduced_pipelined:impl|product_terms_pipe[0][40][15]  ; Lost fanout                            ;
; fir_filter_parallel_reduced_pipelined_stream:impl|fir_filter_parallel_reduced_pipelined:impl|product_terms_pipe[0][40][14]  ; Lost fanout                            ;
; fir_filter_parallel_reduced_pipelined_stream:impl|fir_filter_parallel_reduced_pipelined:impl|product_terms_pipe[0][40][13]  ; Lost fanout                            ;
; fir_filter_parallel_reduced_pipelined_stream:impl|fir_filter_parallel_reduced_pipelined:impl|product_terms_pipe[0][40][12]  ; Lost fanout                            ;
; fir_filter_parallel_reduced_pipelined_stream:impl|fir_filter_parallel_reduced_pipelined:impl|product_terms_pipe[0][40][11]  ; Lost fanout                            ;
; fir_filter_parallel_reduced_pipelined_stream:impl|fir_filter_parallel_reduced_pipelined:impl|product_terms_pipe[0][40][10]  ; Lost fanout                            ;
; fir_filter_parallel_reduced_pipelined_stream:impl|fir_filter_parallel_reduced_pipelined:impl|product_terms_pipe[0][40][9]   ; Lost fanout                            ;
; fir_filter_parallel_reduced_pipelined_stream:impl|fir_filter_parallel_reduced_pipelined:impl|product_terms_pipe[0][40][8]   ; Lost fanout                            ;
; fir_filter_parallel_reduced_pipelined_stream:impl|fir_filter_parallel_reduced_pipelined:impl|product_terms_pipe[0][40][7]   ; Lost fanout                            ;
; fir_filter_parallel_reduced_pipelined_stream:impl|fir_filter_parallel_reduced_pipelined:impl|product_terms_pipe[0][40][6]   ; Lost fanout                            ;
; fir_filter_parallel_reduced_pipelined_stream:impl|fir_filter_parallel_reduced_pipelined:impl|product_terms_pipe[0][40][5]   ; Lost fanout                            ;
; fir_filter_parallel_reduced_pipelined_stream:impl|fir_filter_parallel_reduced_pipelined:impl|product_terms_pipe[0][40][4]   ; Lost fanout                            ;
; fir_filter_parallel_reduced_pipelined_stream:impl|fir_filter_parallel_reduced_pipelined:impl|product_terms_pipe[0][40][3]   ; Lost fanout                            ;
; fir_filter_parallel_reduced_pipelined_stream:impl|fir_filter_parallel_reduced_pipelined:impl|product_terms_pipe[0][40][2]   ; Lost fanout                            ;
; fir_filter_parallel_reduced_pipelined_stream:impl|fir_filter_parallel_reduced_pipelined:impl|product_terms_pipe[0][40][1]   ; Lost fanout                            ;
; fir_filter_parallel_reduced_pipelined_stream:impl|fir_filter_parallel_reduced_pipelined:impl|product_terms_pipe[0][40][0]   ; Lost fanout                            ;
; fir_filter_parallel_reduced_pipelined_stream:impl|fir_filter_parallel_reduced_pipelined:impl|product_terms_pipe[0][41][45]  ; Lost fanout                            ;
; fir_filter_parallel_reduced_pipelined_stream:impl|fir_filter_parallel_reduced_pipelined:impl|product_terms_pipe[0][41][44]  ; Lost fanout                            ;
; fir_filter_parallel_reduced_pipelined_stream:impl|fir_filter_parallel_reduced_pipelined:impl|product_terms_pipe[0][41][43]  ; Lost fanout                            ;
; fir_filter_parallel_reduced_pipelined_stream:impl|fir_filter_parallel_reduced_pipelined:impl|product_terms_pipe[0][41][42]  ; Lost fanout                            ;
; fir_filter_parallel_reduced_pipelined_stream:impl|fir_filter_parallel_reduced_pipelined:impl|product_terms_pipe[0][41][41]  ; Lost fanout                            ;
; fir_filter_parallel_reduced_pipelined_stream:impl|fir_filter_parallel_reduced_pipelined:impl|product_terms_pipe[0][41][40]  ; Lost fanout                            ;
; fir_filter_parallel_reduced_pipelined_stream:impl|fir_filter_parallel_reduced_pipelined:impl|product_terms_pipe[0][41][39]  ; Lost fanout                            ;
; fir_filter_parallel_reduced_pipelined_stream:impl|fir_filter_parallel_reduced_pipelined:impl|product_terms_pipe[0][41][38]  ; Lost fanout                            ;
; fir_filter_parallel_reduced_pipelined_stream:impl|fir_filter_parallel_reduced_pipelined:impl|product_terms_pipe[0][41][37]  ; Lost fanout                            ;
; fir_filter_parallel_reduced_pipelined_stream:impl|fir_filter_parallel_reduced_pipelined:impl|product_terms_pipe[0][41][36]  ; Lost fanout                            ;
; fir_filter_parallel_reduced_pipelined_stream:impl|fir_filter_parallel_reduced_pipelined:impl|product_terms_pipe[0][41][35]  ; Lost fanout                            ;
; fir_filter_parallel_reduced_pipelined_stream:impl|fir_filter_parallel_reduced_pipelined:impl|product_terms_pipe[0][41][34]  ; Lost fanout                            ;
; fir_filter_parallel_reduced_pipelined_stream:impl|fir_filter_parallel_reduced_pipelined:impl|product_terms_pipe[0][41][33]  ; Lost fanout                            ;
; fir_filter_parallel_reduced_pipelined_stream:impl|fir_filter_parallel_reduced_pipelined:impl|product_terms_pipe[0][41][32]  ; Lost fanout                            ;
; fir_filter_parallel_reduced_pipelined_stream:impl|fir_filter_parallel_reduced_pipelined:impl|product_terms_pipe[0][41][31]  ; Lost fanout                            ;
; fir_filter_parallel_reduced_pipelined_stream:impl|fir_filter_parallel_reduced_pipelined:impl|product_terms_pipe[0][41][30]  ; Lost fanout                            ;
; fir_filter_parallel_reduced_pipelined_stream:impl|fir_filter_parallel_reduced_pipelined:impl|product_terms_pipe[0][41][29]  ; Lost fanout                            ;
; fir_filter_parallel_reduced_pipelined_stream:impl|fir_filter_parallel_reduced_pipelined:impl|product_terms_pipe[0][41][28]  ; Lost fanout                            ;
; fir_filter_parallel_reduced_pipelined_stream:impl|fir_filter_parallel_reduced_pipelined:impl|product_terms_pipe[0][41][27]  ; Lost fanout                            ;
; fir_filter_parallel_reduced_pipelined_stream:impl|fir_filter_parallel_reduced_pipelined:impl|product_terms_pipe[0][41][26]  ; Lost fanout                            ;
; fir_filter_parallel_reduced_pipelined_stream:impl|fir_filter_parallel_reduced_pipelined:impl|product_terms_pipe[0][41][25]  ; Lost fanout                            ;
; fir_filter_parallel_reduced_pipelined_stream:impl|fir_filter_parallel_reduced_pipelined:impl|product_terms_pipe[0][41][24]  ; Lost fanout                            ;
; fir_filter_parallel_reduced_pipelined_stream:impl|fir_filter_parallel_reduced_pipelined:impl|product_terms_pipe[0][41][23]  ; Lost fanout                            ;
; fir_filter_parallel_reduced_pipelined_stream:impl|fir_filter_parallel_reduced_pipelined:impl|product_terms_pipe[0][41][22]  ; Lost fanout                            ;
; fir_filter_parallel_reduced_pipelined_stream:impl|fir_filter_parallel_reduced_pipelined:impl|product_terms_pipe[0][41][21]  ; Lost fanout                            ;
; fir_filter_parallel_reduced_pipelined_stream:impl|fir_filter_parallel_reduced_pipelined:impl|product_terms_pipe[0][41][20]  ; Lost fanout                            ;
; fir_filter_parallel_reduced_pipelined_stream:impl|fir_filter_parallel_reduced_pipelined:impl|product_terms_pipe[0][41][19]  ; Lost fanout                            ;
; fir_filter_parallel_reduced_pipelined_stream:impl|fir_filter_parallel_reduced_pipelined:impl|product_terms_pipe[0][41][18]  ; Lost fanout                            ;
; fir_filter_parallel_reduced_pipelined_stream:impl|fir_filter_parallel_reduced_pipelined:impl|product_terms_pipe[0][41][17]  ; Lost fanout                            ;
; fir_filter_parallel_reduced_pipelined_stream:impl|fir_filter_parallel_reduced_pipelined:impl|product_terms_pipe[0][41][16]  ; Lost fanout                            ;
; fir_filter_parallel_reduced_pipelined_stream:impl|fir_filter_parallel_reduced_pipelined:impl|product_terms_pipe[0][41][15]  ; Lost fanout                            ;
; fir_filter_parallel_reduced_pipelined_stream:impl|fir_filter_parallel_reduced_pipelined:impl|product_terms_pipe[0][41][14]  ; Lost fanout                            ;
; fir_filter_parallel_reduced_pipelined_stream:impl|fir_filter_parallel_reduced_pipelined:impl|product_terms_pipe[0][41][13]  ; Lost fanout                            ;
; fir_filter_parallel_reduced_pipelined_stream:impl|fir_filter_parallel_reduced_pipelined:impl|product_terms_pipe[0][41][12]  ; Lost fanout                            ;
; fir_filter_parallel_reduced_pipelined_stream:impl|fir_filter_parallel_reduced_pipelined:impl|product_terms_pipe[0][41][11]  ; Lost fanout                            ;
; fir_filter_parallel_reduced_pipelined_stream:impl|fir_filter_parallel_reduced_pipelined:impl|product_terms_pipe[0][41][10]  ; Lost fanout                            ;
; fir_filter_parallel_reduced_pipelined_stream:impl|fir_filter_parallel_reduced_pipelined:impl|product_terms_pipe[0][41][9]   ; Lost fanout                            ;
; fir_filter_parallel_reduced_pipelined_stream:impl|fir_filter_parallel_reduced_pipelined:impl|product_terms_pipe[0][41][8]   ; Lost fanout                            ;
; fir_filter_parallel_reduced_pipelined_stream:impl|fir_filter_parallel_reduced_pipelined:impl|product_terms_pipe[0][41][7]   ; Lost fanout                            ;
; fir_filter_parallel_reduced_pipelined_stream:impl|fir_filter_parallel_reduced_pipelined:impl|product_terms_pipe[0][41][6]   ; Lost fanout                            ;
; fir_filter_parallel_reduced_pipelined_stream:impl|fir_filter_parallel_reduced_pipelined:impl|product_terms_pipe[0][41][5]   ; Lost fanout                            ;
; fir_filter_parallel_reduced_pipelined_stream:impl|fir_filter_parallel_reduced_pipelined:impl|product_terms_pipe[0][41][4]   ; Lost fanout                            ;
; fir_filter_parallel_reduced_pipelined_stream:impl|fir_filter_parallel_reduced_pipelined:impl|product_terms_pipe[0][41][3]   ; Lost fanout                            ;
; fir_filter_parallel_reduced_pipelined_stream:impl|fir_filter_parallel_reduced_pipelined:impl|product_terms_pipe[0][41][2]   ; Lost fanout                            ;
; fir_filter_parallel_reduced_pipelined_stream:impl|fir_filter_parallel_reduced_pipelined:impl|product_terms_pipe[0][41][1]   ; Lost fanout                            ;
; fir_filter_parallel_reduced_pipelined_stream:impl|fir_filter_parallel_reduced_pipelined:impl|product_terms_pipe[0][41][0]   ; Lost fanout                            ;
; fir_filter_parallel_reduced_pipelined_stream:impl|fir_filter_parallel_reduced_pipelined:impl|product_terms_pipe[0][42][45]  ; Lost fanout                            ;
; fir_filter_parallel_reduced_pipelined_stream:impl|fir_filter_parallel_reduced_pipelined:impl|product_terms_pipe[0][42][44]  ; Lost fanout                            ;
; fir_filter_parallel_reduced_pipelined_stream:impl|fir_filter_parallel_reduced_pipelined:impl|product_terms_pipe[0][42][43]  ; Lost fanout                            ;
; fir_filter_parallel_reduced_pipelined_stream:impl|fir_filter_parallel_reduced_pipelined:impl|product_terms_pipe[0][42][42]  ; Lost fanout                            ;
; fir_filter_parallel_reduced_pipelined_stream:impl|fir_filter_parallel_reduced_pipelined:impl|product_terms_pipe[0][42][41]  ; Lost fanout                            ;
; fir_filter_parallel_reduced_pipelined_stream:impl|fir_filter_parallel_reduced_pipelined:impl|product_terms_pipe[0][42][40]  ; Lost fanout                            ;
; fir_filter_parallel_reduced_pipelined_stream:impl|fir_filter_parallel_reduced_pipelined:impl|product_terms_pipe[0][42][39]  ; Lost fanout                            ;
; fir_filter_parallel_reduced_pipelined_stream:impl|fir_filter_parallel_reduced_pipelined:impl|product_terms_pipe[0][42][38]  ; Lost fanout                            ;
; fir_filter_parallel_reduced_pipelined_stream:impl|fir_filter_parallel_reduced_pipelined:impl|product_terms_pipe[0][42][37]  ; Lost fanout                            ;
; fir_filter_parallel_reduced_pipelined_stream:impl|fir_filter_parallel_reduced_pipelined:impl|product_terms_pipe[0][42][36]  ; Lost fanout                            ;
; fir_filter_parallel_reduced_pipelined_stream:impl|fir_filter_parallel_reduced_pipelined:impl|product_terms_pipe[0][42][35]  ; Lost fanout                            ;
; fir_filter_parallel_reduced_pipelined_stream:impl|fir_filter_parallel_reduced_pipelined:impl|product_terms_pipe[0][42][34]  ; Lost fanout                            ;
; fir_filter_parallel_reduced_pipelined_stream:impl|fir_filter_parallel_reduced_pipelined:impl|product_terms_pipe[0][42][33]  ; Lost fanout                            ;
; fir_filter_parallel_reduced_pipelined_stream:impl|fir_filter_parallel_reduced_pipelined:impl|product_terms_pipe[0][42][32]  ; Lost fanout                            ;
; fir_filter_parallel_reduced_pipelined_stream:impl|fir_filter_parallel_reduced_pipelined:impl|product_terms_pipe[0][42][31]  ; Lost fanout                            ;
; fir_filter_parallel_reduced_pipelined_stream:impl|fir_filter_parallel_reduced_pipelined:impl|product_terms_pipe[0][42][30]  ; Lost fanout                            ;
; fir_filter_parallel_reduced_pipelined_stream:impl|fir_filter_parallel_reduced_pipelined:impl|product_terms_pipe[0][42][29]  ; Lost fanout                            ;
; fir_filter_parallel_reduced_pipelined_stream:impl|fir_filter_parallel_reduced_pipelined:impl|product_terms_pipe[0][42][28]  ; Lost fanout                            ;
; fir_filter_parallel_reduced_pipelined_stream:impl|fir_filter_parallel_reduced_pipelined:impl|product_terms_pipe[0][42][27]  ; Lost fanout                            ;
; fir_filter_parallel_reduced_pipelined_stream:impl|fir_filter_parallel_reduced_pipelined:impl|product_terms_pipe[0][42][26]  ; Lost fanout                            ;
; fir_filter_parallel_reduced_pipelined_stream:impl|fir_filter_parallel_reduced_pipelined:impl|product_terms_pipe[0][42][25]  ; Lost fanout                            ;
; fir_filter_parallel_reduced_pipelined_stream:impl|fir_filter_parallel_reduced_pipelined:impl|product_terms_pipe[0][42][24]  ; Lost fanout                            ;
; fir_filter_parallel_reduced_pipelined_stream:impl|fir_filter_parallel_reduced_pipelined:impl|product_terms_pipe[0][42][23]  ; Lost fanout                            ;
; fir_filter_parallel_reduced_pipelined_stream:impl|fir_filter_parallel_reduced_pipelined:impl|product_terms_pipe[0][42][22]  ; Lost fanout                            ;
; fir_filter_parallel_reduced_pipelined_stream:impl|fir_filter_parallel_reduced_pipelined:impl|product_terms_pipe[0][42][21]  ; Lost fanout                            ;
; fir_filter_parallel_reduced_pipelined_stream:impl|fir_filter_parallel_reduced_pipelined:impl|product_terms_pipe[0][42][20]  ; Lost fanout                            ;
; fir_filter_parallel_reduced_pipelined_stream:impl|fir_filter_parallel_reduced_pipelined:impl|product_terms_pipe[0][42][19]  ; Lost fanout                            ;
; fir_filter_parallel_reduced_pipelined_stream:impl|fir_filter_parallel_reduced_pipelined:impl|product_terms_pipe[0][42][18]  ; Lost fanout                            ;
; fir_filter_parallel_reduced_pipelined_stream:impl|fir_filter_parallel_reduced_pipelined:impl|product_terms_pipe[0][42][17]  ; Lost fanout                            ;
; fir_filter_parallel_reduced_pipelined_stream:impl|fir_filter_parallel_reduced_pipelined:impl|product_terms_pipe[0][42][16]  ; Lost fanout                            ;
; fir_filter_parallel_reduced_pipelined_stream:impl|fir_filter_parallel_reduced_pipelined:impl|product_terms_pipe[0][42][15]  ; Lost fanout                            ;
; fir_filter_parallel_reduced_pipelined_stream:impl|fir_filter_parallel_reduced_pipelined:impl|product_terms_pipe[0][42][14]  ; Lost fanout                            ;
; fir_filter_parallel_reduced_pipelined_stream:impl|fir_filter_parallel_reduced_pipelined:impl|product_terms_pipe[0][42][13]  ; Lost fanout                            ;
; fir_filter_parallel_reduced_pipelined_stream:impl|fir_filter_parallel_reduced_pipelined:impl|product_terms_pipe[0][42][12]  ; Lost fanout                            ;
; fir_filter_parallel_reduced_pipelined_stream:impl|fir_filter_parallel_reduced_pipelined:impl|product_terms_pipe[0][42][11]  ; Lost fanout                            ;
; fir_filter_parallel_reduced_pipelined_stream:impl|fir_filter_parallel_reduced_pipelined:impl|product_terms_pipe[0][42][10]  ; Lost fanout                            ;
; fir_filter_parallel_reduced_pipelined_stream:impl|fir_filter_parallel_reduced_pipelined:impl|product_terms_pipe[0][42][9]   ; Lost fanout                            ;
; fir_filter_parallel_reduced_pipelined_stream:impl|fir_filter_parallel_reduced_pipelined:impl|product_terms_pipe[0][42][8]   ; Lost fanout                            ;
; fir_filter_parallel_reduced_pipelined_stream:impl|fir_filter_parallel_reduced_pipelined:impl|product_terms_pipe[0][42][7]   ; Lost fanout                            ;
; fir_filter_parallel_reduced_pipelined_stream:impl|fir_filter_parallel_reduced_pipelined:impl|product_terms_pipe[0][42][6]   ; Lost fanout                            ;
; fir_filter_parallel_reduced_pipelined_stream:impl|fir_filter_parallel_reduced_pipelined:impl|product_terms_pipe[0][42][5]   ; Lost fanout                            ;
; fir_filter_parallel_reduced_pipelined_stream:impl|fir_filter_parallel_reduced_pipelined:impl|product_terms_pipe[0][42][4]   ; Lost fanout                            ;
; fir_filter_parallel_reduced_pipelined_stream:impl|fir_filter_parallel_reduced_pipelined:impl|product_terms_pipe[0][42][3]   ; Lost fanout                            ;
; fir_filter_parallel_reduced_pipelined_stream:impl|fir_filter_parallel_reduced_pipelined:impl|product_terms_pipe[0][42][2]   ; Lost fanout                            ;
; fir_filter_parallel_reduced_pipelined_stream:impl|fir_filter_parallel_reduced_pipelined:impl|product_terms_pipe[0][42][1]   ; Lost fanout                            ;
; fir_filter_parallel_reduced_pipelined_stream:impl|fir_filter_parallel_reduced_pipelined:impl|product_terms_pipe[0][42][0]   ; Lost fanout                            ;
; fir_filter_parallel_reduced_pipelined_stream:impl|fir_filter_parallel_reduced_pipelined:impl|product_terms_pipe[0][43][45]  ; Lost fanout                            ;
; fir_filter_parallel_reduced_pipelined_stream:impl|fir_filter_parallel_reduced_pipelined:impl|product_terms_pipe[0][43][44]  ; Lost fanout                            ;
; fir_filter_parallel_reduced_pipelined_stream:impl|fir_filter_parallel_reduced_pipelined:impl|product_terms_pipe[0][43][43]  ; Lost fanout                            ;
; fir_filter_parallel_reduced_pipelined_stream:impl|fir_filter_parallel_reduced_pipelined:impl|product_terms_pipe[0][43][42]  ; Lost fanout                            ;
; fir_filter_parallel_reduced_pipelined_stream:impl|fir_filter_parallel_reduced_pipelined:impl|product_terms_pipe[0][43][41]  ; Lost fanout                            ;
; fir_filter_parallel_reduced_pipelined_stream:impl|fir_filter_parallel_reduced_pipelined:impl|product_terms_pipe[0][43][40]  ; Lost fanout                            ;
; fir_filter_parallel_reduced_pipelined_stream:impl|fir_filter_parallel_reduced_pipelined:impl|product_terms_pipe[0][43][39]  ; Lost fanout                            ;
; fir_filter_parallel_reduced_pipelined_stream:impl|fir_filter_parallel_reduced_pipelined:impl|product_terms_pipe[0][43][38]  ; Lost fanout                            ;
; fir_filter_parallel_reduced_pipelined_stream:impl|fir_filter_parallel_reduced_pipelined:impl|product_terms_pipe[0][43][37]  ; Lost fanout                            ;
; fir_filter_parallel_reduced_pipelined_stream:impl|fir_filter_parallel_reduced_pipelined:impl|product_terms_pipe[0][43][36]  ; Lost fanout                            ;
; fir_filter_parallel_reduced_pipelined_stream:impl|fir_filter_parallel_reduced_pipelined:impl|product_terms_pipe[0][43][35]  ; Lost fanout                            ;
; fir_filter_parallel_reduced_pipelined_stream:impl|fir_filter_parallel_reduced_pipelined:impl|product_terms_pipe[0][43][34]  ; Lost fanout                            ;
; fir_filter_parallel_reduced_pipelined_stream:impl|fir_filter_parallel_reduced_pipelined:impl|product_terms_pipe[0][43][33]  ; Lost fanout                            ;
; fir_filter_parallel_reduced_pipelined_stream:impl|fir_filter_parallel_reduced_pipelined:impl|product_terms_pipe[0][43][32]  ; Lost fanout                            ;
; fir_filter_parallel_reduced_pipelined_stream:impl|fir_filter_parallel_reduced_pipelined:impl|product_terms_pipe[0][43][31]  ; Lost fanout                            ;
; fir_filter_parallel_reduced_pipelined_stream:impl|fir_filter_parallel_reduced_pipelined:impl|product_terms_pipe[0][43][30]  ; Lost fanout                            ;
; fir_filter_parallel_reduced_pipelined_stream:impl|fir_filter_parallel_reduced_pipelined:impl|product_terms_pipe[0][43][29]  ; Lost fanout                            ;
; fir_filter_parallel_reduced_pipelined_stream:impl|fir_filter_parallel_reduced_pipelined:impl|product_terms_pipe[0][43][28]  ; Lost fanout                            ;
; fir_filter_parallel_reduced_pipelined_stream:impl|fir_filter_parallel_reduced_pipelined:impl|product_terms_pipe[0][43][27]  ; Lost fanout                            ;
; fir_filter_parallel_reduced_pipelined_stream:impl|fir_filter_parallel_reduced_pipelined:impl|product_terms_pipe[0][43][26]  ; Lost fanout                            ;
; fir_filter_parallel_reduced_pipelined_stream:impl|fir_filter_parallel_reduced_pipelined:impl|product_terms_pipe[0][43][25]  ; Lost fanout                            ;
; fir_filter_parallel_reduced_pipelined_stream:impl|fir_filter_parallel_reduced_pipelined:impl|product_terms_pipe[0][43][24]  ; Lost fanout                            ;
; fir_filter_parallel_reduced_pipelined_stream:impl|fir_filter_parallel_reduced_pipelined:impl|product_terms_pipe[0][43][23]  ; Lost fanout                            ;
; fir_filter_parallel_reduced_pipelined_stream:impl|fir_filter_parallel_reduced_pipelined:impl|product_terms_pipe[0][43][22]  ; Lost fanout                            ;
; fir_filter_parallel_reduced_pipelined_stream:impl|fir_filter_parallel_reduced_pipelined:impl|product_terms_pipe[0][43][21]  ; Lost fanout                            ;
; fir_filter_parallel_reduced_pipelined_stream:impl|fir_filter_parallel_reduced_pipelined:impl|product_terms_pipe[0][43][20]  ; Lost fanout                            ;
; fir_filter_parallel_reduced_pipelined_stream:impl|fir_filter_parallel_reduced_pipelined:impl|product_terms_pipe[0][43][19]  ; Lost fanout                            ;
; fir_filter_parallel_reduced_pipelined_stream:impl|fir_filter_parallel_reduced_pipelined:impl|product_terms_pipe[0][43][18]  ; Lost fanout                            ;
; fir_filter_parallel_reduced_pipelined_stream:impl|fir_filter_parallel_reduced_pipelined:impl|product_terms_pipe[0][43][17]  ; Lost fanout                            ;
; fir_filter_parallel_reduced_pipelined_stream:impl|fir_filter_parallel_reduced_pipelined:impl|product_terms_pipe[0][43][16]  ; Lost fanout                            ;
; fir_filter_parallel_reduced_pipelined_stream:impl|fir_filter_parallel_reduced_pipelined:impl|product_terms_pipe[0][43][15]  ; Lost fanout                            ;
; fir_filter_parallel_reduced_pipelined_stream:impl|fir_filter_parallel_reduced_pipelined:impl|product_terms_pipe[0][43][14]  ; Lost fanout                            ;
; fir_filter_parallel_reduced_pipelined_stream:impl|fir_filter_parallel_reduced_pipelined:impl|product_terms_pipe[0][43][13]  ; Lost fanout                            ;
; fir_filter_parallel_reduced_pipelined_stream:impl|fir_filter_parallel_reduced_pipelined:impl|product_terms_pipe[0][43][12]  ; Lost fanout                            ;
; fir_filter_parallel_reduced_pipelined_stream:impl|fir_filter_parallel_reduced_pipelined:impl|product_terms_pipe[0][43][11]  ; Lost fanout                            ;
; fir_filter_parallel_reduced_pipelined_stream:impl|fir_filter_parallel_reduced_pipelined:impl|product_terms_pipe[0][43][10]  ; Lost fanout                            ;
; fir_filter_parallel_reduced_pipelined_stream:impl|fir_filter_parallel_reduced_pipelined:impl|product_terms_pipe[0][43][9]   ; Lost fanout                            ;
; fir_filter_parallel_reduced_pipelined_stream:impl|fir_filter_parallel_reduced_pipelined:impl|product_terms_pipe[0][43][8]   ; Lost fanout                            ;
; fir_filter_parallel_reduced_pipelined_stream:impl|fir_filter_parallel_reduced_pipelined:impl|product_terms_pipe[0][43][7]   ; Lost fanout                            ;
; fir_filter_parallel_reduced_pipelined_stream:impl|fir_filter_parallel_reduced_pipelined:impl|product_terms_pipe[0][43][6]   ; Lost fanout                            ;
; fir_filter_parallel_reduced_pipelined_stream:impl|fir_filter_parallel_reduced_pipelined:impl|product_terms_pipe[0][43][5]   ; Lost fanout                            ;
; fir_filter_parallel_reduced_pipelined_stream:impl|fir_filter_parallel_reduced_pipelined:impl|product_terms_pipe[0][43][4]   ; Lost fanout                            ;
; fir_filter_parallel_reduced_pipelined_stream:impl|fir_filter_parallel_reduced_pipelined:impl|product_terms_pipe[0][43][3]   ; Lost fanout                            ;
; fir_filter_parallel_reduced_pipelined_stream:impl|fir_filter_parallel_reduced_pipelined:impl|product_terms_pipe[0][43][2]   ; Lost fanout                            ;
; fir_filter_parallel_reduced_pipelined_stream:impl|fir_filter_parallel_reduced_pipelined:impl|product_terms_pipe[0][43][1]   ; Lost fanout                            ;
; fir_filter_parallel_reduced_pipelined_stream:impl|fir_filter_parallel_reduced_pipelined:impl|product_terms_pipe[0][43][0]   ; Lost fanout                            ;
; fir_filter_parallel_reduced_pipelined_stream:impl|fir_filter_parallel_reduced_pipelined:impl|product_terms_pipe[0][44][45]  ; Lost fanout                            ;
; fir_filter_parallel_reduced_pipelined_stream:impl|fir_filter_parallel_reduced_pipelined:impl|product_terms_pipe[0][44][44]  ; Lost fanout                            ;
; fir_filter_parallel_reduced_pipelined_stream:impl|fir_filter_parallel_reduced_pipelined:impl|product_terms_pipe[0][44][43]  ; Lost fanout                            ;
; fir_filter_parallel_reduced_pipelined_stream:impl|fir_filter_parallel_reduced_pipelined:impl|product_terms_pipe[0][44][42]  ; Lost fanout                            ;
; fir_filter_parallel_reduced_pipelined_stream:impl|fir_filter_parallel_reduced_pipelined:impl|product_terms_pipe[0][44][41]  ; Lost fanout                            ;
; fir_filter_parallel_reduced_pipelined_stream:impl|fir_filter_parallel_reduced_pipelined:impl|product_terms_pipe[0][44][40]  ; Lost fanout                            ;
; fir_filter_parallel_reduced_pipelined_stream:impl|fir_filter_parallel_reduced_pipelined:impl|product_terms_pipe[0][44][39]  ; Lost fanout                            ;
; fir_filter_parallel_reduced_pipelined_stream:impl|fir_filter_parallel_reduced_pipelined:impl|product_terms_pipe[0][44][38]  ; Lost fanout                            ;
; fir_filter_parallel_reduced_pipelined_stream:impl|fir_filter_parallel_reduced_pipelined:impl|product_terms_pipe[0][44][37]  ; Lost fanout                            ;
; fir_filter_parallel_reduced_pipelined_stream:impl|fir_filter_parallel_reduced_pipelined:impl|product_terms_pipe[0][44][36]  ; Lost fanout                            ;
; fir_filter_parallel_reduced_pipelined_stream:impl|fir_filter_parallel_reduced_pipelined:impl|product_terms_pipe[0][44][35]  ; Lost fanout                            ;
; fir_filter_parallel_reduced_pipelined_stream:impl|fir_filter_parallel_reduced_pipelined:impl|product_terms_pipe[0][44][34]  ; Lost fanout                            ;
; fir_filter_parallel_reduced_pipelined_stream:impl|fir_filter_parallel_reduced_pipelined:impl|product_terms_pipe[0][44][33]  ; Lost fanout                            ;
; fir_filter_parallel_reduced_pipelined_stream:impl|fir_filter_parallel_reduced_pipelined:impl|product_terms_pipe[0][44][32]  ; Lost fanout                            ;
; fir_filter_parallel_reduced_pipelined_stream:impl|fir_filter_parallel_reduced_pipelined:impl|product_terms_pipe[0][44][31]  ; Lost fanout                            ;
; fir_filter_parallel_reduced_pipelined_stream:impl|fir_filter_parallel_reduced_pipelined:impl|product_terms_pipe[0][44][30]  ; Lost fanout                            ;
; fir_filter_parallel_reduced_pipelined_stream:impl|fir_filter_parallel_reduced_pipelined:impl|product_terms_pipe[0][44][29]  ; Lost fanout                            ;
; fir_filter_parallel_reduced_pipelined_stream:impl|fir_filter_parallel_reduced_pipelined:impl|product_terms_pipe[0][44][28]  ; Lost fanout                            ;
; fir_filter_parallel_reduced_pipelined_stream:impl|fir_filter_parallel_reduced_pipelined:impl|product_terms_pipe[0][44][27]  ; Lost fanout                            ;
; fir_filter_parallel_reduced_pipelined_stream:impl|fir_filter_parallel_reduced_pipelined:impl|product_terms_pipe[0][44][26]  ; Lost fanout                            ;
; fir_filter_parallel_reduced_pipelined_stream:impl|fir_filter_parallel_reduced_pipelined:impl|product_terms_pipe[0][44][25]  ; Lost fanout                            ;
; fir_filter_parallel_reduced_pipelined_stream:impl|fir_filter_parallel_reduced_pipelined:impl|product_terms_pipe[0][44][24]  ; Lost fanout                            ;
; fir_filter_parallel_reduced_pipelined_stream:impl|fir_filter_parallel_reduced_pipelined:impl|product_terms_pipe[0][44][23]  ; Lost fanout                            ;
; fir_filter_parallel_reduced_pipelined_stream:impl|fir_filter_parallel_reduced_pipelined:impl|product_terms_pipe[0][44][22]  ; Lost fanout                            ;
; fir_filter_parallel_reduced_pipelined_stream:impl|fir_filter_parallel_reduced_pipelined:impl|product_terms_pipe[0][44][21]  ; Lost fanout                            ;
; fir_filter_parallel_reduced_pipelined_stream:impl|fir_filter_parallel_reduced_pipelined:impl|product_terms_pipe[0][44][20]  ; Lost fanout                            ;
; fir_filter_parallel_reduced_pipelined_stream:impl|fir_filter_parallel_reduced_pipelined:impl|product_terms_pipe[0][44][19]  ; Lost fanout                            ;
; fir_filter_parallel_reduced_pipelined_stream:impl|fir_filter_parallel_reduced_pipelined:impl|product_terms_pipe[0][44][18]  ; Lost fanout                            ;
; fir_filter_parallel_reduced_pipelined_stream:impl|fir_filter_parallel_reduced_pipelined:impl|product_terms_pipe[0][44][17]  ; Lost fanout                            ;
; fir_filter_parallel_reduced_pipelined_stream:impl|fir_filter_parallel_reduced_pipelined:impl|product_terms_pipe[0][44][16]  ; Lost fanout                            ;
; fir_filter_parallel_reduced_pipelined_stream:impl|fir_filter_parallel_reduced_pipelined:impl|product_terms_pipe[0][44][15]  ; Lost fanout                            ;
; fir_filter_parallel_reduced_pipelined_stream:impl|fir_filter_parallel_reduced_pipelined:impl|product_terms_pipe[0][44][14]  ; Lost fanout                            ;
; fir_filter_parallel_reduced_pipelined_stream:impl|fir_filter_parallel_reduced_pipelined:impl|product_terms_pipe[0][44][13]  ; Lost fanout                            ;
; fir_filter_parallel_reduced_pipelined_stream:impl|fir_filter_parallel_reduced_pipelined:impl|product_terms_pipe[0][44][12]  ; Lost fanout                            ;
; fir_filter_parallel_reduced_pipelined_stream:impl|fir_filter_parallel_reduced_pipelined:impl|product_terms_pipe[0][44][11]  ; Lost fanout                            ;
; fir_filter_parallel_reduced_pipelined_stream:impl|fir_filter_parallel_reduced_pipelined:impl|product_terms_pipe[0][44][10]  ; Lost fanout                            ;
; fir_filter_parallel_reduced_pipelined_stream:impl|fir_filter_parallel_reduced_pipelined:impl|product_terms_pipe[0][44][9]   ; Lost fanout                            ;
; fir_filter_parallel_reduced_pipelined_stream:impl|fir_filter_parallel_reduced_pipelined:impl|product_terms_pipe[0][44][8]   ; Lost fanout                            ;
; fir_filter_parallel_reduced_pipelined_stream:impl|fir_filter_parallel_reduced_pipelined:impl|product_terms_pipe[0][44][7]   ; Lost fanout                            ;
; fir_filter_parallel_reduced_pipelined_stream:impl|fir_filter_parallel_reduced_pipelined:impl|product_terms_pipe[0][44][6]   ; Lost fanout                            ;
; fir_filter_parallel_reduced_pipelined_stream:impl|fir_filter_parallel_reduced_pipelined:impl|product_terms_pipe[0][44][5]   ; Lost fanout                            ;
; fir_filter_parallel_reduced_pipelined_stream:impl|fir_filter_parallel_reduced_pipelined:impl|product_terms_pipe[0][44][4]   ; Lost fanout                            ;
; fir_filter_parallel_reduced_pipelined_stream:impl|fir_filter_parallel_reduced_pipelined:impl|product_terms_pipe[0][44][3]   ; Lost fanout                            ;
; fir_filter_parallel_reduced_pipelined_stream:impl|fir_filter_parallel_reduced_pipelined:impl|product_terms_pipe[0][44][2]   ; Lost fanout                            ;
; fir_filter_parallel_reduced_pipelined_stream:impl|fir_filter_parallel_reduced_pipelined:impl|product_terms_pipe[0][44][1]   ; Lost fanout                            ;
; fir_filter_parallel_reduced_pipelined_stream:impl|fir_filter_parallel_reduced_pipelined:impl|product_terms_pipe[0][44][0]   ; Lost fanout                            ;
; fir_filter_parallel_reduced_pipelined_stream:impl|fir_filter_parallel_reduced_pipelined:impl|product_terms_pipe[0][45][45]  ; Lost fanout                            ;
; fir_filter_parallel_reduced_pipelined_stream:impl|fir_filter_parallel_reduced_pipelined:impl|product_terms_pipe[0][45][44]  ; Lost fanout                            ;
; fir_filter_parallel_reduced_pipelined_stream:impl|fir_filter_parallel_reduced_pipelined:impl|product_terms_pipe[0][45][43]  ; Lost fanout                            ;
; fir_filter_parallel_reduced_pipelined_stream:impl|fir_filter_parallel_reduced_pipelined:impl|product_terms_pipe[0][45][42]  ; Lost fanout                            ;
; fir_filter_parallel_reduced_pipelined_stream:impl|fir_filter_parallel_reduced_pipelined:impl|product_terms_pipe[0][45][41]  ; Lost fanout                            ;
; fir_filter_parallel_reduced_pipelined_stream:impl|fir_filter_parallel_reduced_pipelined:impl|product_terms_pipe[0][45][40]  ; Lost fanout                            ;
; fir_filter_parallel_reduced_pipelined_stream:impl|fir_filter_parallel_reduced_pipelined:impl|product_terms_pipe[0][45][39]  ; Lost fanout                            ;
; fir_filter_parallel_reduced_pipelined_stream:impl|fir_filter_parallel_reduced_pipelined:impl|product_terms_pipe[0][45][38]  ; Lost fanout                            ;
; fir_filter_parallel_reduced_pipelined_stream:impl|fir_filter_parallel_reduced_pipelined:impl|product_terms_pipe[0][45][37]  ; Lost fanout                            ;
; fir_filter_parallel_reduced_pipelined_stream:impl|fir_filter_parallel_reduced_pipelined:impl|product_terms_pipe[0][45][36]  ; Lost fanout                            ;
; fir_filter_parallel_reduced_pipelined_stream:impl|fir_filter_parallel_reduced_pipelined:impl|product_terms_pipe[0][45][35]  ; Lost fanout                            ;
; fir_filter_parallel_reduced_pipelined_stream:impl|fir_filter_parallel_reduced_pipelined:impl|product_terms_pipe[0][45][34]  ; Lost fanout                            ;
; fir_filter_parallel_reduced_pipelined_stream:impl|fir_filter_parallel_reduced_pipelined:impl|product_terms_pipe[0][45][33]  ; Lost fanout                            ;
; fir_filter_parallel_reduced_pipelined_stream:impl|fir_filter_parallel_reduced_pipelined:impl|product_terms_pipe[0][45][32]  ; Lost fanout                            ;
; fir_filter_parallel_reduced_pipelined_stream:impl|fir_filter_parallel_reduced_pipelined:impl|product_terms_pipe[0][45][31]  ; Lost fanout                            ;
; fir_filter_parallel_reduced_pipelined_stream:impl|fir_filter_parallel_reduced_pipelined:impl|product_terms_pipe[0][45][30]  ; Lost fanout                            ;
; fir_filter_parallel_reduced_pipelined_stream:impl|fir_filter_parallel_reduced_pipelined:impl|product_terms_pipe[0][45][29]  ; Lost fanout                            ;
; fir_filter_parallel_reduced_pipelined_stream:impl|fir_filter_parallel_reduced_pipelined:impl|product_terms_pipe[0][45][28]  ; Lost fanout                            ;
; fir_filter_parallel_reduced_pipelined_stream:impl|fir_filter_parallel_reduced_pipelined:impl|product_terms_pipe[0][45][27]  ; Lost fanout                            ;
; fir_filter_parallel_reduced_pipelined_stream:impl|fir_filter_parallel_reduced_pipelined:impl|product_terms_pipe[0][45][26]  ; Lost fanout                            ;
; fir_filter_parallel_reduced_pipelined_stream:impl|fir_filter_parallel_reduced_pipelined:impl|product_terms_pipe[0][45][25]  ; Lost fanout                            ;
; fir_filter_parallel_reduced_pipelined_stream:impl|fir_filter_parallel_reduced_pipelined:impl|product_terms_pipe[0][45][24]  ; Lost fanout                            ;
; fir_filter_parallel_reduced_pipelined_stream:impl|fir_filter_parallel_reduced_pipelined:impl|product_terms_pipe[0][45][23]  ; Lost fanout                            ;
; fir_filter_parallel_reduced_pipelined_stream:impl|fir_filter_parallel_reduced_pipelined:impl|product_terms_pipe[0][45][22]  ; Lost fanout                            ;
; fir_filter_parallel_reduced_pipelined_stream:impl|fir_filter_parallel_reduced_pipelined:impl|product_terms_pipe[0][45][21]  ; Lost fanout                            ;
; fir_filter_parallel_reduced_pipelined_stream:impl|fir_filter_parallel_reduced_pipelined:impl|product_terms_pipe[0][45][20]  ; Lost fanout                            ;
; fir_filter_parallel_reduced_pipelined_stream:impl|fir_filter_parallel_reduced_pipelined:impl|product_terms_pipe[0][45][19]  ; Lost fanout                            ;
; fir_filter_parallel_reduced_pipelined_stream:impl|fir_filter_parallel_reduced_pipelined:impl|product_terms_pipe[0][45][18]  ; Lost fanout                            ;
; fir_filter_parallel_reduced_pipelined_stream:impl|fir_filter_parallel_reduced_pipelined:impl|product_terms_pipe[0][45][17]  ; Lost fanout                            ;
; fir_filter_parallel_reduced_pipelined_stream:impl|fir_filter_parallel_reduced_pipelined:impl|product_terms_pipe[0][45][16]  ; Lost fanout                            ;
; fir_filter_parallel_reduced_pipelined_stream:impl|fir_filter_parallel_reduced_pipelined:impl|product_terms_pipe[0][45][15]  ; Lost fanout                            ;
; fir_filter_parallel_reduced_pipelined_stream:impl|fir_filter_parallel_reduced_pipelined:impl|product_terms_pipe[0][45][14]  ; Lost fanout                            ;
; fir_filter_parallel_reduced_pipelined_stream:impl|fir_filter_parallel_reduced_pipelined:impl|product_terms_pipe[0][45][13]  ; Lost fanout                            ;
; fir_filter_parallel_reduced_pipelined_stream:impl|fir_filter_parallel_reduced_pipelined:impl|product_terms_pipe[0][45][12]  ; Lost fanout                            ;
; fir_filter_parallel_reduced_pipelined_stream:impl|fir_filter_parallel_reduced_pipelined:impl|product_terms_pipe[0][45][11]  ; Lost fanout                            ;
; fir_filter_parallel_reduced_pipelined_stream:impl|fir_filter_parallel_reduced_pipelined:impl|product_terms_pipe[0][45][10]  ; Lost fanout                            ;
; fir_filter_parallel_reduced_pipelined_stream:impl|fir_filter_parallel_reduced_pipelined:impl|product_terms_pipe[0][45][9]   ; Lost fanout                            ;
; fir_filter_parallel_reduced_pipelined_stream:impl|fir_filter_parallel_reduced_pipelined:impl|product_terms_pipe[0][45][8]   ; Lost fanout                            ;
; fir_filter_parallel_reduced_pipelined_stream:impl|fir_filter_parallel_reduced_pipelined:impl|product_terms_pipe[0][45][7]   ; Lost fanout                            ;
; fir_filter_parallel_reduced_pipelined_stream:impl|fir_filter_parallel_reduced_pipelined:impl|product_terms_pipe[0][45][6]   ; Lost fanout                            ;
; fir_filter_parallel_reduced_pipelined_stream:impl|fir_filter_parallel_reduced_pipelined:impl|product_terms_pipe[0][45][5]   ; Lost fanout                            ;
; fir_filter_parallel_reduced_pipelined_stream:impl|fir_filter_parallel_reduced_pipelined:impl|product_terms_pipe[0][45][4]   ; Lost fanout                            ;
; fir_filter_parallel_reduced_pipelined_stream:impl|fir_filter_parallel_reduced_pipelined:impl|product_terms_pipe[0][45][3]   ; Lost fanout                            ;
; fir_filter_parallel_reduced_pipelined_stream:impl|fir_filter_parallel_reduced_pipelined:impl|product_terms_pipe[0][45][2]   ; Lost fanout                            ;
; fir_filter_parallel_reduced_pipelined_stream:impl|fir_filter_parallel_reduced_pipelined:impl|product_terms_pipe[0][45][1]   ; Lost fanout                            ;
; fir_filter_parallel_reduced_pipelined_stream:impl|fir_filter_parallel_reduced_pipelined:impl|product_terms_pipe[0][45][0]   ; Lost fanout                            ;
; fir_filter_parallel_reduced_pipelined_stream:impl|fir_filter_parallel_reduced_pipelined:impl|product_terms_pipe[0][46][45]  ; Lost fanout                            ;
; fir_filter_parallel_reduced_pipelined_stream:impl|fir_filter_parallel_reduced_pipelined:impl|product_terms_pipe[0][46][44]  ; Lost fanout                            ;
; fir_filter_parallel_reduced_pipelined_stream:impl|fir_filter_parallel_reduced_pipelined:impl|product_terms_pipe[0][46][43]  ; Lost fanout                            ;
; fir_filter_parallel_reduced_pipelined_stream:impl|fir_filter_parallel_reduced_pipelined:impl|product_terms_pipe[0][46][42]  ; Lost fanout                            ;
; fir_filter_parallel_reduced_pipelined_stream:impl|fir_filter_parallel_reduced_pipelined:impl|product_terms_pipe[0][46][41]  ; Lost fanout                            ;
; fir_filter_parallel_reduced_pipelined_stream:impl|fir_filter_parallel_reduced_pipelined:impl|product_terms_pipe[0][46][40]  ; Lost fanout                            ;
; fir_filter_parallel_reduced_pipelined_stream:impl|fir_filter_parallel_reduced_pipelined:impl|product_terms_pipe[0][46][39]  ; Lost fanout                            ;
; fir_filter_parallel_reduced_pipelined_stream:impl|fir_filter_parallel_reduced_pipelined:impl|product_terms_pipe[0][46][38]  ; Lost fanout                            ;
; fir_filter_parallel_reduced_pipelined_stream:impl|fir_filter_parallel_reduced_pipelined:impl|product_terms_pipe[0][46][37]  ; Lost fanout                            ;
; fir_filter_parallel_reduced_pipelined_stream:impl|fir_filter_parallel_reduced_pipelined:impl|product_terms_pipe[0][46][36]  ; Lost fanout                            ;
; fir_filter_parallel_reduced_pipelined_stream:impl|fir_filter_parallel_reduced_pipelined:impl|product_terms_pipe[0][46][35]  ; Lost fanout                            ;
; fir_filter_parallel_reduced_pipelined_stream:impl|fir_filter_parallel_reduced_pipelined:impl|product_terms_pipe[0][46][34]  ; Lost fanout                            ;
; fir_filter_parallel_reduced_pipelined_stream:impl|fir_filter_parallel_reduced_pipelined:impl|product_terms_pipe[0][46][33]  ; Lost fanout                            ;
; fir_filter_parallel_reduced_pipelined_stream:impl|fir_filter_parallel_reduced_pipelined:impl|product_terms_pipe[0][46][32]  ; Lost fanout                            ;
; fir_filter_parallel_reduced_pipelined_stream:impl|fir_filter_parallel_reduced_pipelined:impl|product_terms_pipe[0][46][31]  ; Lost fanout                            ;
; fir_filter_parallel_reduced_pipelined_stream:impl|fir_filter_parallel_reduced_pipelined:impl|product_terms_pipe[0][46][30]  ; Lost fanout                            ;
; fir_filter_parallel_reduced_pipelined_stream:impl|fir_filter_parallel_reduced_pipelined:impl|product_terms_pipe[0][46][29]  ; Lost fanout                            ;
; fir_filter_parallel_reduced_pipelined_stream:impl|fir_filter_parallel_reduced_pipelined:impl|product_terms_pipe[0][46][28]  ; Lost fanout                            ;
; fir_filter_parallel_reduced_pipelined_stream:impl|fir_filter_parallel_reduced_pipelined:impl|product_terms_pipe[0][46][27]  ; Lost fanout                            ;
; fir_filter_parallel_reduced_pipelined_stream:impl|fir_filter_parallel_reduced_pipelined:impl|product_terms_pipe[0][46][26]  ; Lost fanout                            ;
; fir_filter_parallel_reduced_pipelined_stream:impl|fir_filter_parallel_reduced_pipelined:impl|product_terms_pipe[0][46][25]  ; Lost fanout                            ;
; fir_filter_parallel_reduced_pipelined_stream:impl|fir_filter_parallel_reduced_pipelined:impl|product_terms_pipe[0][46][24]  ; Lost fanout                            ;
; fir_filter_parallel_reduced_pipelined_stream:impl|fir_filter_parallel_reduced_pipelined:impl|product_terms_pipe[0][46][23]  ; Lost fanout                            ;
; fir_filter_parallel_reduced_pipelined_stream:impl|fir_filter_parallel_reduced_pipelined:impl|product_terms_pipe[0][46][22]  ; Lost fanout                            ;
; fir_filter_parallel_reduced_pipelined_stream:impl|fir_filter_parallel_reduced_pipelined:impl|product_terms_pipe[0][46][21]  ; Lost fanout                            ;
; fir_filter_parallel_reduced_pipelined_stream:impl|fir_filter_parallel_reduced_pipelined:impl|product_terms_pipe[0][46][20]  ; Lost fanout                            ;
; fir_filter_parallel_reduced_pipelined_stream:impl|fir_filter_parallel_reduced_pipelined:impl|product_terms_pipe[0][46][19]  ; Lost fanout                            ;
; fir_filter_parallel_reduced_pipelined_stream:impl|fir_filter_parallel_reduced_pipelined:impl|product_terms_pipe[0][46][18]  ; Lost fanout                            ;
; fir_filter_parallel_reduced_pipelined_stream:impl|fir_filter_parallel_reduced_pipelined:impl|product_terms_pipe[0][46][17]  ; Lost fanout                            ;
; fir_filter_parallel_reduced_pipelined_stream:impl|fir_filter_parallel_reduced_pipelined:impl|product_terms_pipe[0][46][16]  ; Lost fanout                            ;
; fir_filter_parallel_reduced_pipelined_stream:impl|fir_filter_parallel_reduced_pipelined:impl|product_terms_pipe[0][46][15]  ; Lost fanout                            ;
; fir_filter_parallel_reduced_pipelined_stream:impl|fir_filter_parallel_reduced_pipelined:impl|product_terms_pipe[0][46][14]  ; Lost fanout                            ;
; fir_filter_parallel_reduced_pipelined_stream:impl|fir_filter_parallel_reduced_pipelined:impl|product_terms_pipe[0][46][13]  ; Lost fanout                            ;
; fir_filter_parallel_reduced_pipelined_stream:impl|fir_filter_parallel_reduced_pipelined:impl|product_terms_pipe[0][46][12]  ; Lost fanout                            ;
; fir_filter_parallel_reduced_pipelined_stream:impl|fir_filter_parallel_reduced_pipelined:impl|product_terms_pipe[0][46][11]  ; Lost fanout                            ;
; fir_filter_parallel_reduced_pipelined_stream:impl|fir_filter_parallel_reduced_pipelined:impl|product_terms_pipe[0][46][10]  ; Lost fanout                            ;
; fir_filter_parallel_reduced_pipelined_stream:impl|fir_filter_parallel_reduced_pipelined:impl|product_terms_pipe[0][46][9]   ; Lost fanout                            ;
; fir_filter_parallel_reduced_pipelined_stream:impl|fir_filter_parallel_reduced_pipelined:impl|product_terms_pipe[0][46][8]   ; Lost fanout                            ;
; fir_filter_parallel_reduced_pipelined_stream:impl|fir_filter_parallel_reduced_pipelined:impl|product_terms_pipe[0][46][7]   ; Lost fanout                            ;
; fir_filter_parallel_reduced_pipelined_stream:impl|fir_filter_parallel_reduced_pipelined:impl|product_terms_pipe[0][46][6]   ; Lost fanout                            ;
; fir_filter_parallel_reduced_pipelined_stream:impl|fir_filter_parallel_reduced_pipelined:impl|product_terms_pipe[0][46][5]   ; Lost fanout                            ;
; fir_filter_parallel_reduced_pipelined_stream:impl|fir_filter_parallel_reduced_pipelined:impl|product_terms_pipe[0][46][4]   ; Lost fanout                            ;
; fir_filter_parallel_reduced_pipelined_stream:impl|fir_filter_parallel_reduced_pipelined:impl|product_terms_pipe[0][46][3]   ; Lost fanout                            ;
; fir_filter_parallel_reduced_pipelined_stream:impl|fir_filter_parallel_reduced_pipelined:impl|product_terms_pipe[0][46][2]   ; Lost fanout                            ;
; fir_filter_parallel_reduced_pipelined_stream:impl|fir_filter_parallel_reduced_pipelined:impl|product_terms_pipe[0][46][1]   ; Lost fanout                            ;
; fir_filter_parallel_reduced_pipelined_stream:impl|fir_filter_parallel_reduced_pipelined:impl|product_terms_pipe[0][46][0]   ; Lost fanout                            ;
; fir_filter_parallel_reduced_pipelined_stream:impl|fir_filter_parallel_reduced_pipelined:impl|product_terms_pipe[0][47][45]  ; Lost fanout                            ;
; fir_filter_parallel_reduced_pipelined_stream:impl|fir_filter_parallel_reduced_pipelined:impl|product_terms_pipe[0][47][44]  ; Lost fanout                            ;
; fir_filter_parallel_reduced_pipelined_stream:impl|fir_filter_parallel_reduced_pipelined:impl|product_terms_pipe[0][47][43]  ; Lost fanout                            ;
; fir_filter_parallel_reduced_pipelined_stream:impl|fir_filter_parallel_reduced_pipelined:impl|product_terms_pipe[0][47][42]  ; Lost fanout                            ;
; fir_filter_parallel_reduced_pipelined_stream:impl|fir_filter_parallel_reduced_pipelined:impl|product_terms_pipe[0][47][41]  ; Lost fanout                            ;
; fir_filter_parallel_reduced_pipelined_stream:impl|fir_filter_parallel_reduced_pipelined:impl|product_terms_pipe[0][47][40]  ; Lost fanout                            ;
; fir_filter_parallel_reduced_pipelined_stream:impl|fir_filter_parallel_reduced_pipelined:impl|product_terms_pipe[0][47][39]  ; Lost fanout                            ;
; fir_filter_parallel_reduced_pipelined_stream:impl|fir_filter_parallel_reduced_pipelined:impl|product_terms_pipe[0][47][38]  ; Lost fanout                            ;
; fir_filter_parallel_reduced_pipelined_stream:impl|fir_filter_parallel_reduced_pipelined:impl|product_terms_pipe[0][47][37]  ; Lost fanout                            ;
; fir_filter_parallel_reduced_pipelined_stream:impl|fir_filter_parallel_reduced_pipelined:impl|product_terms_pipe[0][47][36]  ; Lost fanout                            ;
; fir_filter_parallel_reduced_pipelined_stream:impl|fir_filter_parallel_reduced_pipelined:impl|product_terms_pipe[0][47][35]  ; Lost fanout                            ;
; fir_filter_parallel_reduced_pipelined_stream:impl|fir_filter_parallel_reduced_pipelined:impl|product_terms_pipe[0][47][34]  ; Lost fanout                            ;
; fir_filter_parallel_reduced_pipelined_stream:impl|fir_filter_parallel_reduced_pipelined:impl|product_terms_pipe[0][47][33]  ; Lost fanout                            ;
; fir_filter_parallel_reduced_pipelined_stream:impl|fir_filter_parallel_reduced_pipelined:impl|product_terms_pipe[0][47][32]  ; Lost fanout                            ;
; fir_filter_parallel_reduced_pipelined_stream:impl|fir_filter_parallel_reduced_pipelined:impl|product_terms_pipe[0][47][31]  ; Lost fanout                            ;
; fir_filter_parallel_reduced_pipelined_stream:impl|fir_filter_parallel_reduced_pipelined:impl|product_terms_pipe[0][47][30]  ; Lost fanout                            ;
; fir_filter_parallel_reduced_pipelined_stream:impl|fir_filter_parallel_reduced_pipelined:impl|product_terms_pipe[0][47][29]  ; Lost fanout                            ;
; fir_filter_parallel_reduced_pipelined_stream:impl|fir_filter_parallel_reduced_pipelined:impl|product_terms_pipe[0][47][28]  ; Lost fanout                            ;
; fir_filter_parallel_reduced_pipelined_stream:impl|fir_filter_parallel_reduced_pipelined:impl|product_terms_pipe[0][47][27]  ; Lost fanout                            ;
; fir_filter_parallel_reduced_pipelined_stream:impl|fir_filter_parallel_reduced_pipelined:impl|product_terms_pipe[0][47][26]  ; Lost fanout                            ;
; fir_filter_parallel_reduced_pipelined_stream:impl|fir_filter_parallel_reduced_pipelined:impl|product_terms_pipe[0][47][25]  ; Lost fanout                            ;
; fir_filter_parallel_reduced_pipelined_stream:impl|fir_filter_parallel_reduced_pipelined:impl|product_terms_pipe[0][47][24]  ; Lost fanout                            ;
; fir_filter_parallel_reduced_pipelined_stream:impl|fir_filter_parallel_reduced_pipelined:impl|product_terms_pipe[0][47][23]  ; Lost fanout                            ;
; fir_filter_parallel_reduced_pipelined_stream:impl|fir_filter_parallel_reduced_pipelined:impl|product_terms_pipe[0][47][22]  ; Lost fanout                            ;
; fir_filter_parallel_reduced_pipelined_stream:impl|fir_filter_parallel_reduced_pipelined:impl|product_terms_pipe[0][47][21]  ; Lost fanout                            ;
; fir_filter_parallel_reduced_pipelined_stream:impl|fir_filter_parallel_reduced_pipelined:impl|product_terms_pipe[0][47][20]  ; Lost fanout                            ;
; fir_filter_parallel_reduced_pipelined_stream:impl|fir_filter_parallel_reduced_pipelined:impl|product_terms_pipe[0][47][19]  ; Lost fanout                            ;
; fir_filter_parallel_reduced_pipelined_stream:impl|fir_filter_parallel_reduced_pipelined:impl|product_terms_pipe[0][47][18]  ; Lost fanout                            ;
; fir_filter_parallel_reduced_pipelined_stream:impl|fir_filter_parallel_reduced_pipelined:impl|product_terms_pipe[0][47][17]  ; Lost fanout                            ;
; fir_filter_parallel_reduced_pipelined_stream:impl|fir_filter_parallel_reduced_pipelined:impl|product_terms_pipe[0][47][16]  ; Lost fanout                            ;
; fir_filter_parallel_reduced_pipelined_stream:impl|fir_filter_parallel_reduced_pipelined:impl|product_terms_pipe[0][47][15]  ; Lost fanout                            ;
; fir_filter_parallel_reduced_pipelined_stream:impl|fir_filter_parallel_reduced_pipelined:impl|product_terms_pipe[0][47][14]  ; Lost fanout                            ;
; fir_filter_parallel_reduced_pipelined_stream:impl|fir_filter_parallel_reduced_pipelined:impl|product_terms_pipe[0][47][13]  ; Lost fanout                            ;
; fir_filter_parallel_reduced_pipelined_stream:impl|fir_filter_parallel_reduced_pipelined:impl|product_terms_pipe[0][47][12]  ; Lost fanout                            ;
; fir_filter_parallel_reduced_pipelined_stream:impl|fir_filter_parallel_reduced_pipelined:impl|product_terms_pipe[0][47][11]  ; Lost fanout                            ;
; fir_filter_parallel_reduced_pipelined_stream:impl|fir_filter_parallel_reduced_pipelined:impl|product_terms_pipe[0][47][10]  ; Lost fanout                            ;
; fir_filter_parallel_reduced_pipelined_stream:impl|fir_filter_parallel_reduced_pipelined:impl|product_terms_pipe[0][47][9]   ; Lost fanout                            ;
; fir_filter_parallel_reduced_pipelined_stream:impl|fir_filter_parallel_reduced_pipelined:impl|product_terms_pipe[0][47][8]   ; Lost fanout                            ;
; fir_filter_parallel_reduced_pipelined_stream:impl|fir_filter_parallel_reduced_pipelined:impl|product_terms_pipe[0][47][7]   ; Lost fanout                            ;
; fir_filter_parallel_reduced_pipelined_stream:impl|fir_filter_parallel_reduced_pipelined:impl|product_terms_pipe[0][47][6]   ; Lost fanout                            ;
; fir_filter_parallel_reduced_pipelined_stream:impl|fir_filter_parallel_reduced_pipelined:impl|product_terms_pipe[0][47][5]   ; Lost fanout                            ;
; fir_filter_parallel_reduced_pipelined_stream:impl|fir_filter_parallel_reduced_pipelined:impl|product_terms_pipe[0][47][4]   ; Lost fanout                            ;
; fir_filter_parallel_reduced_pipelined_stream:impl|fir_filter_parallel_reduced_pipelined:impl|product_terms_pipe[0][47][3]   ; Lost fanout                            ;
; fir_filter_parallel_reduced_pipelined_stream:impl|fir_filter_parallel_reduced_pipelined:impl|product_terms_pipe[0][47][2]   ; Lost fanout                            ;
; fir_filter_parallel_reduced_pipelined_stream:impl|fir_filter_parallel_reduced_pipelined:impl|product_terms_pipe[0][47][1]   ; Lost fanout                            ;
; fir_filter_parallel_reduced_pipelined_stream:impl|fir_filter_parallel_reduced_pipelined:impl|product_terms_pipe[0][47][0]   ; Lost fanout                            ;
; fir_filter_parallel_reduced_pipelined_stream:impl|fir_filter_parallel_reduced_pipelined:impl|product_terms_pipe[0][50][45]  ; Lost fanout                            ;
; fir_filter_parallel_reduced_pipelined_stream:impl|fir_filter_parallel_reduced_pipelined:impl|product_terms_pipe[0][50][44]  ; Lost fanout                            ;
; fir_filter_parallel_reduced_pipelined_stream:impl|fir_filter_parallel_reduced_pipelined:impl|product_terms_pipe[0][50][43]  ; Lost fanout                            ;
; fir_filter_parallel_reduced_pipelined_stream:impl|fir_filter_parallel_reduced_pipelined:impl|product_terms_pipe[0][50][42]  ; Lost fanout                            ;
; fir_filter_parallel_reduced_pipelined_stream:impl|fir_filter_parallel_reduced_pipelined:impl|product_terms_pipe[0][50][41]  ; Lost fanout                            ;
; fir_filter_parallel_reduced_pipelined_stream:impl|fir_filter_parallel_reduced_pipelined:impl|product_terms_pipe[0][50][40]  ; Lost fanout                            ;
; fir_filter_parallel_reduced_pipelined_stream:impl|fir_filter_parallel_reduced_pipelined:impl|product_terms_pipe[0][50][39]  ; Lost fanout                            ;
; fir_filter_parallel_reduced_pipelined_stream:impl|fir_filter_parallel_reduced_pipelined:impl|product_terms_pipe[0][50][38]  ; Lost fanout                            ;
; fir_filter_parallel_reduced_pipelined_stream:impl|fir_filter_parallel_reduced_pipelined:impl|product_terms_pipe[0][50][37]  ; Lost fanout                            ;
; fir_filter_parallel_reduced_pipelined_stream:impl|fir_filter_parallel_reduced_pipelined:impl|product_terms_pipe[0][50][36]  ; Lost fanout                            ;
; fir_filter_parallel_reduced_pipelined_stream:impl|fir_filter_parallel_reduced_pipelined:impl|product_terms_pipe[0][50][35]  ; Lost fanout                            ;
; fir_filter_parallel_reduced_pipelined_stream:impl|fir_filter_parallel_reduced_pipelined:impl|product_terms_pipe[0][50][34]  ; Lost fanout                            ;
; fir_filter_parallel_reduced_pipelined_stream:impl|fir_filter_parallel_reduced_pipelined:impl|product_terms_pipe[0][50][33]  ; Lost fanout                            ;
; fir_filter_parallel_reduced_pipelined_stream:impl|fir_filter_parallel_reduced_pipelined:impl|product_terms_pipe[0][50][32]  ; Lost fanout                            ;
; fir_filter_parallel_reduced_pipelined_stream:impl|fir_filter_parallel_reduced_pipelined:impl|product_terms_pipe[0][50][31]  ; Lost fanout                            ;
; fir_filter_parallel_reduced_pipelined_stream:impl|fir_filter_parallel_reduced_pipelined:impl|product_terms_pipe[0][50][30]  ; Lost fanout                            ;
; fir_filter_parallel_reduced_pipelined_stream:impl|fir_filter_parallel_reduced_pipelined:impl|product_terms_pipe[0][50][29]  ; Lost fanout                            ;
; fir_filter_parallel_reduced_pipelined_stream:impl|fir_filter_parallel_reduced_pipelined:impl|product_terms_pipe[0][50][28]  ; Lost fanout                            ;
; fir_filter_parallel_reduced_pipelined_stream:impl|fir_filter_parallel_reduced_pipelined:impl|product_terms_pipe[0][50][27]  ; Lost fanout                            ;
; fir_filter_parallel_reduced_pipelined_stream:impl|fir_filter_parallel_reduced_pipelined:impl|product_terms_pipe[0][50][26]  ; Lost fanout                            ;
; fir_filter_parallel_reduced_pipelined_stream:impl|fir_filter_parallel_reduced_pipelined:impl|product_terms_pipe[0][50][25]  ; Lost fanout                            ;
; fir_filter_parallel_reduced_pipelined_stream:impl|fir_filter_parallel_reduced_pipelined:impl|product_terms_pipe[0][50][24]  ; Lost fanout                            ;
; fir_filter_parallel_reduced_pipelined_stream:impl|fir_filter_parallel_reduced_pipelined:impl|product_terms_pipe[0][50][23]  ; Lost fanout                            ;
; fir_filter_parallel_reduced_pipelined_stream:impl|fir_filter_parallel_reduced_pipelined:impl|product_terms_pipe[0][50][22]  ; Lost fanout                            ;
; fir_filter_parallel_reduced_pipelined_stream:impl|fir_filter_parallel_reduced_pipelined:impl|product_terms_pipe[0][50][21]  ; Lost fanout                            ;
; fir_filter_parallel_reduced_pipelined_stream:impl|fir_filter_parallel_reduced_pipelined:impl|product_terms_pipe[0][50][20]  ; Lost fanout                            ;
; fir_filter_parallel_reduced_pipelined_stream:impl|fir_filter_parallel_reduced_pipelined:impl|product_terms_pipe[0][50][19]  ; Lost fanout                            ;
; fir_filter_parallel_reduced_pipelined_stream:impl|fir_filter_parallel_reduced_pipelined:impl|product_terms_pipe[0][50][18]  ; Lost fanout                            ;
; fir_filter_parallel_reduced_pipelined_stream:impl|fir_filter_parallel_reduced_pipelined:impl|product_terms_pipe[0][50][17]  ; Lost fanout                            ;
; fir_filter_parallel_reduced_pipelined_stream:impl|fir_filter_parallel_reduced_pipelined:impl|product_terms_pipe[0][50][16]  ; Lost fanout                            ;
; fir_filter_parallel_reduced_pipelined_stream:impl|fir_filter_parallel_reduced_pipelined:impl|product_terms_pipe[0][50][15]  ; Lost fanout                            ;
; fir_filter_parallel_reduced_pipelined_stream:impl|fir_filter_parallel_reduced_pipelined:impl|product_terms_pipe[0][50][14]  ; Lost fanout                            ;
; fir_filter_parallel_reduced_pipelined_stream:impl|fir_filter_parallel_reduced_pipelined:impl|product_terms_pipe[0][50][13]  ; Lost fanout                            ;
; fir_filter_parallel_reduced_pipelined_stream:impl|fir_filter_parallel_reduced_pipelined:impl|product_terms_pipe[0][50][12]  ; Lost fanout                            ;
; fir_filter_parallel_reduced_pipelined_stream:impl|fir_filter_parallel_reduced_pipelined:impl|product_terms_pipe[0][50][11]  ; Lost fanout                            ;
; fir_filter_parallel_reduced_pipelined_stream:impl|fir_filter_parallel_reduced_pipelined:impl|product_terms_pipe[0][50][10]  ; Lost fanout                            ;
; fir_filter_parallel_reduced_pipelined_stream:impl|fir_filter_parallel_reduced_pipelined:impl|product_terms_pipe[0][50][9]   ; Lost fanout                            ;
; fir_filter_parallel_reduced_pipelined_stream:impl|fir_filter_parallel_reduced_pipelined:impl|product_terms_pipe[0][50][8]   ; Lost fanout                            ;
; fir_filter_parallel_reduced_pipelined_stream:impl|fir_filter_parallel_reduced_pipelined:impl|product_terms_pipe[0][50][7]   ; Lost fanout                            ;
; fir_filter_parallel_reduced_pipelined_stream:impl|fir_filter_parallel_reduced_pipelined:impl|product_terms_pipe[0][50][6]   ; Lost fanout                            ;
; fir_filter_parallel_reduced_pipelined_stream:impl|fir_filter_parallel_reduced_pipelined:impl|product_terms_pipe[0][50][5]   ; Lost fanout                            ;
; fir_filter_parallel_reduced_pipelined_stream:impl|fir_filter_parallel_reduced_pipelined:impl|product_terms_pipe[0][50][4]   ; Lost fanout                            ;
; fir_filter_parallel_reduced_pipelined_stream:impl|fir_filter_parallel_reduced_pipelined:impl|product_terms_pipe[0][50][3]   ; Lost fanout                            ;
; fir_filter_parallel_reduced_pipelined_stream:impl|fir_filter_parallel_reduced_pipelined:impl|product_terms_pipe[0][50][2]   ; Lost fanout                            ;
; fir_filter_parallel_reduced_pipelined_stream:impl|fir_filter_parallel_reduced_pipelined:impl|product_terms_pipe[0][50][1]   ; Lost fanout                            ;
; fir_filter_parallel_reduced_pipelined_stream:impl|fir_filter_parallel_reduced_pipelined:impl|product_terms_pipe[0][50][0]   ; Lost fanout                            ;
; fir_filter_parallel_reduced_pipelined_stream:impl|fir_filter_parallel_reduced_pipelined:impl|product_terms_pipe[0][51][45]  ; Lost fanout                            ;
; fir_filter_parallel_reduced_pipelined_stream:impl|fir_filter_parallel_reduced_pipelined:impl|product_terms_pipe[0][51][44]  ; Lost fanout                            ;
; fir_filter_parallel_reduced_pipelined_stream:impl|fir_filter_parallel_reduced_pipelined:impl|product_terms_pipe[0][51][43]  ; Lost fanout                            ;
; fir_filter_parallel_reduced_pipelined_stream:impl|fir_filter_parallel_reduced_pipelined:impl|product_terms_pipe[0][51][42]  ; Lost fanout                            ;
; fir_filter_parallel_reduced_pipelined_stream:impl|fir_filter_parallel_reduced_pipelined:impl|product_terms_pipe[0][51][41]  ; Lost fanout                            ;
; fir_filter_parallel_reduced_pipelined_stream:impl|fir_filter_parallel_reduced_pipelined:impl|product_terms_pipe[0][51][40]  ; Lost fanout                            ;
; fir_filter_parallel_reduced_pipelined_stream:impl|fir_filter_parallel_reduced_pipelined:impl|product_terms_pipe[0][51][39]  ; Lost fanout                            ;
; fir_filter_parallel_reduced_pipelined_stream:impl|fir_filter_parallel_reduced_pipelined:impl|product_terms_pipe[0][51][38]  ; Lost fanout                            ;
; fir_filter_parallel_reduced_pipelined_stream:impl|fir_filter_parallel_reduced_pipelined:impl|product_terms_pipe[0][51][37]  ; Lost fanout                            ;
; fir_filter_parallel_reduced_pipelined_stream:impl|fir_filter_parallel_reduced_pipelined:impl|product_terms_pipe[0][51][36]  ; Lost fanout                            ;
; fir_filter_parallel_reduced_pipelined_stream:impl|fir_filter_parallel_reduced_pipelined:impl|product_terms_pipe[0][51][35]  ; Lost fanout                            ;
; fir_filter_parallel_reduced_pipelined_stream:impl|fir_filter_parallel_reduced_pipelined:impl|product_terms_pipe[0][51][34]  ; Lost fanout                            ;
; fir_filter_parallel_reduced_pipelined_stream:impl|fir_filter_parallel_reduced_pipelined:impl|product_terms_pipe[0][51][33]  ; Lost fanout                            ;
; fir_filter_parallel_reduced_pipelined_stream:impl|fir_filter_parallel_reduced_pipelined:impl|product_terms_pipe[0][51][32]  ; Lost fanout                            ;
; fir_filter_parallel_reduced_pipelined_stream:impl|fir_filter_parallel_reduced_pipelined:impl|product_terms_pipe[0][51][31]  ; Lost fanout                            ;
; fir_filter_parallel_reduced_pipelined_stream:impl|fir_filter_parallel_reduced_pipelined:impl|product_terms_pipe[0][51][30]  ; Lost fanout                            ;
; fir_filter_parallel_reduced_pipelined_stream:impl|fir_filter_parallel_reduced_pipelined:impl|product_terms_pipe[0][51][29]  ; Lost fanout                            ;
; fir_filter_parallel_reduced_pipelined_stream:impl|fir_filter_parallel_reduced_pipelined:impl|product_terms_pipe[0][51][28]  ; Lost fanout                            ;
; fir_filter_parallel_reduced_pipelined_stream:impl|fir_filter_parallel_reduced_pipelined:impl|product_terms_pipe[0][51][27]  ; Lost fanout                            ;
; fir_filter_parallel_reduced_pipelined_stream:impl|fir_filter_parallel_reduced_pipelined:impl|product_terms_pipe[0][51][26]  ; Lost fanout                            ;
; fir_filter_parallel_reduced_pipelined_stream:impl|fir_filter_parallel_reduced_pipelined:impl|product_terms_pipe[0][51][25]  ; Lost fanout                            ;
; fir_filter_parallel_reduced_pipelined_stream:impl|fir_filter_parallel_reduced_pipelined:impl|product_terms_pipe[0][51][24]  ; Lost fanout                            ;
; fir_filter_parallel_reduced_pipelined_stream:impl|fir_filter_parallel_reduced_pipelined:impl|product_terms_pipe[0][51][23]  ; Lost fanout                            ;
; fir_filter_parallel_reduced_pipelined_stream:impl|fir_filter_parallel_reduced_pipelined:impl|product_terms_pipe[0][51][22]  ; Lost fanout                            ;
; fir_filter_parallel_reduced_pipelined_stream:impl|fir_filter_parallel_reduced_pipelined:impl|product_terms_pipe[0][51][21]  ; Lost fanout                            ;
; fir_filter_parallel_reduced_pipelined_stream:impl|fir_filter_parallel_reduced_pipelined:impl|product_terms_pipe[0][51][20]  ; Lost fanout                            ;
; fir_filter_parallel_reduced_pipelined_stream:impl|fir_filter_parallel_reduced_pipelined:impl|product_terms_pipe[0][51][19]  ; Lost fanout                            ;
; fir_filter_parallel_reduced_pipelined_stream:impl|fir_filter_parallel_reduced_pipelined:impl|product_terms_pipe[0][51][18]  ; Lost fanout                            ;
; fir_filter_parallel_reduced_pipelined_stream:impl|fir_filter_parallel_reduced_pipelined:impl|product_terms_pipe[0][51][17]  ; Lost fanout                            ;
; fir_filter_parallel_reduced_pipelined_stream:impl|fir_filter_parallel_reduced_pipelined:impl|product_terms_pipe[0][51][16]  ; Lost fanout                            ;
; fir_filter_parallel_reduced_pipelined_stream:impl|fir_filter_parallel_reduced_pipelined:impl|product_terms_pipe[0][51][15]  ; Lost fanout                            ;
; fir_filter_parallel_reduced_pipelined_stream:impl|fir_filter_parallel_reduced_pipelined:impl|product_terms_pipe[0][51][14]  ; Lost fanout                            ;
; fir_filter_parallel_reduced_pipelined_stream:impl|fir_filter_parallel_reduced_pipelined:impl|product_terms_pipe[0][51][13]  ; Lost fanout                            ;
; fir_filter_parallel_reduced_pipelined_stream:impl|fir_filter_parallel_reduced_pipelined:impl|product_terms_pipe[0][51][12]  ; Lost fanout                            ;
; fir_filter_parallel_reduced_pipelined_stream:impl|fir_filter_parallel_reduced_pipelined:impl|product_terms_pipe[0][51][11]  ; Lost fanout                            ;
; fir_filter_parallel_reduced_pipelined_stream:impl|fir_filter_parallel_reduced_pipelined:impl|product_terms_pipe[0][51][10]  ; Lost fanout                            ;
; fir_filter_parallel_reduced_pipelined_stream:impl|fir_filter_parallel_reduced_pipelined:impl|product_terms_pipe[0][51][9]   ; Lost fanout                            ;
; fir_filter_parallel_reduced_pipelined_stream:impl|fir_filter_parallel_reduced_pipelined:impl|product_terms_pipe[0][51][8]   ; Lost fanout                            ;
; fir_filter_parallel_reduced_pipelined_stream:impl|fir_filter_parallel_reduced_pipelined:impl|product_terms_pipe[0][51][7]   ; Lost fanout                            ;
; fir_filter_parallel_reduced_pipelined_stream:impl|fir_filter_parallel_reduced_pipelined:impl|product_terms_pipe[0][51][6]   ; Lost fanout                            ;
; fir_filter_parallel_reduced_pipelined_stream:impl|fir_filter_parallel_reduced_pipelined:impl|product_terms_pipe[0][51][5]   ; Lost fanout                            ;
; fir_filter_parallel_reduced_pipelined_stream:impl|fir_filter_parallel_reduced_pipelined:impl|product_terms_pipe[0][51][4]   ; Lost fanout                            ;
; fir_filter_parallel_reduced_pipelined_stream:impl|fir_filter_parallel_reduced_pipelined:impl|product_terms_pipe[0][51][3]   ; Lost fanout                            ;
; fir_filter_parallel_reduced_pipelined_stream:impl|fir_filter_parallel_reduced_pipelined:impl|product_terms_pipe[0][51][2]   ; Lost fanout                            ;
; fir_filter_parallel_reduced_pipelined_stream:impl|fir_filter_parallel_reduced_pipelined:impl|product_terms_pipe[0][51][1]   ; Lost fanout                            ;
; fir_filter_parallel_reduced_pipelined_stream:impl|fir_filter_parallel_reduced_pipelined:impl|product_terms_pipe[0][51][0]   ; Lost fanout                            ;
; fir_filter_parallel_reduced_pipelined_stream:impl|fir_filter_parallel_reduced_pipelined:impl|product_terms_pipe[0][52][45]  ; Lost fanout                            ;
; fir_filter_parallel_reduced_pipelined_stream:impl|fir_filter_parallel_reduced_pipelined:impl|product_terms_pipe[0][52][44]  ; Lost fanout                            ;
; fir_filter_parallel_reduced_pipelined_stream:impl|fir_filter_parallel_reduced_pipelined:impl|product_terms_pipe[0][52][43]  ; Lost fanout                            ;
; fir_filter_parallel_reduced_pipelined_stream:impl|fir_filter_parallel_reduced_pipelined:impl|product_terms_pipe[0][52][42]  ; Lost fanout                            ;
; fir_filter_parallel_reduced_pipelined_stream:impl|fir_filter_parallel_reduced_pipelined:impl|product_terms_pipe[0][52][41]  ; Lost fanout                            ;
; fir_filter_parallel_reduced_pipelined_stream:impl|fir_filter_parallel_reduced_pipelined:impl|product_terms_pipe[0][52][40]  ; Lost fanout                            ;
; fir_filter_parallel_reduced_pipelined_stream:impl|fir_filter_parallel_reduced_pipelined:impl|product_terms_pipe[0][52][39]  ; Lost fanout                            ;
; fir_filter_parallel_reduced_pipelined_stream:impl|fir_filter_parallel_reduced_pipelined:impl|product_terms_pipe[0][52][38]  ; Lost fanout                            ;
; fir_filter_parallel_reduced_pipelined_stream:impl|fir_filter_parallel_reduced_pipelined:impl|product_terms_pipe[0][52][37]  ; Lost fanout                            ;
; fir_filter_parallel_reduced_pipelined_stream:impl|fir_filter_parallel_reduced_pipelined:impl|product_terms_pipe[0][52][36]  ; Lost fanout                            ;
; fir_filter_parallel_reduced_pipelined_stream:impl|fir_filter_parallel_reduced_pipelined:impl|product_terms_pipe[0][52][35]  ; Lost fanout                            ;
; fir_filter_parallel_reduced_pipelined_stream:impl|fir_filter_parallel_reduced_pipelined:impl|product_terms_pipe[0][52][34]  ; Lost fanout                            ;
; fir_filter_parallel_reduced_pipelined_stream:impl|fir_filter_parallel_reduced_pipelined:impl|product_terms_pipe[0][52][33]  ; Lost fanout                            ;
; fir_filter_parallel_reduced_pipelined_stream:impl|fir_filter_parallel_reduced_pipelined:impl|product_terms_pipe[0][52][32]  ; Lost fanout                            ;
; fir_filter_parallel_reduced_pipelined_stream:impl|fir_filter_parallel_reduced_pipelined:impl|product_terms_pipe[0][52][31]  ; Lost fanout                            ;
; fir_filter_parallel_reduced_pipelined_stream:impl|fir_filter_parallel_reduced_pipelined:impl|product_terms_pipe[0][52][30]  ; Lost fanout                            ;
; fir_filter_parallel_reduced_pipelined_stream:impl|fir_filter_parallel_reduced_pipelined:impl|product_terms_pipe[0][52][29]  ; Lost fanout                            ;
; fir_filter_parallel_reduced_pipelined_stream:impl|fir_filter_parallel_reduced_pipelined:impl|product_terms_pipe[0][52][28]  ; Lost fanout                            ;
; fir_filter_parallel_reduced_pipelined_stream:impl|fir_filter_parallel_reduced_pipelined:impl|product_terms_pipe[0][52][27]  ; Lost fanout                            ;
; fir_filter_parallel_reduced_pipelined_stream:impl|fir_filter_parallel_reduced_pipelined:impl|product_terms_pipe[0][52][26]  ; Lost fanout                            ;
; fir_filter_parallel_reduced_pipelined_stream:impl|fir_filter_parallel_reduced_pipelined:impl|product_terms_pipe[0][52][25]  ; Lost fanout                            ;
; fir_filter_parallel_reduced_pipelined_stream:impl|fir_filter_parallel_reduced_pipelined:impl|product_terms_pipe[0][52][24]  ; Lost fanout                            ;
; fir_filter_parallel_reduced_pipelined_stream:impl|fir_filter_parallel_reduced_pipelined:impl|product_terms_pipe[0][52][23]  ; Lost fanout                            ;
; fir_filter_parallel_reduced_pipelined_stream:impl|fir_filter_parallel_reduced_pipelined:impl|product_terms_pipe[0][52][22]  ; Lost fanout                            ;
; fir_filter_parallel_reduced_pipelined_stream:impl|fir_filter_parallel_reduced_pipelined:impl|product_terms_pipe[0][52][21]  ; Lost fanout                            ;
; fir_filter_parallel_reduced_pipelined_stream:impl|fir_filter_parallel_reduced_pipelined:impl|product_terms_pipe[0][52][20]  ; Lost fanout                            ;
; fir_filter_parallel_reduced_pipelined_stream:impl|fir_filter_parallel_reduced_pipelined:impl|product_terms_pipe[0][52][19]  ; Lost fanout                            ;
; fir_filter_parallel_reduced_pipelined_stream:impl|fir_filter_parallel_reduced_pipelined:impl|product_terms_pipe[0][52][18]  ; Lost fanout                            ;
; fir_filter_parallel_reduced_pipelined_stream:impl|fir_filter_parallel_reduced_pipelined:impl|product_terms_pipe[0][52][17]  ; Lost fanout                            ;
; fir_filter_parallel_reduced_pipelined_stream:impl|fir_filter_parallel_reduced_pipelined:impl|product_terms_pipe[0][52][16]  ; Lost fanout                            ;
; fir_filter_parallel_reduced_pipelined_stream:impl|fir_filter_parallel_reduced_pipelined:impl|product_terms_pipe[0][52][15]  ; Lost fanout                            ;
; fir_filter_parallel_reduced_pipelined_stream:impl|fir_filter_parallel_reduced_pipelined:impl|product_terms_pipe[0][52][14]  ; Lost fanout                            ;
; fir_filter_parallel_reduced_pipelined_stream:impl|fir_filter_parallel_reduced_pipelined:impl|product_terms_pipe[0][52][13]  ; Lost fanout                            ;
; fir_filter_parallel_reduced_pipelined_stream:impl|fir_filter_parallel_reduced_pipelined:impl|product_terms_pipe[0][52][12]  ; Lost fanout                            ;
; fir_filter_parallel_reduced_pipelined_stream:impl|fir_filter_parallel_reduced_pipelined:impl|product_terms_pipe[0][52][11]  ; Lost fanout                            ;
; fir_filter_parallel_reduced_pipelined_stream:impl|fir_filter_parallel_reduced_pipelined:impl|product_terms_pipe[0][52][10]  ; Lost fanout                            ;
; fir_filter_parallel_reduced_pipelined_stream:impl|fir_filter_parallel_reduced_pipelined:impl|product_terms_pipe[0][52][9]   ; Lost fanout                            ;
; fir_filter_parallel_reduced_pipelined_stream:impl|fir_filter_parallel_reduced_pipelined:impl|product_terms_pipe[0][52][8]   ; Lost fanout                            ;
; fir_filter_parallel_reduced_pipelined_stream:impl|fir_filter_parallel_reduced_pipelined:impl|product_terms_pipe[0][52][7]   ; Lost fanout                            ;
; fir_filter_parallel_reduced_pipelined_stream:impl|fir_filter_parallel_reduced_pipelined:impl|product_terms_pipe[0][52][6]   ; Lost fanout                            ;
; fir_filter_parallel_reduced_pipelined_stream:impl|fir_filter_parallel_reduced_pipelined:impl|product_terms_pipe[0][52][5]   ; Lost fanout                            ;
; fir_filter_parallel_reduced_pipelined_stream:impl|fir_filter_parallel_reduced_pipelined:impl|product_terms_pipe[0][52][4]   ; Lost fanout                            ;
; fir_filter_parallel_reduced_pipelined_stream:impl|fir_filter_parallel_reduced_pipelined:impl|product_terms_pipe[0][52][3]   ; Lost fanout                            ;
; fir_filter_parallel_reduced_pipelined_stream:impl|fir_filter_parallel_reduced_pipelined:impl|product_terms_pipe[0][52][2]   ; Lost fanout                            ;
; fir_filter_parallel_reduced_pipelined_stream:impl|fir_filter_parallel_reduced_pipelined:impl|product_terms_pipe[0][52][1]   ; Lost fanout                            ;
; fir_filter_parallel_reduced_pipelined_stream:impl|fir_filter_parallel_reduced_pipelined:impl|product_terms_pipe[0][52][0]   ; Lost fanout                            ;
; fir_filter_parallel_reduced_pipelined_stream:impl|fir_filter_parallel_reduced_pipelined:impl|product_terms_pipe[0][53][45]  ; Lost fanout                            ;
; fir_filter_parallel_reduced_pipelined_stream:impl|fir_filter_parallel_reduced_pipelined:impl|product_terms_pipe[0][53][44]  ; Lost fanout                            ;
; fir_filter_parallel_reduced_pipelined_stream:impl|fir_filter_parallel_reduced_pipelined:impl|product_terms_pipe[0][53][43]  ; Lost fanout                            ;
; fir_filter_parallel_reduced_pipelined_stream:impl|fir_filter_parallel_reduced_pipelined:impl|product_terms_pipe[0][53][42]  ; Lost fanout                            ;
; fir_filter_parallel_reduced_pipelined_stream:impl|fir_filter_parallel_reduced_pipelined:impl|product_terms_pipe[0][53][41]  ; Lost fanout                            ;
; fir_filter_parallel_reduced_pipelined_stream:impl|fir_filter_parallel_reduced_pipelined:impl|product_terms_pipe[0][53][40]  ; Lost fanout                            ;
; fir_filter_parallel_reduced_pipelined_stream:impl|fir_filter_parallel_reduced_pipelined:impl|product_terms_pipe[0][53][39]  ; Lost fanout                            ;
; fir_filter_parallel_reduced_pipelined_stream:impl|fir_filter_parallel_reduced_pipelined:impl|product_terms_pipe[0][53][38]  ; Lost fanout                            ;
; fir_filter_parallel_reduced_pipelined_stream:impl|fir_filter_parallel_reduced_pipelined:impl|product_terms_pipe[0][53][37]  ; Lost fanout                            ;
; fir_filter_parallel_reduced_pipelined_stream:impl|fir_filter_parallel_reduced_pipelined:impl|product_terms_pipe[0][53][36]  ; Lost fanout                            ;
; fir_filter_parallel_reduced_pipelined_stream:impl|fir_filter_parallel_reduced_pipelined:impl|product_terms_pipe[0][53][35]  ; Lost fanout                            ;
; fir_filter_parallel_reduced_pipelined_stream:impl|fir_filter_parallel_reduced_pipelined:impl|product_terms_pipe[0][53][34]  ; Lost fanout                            ;
; fir_filter_parallel_reduced_pipelined_stream:impl|fir_filter_parallel_reduced_pipelined:impl|product_terms_pipe[0][53][33]  ; Lost fanout                            ;
; fir_filter_parallel_reduced_pipelined_stream:impl|fir_filter_parallel_reduced_pipelined:impl|product_terms_pipe[0][53][32]  ; Lost fanout                            ;
; fir_filter_parallel_reduced_pipelined_stream:impl|fir_filter_parallel_reduced_pipelined:impl|product_terms_pipe[0][53][31]  ; Lost fanout                            ;
; fir_filter_parallel_reduced_pipelined_stream:impl|fir_filter_parallel_reduced_pipelined:impl|product_terms_pipe[0][53][30]  ; Lost fanout                            ;
; fir_filter_parallel_reduced_pipelined_stream:impl|fir_filter_parallel_reduced_pipelined:impl|product_terms_pipe[0][53][29]  ; Lost fanout                            ;
; fir_filter_parallel_reduced_pipelined_stream:impl|fir_filter_parallel_reduced_pipelined:impl|product_terms_pipe[0][53][28]  ; Lost fanout                            ;
; fir_filter_parallel_reduced_pipelined_stream:impl|fir_filter_parallel_reduced_pipelined:impl|product_terms_pipe[0][53][27]  ; Lost fanout                            ;
; fir_filter_parallel_reduced_pipelined_stream:impl|fir_filter_parallel_reduced_pipelined:impl|product_terms_pipe[0][53][26]  ; Lost fanout                            ;
; fir_filter_parallel_reduced_pipelined_stream:impl|fir_filter_parallel_reduced_pipelined:impl|product_terms_pipe[0][53][25]  ; Lost fanout                            ;
; fir_filter_parallel_reduced_pipelined_stream:impl|fir_filter_parallel_reduced_pipelined:impl|product_terms_pipe[0][53][24]  ; Lost fanout                            ;
; fir_filter_parallel_reduced_pipelined_stream:impl|fir_filter_parallel_reduced_pipelined:impl|product_terms_pipe[0][53][23]  ; Lost fanout                            ;
; fir_filter_parallel_reduced_pipelined_stream:impl|fir_filter_parallel_reduced_pipelined:impl|product_terms_pipe[0][53][22]  ; Lost fanout                            ;
; fir_filter_parallel_reduced_pipelined_stream:impl|fir_filter_parallel_reduced_pipelined:impl|product_terms_pipe[0][53][21]  ; Lost fanout                            ;
; fir_filter_parallel_reduced_pipelined_stream:impl|fir_filter_parallel_reduced_pipelined:impl|product_terms_pipe[0][53][20]  ; Lost fanout                            ;
; fir_filter_parallel_reduced_pipelined_stream:impl|fir_filter_parallel_reduced_pipelined:impl|product_terms_pipe[0][53][19]  ; Lost fanout                            ;
; fir_filter_parallel_reduced_pipelined_stream:impl|fir_filter_parallel_reduced_pipelined:impl|product_terms_pipe[0][53][18]  ; Lost fanout                            ;
; fir_filter_parallel_reduced_pipelined_stream:impl|fir_filter_parallel_reduced_pipelined:impl|product_terms_pipe[0][53][17]  ; Lost fanout                            ;
; fir_filter_parallel_reduced_pipelined_stream:impl|fir_filter_parallel_reduced_pipelined:impl|product_terms_pipe[0][53][16]  ; Lost fanout                            ;
; fir_filter_parallel_reduced_pipelined_stream:impl|fir_filter_parallel_reduced_pipelined:impl|product_terms_pipe[0][53][15]  ; Lost fanout                            ;
; fir_filter_parallel_reduced_pipelined_stream:impl|fir_filter_parallel_reduced_pipelined:impl|product_terms_pipe[0][53][14]  ; Lost fanout                            ;
; fir_filter_parallel_reduced_pipelined_stream:impl|fir_filter_parallel_reduced_pipelined:impl|product_terms_pipe[0][53][13]  ; Lost fanout                            ;
; fir_filter_parallel_reduced_pipelined_stream:impl|fir_filter_parallel_reduced_pipelined:impl|product_terms_pipe[0][53][12]  ; Lost fanout                            ;
; fir_filter_parallel_reduced_pipelined_stream:impl|fir_filter_parallel_reduced_pipelined:impl|product_terms_pipe[0][53][11]  ; Lost fanout                            ;
; fir_filter_parallel_reduced_pipelined_stream:impl|fir_filter_parallel_reduced_pipelined:impl|product_terms_pipe[0][53][10]  ; Lost fanout                            ;
; fir_filter_parallel_reduced_pipelined_stream:impl|fir_filter_parallel_reduced_pipelined:impl|product_terms_pipe[0][53][9]   ; Lost fanout                            ;
; fir_filter_parallel_reduced_pipelined_stream:impl|fir_filter_parallel_reduced_pipelined:impl|product_terms_pipe[0][53][8]   ; Lost fanout                            ;
; fir_filter_parallel_reduced_pipelined_stream:impl|fir_filter_parallel_reduced_pipelined:impl|product_terms_pipe[0][53][7]   ; Lost fanout                            ;
; fir_filter_parallel_reduced_pipelined_stream:impl|fir_filter_parallel_reduced_pipelined:impl|product_terms_pipe[0][53][6]   ; Lost fanout                            ;
; fir_filter_parallel_reduced_pipelined_stream:impl|fir_filter_parallel_reduced_pipelined:impl|product_terms_pipe[0][53][5]   ; Lost fanout                            ;
; fir_filter_parallel_reduced_pipelined_stream:impl|fir_filter_parallel_reduced_pipelined:impl|product_terms_pipe[0][53][4]   ; Lost fanout                            ;
; fir_filter_parallel_reduced_pipelined_stream:impl|fir_filter_parallel_reduced_pipelined:impl|product_terms_pipe[0][53][3]   ; Lost fanout                            ;
; fir_filter_parallel_reduced_pipelined_stream:impl|fir_filter_parallel_reduced_pipelined:impl|product_terms_pipe[0][53][2]   ; Lost fanout                            ;
; fir_filter_parallel_reduced_pipelined_stream:impl|fir_filter_parallel_reduced_pipelined:impl|product_terms_pipe[0][53][1]   ; Lost fanout                            ;
; fir_filter_parallel_reduced_pipelined_stream:impl|fir_filter_parallel_reduced_pipelined:impl|product_terms_pipe[0][53][0]   ; Lost fanout                            ;
; fir_filter_parallel_reduced_pipelined_stream:impl|fir_filter_parallel_reduced_pipelined:impl|product_terms_pipe[0][54][45]  ; Lost fanout                            ;
; fir_filter_parallel_reduced_pipelined_stream:impl|fir_filter_parallel_reduced_pipelined:impl|product_terms_pipe[0][54][44]  ; Lost fanout                            ;
; fir_filter_parallel_reduced_pipelined_stream:impl|fir_filter_parallel_reduced_pipelined:impl|product_terms_pipe[0][54][43]  ; Lost fanout                            ;
; fir_filter_parallel_reduced_pipelined_stream:impl|fir_filter_parallel_reduced_pipelined:impl|product_terms_pipe[0][54][42]  ; Lost fanout                            ;
; fir_filter_parallel_reduced_pipelined_stream:impl|fir_filter_parallel_reduced_pipelined:impl|product_terms_pipe[0][54][41]  ; Lost fanout                            ;
; fir_filter_parallel_reduced_pipelined_stream:impl|fir_filter_parallel_reduced_pipelined:impl|product_terms_pipe[0][54][40]  ; Lost fanout                            ;
; fir_filter_parallel_reduced_pipelined_stream:impl|fir_filter_parallel_reduced_pipelined:impl|product_terms_pipe[0][54][39]  ; Lost fanout                            ;
; fir_filter_parallel_reduced_pipelined_stream:impl|fir_filter_parallel_reduced_pipelined:impl|product_terms_pipe[0][54][38]  ; Lost fanout                            ;
; fir_filter_parallel_reduced_pipelined_stream:impl|fir_filter_parallel_reduced_pipelined:impl|product_terms_pipe[0][54][37]  ; Lost fanout                            ;
; fir_filter_parallel_reduced_pipelined_stream:impl|fir_filter_parallel_reduced_pipelined:impl|product_terms_pipe[0][54][36]  ; Lost fanout                            ;
; fir_filter_parallel_reduced_pipelined_stream:impl|fir_filter_parallel_reduced_pipelined:impl|product_terms_pipe[0][54][35]  ; Lost fanout                            ;
; fir_filter_parallel_reduced_pipelined_stream:impl|fir_filter_parallel_reduced_pipelined:impl|product_terms_pipe[0][54][34]  ; Lost fanout                            ;
; fir_filter_parallel_reduced_pipelined_stream:impl|fir_filter_parallel_reduced_pipelined:impl|product_terms_pipe[0][54][33]  ; Lost fanout                            ;
; fir_filter_parallel_reduced_pipelined_stream:impl|fir_filter_parallel_reduced_pipelined:impl|product_terms_pipe[0][54][32]  ; Lost fanout                            ;
; fir_filter_parallel_reduced_pipelined_stream:impl|fir_filter_parallel_reduced_pipelined:impl|product_terms_pipe[0][54][31]  ; Lost fanout                            ;
; fir_filter_parallel_reduced_pipelined_stream:impl|fir_filter_parallel_reduced_pipelined:impl|product_terms_pipe[0][54][30]  ; Lost fanout                            ;
; fir_filter_parallel_reduced_pipelined_stream:impl|fir_filter_parallel_reduced_pipelined:impl|product_terms_pipe[0][54][29]  ; Lost fanout                            ;
; fir_filter_parallel_reduced_pipelined_stream:impl|fir_filter_parallel_reduced_pipelined:impl|product_terms_pipe[0][54][28]  ; Lost fanout                            ;
; fir_filter_parallel_reduced_pipelined_stream:impl|fir_filter_parallel_reduced_pipelined:impl|product_terms_pipe[0][54][27]  ; Lost fanout                            ;
; fir_filter_parallel_reduced_pipelined_stream:impl|fir_filter_parallel_reduced_pipelined:impl|product_terms_pipe[0][54][26]  ; Lost fanout                            ;
; fir_filter_parallel_reduced_pipelined_stream:impl|fir_filter_parallel_reduced_pipelined:impl|product_terms_pipe[0][54][25]  ; Lost fanout                            ;
; fir_filter_parallel_reduced_pipelined_stream:impl|fir_filter_parallel_reduced_pipelined:impl|product_terms_pipe[0][54][24]  ; Lost fanout                            ;
; fir_filter_parallel_reduced_pipelined_stream:impl|fir_filter_parallel_reduced_pipelined:impl|product_terms_pipe[0][54][23]  ; Lost fanout                            ;
; fir_filter_parallel_reduced_pipelined_stream:impl|fir_filter_parallel_reduced_pipelined:impl|product_terms_pipe[0][54][22]  ; Lost fanout                            ;
; fir_filter_parallel_reduced_pipelined_stream:impl|fir_filter_parallel_reduced_pipelined:impl|product_terms_pipe[0][54][21]  ; Lost fanout                            ;
; fir_filter_parallel_reduced_pipelined_stream:impl|fir_filter_parallel_reduced_pipelined:impl|product_terms_pipe[0][54][20]  ; Lost fanout                            ;
; fir_filter_parallel_reduced_pipelined_stream:impl|fir_filter_parallel_reduced_pipelined:impl|product_terms_pipe[0][54][19]  ; Lost fanout                            ;
; fir_filter_parallel_reduced_pipelined_stream:impl|fir_filter_parallel_reduced_pipelined:impl|product_terms_pipe[0][54][18]  ; Lost fanout                            ;
; fir_filter_parallel_reduced_pipelined_stream:impl|fir_filter_parallel_reduced_pipelined:impl|product_terms_pipe[0][54][17]  ; Lost fanout                            ;
; fir_filter_parallel_reduced_pipelined_stream:impl|fir_filter_parallel_reduced_pipelined:impl|product_terms_pipe[0][54][16]  ; Lost fanout                            ;
; fir_filter_parallel_reduced_pipelined_stream:impl|fir_filter_parallel_reduced_pipelined:impl|product_terms_pipe[0][54][15]  ; Lost fanout                            ;
; fir_filter_parallel_reduced_pipelined_stream:impl|fir_filter_parallel_reduced_pipelined:impl|product_terms_pipe[0][54][14]  ; Lost fanout                            ;
; fir_filter_parallel_reduced_pipelined_stream:impl|fir_filter_parallel_reduced_pipelined:impl|product_terms_pipe[0][54][13]  ; Lost fanout                            ;
; fir_filter_parallel_reduced_pipelined_stream:impl|fir_filter_parallel_reduced_pipelined:impl|product_terms_pipe[0][54][12]  ; Lost fanout                            ;
; fir_filter_parallel_reduced_pipelined_stream:impl|fir_filter_parallel_reduced_pipelined:impl|product_terms_pipe[0][54][11]  ; Lost fanout                            ;
; fir_filter_parallel_reduced_pipelined_stream:impl|fir_filter_parallel_reduced_pipelined:impl|product_terms_pipe[0][54][10]  ; Lost fanout                            ;
; fir_filter_parallel_reduced_pipelined_stream:impl|fir_filter_parallel_reduced_pipelined:impl|product_terms_pipe[0][54][9]   ; Lost fanout                            ;
; fir_filter_parallel_reduced_pipelined_stream:impl|fir_filter_parallel_reduced_pipelined:impl|product_terms_pipe[0][54][8]   ; Lost fanout                            ;
; fir_filter_parallel_reduced_pipelined_stream:impl|fir_filter_parallel_reduced_pipelined:impl|product_terms_pipe[0][54][7]   ; Lost fanout                            ;
; fir_filter_parallel_reduced_pipelined_stream:impl|fir_filter_parallel_reduced_pipelined:impl|product_terms_pipe[0][54][6]   ; Lost fanout                            ;
; fir_filter_parallel_reduced_pipelined_stream:impl|fir_filter_parallel_reduced_pipelined:impl|product_terms_pipe[0][54][5]   ; Lost fanout                            ;
; fir_filter_parallel_reduced_pipelined_stream:impl|fir_filter_parallel_reduced_pipelined:impl|product_terms_pipe[0][54][4]   ; Lost fanout                            ;
; fir_filter_parallel_reduced_pipelined_stream:impl|fir_filter_parallel_reduced_pipelined:impl|product_terms_pipe[0][54][3]   ; Lost fanout                            ;
; fir_filter_parallel_reduced_pipelined_stream:impl|fir_filter_parallel_reduced_pipelined:impl|product_terms_pipe[0][54][2]   ; Lost fanout                            ;
; fir_filter_parallel_reduced_pipelined_stream:impl|fir_filter_parallel_reduced_pipelined:impl|product_terms_pipe[0][54][1]   ; Lost fanout                            ;
; fir_filter_parallel_reduced_pipelined_stream:impl|fir_filter_parallel_reduced_pipelined:impl|product_terms_pipe[0][54][0]   ; Lost fanout                            ;
; fir_filter_parallel_reduced_pipelined_stream:impl|fir_filter_parallel_reduced_pipelined:impl|product_terms_pipe[0][55][45]  ; Lost fanout                            ;
; fir_filter_parallel_reduced_pipelined_stream:impl|fir_filter_parallel_reduced_pipelined:impl|product_terms_pipe[0][55][44]  ; Lost fanout                            ;
; fir_filter_parallel_reduced_pipelined_stream:impl|fir_filter_parallel_reduced_pipelined:impl|product_terms_pipe[0][55][43]  ; Lost fanout                            ;
; fir_filter_parallel_reduced_pipelined_stream:impl|fir_filter_parallel_reduced_pipelined:impl|product_terms_pipe[0][55][42]  ; Lost fanout                            ;
; fir_filter_parallel_reduced_pipelined_stream:impl|fir_filter_parallel_reduced_pipelined:impl|product_terms_pipe[0][55][41]  ; Lost fanout                            ;
; fir_filter_parallel_reduced_pipelined_stream:impl|fir_filter_parallel_reduced_pipelined:impl|product_terms_pipe[0][55][40]  ; Lost fanout                            ;
; fir_filter_parallel_reduced_pipelined_stream:impl|fir_filter_parallel_reduced_pipelined:impl|product_terms_pipe[0][55][39]  ; Lost fanout                            ;
; fir_filter_parallel_reduced_pipelined_stream:impl|fir_filter_parallel_reduced_pipelined:impl|product_terms_pipe[0][55][38]  ; Lost fanout                            ;
; fir_filter_parallel_reduced_pipelined_stream:impl|fir_filter_parallel_reduced_pipelined:impl|product_terms_pipe[0][55][37]  ; Lost fanout                            ;
; fir_filter_parallel_reduced_pipelined_stream:impl|fir_filter_parallel_reduced_pipelined:impl|product_terms_pipe[0][55][36]  ; Lost fanout                            ;
; fir_filter_parallel_reduced_pipelined_stream:impl|fir_filter_parallel_reduced_pipelined:impl|product_terms_pipe[0][55][35]  ; Lost fanout                            ;
; fir_filter_parallel_reduced_pipelined_stream:impl|fir_filter_parallel_reduced_pipelined:impl|product_terms_pipe[0][55][34]  ; Lost fanout                            ;
; fir_filter_parallel_reduced_pipelined_stream:impl|fir_filter_parallel_reduced_pipelined:impl|product_terms_pipe[0][55][33]  ; Lost fanout                            ;
; fir_filter_parallel_reduced_pipelined_stream:impl|fir_filter_parallel_reduced_pipelined:impl|product_terms_pipe[0][55][32]  ; Lost fanout                            ;
; fir_filter_parallel_reduced_pipelined_stream:impl|fir_filter_parallel_reduced_pipelined:impl|product_terms_pipe[0][55][31]  ; Lost fanout                            ;
; fir_filter_parallel_reduced_pipelined_stream:impl|fir_filter_parallel_reduced_pipelined:impl|product_terms_pipe[0][55][30]  ; Lost fanout                            ;
; fir_filter_parallel_reduced_pipelined_stream:impl|fir_filter_parallel_reduced_pipelined:impl|product_terms_pipe[0][55][29]  ; Lost fanout                            ;
; fir_filter_parallel_reduced_pipelined_stream:impl|fir_filter_parallel_reduced_pipelined:impl|product_terms_pipe[0][55][28]  ; Lost fanout                            ;
; fir_filter_parallel_reduced_pipelined_stream:impl|fir_filter_parallel_reduced_pipelined:impl|product_terms_pipe[0][55][27]  ; Lost fanout                            ;
; fir_filter_parallel_reduced_pipelined_stream:impl|fir_filter_parallel_reduced_pipelined:impl|product_terms_pipe[0][55][26]  ; Lost fanout                            ;
; fir_filter_parallel_reduced_pipelined_stream:impl|fir_filter_parallel_reduced_pipelined:impl|product_terms_pipe[0][55][25]  ; Lost fanout                            ;
; fir_filter_parallel_reduced_pipelined_stream:impl|fir_filter_parallel_reduced_pipelined:impl|product_terms_pipe[0][55][24]  ; Lost fanout                            ;
; fir_filter_parallel_reduced_pipelined_stream:impl|fir_filter_parallel_reduced_pipelined:impl|product_terms_pipe[0][55][23]  ; Lost fanout                            ;
; fir_filter_parallel_reduced_pipelined_stream:impl|fir_filter_parallel_reduced_pipelined:impl|product_terms_pipe[0][55][22]  ; Lost fanout                            ;
; fir_filter_parallel_reduced_pipelined_stream:impl|fir_filter_parallel_reduced_pipelined:impl|product_terms_pipe[0][55][21]  ; Lost fanout                            ;
; fir_filter_parallel_reduced_pipelined_stream:impl|fir_filter_parallel_reduced_pipelined:impl|product_terms_pipe[0][55][20]  ; Lost fanout                            ;
; fir_filter_parallel_reduced_pipelined_stream:impl|fir_filter_parallel_reduced_pipelined:impl|product_terms_pipe[0][55][19]  ; Lost fanout                            ;
; fir_filter_parallel_reduced_pipelined_stream:impl|fir_filter_parallel_reduced_pipelined:impl|product_terms_pipe[0][55][18]  ; Lost fanout                            ;
; fir_filter_parallel_reduced_pipelined_stream:impl|fir_filter_parallel_reduced_pipelined:impl|product_terms_pipe[0][55][17]  ; Lost fanout                            ;
; fir_filter_parallel_reduced_pipelined_stream:impl|fir_filter_parallel_reduced_pipelined:impl|product_terms_pipe[0][55][16]  ; Lost fanout                            ;
; fir_filter_parallel_reduced_pipelined_stream:impl|fir_filter_parallel_reduced_pipelined:impl|product_terms_pipe[0][55][15]  ; Lost fanout                            ;
; fir_filter_parallel_reduced_pipelined_stream:impl|fir_filter_parallel_reduced_pipelined:impl|product_terms_pipe[0][55][14]  ; Lost fanout                            ;
; fir_filter_parallel_reduced_pipelined_stream:impl|fir_filter_parallel_reduced_pipelined:impl|product_terms_pipe[0][55][13]  ; Lost fanout                            ;
; fir_filter_parallel_reduced_pipelined_stream:impl|fir_filter_parallel_reduced_pipelined:impl|product_terms_pipe[0][55][12]  ; Lost fanout                            ;
; fir_filter_parallel_reduced_pipelined_stream:impl|fir_filter_parallel_reduced_pipelined:impl|product_terms_pipe[0][55][11]  ; Lost fanout                            ;
; fir_filter_parallel_reduced_pipelined_stream:impl|fir_filter_parallel_reduced_pipelined:impl|product_terms_pipe[0][55][10]  ; Lost fanout                            ;
; fir_filter_parallel_reduced_pipelined_stream:impl|fir_filter_parallel_reduced_pipelined:impl|product_terms_pipe[0][55][9]   ; Lost fanout                            ;
; fir_filter_parallel_reduced_pipelined_stream:impl|fir_filter_parallel_reduced_pipelined:impl|product_terms_pipe[0][55][8]   ; Lost fanout                            ;
; fir_filter_parallel_reduced_pipelined_stream:impl|fir_filter_parallel_reduced_pipelined:impl|product_terms_pipe[0][55][7]   ; Lost fanout                            ;
; fir_filter_parallel_reduced_pipelined_stream:impl|fir_filter_parallel_reduced_pipelined:impl|product_terms_pipe[0][55][6]   ; Lost fanout                            ;
; fir_filter_parallel_reduced_pipelined_stream:impl|fir_filter_parallel_reduced_pipelined:impl|product_terms_pipe[0][55][5]   ; Lost fanout                            ;
; fir_filter_parallel_reduced_pipelined_stream:impl|fir_filter_parallel_reduced_pipelined:impl|product_terms_pipe[0][55][4]   ; Lost fanout                            ;
; fir_filter_parallel_reduced_pipelined_stream:impl|fir_filter_parallel_reduced_pipelined:impl|product_terms_pipe[0][55][3]   ; Lost fanout                            ;
; fir_filter_parallel_reduced_pipelined_stream:impl|fir_filter_parallel_reduced_pipelined:impl|product_terms_pipe[0][55][2]   ; Lost fanout                            ;
; fir_filter_parallel_reduced_pipelined_stream:impl|fir_filter_parallel_reduced_pipelined:impl|product_terms_pipe[0][55][1]   ; Lost fanout                            ;
; fir_filter_parallel_reduced_pipelined_stream:impl|fir_filter_parallel_reduced_pipelined:impl|product_terms_pipe[0][55][0]   ; Lost fanout                            ;
; fir_filter_parallel_reduced_pipelined_stream:impl|fir_filter_parallel_reduced_pipelined:impl|product_terms_pipe[0][56][45]  ; Lost fanout                            ;
; fir_filter_parallel_reduced_pipelined_stream:impl|fir_filter_parallel_reduced_pipelined:impl|product_terms_pipe[0][56][44]  ; Lost fanout                            ;
; fir_filter_parallel_reduced_pipelined_stream:impl|fir_filter_parallel_reduced_pipelined:impl|product_terms_pipe[0][56][43]  ; Lost fanout                            ;
; fir_filter_parallel_reduced_pipelined_stream:impl|fir_filter_parallel_reduced_pipelined:impl|product_terms_pipe[0][56][42]  ; Lost fanout                            ;
; fir_filter_parallel_reduced_pipelined_stream:impl|fir_filter_parallel_reduced_pipelined:impl|product_terms_pipe[0][56][41]  ; Lost fanout                            ;
; fir_filter_parallel_reduced_pipelined_stream:impl|fir_filter_parallel_reduced_pipelined:impl|product_terms_pipe[0][56][40]  ; Lost fanout                            ;
; fir_filter_parallel_reduced_pipelined_stream:impl|fir_filter_parallel_reduced_pipelined:impl|product_terms_pipe[0][56][39]  ; Lost fanout                            ;
; fir_filter_parallel_reduced_pipelined_stream:impl|fir_filter_parallel_reduced_pipelined:impl|product_terms_pipe[0][56][38]  ; Lost fanout                            ;
; fir_filter_parallel_reduced_pipelined_stream:impl|fir_filter_parallel_reduced_pipelined:impl|product_terms_pipe[0][56][37]  ; Lost fanout                            ;
; fir_filter_parallel_reduced_pipelined_stream:impl|fir_filter_parallel_reduced_pipelined:impl|product_terms_pipe[0][56][36]  ; Lost fanout                            ;
; fir_filter_parallel_reduced_pipelined_stream:impl|fir_filter_parallel_reduced_pipelined:impl|product_terms_pipe[0][56][35]  ; Lost fanout                            ;
; fir_filter_parallel_reduced_pipelined_stream:impl|fir_filter_parallel_reduced_pipelined:impl|product_terms_pipe[0][56][34]  ; Lost fanout                            ;
; fir_filter_parallel_reduced_pipelined_stream:impl|fir_filter_parallel_reduced_pipelined:impl|product_terms_pipe[0][56][33]  ; Lost fanout                            ;
; fir_filter_parallel_reduced_pipelined_stream:impl|fir_filter_parallel_reduced_pipelined:impl|product_terms_pipe[0][56][32]  ; Lost fanout                            ;
; fir_filter_parallel_reduced_pipelined_stream:impl|fir_filter_parallel_reduced_pipelined:impl|product_terms_pipe[0][56][31]  ; Lost fanout                            ;
; fir_filter_parallel_reduced_pipelined_stream:impl|fir_filter_parallel_reduced_pipelined:impl|product_terms_pipe[0][56][30]  ; Lost fanout                            ;
; fir_filter_parallel_reduced_pipelined_stream:impl|fir_filter_parallel_reduced_pipelined:impl|product_terms_pipe[0][56][29]  ; Lost fanout                            ;
; fir_filter_parallel_reduced_pipelined_stream:impl|fir_filter_parallel_reduced_pipelined:impl|product_terms_pipe[0][56][28]  ; Lost fanout                            ;
; fir_filter_parallel_reduced_pipelined_stream:impl|fir_filter_parallel_reduced_pipelined:impl|product_terms_pipe[0][56][27]  ; Lost fanout                            ;
; fir_filter_parallel_reduced_pipelined_stream:impl|fir_filter_parallel_reduced_pipelined:impl|product_terms_pipe[0][56][26]  ; Lost fanout                            ;
; fir_filter_parallel_reduced_pipelined_stream:impl|fir_filter_parallel_reduced_pipelined:impl|product_terms_pipe[0][56][25]  ; Lost fanout                            ;
; fir_filter_parallel_reduced_pipelined_stream:impl|fir_filter_parallel_reduced_pipelined:impl|product_terms_pipe[0][56][24]  ; Lost fanout                            ;
; fir_filter_parallel_reduced_pipelined_stream:impl|fir_filter_parallel_reduced_pipelined:impl|product_terms_pipe[0][56][23]  ; Lost fanout                            ;
; fir_filter_parallel_reduced_pipelined_stream:impl|fir_filter_parallel_reduced_pipelined:impl|product_terms_pipe[0][56][22]  ; Lost fanout                            ;
; fir_filter_parallel_reduced_pipelined_stream:impl|fir_filter_parallel_reduced_pipelined:impl|product_terms_pipe[0][56][21]  ; Lost fanout                            ;
; fir_filter_parallel_reduced_pipelined_stream:impl|fir_filter_parallel_reduced_pipelined:impl|product_terms_pipe[0][56][20]  ; Lost fanout                            ;
; fir_filter_parallel_reduced_pipelined_stream:impl|fir_filter_parallel_reduced_pipelined:impl|product_terms_pipe[0][56][19]  ; Lost fanout                            ;
; fir_filter_parallel_reduced_pipelined_stream:impl|fir_filter_parallel_reduced_pipelined:impl|product_terms_pipe[0][56][18]  ; Lost fanout                            ;
; fir_filter_parallel_reduced_pipelined_stream:impl|fir_filter_parallel_reduced_pipelined:impl|product_terms_pipe[0][56][17]  ; Lost fanout                            ;
; fir_filter_parallel_reduced_pipelined_stream:impl|fir_filter_parallel_reduced_pipelined:impl|product_terms_pipe[0][56][16]  ; Lost fanout                            ;
; fir_filter_parallel_reduced_pipelined_stream:impl|fir_filter_parallel_reduced_pipelined:impl|product_terms_pipe[0][56][15]  ; Lost fanout                            ;
; fir_filter_parallel_reduced_pipelined_stream:impl|fir_filter_parallel_reduced_pipelined:impl|product_terms_pipe[0][56][14]  ; Lost fanout                            ;
; fir_filter_parallel_reduced_pipelined_stream:impl|fir_filter_parallel_reduced_pipelined:impl|product_terms_pipe[0][56][13]  ; Lost fanout                            ;
; fir_filter_parallel_reduced_pipelined_stream:impl|fir_filter_parallel_reduced_pipelined:impl|product_terms_pipe[0][56][12]  ; Lost fanout                            ;
; fir_filter_parallel_reduced_pipelined_stream:impl|fir_filter_parallel_reduced_pipelined:impl|product_terms_pipe[0][56][11]  ; Lost fanout                            ;
; fir_filter_parallel_reduced_pipelined_stream:impl|fir_filter_parallel_reduced_pipelined:impl|product_terms_pipe[0][56][10]  ; Lost fanout                            ;
; fir_filter_parallel_reduced_pipelined_stream:impl|fir_filter_parallel_reduced_pipelined:impl|product_terms_pipe[0][56][9]   ; Lost fanout                            ;
; fir_filter_parallel_reduced_pipelined_stream:impl|fir_filter_parallel_reduced_pipelined:impl|product_terms_pipe[0][56][8]   ; Lost fanout                            ;
; fir_filter_parallel_reduced_pipelined_stream:impl|fir_filter_parallel_reduced_pipelined:impl|product_terms_pipe[0][56][7]   ; Lost fanout                            ;
; fir_filter_parallel_reduced_pipelined_stream:impl|fir_filter_parallel_reduced_pipelined:impl|product_terms_pipe[0][56][6]   ; Lost fanout                            ;
; fir_filter_parallel_reduced_pipelined_stream:impl|fir_filter_parallel_reduced_pipelined:impl|product_terms_pipe[0][56][5]   ; Lost fanout                            ;
; fir_filter_parallel_reduced_pipelined_stream:impl|fir_filter_parallel_reduced_pipelined:impl|product_terms_pipe[0][56][4]   ; Lost fanout                            ;
; fir_filter_parallel_reduced_pipelined_stream:impl|fir_filter_parallel_reduced_pipelined:impl|product_terms_pipe[0][56][3]   ; Lost fanout                            ;
; fir_filter_parallel_reduced_pipelined_stream:impl|fir_filter_parallel_reduced_pipelined:impl|product_terms_pipe[0][56][2]   ; Lost fanout                            ;
; fir_filter_parallel_reduced_pipelined_stream:impl|fir_filter_parallel_reduced_pipelined:impl|product_terms_pipe[0][56][1]   ; Lost fanout                            ;
; fir_filter_parallel_reduced_pipelined_stream:impl|fir_filter_parallel_reduced_pipelined:impl|product_terms_pipe[0][56][0]   ; Lost fanout                            ;
; fir_filter_parallel_reduced_pipelined_stream:impl|fir_filter_parallel_reduced_pipelined:impl|product_terms_pipe[0][57][45]  ; Lost fanout                            ;
; fir_filter_parallel_reduced_pipelined_stream:impl|fir_filter_parallel_reduced_pipelined:impl|product_terms_pipe[0][57][44]  ; Lost fanout                            ;
; fir_filter_parallel_reduced_pipelined_stream:impl|fir_filter_parallel_reduced_pipelined:impl|product_terms_pipe[0][57][43]  ; Lost fanout                            ;
; fir_filter_parallel_reduced_pipelined_stream:impl|fir_filter_parallel_reduced_pipelined:impl|product_terms_pipe[0][57][42]  ; Lost fanout                            ;
; fir_filter_parallel_reduced_pipelined_stream:impl|fir_filter_parallel_reduced_pipelined:impl|product_terms_pipe[0][57][41]  ; Lost fanout                            ;
; fir_filter_parallel_reduced_pipelined_stream:impl|fir_filter_parallel_reduced_pipelined:impl|product_terms_pipe[0][57][40]  ; Lost fanout                            ;
; fir_filter_parallel_reduced_pipelined_stream:impl|fir_filter_parallel_reduced_pipelined:impl|product_terms_pipe[0][57][39]  ; Lost fanout                            ;
; fir_filter_parallel_reduced_pipelined_stream:impl|fir_filter_parallel_reduced_pipelined:impl|product_terms_pipe[0][57][38]  ; Lost fanout                            ;
; fir_filter_parallel_reduced_pipelined_stream:impl|fir_filter_parallel_reduced_pipelined:impl|product_terms_pipe[0][57][37]  ; Lost fanout                            ;
; fir_filter_parallel_reduced_pipelined_stream:impl|fir_filter_parallel_reduced_pipelined:impl|product_terms_pipe[0][57][36]  ; Lost fanout                            ;
; fir_filter_parallel_reduced_pipelined_stream:impl|fir_filter_parallel_reduced_pipelined:impl|product_terms_pipe[0][57][35]  ; Lost fanout                            ;
; fir_filter_parallel_reduced_pipelined_stream:impl|fir_filter_parallel_reduced_pipelined:impl|product_terms_pipe[0][57][34]  ; Lost fanout                            ;
; fir_filter_parallel_reduced_pipelined_stream:impl|fir_filter_parallel_reduced_pipelined:impl|product_terms_pipe[0][57][33]  ; Lost fanout                            ;
; fir_filter_parallel_reduced_pipelined_stream:impl|fir_filter_parallel_reduced_pipelined:impl|product_terms_pipe[0][57][32]  ; Lost fanout                            ;
; fir_filter_parallel_reduced_pipelined_stream:impl|fir_filter_parallel_reduced_pipelined:impl|product_terms_pipe[0][57][31]  ; Lost fanout                            ;
; fir_filter_parallel_reduced_pipelined_stream:impl|fir_filter_parallel_reduced_pipelined:impl|product_terms_pipe[0][57][30]  ; Lost fanout                            ;
; fir_filter_parallel_reduced_pipelined_stream:impl|fir_filter_parallel_reduced_pipelined:impl|product_terms_pipe[0][57][29]  ; Lost fanout                            ;
; fir_filter_parallel_reduced_pipelined_stream:impl|fir_filter_parallel_reduced_pipelined:impl|product_terms_pipe[0][57][28]  ; Lost fanout                            ;
; fir_filter_parallel_reduced_pipelined_stream:impl|fir_filter_parallel_reduced_pipelined:impl|product_terms_pipe[0][57][27]  ; Lost fanout                            ;
; fir_filter_parallel_reduced_pipelined_stream:impl|fir_filter_parallel_reduced_pipelined:impl|product_terms_pipe[0][57][26]  ; Lost fanout                            ;
; fir_filter_parallel_reduced_pipelined_stream:impl|fir_filter_parallel_reduced_pipelined:impl|product_terms_pipe[0][57][25]  ; Lost fanout                            ;
; fir_filter_parallel_reduced_pipelined_stream:impl|fir_filter_parallel_reduced_pipelined:impl|product_terms_pipe[0][57][24]  ; Lost fanout                            ;
; fir_filter_parallel_reduced_pipelined_stream:impl|fir_filter_parallel_reduced_pipelined:impl|product_terms_pipe[0][57][23]  ; Lost fanout                            ;
; fir_filter_parallel_reduced_pipelined_stream:impl|fir_filter_parallel_reduced_pipelined:impl|product_terms_pipe[0][57][22]  ; Lost fanout                            ;
; fir_filter_parallel_reduced_pipelined_stream:impl|fir_filter_parallel_reduced_pipelined:impl|product_terms_pipe[0][57][21]  ; Lost fanout                            ;
; fir_filter_parallel_reduced_pipelined_stream:impl|fir_filter_parallel_reduced_pipelined:impl|product_terms_pipe[0][57][20]  ; Lost fanout                            ;
; fir_filter_parallel_reduced_pipelined_stream:impl|fir_filter_parallel_reduced_pipelined:impl|product_terms_pipe[0][57][19]  ; Lost fanout                            ;
; fir_filter_parallel_reduced_pipelined_stream:impl|fir_filter_parallel_reduced_pipelined:impl|product_terms_pipe[0][57][18]  ; Lost fanout                            ;
; fir_filter_parallel_reduced_pipelined_stream:impl|fir_filter_parallel_reduced_pipelined:impl|product_terms_pipe[0][57][17]  ; Lost fanout                            ;
; fir_filter_parallel_reduced_pipelined_stream:impl|fir_filter_parallel_reduced_pipelined:impl|product_terms_pipe[0][57][16]  ; Lost fanout                            ;
; fir_filter_parallel_reduced_pipelined_stream:impl|fir_filter_parallel_reduced_pipelined:impl|product_terms_pipe[0][57][15]  ; Lost fanout                            ;
; fir_filter_parallel_reduced_pipelined_stream:impl|fir_filter_parallel_reduced_pipelined:impl|product_terms_pipe[0][57][14]  ; Lost fanout                            ;
; fir_filter_parallel_reduced_pipelined_stream:impl|fir_filter_parallel_reduced_pipelined:impl|product_terms_pipe[0][57][13]  ; Lost fanout                            ;
; fir_filter_parallel_reduced_pipelined_stream:impl|fir_filter_parallel_reduced_pipelined:impl|product_terms_pipe[0][57][12]  ; Lost fanout                            ;
; fir_filter_parallel_reduced_pipelined_stream:impl|fir_filter_parallel_reduced_pipelined:impl|product_terms_pipe[0][57][11]  ; Lost fanout                            ;
; fir_filter_parallel_reduced_pipelined_stream:impl|fir_filter_parallel_reduced_pipelined:impl|product_terms_pipe[0][57][10]  ; Lost fanout                            ;
; fir_filter_parallel_reduced_pipelined_stream:impl|fir_filter_parallel_reduced_pipelined:impl|product_terms_pipe[0][57][9]   ; Lost fanout                            ;
; fir_filter_parallel_reduced_pipelined_stream:impl|fir_filter_parallel_reduced_pipelined:impl|product_terms_pipe[0][57][8]   ; Lost fanout                            ;
; fir_filter_parallel_reduced_pipelined_stream:impl|fir_filter_parallel_reduced_pipelined:impl|product_terms_pipe[0][57][7]   ; Lost fanout                            ;
; fir_filter_parallel_reduced_pipelined_stream:impl|fir_filter_parallel_reduced_pipelined:impl|product_terms_pipe[0][57][6]   ; Lost fanout                            ;
; fir_filter_parallel_reduced_pipelined_stream:impl|fir_filter_parallel_reduced_pipelined:impl|product_terms_pipe[0][57][5]   ; Lost fanout                            ;
; fir_filter_parallel_reduced_pipelined_stream:impl|fir_filter_parallel_reduced_pipelined:impl|product_terms_pipe[0][57][4]   ; Lost fanout                            ;
; fir_filter_parallel_reduced_pipelined_stream:impl|fir_filter_parallel_reduced_pipelined:impl|product_terms_pipe[0][57][3]   ; Lost fanout                            ;
; fir_filter_parallel_reduced_pipelined_stream:impl|fir_filter_parallel_reduced_pipelined:impl|product_terms_pipe[0][57][2]   ; Lost fanout                            ;
; fir_filter_parallel_reduced_pipelined_stream:impl|fir_filter_parallel_reduced_pipelined:impl|product_terms_pipe[0][57][1]   ; Lost fanout                            ;
; fir_filter_parallel_reduced_pipelined_stream:impl|fir_filter_parallel_reduced_pipelined:impl|product_terms_pipe[0][57][0]   ; Lost fanout                            ;
; fir_filter_parallel_reduced_pipelined_stream:impl|fir_filter_parallel_reduced_pipelined:impl|product_terms_pipe[0][58][45]  ; Lost fanout                            ;
; fir_filter_parallel_reduced_pipelined_stream:impl|fir_filter_parallel_reduced_pipelined:impl|product_terms_pipe[0][58][44]  ; Lost fanout                            ;
; fir_filter_parallel_reduced_pipelined_stream:impl|fir_filter_parallel_reduced_pipelined:impl|product_terms_pipe[0][58][43]  ; Lost fanout                            ;
; fir_filter_parallel_reduced_pipelined_stream:impl|fir_filter_parallel_reduced_pipelined:impl|product_terms_pipe[0][58][42]  ; Lost fanout                            ;
; fir_filter_parallel_reduced_pipelined_stream:impl|fir_filter_parallel_reduced_pipelined:impl|product_terms_pipe[0][58][41]  ; Lost fanout                            ;
; fir_filter_parallel_reduced_pipelined_stream:impl|fir_filter_parallel_reduced_pipelined:impl|product_terms_pipe[0][58][40]  ; Lost fanout                            ;
; fir_filter_parallel_reduced_pipelined_stream:impl|fir_filter_parallel_reduced_pipelined:impl|product_terms_pipe[0][58][39]  ; Lost fanout                            ;
; fir_filter_parallel_reduced_pipelined_stream:impl|fir_filter_parallel_reduced_pipelined:impl|product_terms_pipe[0][58][38]  ; Lost fanout                            ;
; fir_filter_parallel_reduced_pipelined_stream:impl|fir_filter_parallel_reduced_pipelined:impl|product_terms_pipe[0][58][37]  ; Lost fanout                            ;
; fir_filter_parallel_reduced_pipelined_stream:impl|fir_filter_parallel_reduced_pipelined:impl|product_terms_pipe[0][58][36]  ; Lost fanout                            ;
; fir_filter_parallel_reduced_pipelined_stream:impl|fir_filter_parallel_reduced_pipelined:impl|product_terms_pipe[0][58][35]  ; Lost fanout                            ;
; fir_filter_parallel_reduced_pipelined_stream:impl|fir_filter_parallel_reduced_pipelined:impl|product_terms_pipe[0][58][34]  ; Lost fanout                            ;
; fir_filter_parallel_reduced_pipelined_stream:impl|fir_filter_parallel_reduced_pipelined:impl|product_terms_pipe[0][58][33]  ; Lost fanout                            ;
; fir_filter_parallel_reduced_pipelined_stream:impl|fir_filter_parallel_reduced_pipelined:impl|product_terms_pipe[0][58][32]  ; Lost fanout                            ;
; fir_filter_parallel_reduced_pipelined_stream:impl|fir_filter_parallel_reduced_pipelined:impl|product_terms_pipe[0][58][31]  ; Lost fanout                            ;
; fir_filter_parallel_reduced_pipelined_stream:impl|fir_filter_parallel_reduced_pipelined:impl|product_terms_pipe[0][58][30]  ; Lost fanout                            ;
; fir_filter_parallel_reduced_pipelined_stream:impl|fir_filter_parallel_reduced_pipelined:impl|product_terms_pipe[0][58][29]  ; Lost fanout                            ;
; fir_filter_parallel_reduced_pipelined_stream:impl|fir_filter_parallel_reduced_pipelined:impl|product_terms_pipe[0][58][28]  ; Lost fanout                            ;
; fir_filter_parallel_reduced_pipelined_stream:impl|fir_filter_parallel_reduced_pipelined:impl|product_terms_pipe[0][58][27]  ; Lost fanout                            ;
; fir_filter_parallel_reduced_pipelined_stream:impl|fir_filter_parallel_reduced_pipelined:impl|product_terms_pipe[0][58][26]  ; Lost fanout                            ;
; fir_filter_parallel_reduced_pipelined_stream:impl|fir_filter_parallel_reduced_pipelined:impl|product_terms_pipe[0][58][25]  ; Lost fanout                            ;
; fir_filter_parallel_reduced_pipelined_stream:impl|fir_filter_parallel_reduced_pipelined:impl|product_terms_pipe[0][58][24]  ; Lost fanout                            ;
; fir_filter_parallel_reduced_pipelined_stream:impl|fir_filter_parallel_reduced_pipelined:impl|product_terms_pipe[0][58][23]  ; Lost fanout                            ;
; fir_filter_parallel_reduced_pipelined_stream:impl|fir_filter_parallel_reduced_pipelined:impl|product_terms_pipe[0][58][22]  ; Lost fanout                            ;
; fir_filter_parallel_reduced_pipelined_stream:impl|fir_filter_parallel_reduced_pipelined:impl|product_terms_pipe[0][58][21]  ; Lost fanout                            ;
; fir_filter_parallel_reduced_pipelined_stream:impl|fir_filter_parallel_reduced_pipelined:impl|product_terms_pipe[0][58][20]  ; Lost fanout                            ;
; fir_filter_parallel_reduced_pipelined_stream:impl|fir_filter_parallel_reduced_pipelined:impl|product_terms_pipe[0][58][19]  ; Lost fanout                            ;
; fir_filter_parallel_reduced_pipelined_stream:impl|fir_filter_parallel_reduced_pipelined:impl|product_terms_pipe[0][58][18]  ; Lost fanout                            ;
; fir_filter_parallel_reduced_pipelined_stream:impl|fir_filter_parallel_reduced_pipelined:impl|product_terms_pipe[0][58][17]  ; Lost fanout                            ;
; fir_filter_parallel_reduced_pipelined_stream:impl|fir_filter_parallel_reduced_pipelined:impl|product_terms_pipe[0][58][16]  ; Lost fanout                            ;
; fir_filter_parallel_reduced_pipelined_stream:impl|fir_filter_parallel_reduced_pipelined:impl|product_terms_pipe[0][58][15]  ; Lost fanout                            ;
; fir_filter_parallel_reduced_pipelined_stream:impl|fir_filter_parallel_reduced_pipelined:impl|product_terms_pipe[0][58][14]  ; Lost fanout                            ;
; fir_filter_parallel_reduced_pipelined_stream:impl|fir_filter_parallel_reduced_pipelined:impl|product_terms_pipe[0][58][13]  ; Lost fanout                            ;
; fir_filter_parallel_reduced_pipelined_stream:impl|fir_filter_parallel_reduced_pipelined:impl|product_terms_pipe[0][58][12]  ; Lost fanout                            ;
; fir_filter_parallel_reduced_pipelined_stream:impl|fir_filter_parallel_reduced_pipelined:impl|product_terms_pipe[0][58][11]  ; Lost fanout                            ;
; fir_filter_parallel_reduced_pipelined_stream:impl|fir_filter_parallel_reduced_pipelined:impl|product_terms_pipe[0][58][10]  ; Lost fanout                            ;
; fir_filter_parallel_reduced_pipelined_stream:impl|fir_filter_parallel_reduced_pipelined:impl|product_terms_pipe[0][58][9]   ; Lost fanout                            ;
; fir_filter_parallel_reduced_pipelined_stream:impl|fir_filter_parallel_reduced_pipelined:impl|product_terms_pipe[0][58][8]   ; Lost fanout                            ;
; fir_filter_parallel_reduced_pipelined_stream:impl|fir_filter_parallel_reduced_pipelined:impl|product_terms_pipe[0][58][7]   ; Lost fanout                            ;
; fir_filter_parallel_reduced_pipelined_stream:impl|fir_filter_parallel_reduced_pipelined:impl|product_terms_pipe[0][58][6]   ; Lost fanout                            ;
; fir_filter_parallel_reduced_pipelined_stream:impl|fir_filter_parallel_reduced_pipelined:impl|product_terms_pipe[0][58][5]   ; Lost fanout                            ;
; fir_filter_parallel_reduced_pipelined_stream:impl|fir_filter_parallel_reduced_pipelined:impl|product_terms_pipe[0][58][4]   ; Lost fanout                            ;
; fir_filter_parallel_reduced_pipelined_stream:impl|fir_filter_parallel_reduced_pipelined:impl|product_terms_pipe[0][58][3]   ; Lost fanout                            ;
; fir_filter_parallel_reduced_pipelined_stream:impl|fir_filter_parallel_reduced_pipelined:impl|product_terms_pipe[0][58][2]   ; Lost fanout                            ;
; fir_filter_parallel_reduced_pipelined_stream:impl|fir_filter_parallel_reduced_pipelined:impl|product_terms_pipe[0][58][1]   ; Lost fanout                            ;
; fir_filter_parallel_reduced_pipelined_stream:impl|fir_filter_parallel_reduced_pipelined:impl|product_terms_pipe[0][58][0]   ; Lost fanout                            ;
; fir_filter_parallel_reduced_pipelined_stream:impl|fir_filter_parallel_reduced_pipelined:impl|product_terms_pipe[0][59][45]  ; Lost fanout                            ;
; fir_filter_parallel_reduced_pipelined_stream:impl|fir_filter_parallel_reduced_pipelined:impl|product_terms_pipe[0][59][44]  ; Lost fanout                            ;
; fir_filter_parallel_reduced_pipelined_stream:impl|fir_filter_parallel_reduced_pipelined:impl|product_terms_pipe[0][59][43]  ; Lost fanout                            ;
; fir_filter_parallel_reduced_pipelined_stream:impl|fir_filter_parallel_reduced_pipelined:impl|product_terms_pipe[0][59][42]  ; Lost fanout                            ;
; fir_filter_parallel_reduced_pipelined_stream:impl|fir_filter_parallel_reduced_pipelined:impl|product_terms_pipe[0][59][41]  ; Lost fanout                            ;
; fir_filter_parallel_reduced_pipelined_stream:impl|fir_filter_parallel_reduced_pipelined:impl|product_terms_pipe[0][59][40]  ; Lost fanout                            ;
; fir_filter_parallel_reduced_pipelined_stream:impl|fir_filter_parallel_reduced_pipelined:impl|product_terms_pipe[0][59][39]  ; Lost fanout                            ;
; fir_filter_parallel_reduced_pipelined_stream:impl|fir_filter_parallel_reduced_pipelined:impl|product_terms_pipe[0][59][38]  ; Lost fanout                            ;
; fir_filter_parallel_reduced_pipelined_stream:impl|fir_filter_parallel_reduced_pipelined:impl|product_terms_pipe[0][59][37]  ; Lost fanout                            ;
; fir_filter_parallel_reduced_pipelined_stream:impl|fir_filter_parallel_reduced_pipelined:impl|product_terms_pipe[0][59][36]  ; Lost fanout                            ;
; fir_filter_parallel_reduced_pipelined_stream:impl|fir_filter_parallel_reduced_pipelined:impl|product_terms_pipe[0][59][35]  ; Lost fanout                            ;
; fir_filter_parallel_reduced_pipelined_stream:impl|fir_filter_parallel_reduced_pipelined:impl|product_terms_pipe[0][59][34]  ; Lost fanout                            ;
; fir_filter_parallel_reduced_pipelined_stream:impl|fir_filter_parallel_reduced_pipelined:impl|product_terms_pipe[0][59][33]  ; Lost fanout                            ;
; fir_filter_parallel_reduced_pipelined_stream:impl|fir_filter_parallel_reduced_pipelined:impl|product_terms_pipe[0][59][32]  ; Lost fanout                            ;
; fir_filter_parallel_reduced_pipelined_stream:impl|fir_filter_parallel_reduced_pipelined:impl|product_terms_pipe[0][59][31]  ; Lost fanout                            ;
; fir_filter_parallel_reduced_pipelined_stream:impl|fir_filter_parallel_reduced_pipelined:impl|product_terms_pipe[0][59][30]  ; Lost fanout                            ;
; fir_filter_parallel_reduced_pipelined_stream:impl|fir_filter_parallel_reduced_pipelined:impl|product_terms_pipe[0][59][29]  ; Lost fanout                            ;
; fir_filter_parallel_reduced_pipelined_stream:impl|fir_filter_parallel_reduced_pipelined:impl|product_terms_pipe[0][59][28]  ; Lost fanout                            ;
; fir_filter_parallel_reduced_pipelined_stream:impl|fir_filter_parallel_reduced_pipelined:impl|product_terms_pipe[0][59][27]  ; Lost fanout                            ;
; fir_filter_parallel_reduced_pipelined_stream:impl|fir_filter_parallel_reduced_pipelined:impl|product_terms_pipe[0][59][26]  ; Lost fanout                            ;
; fir_filter_parallel_reduced_pipelined_stream:impl|fir_filter_parallel_reduced_pipelined:impl|product_terms_pipe[0][59][25]  ; Lost fanout                            ;
; fir_filter_parallel_reduced_pipelined_stream:impl|fir_filter_parallel_reduced_pipelined:impl|product_terms_pipe[0][59][24]  ; Lost fanout                            ;
; fir_filter_parallel_reduced_pipelined_stream:impl|fir_filter_parallel_reduced_pipelined:impl|product_terms_pipe[0][59][23]  ; Lost fanout                            ;
; fir_filter_parallel_reduced_pipelined_stream:impl|fir_filter_parallel_reduced_pipelined:impl|product_terms_pipe[0][59][22]  ; Lost fanout                            ;
; fir_filter_parallel_reduced_pipelined_stream:impl|fir_filter_parallel_reduced_pipelined:impl|product_terms_pipe[0][59][21]  ; Lost fanout                            ;
; fir_filter_parallel_reduced_pipelined_stream:impl|fir_filter_parallel_reduced_pipelined:impl|product_terms_pipe[0][59][20]  ; Lost fanout                            ;
; fir_filter_parallel_reduced_pipelined_stream:impl|fir_filter_parallel_reduced_pipelined:impl|product_terms_pipe[0][59][19]  ; Lost fanout                            ;
; fir_filter_parallel_reduced_pipelined_stream:impl|fir_filter_parallel_reduced_pipelined:impl|product_terms_pipe[0][59][18]  ; Lost fanout                            ;
; fir_filter_parallel_reduced_pipelined_stream:impl|fir_filter_parallel_reduced_pipelined:impl|product_terms_pipe[0][59][17]  ; Lost fanout                            ;
; fir_filter_parallel_reduced_pipelined_stream:impl|fir_filter_parallel_reduced_pipelined:impl|product_terms_pipe[0][59][16]  ; Lost fanout                            ;
; fir_filter_parallel_reduced_pipelined_stream:impl|fir_filter_parallel_reduced_pipelined:impl|product_terms_pipe[0][59][15]  ; Lost fanout                            ;
; fir_filter_parallel_reduced_pipelined_stream:impl|fir_filter_parallel_reduced_pipelined:impl|product_terms_pipe[0][59][14]  ; Lost fanout                            ;
; fir_filter_parallel_reduced_pipelined_stream:impl|fir_filter_parallel_reduced_pipelined:impl|product_terms_pipe[0][59][13]  ; Lost fanout                            ;
; fir_filter_parallel_reduced_pipelined_stream:impl|fir_filter_parallel_reduced_pipelined:impl|product_terms_pipe[0][59][12]  ; Lost fanout                            ;
; fir_filter_parallel_reduced_pipelined_stream:impl|fir_filter_parallel_reduced_pipelined:impl|product_terms_pipe[0][59][11]  ; Lost fanout                            ;
; fir_filter_parallel_reduced_pipelined_stream:impl|fir_filter_parallel_reduced_pipelined:impl|product_terms_pipe[0][59][10]  ; Lost fanout                            ;
; fir_filter_parallel_reduced_pipelined_stream:impl|fir_filter_parallel_reduced_pipelined:impl|product_terms_pipe[0][59][9]   ; Lost fanout                            ;
; fir_filter_parallel_reduced_pipelined_stream:impl|fir_filter_parallel_reduced_pipelined:impl|product_terms_pipe[0][59][8]   ; Lost fanout                            ;
; fir_filter_parallel_reduced_pipelined_stream:impl|fir_filter_parallel_reduced_pipelined:impl|product_terms_pipe[0][59][7]   ; Lost fanout                            ;
; fir_filter_parallel_reduced_pipelined_stream:impl|fir_filter_parallel_reduced_pipelined:impl|product_terms_pipe[0][59][6]   ; Lost fanout                            ;
; fir_filter_parallel_reduced_pipelined_stream:impl|fir_filter_parallel_reduced_pipelined:impl|product_terms_pipe[0][59][5]   ; Lost fanout                            ;
; fir_filter_parallel_reduced_pipelined_stream:impl|fir_filter_parallel_reduced_pipelined:impl|product_terms_pipe[0][59][4]   ; Lost fanout                            ;
; fir_filter_parallel_reduced_pipelined_stream:impl|fir_filter_parallel_reduced_pipelined:impl|product_terms_pipe[0][59][3]   ; Lost fanout                            ;
; fir_filter_parallel_reduced_pipelined_stream:impl|fir_filter_parallel_reduced_pipelined:impl|product_terms_pipe[0][59][2]   ; Lost fanout                            ;
; fir_filter_parallel_reduced_pipelined_stream:impl|fir_filter_parallel_reduced_pipelined:impl|product_terms_pipe[0][59][1]   ; Lost fanout                            ;
; fir_filter_parallel_reduced_pipelined_stream:impl|fir_filter_parallel_reduced_pipelined:impl|product_terms_pipe[0][59][0]   ; Lost fanout                            ;
; fir_filter_parallel_reduced_pipelined_stream:impl|fir_filter_parallel_reduced_pipelined:impl|product_terms_pipe[0][60][45]  ; Lost fanout                            ;
; fir_filter_parallel_reduced_pipelined_stream:impl|fir_filter_parallel_reduced_pipelined:impl|product_terms_pipe[0][60][44]  ; Lost fanout                            ;
; fir_filter_parallel_reduced_pipelined_stream:impl|fir_filter_parallel_reduced_pipelined:impl|product_terms_pipe[0][60][43]  ; Lost fanout                            ;
; fir_filter_parallel_reduced_pipelined_stream:impl|fir_filter_parallel_reduced_pipelined:impl|product_terms_pipe[0][60][42]  ; Lost fanout                            ;
; fir_filter_parallel_reduced_pipelined_stream:impl|fir_filter_parallel_reduced_pipelined:impl|product_terms_pipe[0][60][41]  ; Lost fanout                            ;
; fir_filter_parallel_reduced_pipelined_stream:impl|fir_filter_parallel_reduced_pipelined:impl|product_terms_pipe[0][60][40]  ; Lost fanout                            ;
; fir_filter_parallel_reduced_pipelined_stream:impl|fir_filter_parallel_reduced_pipelined:impl|product_terms_pipe[0][60][39]  ; Lost fanout                            ;
; fir_filter_parallel_reduced_pipelined_stream:impl|fir_filter_parallel_reduced_pipelined:impl|product_terms_pipe[0][60][38]  ; Lost fanout                            ;
; fir_filter_parallel_reduced_pipelined_stream:impl|fir_filter_parallel_reduced_pipelined:impl|product_terms_pipe[0][60][37]  ; Lost fanout                            ;
; fir_filter_parallel_reduced_pipelined_stream:impl|fir_filter_parallel_reduced_pipelined:impl|product_terms_pipe[0][60][36]  ; Lost fanout                            ;
; fir_filter_parallel_reduced_pipelined_stream:impl|fir_filter_parallel_reduced_pipelined:impl|product_terms_pipe[0][60][35]  ; Lost fanout                            ;
; fir_filter_parallel_reduced_pipelined_stream:impl|fir_filter_parallel_reduced_pipelined:impl|product_terms_pipe[0][60][34]  ; Lost fanout                            ;
; fir_filter_parallel_reduced_pipelined_stream:impl|fir_filter_parallel_reduced_pipelined:impl|product_terms_pipe[0][60][33]  ; Lost fanout                            ;
; fir_filter_parallel_reduced_pipelined_stream:impl|fir_filter_parallel_reduced_pipelined:impl|product_terms_pipe[0][60][32]  ; Lost fanout                            ;
; fir_filter_parallel_reduced_pipelined_stream:impl|fir_filter_parallel_reduced_pipelined:impl|product_terms_pipe[0][60][31]  ; Lost fanout                            ;
; fir_filter_parallel_reduced_pipelined_stream:impl|fir_filter_parallel_reduced_pipelined:impl|product_terms_pipe[0][60][30]  ; Lost fanout                            ;
; fir_filter_parallel_reduced_pipelined_stream:impl|fir_filter_parallel_reduced_pipelined:impl|product_terms_pipe[0][60][29]  ; Lost fanout                            ;
; fir_filter_parallel_reduced_pipelined_stream:impl|fir_filter_parallel_reduced_pipelined:impl|product_terms_pipe[0][60][28]  ; Lost fanout                            ;
; fir_filter_parallel_reduced_pipelined_stream:impl|fir_filter_parallel_reduced_pipelined:impl|product_terms_pipe[0][60][27]  ; Lost fanout                            ;
; fir_filter_parallel_reduced_pipelined_stream:impl|fir_filter_parallel_reduced_pipelined:impl|product_terms_pipe[0][60][26]  ; Lost fanout                            ;
; fir_filter_parallel_reduced_pipelined_stream:impl|fir_filter_parallel_reduced_pipelined:impl|product_terms_pipe[0][60][25]  ; Lost fanout                            ;
; fir_filter_parallel_reduced_pipelined_stream:impl|fir_filter_parallel_reduced_pipelined:impl|product_terms_pipe[0][60][24]  ; Lost fanout                            ;
; fir_filter_parallel_reduced_pipelined_stream:impl|fir_filter_parallel_reduced_pipelined:impl|product_terms_pipe[0][60][23]  ; Lost fanout                            ;
; fir_filter_parallel_reduced_pipelined_stream:impl|fir_filter_parallel_reduced_pipelined:impl|product_terms_pipe[0][60][22]  ; Lost fanout                            ;
; fir_filter_parallel_reduced_pipelined_stream:impl|fir_filter_parallel_reduced_pipelined:impl|product_terms_pipe[0][60][21]  ; Lost fanout                            ;
; fir_filter_parallel_reduced_pipelined_stream:impl|fir_filter_parallel_reduced_pipelined:impl|product_terms_pipe[0][60][20]  ; Lost fanout                            ;
; fir_filter_parallel_reduced_pipelined_stream:impl|fir_filter_parallel_reduced_pipelined:impl|product_terms_pipe[0][60][19]  ; Lost fanout                            ;
; fir_filter_parallel_reduced_pipelined_stream:impl|fir_filter_parallel_reduced_pipelined:impl|product_terms_pipe[0][60][18]  ; Lost fanout                            ;
; fir_filter_parallel_reduced_pipelined_stream:impl|fir_filter_parallel_reduced_pipelined:impl|product_terms_pipe[0][60][17]  ; Lost fanout                            ;
; fir_filter_parallel_reduced_pipelined_stream:impl|fir_filter_parallel_reduced_pipelined:impl|product_terms_pipe[0][60][16]  ; Lost fanout                            ;
; fir_filter_parallel_reduced_pipelined_stream:impl|fir_filter_parallel_reduced_pipelined:impl|product_terms_pipe[0][60][15]  ; Lost fanout                            ;
; fir_filter_parallel_reduced_pipelined_stream:impl|fir_filter_parallel_reduced_pipelined:impl|product_terms_pipe[0][60][14]  ; Lost fanout                            ;
; fir_filter_parallel_reduced_pipelined_stream:impl|fir_filter_parallel_reduced_pipelined:impl|product_terms_pipe[0][60][13]  ; Lost fanout                            ;
; fir_filter_parallel_reduced_pipelined_stream:impl|fir_filter_parallel_reduced_pipelined:impl|product_terms_pipe[0][60][12]  ; Lost fanout                            ;
; fir_filter_parallel_reduced_pipelined_stream:impl|fir_filter_parallel_reduced_pipelined:impl|product_terms_pipe[0][60][11]  ; Lost fanout                            ;
; fir_filter_parallel_reduced_pipelined_stream:impl|fir_filter_parallel_reduced_pipelined:impl|product_terms_pipe[0][60][10]  ; Lost fanout                            ;
; fir_filter_parallel_reduced_pipelined_stream:impl|fir_filter_parallel_reduced_pipelined:impl|product_terms_pipe[0][60][9]   ; Lost fanout                            ;
; fir_filter_parallel_reduced_pipelined_stream:impl|fir_filter_parallel_reduced_pipelined:impl|product_terms_pipe[0][60][8]   ; Lost fanout                            ;
; fir_filter_parallel_reduced_pipelined_stream:impl|fir_filter_parallel_reduced_pipelined:impl|product_terms_pipe[0][60][7]   ; Lost fanout                            ;
; fir_filter_parallel_reduced_pipelined_stream:impl|fir_filter_parallel_reduced_pipelined:impl|product_terms_pipe[0][60][6]   ; Lost fanout                            ;
; fir_filter_parallel_reduced_pipelined_stream:impl|fir_filter_parallel_reduced_pipelined:impl|product_terms_pipe[0][60][5]   ; Lost fanout                            ;
; fir_filter_parallel_reduced_pipelined_stream:impl|fir_filter_parallel_reduced_pipelined:impl|product_terms_pipe[0][60][4]   ; Lost fanout                            ;
; fir_filter_parallel_reduced_pipelined_stream:impl|fir_filter_parallel_reduced_pipelined:impl|product_terms_pipe[0][60][3]   ; Lost fanout                            ;
; fir_filter_parallel_reduced_pipelined_stream:impl|fir_filter_parallel_reduced_pipelined:impl|product_terms_pipe[0][60][2]   ; Lost fanout                            ;
; fir_filter_parallel_reduced_pipelined_stream:impl|fir_filter_parallel_reduced_pipelined:impl|product_terms_pipe[0][60][1]   ; Lost fanout                            ;
; fir_filter_parallel_reduced_pipelined_stream:impl|fir_filter_parallel_reduced_pipelined:impl|product_terms_pipe[0][60][0]   ; Lost fanout                            ;
; fir_filter_parallel_reduced_pipelined_stream:impl|fir_filter_parallel_reduced_pipelined:impl|product_terms_pipe[0][61][45]  ; Lost fanout                            ;
; fir_filter_parallel_reduced_pipelined_stream:impl|fir_filter_parallel_reduced_pipelined:impl|product_terms_pipe[0][61][44]  ; Lost fanout                            ;
; fir_filter_parallel_reduced_pipelined_stream:impl|fir_filter_parallel_reduced_pipelined:impl|product_terms_pipe[0][61][43]  ; Lost fanout                            ;
; fir_filter_parallel_reduced_pipelined_stream:impl|fir_filter_parallel_reduced_pipelined:impl|product_terms_pipe[0][61][42]  ; Lost fanout                            ;
; fir_filter_parallel_reduced_pipelined_stream:impl|fir_filter_parallel_reduced_pipelined:impl|product_terms_pipe[0][61][41]  ; Lost fanout                            ;
; fir_filter_parallel_reduced_pipelined_stream:impl|fir_filter_parallel_reduced_pipelined:impl|product_terms_pipe[0][61][40]  ; Lost fanout                            ;
; fir_filter_parallel_reduced_pipelined_stream:impl|fir_filter_parallel_reduced_pipelined:impl|product_terms_pipe[0][61][39]  ; Lost fanout                            ;
; fir_filter_parallel_reduced_pipelined_stream:impl|fir_filter_parallel_reduced_pipelined:impl|product_terms_pipe[0][61][38]  ; Lost fanout                            ;
; fir_filter_parallel_reduced_pipelined_stream:impl|fir_filter_parallel_reduced_pipelined:impl|product_terms_pipe[0][61][37]  ; Lost fanout                            ;
; fir_filter_parallel_reduced_pipelined_stream:impl|fir_filter_parallel_reduced_pipelined:impl|product_terms_pipe[0][61][36]  ; Lost fanout                            ;
; fir_filter_parallel_reduced_pipelined_stream:impl|fir_filter_parallel_reduced_pipelined:impl|product_terms_pipe[0][61][35]  ; Lost fanout                            ;
; fir_filter_parallel_reduced_pipelined_stream:impl|fir_filter_parallel_reduced_pipelined:impl|product_terms_pipe[0][61][34]  ; Lost fanout                            ;
; fir_filter_parallel_reduced_pipelined_stream:impl|fir_filter_parallel_reduced_pipelined:impl|product_terms_pipe[0][61][33]  ; Lost fanout                            ;
; fir_filter_parallel_reduced_pipelined_stream:impl|fir_filter_parallel_reduced_pipelined:impl|product_terms_pipe[0][61][32]  ; Lost fanout                            ;
; fir_filter_parallel_reduced_pipelined_stream:impl|fir_filter_parallel_reduced_pipelined:impl|product_terms_pipe[0][61][31]  ; Lost fanout                            ;
; fir_filter_parallel_reduced_pipelined_stream:impl|fir_filter_parallel_reduced_pipelined:impl|product_terms_pipe[0][61][30]  ; Lost fanout                            ;
; fir_filter_parallel_reduced_pipelined_stream:impl|fir_filter_parallel_reduced_pipelined:impl|product_terms_pipe[0][61][29]  ; Lost fanout                            ;
; fir_filter_parallel_reduced_pipelined_stream:impl|fir_filter_parallel_reduced_pipelined:impl|product_terms_pipe[0][61][28]  ; Lost fanout                            ;
; fir_filter_parallel_reduced_pipelined_stream:impl|fir_filter_parallel_reduced_pipelined:impl|product_terms_pipe[0][61][27]  ; Lost fanout                            ;
; fir_filter_parallel_reduced_pipelined_stream:impl|fir_filter_parallel_reduced_pipelined:impl|product_terms_pipe[0][61][26]  ; Lost fanout                            ;
; fir_filter_parallel_reduced_pipelined_stream:impl|fir_filter_parallel_reduced_pipelined:impl|product_terms_pipe[0][61][25]  ; Lost fanout                            ;
; fir_filter_parallel_reduced_pipelined_stream:impl|fir_filter_parallel_reduced_pipelined:impl|product_terms_pipe[0][61][24]  ; Lost fanout                            ;
; fir_filter_parallel_reduced_pipelined_stream:impl|fir_filter_parallel_reduced_pipelined:impl|product_terms_pipe[0][61][23]  ; Lost fanout                            ;
; fir_filter_parallel_reduced_pipelined_stream:impl|fir_filter_parallel_reduced_pipelined:impl|product_terms_pipe[0][61][22]  ; Lost fanout                            ;
; fir_filter_parallel_reduced_pipelined_stream:impl|fir_filter_parallel_reduced_pipelined:impl|product_terms_pipe[0][61][21]  ; Lost fanout                            ;
; fir_filter_parallel_reduced_pipelined_stream:impl|fir_filter_parallel_reduced_pipelined:impl|product_terms_pipe[0][61][20]  ; Lost fanout                            ;
; fir_filter_parallel_reduced_pipelined_stream:impl|fir_filter_parallel_reduced_pipelined:impl|product_terms_pipe[0][61][19]  ; Lost fanout                            ;
; fir_filter_parallel_reduced_pipelined_stream:impl|fir_filter_parallel_reduced_pipelined:impl|product_terms_pipe[0][61][18]  ; Lost fanout                            ;
; fir_filter_parallel_reduced_pipelined_stream:impl|fir_filter_parallel_reduced_pipelined:impl|product_terms_pipe[0][61][17]  ; Lost fanout                            ;
; fir_filter_parallel_reduced_pipelined_stream:impl|fir_filter_parallel_reduced_pipelined:impl|product_terms_pipe[0][61][16]  ; Lost fanout                            ;
; fir_filter_parallel_reduced_pipelined_stream:impl|fir_filter_parallel_reduced_pipelined:impl|product_terms_pipe[0][61][15]  ; Lost fanout                            ;
; fir_filter_parallel_reduced_pipelined_stream:impl|fir_filter_parallel_reduced_pipelined:impl|product_terms_pipe[0][61][14]  ; Lost fanout                            ;
; fir_filter_parallel_reduced_pipelined_stream:impl|fir_filter_parallel_reduced_pipelined:impl|product_terms_pipe[0][61][13]  ; Lost fanout                            ;
; fir_filter_parallel_reduced_pipelined_stream:impl|fir_filter_parallel_reduced_pipelined:impl|product_terms_pipe[0][61][12]  ; Lost fanout                            ;
; fir_filter_parallel_reduced_pipelined_stream:impl|fir_filter_parallel_reduced_pipelined:impl|product_terms_pipe[0][61][11]  ; Lost fanout                            ;
; fir_filter_parallel_reduced_pipelined_stream:impl|fir_filter_parallel_reduced_pipelined:impl|product_terms_pipe[0][61][10]  ; Lost fanout                            ;
; fir_filter_parallel_reduced_pipelined_stream:impl|fir_filter_parallel_reduced_pipelined:impl|product_terms_pipe[0][61][9]   ; Lost fanout                            ;
; fir_filter_parallel_reduced_pipelined_stream:impl|fir_filter_parallel_reduced_pipelined:impl|product_terms_pipe[0][61][8]   ; Lost fanout                            ;
; fir_filter_parallel_reduced_pipelined_stream:impl|fir_filter_parallel_reduced_pipelined:impl|product_terms_pipe[0][61][7]   ; Lost fanout                            ;
; fir_filter_parallel_reduced_pipelined_stream:impl|fir_filter_parallel_reduced_pipelined:impl|product_terms_pipe[0][61][6]   ; Lost fanout                            ;
; fir_filter_parallel_reduced_pipelined_stream:impl|fir_filter_parallel_reduced_pipelined:impl|product_terms_pipe[0][61][5]   ; Lost fanout                            ;
; fir_filter_parallel_reduced_pipelined_stream:impl|fir_filter_parallel_reduced_pipelined:impl|product_terms_pipe[0][61][4]   ; Lost fanout                            ;
; fir_filter_parallel_reduced_pipelined_stream:impl|fir_filter_parallel_reduced_pipelined:impl|product_terms_pipe[0][61][3]   ; Lost fanout                            ;
; fir_filter_parallel_reduced_pipelined_stream:impl|fir_filter_parallel_reduced_pipelined:impl|product_terms_pipe[0][61][2]   ; Lost fanout                            ;
; fir_filter_parallel_reduced_pipelined_stream:impl|fir_filter_parallel_reduced_pipelined:impl|product_terms_pipe[0][61][1]   ; Lost fanout                            ;
; fir_filter_parallel_reduced_pipelined_stream:impl|fir_filter_parallel_reduced_pipelined:impl|product_terms_pipe[0][61][0]   ; Lost fanout                            ;
; fir_filter_parallel_reduced_pipelined_stream:impl|fir_filter_parallel_reduced_pipelined:impl|product_terms_pipe[0][62][45]  ; Lost fanout                            ;
; fir_filter_parallel_reduced_pipelined_stream:impl|fir_filter_parallel_reduced_pipelined:impl|product_terms_pipe[0][62][44]  ; Lost fanout                            ;
; fir_filter_parallel_reduced_pipelined_stream:impl|fir_filter_parallel_reduced_pipelined:impl|product_terms_pipe[0][62][43]  ; Lost fanout                            ;
; fir_filter_parallel_reduced_pipelined_stream:impl|fir_filter_parallel_reduced_pipelined:impl|product_terms_pipe[0][62][42]  ; Lost fanout                            ;
; fir_filter_parallel_reduced_pipelined_stream:impl|fir_filter_parallel_reduced_pipelined:impl|product_terms_pipe[0][62][41]  ; Lost fanout                            ;
; fir_filter_parallel_reduced_pipelined_stream:impl|fir_filter_parallel_reduced_pipelined:impl|product_terms_pipe[0][62][40]  ; Lost fanout                            ;
; fir_filter_parallel_reduced_pipelined_stream:impl|fir_filter_parallel_reduced_pipelined:impl|product_terms_pipe[0][62][39]  ; Lost fanout                            ;
; fir_filter_parallel_reduced_pipelined_stream:impl|fir_filter_parallel_reduced_pipelined:impl|product_terms_pipe[0][62][38]  ; Lost fanout                            ;
; fir_filter_parallel_reduced_pipelined_stream:impl|fir_filter_parallel_reduced_pipelined:impl|product_terms_pipe[0][62][37]  ; Lost fanout                            ;
; fir_filter_parallel_reduced_pipelined_stream:impl|fir_filter_parallel_reduced_pipelined:impl|product_terms_pipe[0][62][36]  ; Lost fanout                            ;
; fir_filter_parallel_reduced_pipelined_stream:impl|fir_filter_parallel_reduced_pipelined:impl|product_terms_pipe[0][62][35]  ; Lost fanout                            ;
; fir_filter_parallel_reduced_pipelined_stream:impl|fir_filter_parallel_reduced_pipelined:impl|product_terms_pipe[0][62][34]  ; Lost fanout                            ;
; fir_filter_parallel_reduced_pipelined_stream:impl|fir_filter_parallel_reduced_pipelined:impl|product_terms_pipe[0][62][33]  ; Lost fanout                            ;
; fir_filter_parallel_reduced_pipelined_stream:impl|fir_filter_parallel_reduced_pipelined:impl|product_terms_pipe[0][62][32]  ; Lost fanout                            ;
; fir_filter_parallel_reduced_pipelined_stream:impl|fir_filter_parallel_reduced_pipelined:impl|product_terms_pipe[0][62][31]  ; Lost fanout                            ;
; fir_filter_parallel_reduced_pipelined_stream:impl|fir_filter_parallel_reduced_pipelined:impl|product_terms_pipe[0][62][30]  ; Lost fanout                            ;
; fir_filter_parallel_reduced_pipelined_stream:impl|fir_filter_parallel_reduced_pipelined:impl|product_terms_pipe[0][62][29]  ; Lost fanout                            ;
; fir_filter_parallel_reduced_pipelined_stream:impl|fir_filter_parallel_reduced_pipelined:impl|product_terms_pipe[0][62][28]  ; Lost fanout                            ;
; fir_filter_parallel_reduced_pipelined_stream:impl|fir_filter_parallel_reduced_pipelined:impl|product_terms_pipe[0][62][27]  ; Lost fanout                            ;
; fir_filter_parallel_reduced_pipelined_stream:impl|fir_filter_parallel_reduced_pipelined:impl|product_terms_pipe[0][62][26]  ; Lost fanout                            ;
; fir_filter_parallel_reduced_pipelined_stream:impl|fir_filter_parallel_reduced_pipelined:impl|product_terms_pipe[0][62][25]  ; Lost fanout                            ;
; fir_filter_parallel_reduced_pipelined_stream:impl|fir_filter_parallel_reduced_pipelined:impl|product_terms_pipe[0][62][24]  ; Lost fanout                            ;
; fir_filter_parallel_reduced_pipelined_stream:impl|fir_filter_parallel_reduced_pipelined:impl|product_terms_pipe[0][62][23]  ; Lost fanout                            ;
; fir_filter_parallel_reduced_pipelined_stream:impl|fir_filter_parallel_reduced_pipelined:impl|product_terms_pipe[0][62][22]  ; Lost fanout                            ;
; fir_filter_parallel_reduced_pipelined_stream:impl|fir_filter_parallel_reduced_pipelined:impl|product_terms_pipe[0][62][21]  ; Lost fanout                            ;
; fir_filter_parallel_reduced_pipelined_stream:impl|fir_filter_parallel_reduced_pipelined:impl|product_terms_pipe[0][62][20]  ; Lost fanout                            ;
; fir_filter_parallel_reduced_pipelined_stream:impl|fir_filter_parallel_reduced_pipelined:impl|product_terms_pipe[0][62][19]  ; Lost fanout                            ;
; fir_filter_parallel_reduced_pipelined_stream:impl|fir_filter_parallel_reduced_pipelined:impl|product_terms_pipe[0][62][18]  ; Lost fanout                            ;
; fir_filter_parallel_reduced_pipelined_stream:impl|fir_filter_parallel_reduced_pipelined:impl|product_terms_pipe[0][62][17]  ; Lost fanout                            ;
; fir_filter_parallel_reduced_pipelined_stream:impl|fir_filter_parallel_reduced_pipelined:impl|product_terms_pipe[0][62][16]  ; Lost fanout                            ;
; fir_filter_parallel_reduced_pipelined_stream:impl|fir_filter_parallel_reduced_pipelined:impl|product_terms_pipe[0][62][15]  ; Lost fanout                            ;
; fir_filter_parallel_reduced_pipelined_stream:impl|fir_filter_parallel_reduced_pipelined:impl|product_terms_pipe[0][62][14]  ; Lost fanout                            ;
; fir_filter_parallel_reduced_pipelined_stream:impl|fir_filter_parallel_reduced_pipelined:impl|product_terms_pipe[0][62][13]  ; Lost fanout                            ;
; fir_filter_parallel_reduced_pipelined_stream:impl|fir_filter_parallel_reduced_pipelined:impl|product_terms_pipe[0][62][12]  ; Lost fanout                            ;
; fir_filter_parallel_reduced_pipelined_stream:impl|fir_filter_parallel_reduced_pipelined:impl|product_terms_pipe[0][62][11]  ; Lost fanout                            ;
; fir_filter_parallel_reduced_pipelined_stream:impl|fir_filter_parallel_reduced_pipelined:impl|product_terms_pipe[0][62][10]  ; Lost fanout                            ;
; fir_filter_parallel_reduced_pipelined_stream:impl|fir_filter_parallel_reduced_pipelined:impl|product_terms_pipe[0][62][9]   ; Lost fanout                            ;
; fir_filter_parallel_reduced_pipelined_stream:impl|fir_filter_parallel_reduced_pipelined:impl|product_terms_pipe[0][62][8]   ; Lost fanout                            ;
; fir_filter_parallel_reduced_pipelined_stream:impl|fir_filter_parallel_reduced_pipelined:impl|product_terms_pipe[0][62][7]   ; Lost fanout                            ;
; fir_filter_parallel_reduced_pipelined_stream:impl|fir_filter_parallel_reduced_pipelined:impl|product_terms_pipe[0][62][6]   ; Lost fanout                            ;
; fir_filter_parallel_reduced_pipelined_stream:impl|fir_filter_parallel_reduced_pipelined:impl|product_terms_pipe[0][62][5]   ; Lost fanout                            ;
; fir_filter_parallel_reduced_pipelined_stream:impl|fir_filter_parallel_reduced_pipelined:impl|product_terms_pipe[0][62][4]   ; Lost fanout                            ;
; fir_filter_parallel_reduced_pipelined_stream:impl|fir_filter_parallel_reduced_pipelined:impl|product_terms_pipe[0][62][3]   ; Lost fanout                            ;
; fir_filter_parallel_reduced_pipelined_stream:impl|fir_filter_parallel_reduced_pipelined:impl|product_terms_pipe[0][62][2]   ; Lost fanout                            ;
; fir_filter_parallel_reduced_pipelined_stream:impl|fir_filter_parallel_reduced_pipelined:impl|product_terms_pipe[0][62][1]   ; Lost fanout                            ;
; fir_filter_parallel_reduced_pipelined_stream:impl|fir_filter_parallel_reduced_pipelined:impl|product_terms_pipe[0][62][0]   ; Lost fanout                            ;
; fir_filter_parallel_reduced_pipelined_stream:impl|fir_filter_parallel_reduced_pipelined:impl|product_terms_pipe[0][63][45]  ; Lost fanout                            ;
; fir_filter_parallel_reduced_pipelined_stream:impl|fir_filter_parallel_reduced_pipelined:impl|product_terms_pipe[0][63][44]  ; Lost fanout                            ;
; fir_filter_parallel_reduced_pipelined_stream:impl|fir_filter_parallel_reduced_pipelined:impl|product_terms_pipe[0][63][43]  ; Lost fanout                            ;
; fir_filter_parallel_reduced_pipelined_stream:impl|fir_filter_parallel_reduced_pipelined:impl|product_terms_pipe[0][63][42]  ; Lost fanout                            ;
; fir_filter_parallel_reduced_pipelined_stream:impl|fir_filter_parallel_reduced_pipelined:impl|product_terms_pipe[0][63][41]  ; Lost fanout                            ;
; fir_filter_parallel_reduced_pipelined_stream:impl|fir_filter_parallel_reduced_pipelined:impl|product_terms_pipe[0][63][40]  ; Lost fanout                            ;
; fir_filter_parallel_reduced_pipelined_stream:impl|fir_filter_parallel_reduced_pipelined:impl|product_terms_pipe[0][63][39]  ; Lost fanout                            ;
; fir_filter_parallel_reduced_pipelined_stream:impl|fir_filter_parallel_reduced_pipelined:impl|product_terms_pipe[0][63][38]  ; Lost fanout                            ;
; fir_filter_parallel_reduced_pipelined_stream:impl|fir_filter_parallel_reduced_pipelined:impl|product_terms_pipe[0][63][37]  ; Lost fanout                            ;
; fir_filter_parallel_reduced_pipelined_stream:impl|fir_filter_parallel_reduced_pipelined:impl|product_terms_pipe[0][63][36]  ; Lost fanout                            ;
; fir_filter_parallel_reduced_pipelined_stream:impl|fir_filter_parallel_reduced_pipelined:impl|product_terms_pipe[0][63][35]  ; Lost fanout                            ;
; fir_filter_parallel_reduced_pipelined_stream:impl|fir_filter_parallel_reduced_pipelined:impl|product_terms_pipe[0][63][34]  ; Lost fanout                            ;
; fir_filter_parallel_reduced_pipelined_stream:impl|fir_filter_parallel_reduced_pipelined:impl|product_terms_pipe[0][63][33]  ; Lost fanout                            ;
; fir_filter_parallel_reduced_pipelined_stream:impl|fir_filter_parallel_reduced_pipelined:impl|product_terms_pipe[0][63][32]  ; Lost fanout                            ;
; fir_filter_parallel_reduced_pipelined_stream:impl|fir_filter_parallel_reduced_pipelined:impl|product_terms_pipe[0][63][31]  ; Lost fanout                            ;
; fir_filter_parallel_reduced_pipelined_stream:impl|fir_filter_parallel_reduced_pipelined:impl|product_terms_pipe[0][63][30]  ; Lost fanout                            ;
; fir_filter_parallel_reduced_pipelined_stream:impl|fir_filter_parallel_reduced_pipelined:impl|product_terms_pipe[0][63][29]  ; Lost fanout                            ;
; fir_filter_parallel_reduced_pipelined_stream:impl|fir_filter_parallel_reduced_pipelined:impl|product_terms_pipe[0][63][28]  ; Lost fanout                            ;
; fir_filter_parallel_reduced_pipelined_stream:impl|fir_filter_parallel_reduced_pipelined:impl|product_terms_pipe[0][63][27]  ; Lost fanout                            ;
; fir_filter_parallel_reduced_pipelined_stream:impl|fir_filter_parallel_reduced_pipelined:impl|product_terms_pipe[0][63][26]  ; Lost fanout                            ;
; fir_filter_parallel_reduced_pipelined_stream:impl|fir_filter_parallel_reduced_pipelined:impl|product_terms_pipe[0][63][25]  ; Lost fanout                            ;
; fir_filter_parallel_reduced_pipelined_stream:impl|fir_filter_parallel_reduced_pipelined:impl|product_terms_pipe[0][63][24]  ; Lost fanout                            ;
; fir_filter_parallel_reduced_pipelined_stream:impl|fir_filter_parallel_reduced_pipelined:impl|product_terms_pipe[0][63][23]  ; Lost fanout                            ;
; fir_filter_parallel_reduced_pipelined_stream:impl|fir_filter_parallel_reduced_pipelined:impl|product_terms_pipe[0][63][22]  ; Lost fanout                            ;
; fir_filter_parallel_reduced_pipelined_stream:impl|fir_filter_parallel_reduced_pipelined:impl|product_terms_pipe[0][63][21]  ; Lost fanout                            ;
; fir_filter_parallel_reduced_pipelined_stream:impl|fir_filter_parallel_reduced_pipelined:impl|product_terms_pipe[0][63][20]  ; Lost fanout                            ;
; fir_filter_parallel_reduced_pipelined_stream:impl|fir_filter_parallel_reduced_pipelined:impl|product_terms_pipe[0][63][19]  ; Lost fanout                            ;
; fir_filter_parallel_reduced_pipelined_stream:impl|fir_filter_parallel_reduced_pipelined:impl|product_terms_pipe[0][63][18]  ; Lost fanout                            ;
; fir_filter_parallel_reduced_pipelined_stream:impl|fir_filter_parallel_reduced_pipelined:impl|product_terms_pipe[0][63][17]  ; Lost fanout                            ;
; fir_filter_parallel_reduced_pipelined_stream:impl|fir_filter_parallel_reduced_pipelined:impl|product_terms_pipe[0][63][16]  ; Lost fanout                            ;
; fir_filter_parallel_reduced_pipelined_stream:impl|fir_filter_parallel_reduced_pipelined:impl|product_terms_pipe[0][63][15]  ; Lost fanout                            ;
; fir_filter_parallel_reduced_pipelined_stream:impl|fir_filter_parallel_reduced_pipelined:impl|product_terms_pipe[0][63][14]  ; Lost fanout                            ;
; fir_filter_parallel_reduced_pipelined_stream:impl|fir_filter_parallel_reduced_pipelined:impl|product_terms_pipe[0][63][13]  ; Lost fanout                            ;
; fir_filter_parallel_reduced_pipelined_stream:impl|fir_filter_parallel_reduced_pipelined:impl|product_terms_pipe[0][63][12]  ; Lost fanout                            ;
; fir_filter_parallel_reduced_pipelined_stream:impl|fir_filter_parallel_reduced_pipelined:impl|product_terms_pipe[0][63][11]  ; Lost fanout                            ;
; fir_filter_parallel_reduced_pipelined_stream:impl|fir_filter_parallel_reduced_pipelined:impl|product_terms_pipe[0][63][10]  ; Lost fanout                            ;
; fir_filter_parallel_reduced_pipelined_stream:impl|fir_filter_parallel_reduced_pipelined:impl|product_terms_pipe[0][63][9]   ; Lost fanout                            ;
; fir_filter_parallel_reduced_pipelined_stream:impl|fir_filter_parallel_reduced_pipelined:impl|product_terms_pipe[0][63][8]   ; Lost fanout                            ;
; fir_filter_parallel_reduced_pipelined_stream:impl|fir_filter_parallel_reduced_pipelined:impl|product_terms_pipe[0][63][7]   ; Lost fanout                            ;
; fir_filter_parallel_reduced_pipelined_stream:impl|fir_filter_parallel_reduced_pipelined:impl|product_terms_pipe[0][63][6]   ; Lost fanout                            ;
; fir_filter_parallel_reduced_pipelined_stream:impl|fir_filter_parallel_reduced_pipelined:impl|product_terms_pipe[0][63][5]   ; Lost fanout                            ;
; fir_filter_parallel_reduced_pipelined_stream:impl|fir_filter_parallel_reduced_pipelined:impl|product_terms_pipe[0][63][4]   ; Lost fanout                            ;
; fir_filter_parallel_reduced_pipelined_stream:impl|fir_filter_parallel_reduced_pipelined:impl|product_terms_pipe[0][63][3]   ; Lost fanout                            ;
; fir_filter_parallel_reduced_pipelined_stream:impl|fir_filter_parallel_reduced_pipelined:impl|product_terms_pipe[0][63][2]   ; Lost fanout                            ;
; fir_filter_parallel_reduced_pipelined_stream:impl|fir_filter_parallel_reduced_pipelined:impl|product_terms_pipe[0][63][1]   ; Lost fanout                            ;
; fir_filter_parallel_reduced_pipelined_stream:impl|fir_filter_parallel_reduced_pipelined:impl|product_terms_pipe[0][63][0]   ; Lost fanout                            ;
; fir_filter_parallel_reduced_pipelined_stream:impl|fir_filter_parallel_reduced_pipelined:impl|product_terms_pipe[0][64][45]  ; Lost fanout                            ;
; fir_filter_parallel_reduced_pipelined_stream:impl|fir_filter_parallel_reduced_pipelined:impl|product_terms_pipe[0][64][44]  ; Lost fanout                            ;
; fir_filter_parallel_reduced_pipelined_stream:impl|fir_filter_parallel_reduced_pipelined:impl|product_terms_pipe[0][64][43]  ; Lost fanout                            ;
; fir_filter_parallel_reduced_pipelined_stream:impl|fir_filter_parallel_reduced_pipelined:impl|product_terms_pipe[0][64][42]  ; Lost fanout                            ;
; fir_filter_parallel_reduced_pipelined_stream:impl|fir_filter_parallel_reduced_pipelined:impl|product_terms_pipe[0][64][41]  ; Lost fanout                            ;
; fir_filter_parallel_reduced_pipelined_stream:impl|fir_filter_parallel_reduced_pipelined:impl|product_terms_pipe[0][64][40]  ; Lost fanout                            ;
; fir_filter_parallel_reduced_pipelined_stream:impl|fir_filter_parallel_reduced_pipelined:impl|product_terms_pipe[0][64][39]  ; Lost fanout                            ;
; fir_filter_parallel_reduced_pipelined_stream:impl|fir_filter_parallel_reduced_pipelined:impl|product_terms_pipe[0][64][38]  ; Lost fanout                            ;
; fir_filter_parallel_reduced_pipelined_stream:impl|fir_filter_parallel_reduced_pipelined:impl|product_terms_pipe[0][64][37]  ; Lost fanout                            ;
; fir_filter_parallel_reduced_pipelined_stream:impl|fir_filter_parallel_reduced_pipelined:impl|product_terms_pipe[0][64][36]  ; Lost fanout                            ;
; fir_filter_parallel_reduced_pipelined_stream:impl|fir_filter_parallel_reduced_pipelined:impl|product_terms_pipe[0][64][35]  ; Lost fanout                            ;
; fir_filter_parallel_reduced_pipelined_stream:impl|fir_filter_parallel_reduced_pipelined:impl|product_terms_pipe[0][64][34]  ; Lost fanout                            ;
; fir_filter_parallel_reduced_pipelined_stream:impl|fir_filter_parallel_reduced_pipelined:impl|product_terms_pipe[0][64][33]  ; Lost fanout                            ;
; fir_filter_parallel_reduced_pipelined_stream:impl|fir_filter_parallel_reduced_pipelined:impl|product_terms_pipe[0][64][32]  ; Lost fanout                            ;
; fir_filter_parallel_reduced_pipelined_stream:impl|fir_filter_parallel_reduced_pipelined:impl|product_terms_pipe[0][64][31]  ; Lost fanout                            ;
; fir_filter_parallel_reduced_pipelined_stream:impl|fir_filter_parallel_reduced_pipelined:impl|product_terms_pipe[0][64][30]  ; Lost fanout                            ;
; fir_filter_parallel_reduced_pipelined_stream:impl|fir_filter_parallel_reduced_pipelined:impl|product_terms_pipe[0][64][29]  ; Lost fanout                            ;
; fir_filter_parallel_reduced_pipelined_stream:impl|fir_filter_parallel_reduced_pipelined:impl|product_terms_pipe[0][64][28]  ; Lost fanout                            ;
; fir_filter_parallel_reduced_pipelined_stream:impl|fir_filter_parallel_reduced_pipelined:impl|product_terms_pipe[0][64][27]  ; Lost fanout                            ;
; fir_filter_parallel_reduced_pipelined_stream:impl|fir_filter_parallel_reduced_pipelined:impl|product_terms_pipe[0][64][26]  ; Lost fanout                            ;
; fir_filter_parallel_reduced_pipelined_stream:impl|fir_filter_parallel_reduced_pipelined:impl|product_terms_pipe[0][64][25]  ; Lost fanout                            ;
; fir_filter_parallel_reduced_pipelined_stream:impl|fir_filter_parallel_reduced_pipelined:impl|product_terms_pipe[0][64][24]  ; Lost fanout                            ;
; fir_filter_parallel_reduced_pipelined_stream:impl|fir_filter_parallel_reduced_pipelined:impl|product_terms_pipe[0][64][23]  ; Lost fanout                            ;
; fir_filter_parallel_reduced_pipelined_stream:impl|fir_filter_parallel_reduced_pipelined:impl|product_terms_pipe[0][64][22]  ; Lost fanout                            ;
; fir_filter_parallel_reduced_pipelined_stream:impl|fir_filter_parallel_reduced_pipelined:impl|product_terms_pipe[0][64][21]  ; Lost fanout                            ;
; fir_filter_parallel_reduced_pipelined_stream:impl|fir_filter_parallel_reduced_pipelined:impl|product_terms_pipe[0][64][20]  ; Lost fanout                            ;
; fir_filter_parallel_reduced_pipelined_stream:impl|fir_filter_parallel_reduced_pipelined:impl|product_terms_pipe[0][64][19]  ; Lost fanout                            ;
; fir_filter_parallel_reduced_pipelined_stream:impl|fir_filter_parallel_reduced_pipelined:impl|product_terms_pipe[0][64][18]  ; Lost fanout                            ;
; fir_filter_parallel_reduced_pipelined_stream:impl|fir_filter_parallel_reduced_pipelined:impl|product_terms_pipe[0][64][17]  ; Lost fanout                            ;
; fir_filter_parallel_reduced_pipelined_stream:impl|fir_filter_parallel_reduced_pipelined:impl|product_terms_pipe[0][64][16]  ; Lost fanout                            ;
; fir_filter_parallel_reduced_pipelined_stream:impl|fir_filter_parallel_reduced_pipelined:impl|product_terms_pipe[0][64][15]  ; Lost fanout                            ;
; fir_filter_parallel_reduced_pipelined_stream:impl|fir_filter_parallel_reduced_pipelined:impl|product_terms_pipe[0][64][14]  ; Lost fanout                            ;
; fir_filter_parallel_reduced_pipelined_stream:impl|fir_filter_parallel_reduced_pipelined:impl|product_terms_pipe[0][64][13]  ; Lost fanout                            ;
; fir_filter_parallel_reduced_pipelined_stream:impl|fir_filter_parallel_reduced_pipelined:impl|product_terms_pipe[0][64][12]  ; Lost fanout                            ;
; fir_filter_parallel_reduced_pipelined_stream:impl|fir_filter_parallel_reduced_pipelined:impl|product_terms_pipe[0][64][11]  ; Lost fanout                            ;
; fir_filter_parallel_reduced_pipelined_stream:impl|fir_filter_parallel_reduced_pipelined:impl|product_terms_pipe[0][64][10]  ; Lost fanout                            ;
; fir_filter_parallel_reduced_pipelined_stream:impl|fir_filter_parallel_reduced_pipelined:impl|product_terms_pipe[0][64][9]   ; Lost fanout                            ;
; fir_filter_parallel_reduced_pipelined_stream:impl|fir_filter_parallel_reduced_pipelined:impl|product_terms_pipe[0][64][8]   ; Lost fanout                            ;
; fir_filter_parallel_reduced_pipelined_stream:impl|fir_filter_parallel_reduced_pipelined:impl|product_terms_pipe[0][64][7]   ; Lost fanout                            ;
; fir_filter_parallel_reduced_pipelined_stream:impl|fir_filter_parallel_reduced_pipelined:impl|product_terms_pipe[0][64][6]   ; Lost fanout                            ;
; fir_filter_parallel_reduced_pipelined_stream:impl|fir_filter_parallel_reduced_pipelined:impl|product_terms_pipe[0][64][5]   ; Lost fanout                            ;
; fir_filter_parallel_reduced_pipelined_stream:impl|fir_filter_parallel_reduced_pipelined:impl|product_terms_pipe[0][64][4]   ; Lost fanout                            ;
; fir_filter_parallel_reduced_pipelined_stream:impl|fir_filter_parallel_reduced_pipelined:impl|product_terms_pipe[0][64][3]   ; Lost fanout                            ;
; fir_filter_parallel_reduced_pipelined_stream:impl|fir_filter_parallel_reduced_pipelined:impl|product_terms_pipe[0][64][2]   ; Lost fanout                            ;
; fir_filter_parallel_reduced_pipelined_stream:impl|fir_filter_parallel_reduced_pipelined:impl|product_terms_pipe[0][64][1]   ; Lost fanout                            ;
; fir_filter_parallel_reduced_pipelined_stream:impl|fir_filter_parallel_reduced_pipelined:impl|product_terms_pipe[0][64][0]   ; Lost fanout                            ;
; fir_filter_parallel_reduced_pipelined_stream:impl|fir_filter_parallel_reduced_pipelined:impl|product_terms_pipe[0][65][45]  ; Lost fanout                            ;
; fir_filter_parallel_reduced_pipelined_stream:impl|fir_filter_parallel_reduced_pipelined:impl|product_terms_pipe[0][65][44]  ; Lost fanout                            ;
; fir_filter_parallel_reduced_pipelined_stream:impl|fir_filter_parallel_reduced_pipelined:impl|product_terms_pipe[0][65][43]  ; Lost fanout                            ;
; fir_filter_parallel_reduced_pipelined_stream:impl|fir_filter_parallel_reduced_pipelined:impl|product_terms_pipe[0][65][42]  ; Lost fanout                            ;
; fir_filter_parallel_reduced_pipelined_stream:impl|fir_filter_parallel_reduced_pipelined:impl|product_terms_pipe[0][65][41]  ; Lost fanout                            ;
; fir_filter_parallel_reduced_pipelined_stream:impl|fir_filter_parallel_reduced_pipelined:impl|product_terms_pipe[0][65][40]  ; Lost fanout                            ;
; fir_filter_parallel_reduced_pipelined_stream:impl|fir_filter_parallel_reduced_pipelined:impl|product_terms_pipe[0][65][39]  ; Lost fanout                            ;
; fir_filter_parallel_reduced_pipelined_stream:impl|fir_filter_parallel_reduced_pipelined:impl|product_terms_pipe[0][65][38]  ; Lost fanout                            ;
; fir_filter_parallel_reduced_pipelined_stream:impl|fir_filter_parallel_reduced_pipelined:impl|product_terms_pipe[0][65][37]  ; Lost fanout                            ;
; fir_filter_parallel_reduced_pipelined_stream:impl|fir_filter_parallel_reduced_pipelined:impl|product_terms_pipe[0][65][36]  ; Lost fanout                            ;
; fir_filter_parallel_reduced_pipelined_stream:impl|fir_filter_parallel_reduced_pipelined:impl|product_terms_pipe[0][65][35]  ; Lost fanout                            ;
; fir_filter_parallel_reduced_pipelined_stream:impl|fir_filter_parallel_reduced_pipelined:impl|product_terms_pipe[0][65][34]  ; Lost fanout                            ;
; fir_filter_parallel_reduced_pipelined_stream:impl|fir_filter_parallel_reduced_pipelined:impl|product_terms_pipe[0][65][33]  ; Lost fanout                            ;
; fir_filter_parallel_reduced_pipelined_stream:impl|fir_filter_parallel_reduced_pipelined:impl|product_terms_pipe[0][65][32]  ; Lost fanout                            ;
; fir_filter_parallel_reduced_pipelined_stream:impl|fir_filter_parallel_reduced_pipelined:impl|product_terms_pipe[0][65][31]  ; Lost fanout                            ;
; fir_filter_parallel_reduced_pipelined_stream:impl|fir_filter_parallel_reduced_pipelined:impl|product_terms_pipe[0][65][30]  ; Lost fanout                            ;
; fir_filter_parallel_reduced_pipelined_stream:impl|fir_filter_parallel_reduced_pipelined:impl|product_terms_pipe[0][65][29]  ; Lost fanout                            ;
; fir_filter_parallel_reduced_pipelined_stream:impl|fir_filter_parallel_reduced_pipelined:impl|product_terms_pipe[0][65][28]  ; Lost fanout                            ;
; fir_filter_parallel_reduced_pipelined_stream:impl|fir_filter_parallel_reduced_pipelined:impl|product_terms_pipe[0][65][27]  ; Lost fanout                            ;
; fir_filter_parallel_reduced_pipelined_stream:impl|fir_filter_parallel_reduced_pipelined:impl|product_terms_pipe[0][65][26]  ; Lost fanout                            ;
; fir_filter_parallel_reduced_pipelined_stream:impl|fir_filter_parallel_reduced_pipelined:impl|product_terms_pipe[0][65][25]  ; Lost fanout                            ;
; fir_filter_parallel_reduced_pipelined_stream:impl|fir_filter_parallel_reduced_pipelined:impl|product_terms_pipe[0][65][24]  ; Lost fanout                            ;
; fir_filter_parallel_reduced_pipelined_stream:impl|fir_filter_parallel_reduced_pipelined:impl|product_terms_pipe[0][65][23]  ; Lost fanout                            ;
; fir_filter_parallel_reduced_pipelined_stream:impl|fir_filter_parallel_reduced_pipelined:impl|product_terms_pipe[0][65][22]  ; Lost fanout                            ;
; fir_filter_parallel_reduced_pipelined_stream:impl|fir_filter_parallel_reduced_pipelined:impl|product_terms_pipe[0][65][21]  ; Lost fanout                            ;
; fir_filter_parallel_reduced_pipelined_stream:impl|fir_filter_parallel_reduced_pipelined:impl|product_terms_pipe[0][65][20]  ; Lost fanout                            ;
; fir_filter_parallel_reduced_pipelined_stream:impl|fir_filter_parallel_reduced_pipelined:impl|product_terms_pipe[0][65][19]  ; Lost fanout                            ;
; fir_filter_parallel_reduced_pipelined_stream:impl|fir_filter_parallel_reduced_pipelined:impl|product_terms_pipe[0][65][18]  ; Lost fanout                            ;
; fir_filter_parallel_reduced_pipelined_stream:impl|fir_filter_parallel_reduced_pipelined:impl|product_terms_pipe[0][65][17]  ; Lost fanout                            ;
; fir_filter_parallel_reduced_pipelined_stream:impl|fir_filter_parallel_reduced_pipelined:impl|product_terms_pipe[0][65][16]  ; Lost fanout                            ;
; fir_filter_parallel_reduced_pipelined_stream:impl|fir_filter_parallel_reduced_pipelined:impl|product_terms_pipe[0][65][15]  ; Lost fanout                            ;
; fir_filter_parallel_reduced_pipelined_stream:impl|fir_filter_parallel_reduced_pipelined:impl|product_terms_pipe[0][65][14]  ; Lost fanout                            ;
; fir_filter_parallel_reduced_pipelined_stream:impl|fir_filter_parallel_reduced_pipelined:impl|product_terms_pipe[0][65][13]  ; Lost fanout                            ;
; fir_filter_parallel_reduced_pipelined_stream:impl|fir_filter_parallel_reduced_pipelined:impl|product_terms_pipe[0][65][12]  ; Lost fanout                            ;
; fir_filter_parallel_reduced_pipelined_stream:impl|fir_filter_parallel_reduced_pipelined:impl|product_terms_pipe[0][65][11]  ; Lost fanout                            ;
; fir_filter_parallel_reduced_pipelined_stream:impl|fir_filter_parallel_reduced_pipelined:impl|product_terms_pipe[0][65][10]  ; Lost fanout                            ;
; fir_filter_parallel_reduced_pipelined_stream:impl|fir_filter_parallel_reduced_pipelined:impl|product_terms_pipe[0][65][9]   ; Lost fanout                            ;
; fir_filter_parallel_reduced_pipelined_stream:impl|fir_filter_parallel_reduced_pipelined:impl|product_terms_pipe[0][65][8]   ; Lost fanout                            ;
; fir_filter_parallel_reduced_pipelined_stream:impl|fir_filter_parallel_reduced_pipelined:impl|product_terms_pipe[0][65][7]   ; Lost fanout                            ;
; fir_filter_parallel_reduced_pipelined_stream:impl|fir_filter_parallel_reduced_pipelined:impl|product_terms_pipe[0][65][6]   ; Lost fanout                            ;
; fir_filter_parallel_reduced_pipelined_stream:impl|fir_filter_parallel_reduced_pipelined:impl|product_terms_pipe[0][65][5]   ; Lost fanout                            ;
; fir_filter_parallel_reduced_pipelined_stream:impl|fir_filter_parallel_reduced_pipelined:impl|product_terms_pipe[0][65][4]   ; Lost fanout                            ;
; fir_filter_parallel_reduced_pipelined_stream:impl|fir_filter_parallel_reduced_pipelined:impl|product_terms_pipe[0][65][3]   ; Lost fanout                            ;
; fir_filter_parallel_reduced_pipelined_stream:impl|fir_filter_parallel_reduced_pipelined:impl|product_terms_pipe[0][65][2]   ; Lost fanout                            ;
; fir_filter_parallel_reduced_pipelined_stream:impl|fir_filter_parallel_reduced_pipelined:impl|product_terms_pipe[0][65][1]   ; Lost fanout                            ;
; fir_filter_parallel_reduced_pipelined_stream:impl|fir_filter_parallel_reduced_pipelined:impl|product_terms_pipe[0][65][0]   ; Lost fanout                            ;
; fir_filter_parallel_reduced_pipelined_stream:impl|fir_filter_parallel_reduced_pipelined:impl|product_terms_pipe[0][66][45]  ; Lost fanout                            ;
; fir_filter_parallel_reduced_pipelined_stream:impl|fir_filter_parallel_reduced_pipelined:impl|product_terms_pipe[0][66][44]  ; Lost fanout                            ;
; fir_filter_parallel_reduced_pipelined_stream:impl|fir_filter_parallel_reduced_pipelined:impl|product_terms_pipe[0][66][43]  ; Lost fanout                            ;
; fir_filter_parallel_reduced_pipelined_stream:impl|fir_filter_parallel_reduced_pipelined:impl|product_terms_pipe[0][66][42]  ; Lost fanout                            ;
; fir_filter_parallel_reduced_pipelined_stream:impl|fir_filter_parallel_reduced_pipelined:impl|product_terms_pipe[0][66][41]  ; Lost fanout                            ;
; fir_filter_parallel_reduced_pipelined_stream:impl|fir_filter_parallel_reduced_pipelined:impl|product_terms_pipe[0][66][40]  ; Lost fanout                            ;
; fir_filter_parallel_reduced_pipelined_stream:impl|fir_filter_parallel_reduced_pipelined:impl|product_terms_pipe[0][66][39]  ; Lost fanout                            ;
; fir_filter_parallel_reduced_pipelined_stream:impl|fir_filter_parallel_reduced_pipelined:impl|product_terms_pipe[0][66][38]  ; Lost fanout                            ;
; fir_filter_parallel_reduced_pipelined_stream:impl|fir_filter_parallel_reduced_pipelined:impl|product_terms_pipe[0][66][37]  ; Lost fanout                            ;
; fir_filter_parallel_reduced_pipelined_stream:impl|fir_filter_parallel_reduced_pipelined:impl|product_terms_pipe[0][66][36]  ; Lost fanout                            ;
; fir_filter_parallel_reduced_pipelined_stream:impl|fir_filter_parallel_reduced_pipelined:impl|product_terms_pipe[0][66][35]  ; Lost fanout                            ;
; fir_filter_parallel_reduced_pipelined_stream:impl|fir_filter_parallel_reduced_pipelined:impl|product_terms_pipe[0][66][34]  ; Lost fanout                            ;
; fir_filter_parallel_reduced_pipelined_stream:impl|fir_filter_parallel_reduced_pipelined:impl|product_terms_pipe[0][66][33]  ; Lost fanout                            ;
; fir_filter_parallel_reduced_pipelined_stream:impl|fir_filter_parallel_reduced_pipelined:impl|product_terms_pipe[0][66][32]  ; Lost fanout                            ;
; fir_filter_parallel_reduced_pipelined_stream:impl|fir_filter_parallel_reduced_pipelined:impl|product_terms_pipe[0][66][31]  ; Lost fanout                            ;
; fir_filter_parallel_reduced_pipelined_stream:impl|fir_filter_parallel_reduced_pipelined:impl|product_terms_pipe[0][66][30]  ; Lost fanout                            ;
; fir_filter_parallel_reduced_pipelined_stream:impl|fir_filter_parallel_reduced_pipelined:impl|product_terms_pipe[0][66][29]  ; Lost fanout                            ;
; fir_filter_parallel_reduced_pipelined_stream:impl|fir_filter_parallel_reduced_pipelined:impl|product_terms_pipe[0][66][28]  ; Lost fanout                            ;
; fir_filter_parallel_reduced_pipelined_stream:impl|fir_filter_parallel_reduced_pipelined:impl|product_terms_pipe[0][66][27]  ; Lost fanout                            ;
; fir_filter_parallel_reduced_pipelined_stream:impl|fir_filter_parallel_reduced_pipelined:impl|product_terms_pipe[0][66][26]  ; Lost fanout                            ;
; fir_filter_parallel_reduced_pipelined_stream:impl|fir_filter_parallel_reduced_pipelined:impl|product_terms_pipe[0][66][25]  ; Lost fanout                            ;
; fir_filter_parallel_reduced_pipelined_stream:impl|fir_filter_parallel_reduced_pipelined:impl|product_terms_pipe[0][66][24]  ; Lost fanout                            ;
; fir_filter_parallel_reduced_pipelined_stream:impl|fir_filter_parallel_reduced_pipelined:impl|product_terms_pipe[0][66][23]  ; Lost fanout                            ;
; fir_filter_parallel_reduced_pipelined_stream:impl|fir_filter_parallel_reduced_pipelined:impl|product_terms_pipe[0][66][22]  ; Lost fanout                            ;
; fir_filter_parallel_reduced_pipelined_stream:impl|fir_filter_parallel_reduced_pipelined:impl|product_terms_pipe[0][66][21]  ; Lost fanout                            ;
; fir_filter_parallel_reduced_pipelined_stream:impl|fir_filter_parallel_reduced_pipelined:impl|product_terms_pipe[0][66][20]  ; Lost fanout                            ;
; fir_filter_parallel_reduced_pipelined_stream:impl|fir_filter_parallel_reduced_pipelined:impl|product_terms_pipe[0][66][19]  ; Lost fanout                            ;
; fir_filter_parallel_reduced_pipelined_stream:impl|fir_filter_parallel_reduced_pipelined:impl|product_terms_pipe[0][66][18]  ; Lost fanout                            ;
; fir_filter_parallel_reduced_pipelined_stream:impl|fir_filter_parallel_reduced_pipelined:impl|product_terms_pipe[0][66][17]  ; Lost fanout                            ;
; fir_filter_parallel_reduced_pipelined_stream:impl|fir_filter_parallel_reduced_pipelined:impl|product_terms_pipe[0][66][16]  ; Lost fanout                            ;
; fir_filter_parallel_reduced_pipelined_stream:impl|fir_filter_parallel_reduced_pipelined:impl|product_terms_pipe[0][66][15]  ; Lost fanout                            ;
; fir_filter_parallel_reduced_pipelined_stream:impl|fir_filter_parallel_reduced_pipelined:impl|product_terms_pipe[0][66][14]  ; Lost fanout                            ;
; fir_filter_parallel_reduced_pipelined_stream:impl|fir_filter_parallel_reduced_pipelined:impl|product_terms_pipe[0][66][13]  ; Lost fanout                            ;
; fir_filter_parallel_reduced_pipelined_stream:impl|fir_filter_parallel_reduced_pipelined:impl|product_terms_pipe[0][66][12]  ; Lost fanout                            ;
; fir_filter_parallel_reduced_pipelined_stream:impl|fir_filter_parallel_reduced_pipelined:impl|product_terms_pipe[0][66][11]  ; Lost fanout                            ;
; fir_filter_parallel_reduced_pipelined_stream:impl|fir_filter_parallel_reduced_pipelined:impl|product_terms_pipe[0][66][10]  ; Lost fanout                            ;
; fir_filter_parallel_reduced_pipelined_stream:impl|fir_filter_parallel_reduced_pipelined:impl|product_terms_pipe[0][66][9]   ; Lost fanout                            ;
; fir_filter_parallel_reduced_pipelined_stream:impl|fir_filter_parallel_reduced_pipelined:impl|product_terms_pipe[0][66][8]   ; Lost fanout                            ;
; fir_filter_parallel_reduced_pipelined_stream:impl|fir_filter_parallel_reduced_pipelined:impl|product_terms_pipe[0][66][7]   ; Lost fanout                            ;
; fir_filter_parallel_reduced_pipelined_stream:impl|fir_filter_parallel_reduced_pipelined:impl|product_terms_pipe[0][66][6]   ; Lost fanout                            ;
; fir_filter_parallel_reduced_pipelined_stream:impl|fir_filter_parallel_reduced_pipelined:impl|product_terms_pipe[0][66][5]   ; Lost fanout                            ;
; fir_filter_parallel_reduced_pipelined_stream:impl|fir_filter_parallel_reduced_pipelined:impl|product_terms_pipe[0][66][4]   ; Lost fanout                            ;
; fir_filter_parallel_reduced_pipelined_stream:impl|fir_filter_parallel_reduced_pipelined:impl|product_terms_pipe[0][66][3]   ; Lost fanout                            ;
; fir_filter_parallel_reduced_pipelined_stream:impl|fir_filter_parallel_reduced_pipelined:impl|product_terms_pipe[0][66][2]   ; Lost fanout                            ;
; fir_filter_parallel_reduced_pipelined_stream:impl|fir_filter_parallel_reduced_pipelined:impl|product_terms_pipe[0][66][1]   ; Lost fanout                            ;
; fir_filter_parallel_reduced_pipelined_stream:impl|fir_filter_parallel_reduced_pipelined:impl|product_terms_pipe[0][66][0]   ; Lost fanout                            ;
; fir_filter_parallel_reduced_pipelined_stream:impl|fir_filter_parallel_reduced_pipelined:impl|product_terms_pipe[0][67][45]  ; Lost fanout                            ;
; fir_filter_parallel_reduced_pipelined_stream:impl|fir_filter_parallel_reduced_pipelined:impl|product_terms_pipe[0][67][44]  ; Lost fanout                            ;
; fir_filter_parallel_reduced_pipelined_stream:impl|fir_filter_parallel_reduced_pipelined:impl|product_terms_pipe[0][67][43]  ; Lost fanout                            ;
; fir_filter_parallel_reduced_pipelined_stream:impl|fir_filter_parallel_reduced_pipelined:impl|product_terms_pipe[0][67][42]  ; Lost fanout                            ;
; fir_filter_parallel_reduced_pipelined_stream:impl|fir_filter_parallel_reduced_pipelined:impl|product_terms_pipe[0][67][41]  ; Lost fanout                            ;
; fir_filter_parallel_reduced_pipelined_stream:impl|fir_filter_parallel_reduced_pipelined:impl|product_terms_pipe[0][67][40]  ; Lost fanout                            ;
; fir_filter_parallel_reduced_pipelined_stream:impl|fir_filter_parallel_reduced_pipelined:impl|product_terms_pipe[0][67][39]  ; Lost fanout                            ;
; fir_filter_parallel_reduced_pipelined_stream:impl|fir_filter_parallel_reduced_pipelined:impl|product_terms_pipe[0][67][38]  ; Lost fanout                            ;
; fir_filter_parallel_reduced_pipelined_stream:impl|fir_filter_parallel_reduced_pipelined:impl|product_terms_pipe[0][67][37]  ; Lost fanout                            ;
; fir_filter_parallel_reduced_pipelined_stream:impl|fir_filter_parallel_reduced_pipelined:impl|product_terms_pipe[0][67][36]  ; Lost fanout                            ;
; fir_filter_parallel_reduced_pipelined_stream:impl|fir_filter_parallel_reduced_pipelined:impl|product_terms_pipe[0][67][35]  ; Lost fanout                            ;
; fir_filter_parallel_reduced_pipelined_stream:impl|fir_filter_parallel_reduced_pipelined:impl|product_terms_pipe[0][67][34]  ; Lost fanout                            ;
; fir_filter_parallel_reduced_pipelined_stream:impl|fir_filter_parallel_reduced_pipelined:impl|product_terms_pipe[0][67][33]  ; Lost fanout                            ;
; fir_filter_parallel_reduced_pipelined_stream:impl|fir_filter_parallel_reduced_pipelined:impl|product_terms_pipe[0][67][32]  ; Lost fanout                            ;
; fir_filter_parallel_reduced_pipelined_stream:impl|fir_filter_parallel_reduced_pipelined:impl|product_terms_pipe[0][67][31]  ; Lost fanout                            ;
; fir_filter_parallel_reduced_pipelined_stream:impl|fir_filter_parallel_reduced_pipelined:impl|product_terms_pipe[0][67][30]  ; Lost fanout                            ;
; fir_filter_parallel_reduced_pipelined_stream:impl|fir_filter_parallel_reduced_pipelined:impl|product_terms_pipe[0][67][29]  ; Lost fanout                            ;
; fir_filter_parallel_reduced_pipelined_stream:impl|fir_filter_parallel_reduced_pipelined:impl|product_terms_pipe[0][67][28]  ; Lost fanout                            ;
; fir_filter_parallel_reduced_pipelined_stream:impl|fir_filter_parallel_reduced_pipelined:impl|product_terms_pipe[0][67][27]  ; Lost fanout                            ;
; fir_filter_parallel_reduced_pipelined_stream:impl|fir_filter_parallel_reduced_pipelined:impl|product_terms_pipe[0][67][26]  ; Lost fanout                            ;
; fir_filter_parallel_reduced_pipelined_stream:impl|fir_filter_parallel_reduced_pipelined:impl|product_terms_pipe[0][67][25]  ; Lost fanout                            ;
; fir_filter_parallel_reduced_pipelined_stream:impl|fir_filter_parallel_reduced_pipelined:impl|product_terms_pipe[0][67][24]  ; Lost fanout                            ;
; fir_filter_parallel_reduced_pipelined_stream:impl|fir_filter_parallel_reduced_pipelined:impl|product_terms_pipe[0][67][23]  ; Lost fanout                            ;
; fir_filter_parallel_reduced_pipelined_stream:impl|fir_filter_parallel_reduced_pipelined:impl|product_terms_pipe[0][67][22]  ; Lost fanout                            ;
; fir_filter_parallel_reduced_pipelined_stream:impl|fir_filter_parallel_reduced_pipelined:impl|product_terms_pipe[0][67][21]  ; Lost fanout                            ;
; fir_filter_parallel_reduced_pipelined_stream:impl|fir_filter_parallel_reduced_pipelined:impl|product_terms_pipe[0][67][20]  ; Lost fanout                            ;
; fir_filter_parallel_reduced_pipelined_stream:impl|fir_filter_parallel_reduced_pipelined:impl|product_terms_pipe[0][67][19]  ; Lost fanout                            ;
; fir_filter_parallel_reduced_pipelined_stream:impl|fir_filter_parallel_reduced_pipelined:impl|product_terms_pipe[0][67][18]  ; Lost fanout                            ;
; fir_filter_parallel_reduced_pipelined_stream:impl|fir_filter_parallel_reduced_pipelined:impl|product_terms_pipe[0][67][17]  ; Lost fanout                            ;
; fir_filter_parallel_reduced_pipelined_stream:impl|fir_filter_parallel_reduced_pipelined:impl|product_terms_pipe[0][67][16]  ; Lost fanout                            ;
; fir_filter_parallel_reduced_pipelined_stream:impl|fir_filter_parallel_reduced_pipelined:impl|product_terms_pipe[0][67][15]  ; Lost fanout                            ;
; fir_filter_parallel_reduced_pipelined_stream:impl|fir_filter_parallel_reduced_pipelined:impl|product_terms_pipe[0][67][14]  ; Lost fanout                            ;
; fir_filter_parallel_reduced_pipelined_stream:impl|fir_filter_parallel_reduced_pipelined:impl|product_terms_pipe[0][67][13]  ; Lost fanout                            ;
; fir_filter_parallel_reduced_pipelined_stream:impl|fir_filter_parallel_reduced_pipelined:impl|product_terms_pipe[0][67][12]  ; Lost fanout                            ;
; fir_filter_parallel_reduced_pipelined_stream:impl|fir_filter_parallel_reduced_pipelined:impl|product_terms_pipe[0][67][11]  ; Lost fanout                            ;
; fir_filter_parallel_reduced_pipelined_stream:impl|fir_filter_parallel_reduced_pipelined:impl|product_terms_pipe[0][67][10]  ; Lost fanout                            ;
; fir_filter_parallel_reduced_pipelined_stream:impl|fir_filter_parallel_reduced_pipelined:impl|product_terms_pipe[0][67][9]   ; Lost fanout                            ;
; fir_filter_parallel_reduced_pipelined_stream:impl|fir_filter_parallel_reduced_pipelined:impl|product_terms_pipe[0][67][8]   ; Lost fanout                            ;
; fir_filter_parallel_reduced_pipelined_stream:impl|fir_filter_parallel_reduced_pipelined:impl|product_terms_pipe[0][67][7]   ; Lost fanout                            ;
; fir_filter_parallel_reduced_pipelined_stream:impl|fir_filter_parallel_reduced_pipelined:impl|product_terms_pipe[0][67][6]   ; Lost fanout                            ;
; fir_filter_parallel_reduced_pipelined_stream:impl|fir_filter_parallel_reduced_pipelined:impl|product_terms_pipe[0][67][5]   ; Lost fanout                            ;
; fir_filter_parallel_reduced_pipelined_stream:impl|fir_filter_parallel_reduced_pipelined:impl|product_terms_pipe[0][67][4]   ; Lost fanout                            ;
; fir_filter_parallel_reduced_pipelined_stream:impl|fir_filter_parallel_reduced_pipelined:impl|product_terms_pipe[0][67][3]   ; Lost fanout                            ;
; fir_filter_parallel_reduced_pipelined_stream:impl|fir_filter_parallel_reduced_pipelined:impl|product_terms_pipe[0][67][2]   ; Lost fanout                            ;
; fir_filter_parallel_reduced_pipelined_stream:impl|fir_filter_parallel_reduced_pipelined:impl|product_terms_pipe[0][67][1]   ; Lost fanout                            ;
; fir_filter_parallel_reduced_pipelined_stream:impl|fir_filter_parallel_reduced_pipelined:impl|product_terms_pipe[0][67][0]   ; Lost fanout                            ;
; fir_filter_parallel_reduced_pipelined_stream:impl|fir_filter_parallel_reduced_pipelined:impl|product_terms_pipe[0][68][45]  ; Lost fanout                            ;
; fir_filter_parallel_reduced_pipelined_stream:impl|fir_filter_parallel_reduced_pipelined:impl|product_terms_pipe[0][68][44]  ; Lost fanout                            ;
; fir_filter_parallel_reduced_pipelined_stream:impl|fir_filter_parallel_reduced_pipelined:impl|product_terms_pipe[0][68][43]  ; Lost fanout                            ;
; fir_filter_parallel_reduced_pipelined_stream:impl|fir_filter_parallel_reduced_pipelined:impl|product_terms_pipe[0][68][42]  ; Lost fanout                            ;
; fir_filter_parallel_reduced_pipelined_stream:impl|fir_filter_parallel_reduced_pipelined:impl|product_terms_pipe[0][68][41]  ; Lost fanout                            ;
; fir_filter_parallel_reduced_pipelined_stream:impl|fir_filter_parallel_reduced_pipelined:impl|product_terms_pipe[0][68][40]  ; Lost fanout                            ;
; fir_filter_parallel_reduced_pipelined_stream:impl|fir_filter_parallel_reduced_pipelined:impl|product_terms_pipe[0][68][39]  ; Lost fanout                            ;
; fir_filter_parallel_reduced_pipelined_stream:impl|fir_filter_parallel_reduced_pipelined:impl|product_terms_pipe[0][68][38]  ; Lost fanout                            ;
; fir_filter_parallel_reduced_pipelined_stream:impl|fir_filter_parallel_reduced_pipelined:impl|product_terms_pipe[0][68][37]  ; Lost fanout                            ;
; fir_filter_parallel_reduced_pipelined_stream:impl|fir_filter_parallel_reduced_pipelined:impl|product_terms_pipe[0][68][36]  ; Lost fanout                            ;
; fir_filter_parallel_reduced_pipelined_stream:impl|fir_filter_parallel_reduced_pipelined:impl|product_terms_pipe[0][68][35]  ; Lost fanout                            ;
; fir_filter_parallel_reduced_pipelined_stream:impl|fir_filter_parallel_reduced_pipelined:impl|product_terms_pipe[0][68][34]  ; Lost fanout                            ;
; fir_filter_parallel_reduced_pipelined_stream:impl|fir_filter_parallel_reduced_pipelined:impl|product_terms_pipe[0][68][33]  ; Lost fanout                            ;
; fir_filter_parallel_reduced_pipelined_stream:impl|fir_filter_parallel_reduced_pipelined:impl|product_terms_pipe[0][68][32]  ; Lost fanout                            ;
; fir_filter_parallel_reduced_pipelined_stream:impl|fir_filter_parallel_reduced_pipelined:impl|product_terms_pipe[0][68][31]  ; Lost fanout                            ;
; fir_filter_parallel_reduced_pipelined_stream:impl|fir_filter_parallel_reduced_pipelined:impl|product_terms_pipe[0][68][30]  ; Lost fanout                            ;
; fir_filter_parallel_reduced_pipelined_stream:impl|fir_filter_parallel_reduced_pipelined:impl|product_terms_pipe[0][68][29]  ; Lost fanout                            ;
; fir_filter_parallel_reduced_pipelined_stream:impl|fir_filter_parallel_reduced_pipelined:impl|product_terms_pipe[0][68][28]  ; Lost fanout                            ;
; fir_filter_parallel_reduced_pipelined_stream:impl|fir_filter_parallel_reduced_pipelined:impl|product_terms_pipe[0][68][27]  ; Lost fanout                            ;
; fir_filter_parallel_reduced_pipelined_stream:impl|fir_filter_parallel_reduced_pipelined:impl|product_terms_pipe[0][68][26]  ; Lost fanout                            ;
; fir_filter_parallel_reduced_pipelined_stream:impl|fir_filter_parallel_reduced_pipelined:impl|product_terms_pipe[0][68][25]  ; Lost fanout                            ;
; fir_filter_parallel_reduced_pipelined_stream:impl|fir_filter_parallel_reduced_pipelined:impl|product_terms_pipe[0][68][24]  ; Lost fanout                            ;
; fir_filter_parallel_reduced_pipelined_stream:impl|fir_filter_parallel_reduced_pipelined:impl|product_terms_pipe[0][68][23]  ; Lost fanout                            ;
; fir_filter_parallel_reduced_pipelined_stream:impl|fir_filter_parallel_reduced_pipelined:impl|product_terms_pipe[0][68][22]  ; Lost fanout                            ;
; fir_filter_parallel_reduced_pipelined_stream:impl|fir_filter_parallel_reduced_pipelined:impl|product_terms_pipe[0][68][21]  ; Lost fanout                            ;
; fir_filter_parallel_reduced_pipelined_stream:impl|fir_filter_parallel_reduced_pipelined:impl|product_terms_pipe[0][68][20]  ; Lost fanout                            ;
; fir_filter_parallel_reduced_pipelined_stream:impl|fir_filter_parallel_reduced_pipelined:impl|product_terms_pipe[0][68][19]  ; Lost fanout                            ;
; fir_filter_parallel_reduced_pipelined_stream:impl|fir_filter_parallel_reduced_pipelined:impl|product_terms_pipe[0][68][18]  ; Lost fanout                            ;
; fir_filter_parallel_reduced_pipelined_stream:impl|fir_filter_parallel_reduced_pipelined:impl|product_terms_pipe[0][68][17]  ; Lost fanout                            ;
; fir_filter_parallel_reduced_pipelined_stream:impl|fir_filter_parallel_reduced_pipelined:impl|product_terms_pipe[0][68][16]  ; Lost fanout                            ;
; fir_filter_parallel_reduced_pipelined_stream:impl|fir_filter_parallel_reduced_pipelined:impl|product_terms_pipe[0][68][15]  ; Lost fanout                            ;
; fir_filter_parallel_reduced_pipelined_stream:impl|fir_filter_parallel_reduced_pipelined:impl|product_terms_pipe[0][68][14]  ; Lost fanout                            ;
; fir_filter_parallel_reduced_pipelined_stream:impl|fir_filter_parallel_reduced_pipelined:impl|product_terms_pipe[0][68][13]  ; Lost fanout                            ;
; fir_filter_parallel_reduced_pipelined_stream:impl|fir_filter_parallel_reduced_pipelined:impl|product_terms_pipe[0][68][12]  ; Lost fanout                            ;
; fir_filter_parallel_reduced_pipelined_stream:impl|fir_filter_parallel_reduced_pipelined:impl|product_terms_pipe[0][68][11]  ; Lost fanout                            ;
; fir_filter_parallel_reduced_pipelined_stream:impl|fir_filter_parallel_reduced_pipelined:impl|product_terms_pipe[0][68][10]  ; Lost fanout                            ;
; fir_filter_parallel_reduced_pipelined_stream:impl|fir_filter_parallel_reduced_pipelined:impl|product_terms_pipe[0][68][9]   ; Lost fanout                            ;
; fir_filter_parallel_reduced_pipelined_stream:impl|fir_filter_parallel_reduced_pipelined:impl|product_terms_pipe[0][68][8]   ; Lost fanout                            ;
; fir_filter_parallel_reduced_pipelined_stream:impl|fir_filter_parallel_reduced_pipelined:impl|product_terms_pipe[0][68][7]   ; Lost fanout                            ;
; fir_filter_parallel_reduced_pipelined_stream:impl|fir_filter_parallel_reduced_pipelined:impl|product_terms_pipe[0][68][6]   ; Lost fanout                            ;
; fir_filter_parallel_reduced_pipelined_stream:impl|fir_filter_parallel_reduced_pipelined:impl|product_terms_pipe[0][68][5]   ; Lost fanout                            ;
; fir_filter_parallel_reduced_pipelined_stream:impl|fir_filter_parallel_reduced_pipelined:impl|product_terms_pipe[0][68][4]   ; Lost fanout                            ;
; fir_filter_parallel_reduced_pipelined_stream:impl|fir_filter_parallel_reduced_pipelined:impl|product_terms_pipe[0][68][3]   ; Lost fanout                            ;
; fir_filter_parallel_reduced_pipelined_stream:impl|fir_filter_parallel_reduced_pipelined:impl|product_terms_pipe[0][68][2]   ; Lost fanout                            ;
; fir_filter_parallel_reduced_pipelined_stream:impl|fir_filter_parallel_reduced_pipelined:impl|product_terms_pipe[0][68][1]   ; Lost fanout                            ;
; fir_filter_parallel_reduced_pipelined_stream:impl|fir_filter_parallel_reduced_pipelined:impl|product_terms_pipe[0][68][0]   ; Lost fanout                            ;
; fir_filter_parallel_reduced_pipelined_stream:impl|fir_filter_parallel_reduced_pipelined:impl|product_terms_pipe[0][69][45]  ; Lost fanout                            ;
; fir_filter_parallel_reduced_pipelined_stream:impl|fir_filter_parallel_reduced_pipelined:impl|product_terms_pipe[0][69][44]  ; Lost fanout                            ;
; fir_filter_parallel_reduced_pipelined_stream:impl|fir_filter_parallel_reduced_pipelined:impl|product_terms_pipe[0][69][43]  ; Lost fanout                            ;
; fir_filter_parallel_reduced_pipelined_stream:impl|fir_filter_parallel_reduced_pipelined:impl|product_terms_pipe[0][69][42]  ; Lost fanout                            ;
; fir_filter_parallel_reduced_pipelined_stream:impl|fir_filter_parallel_reduced_pipelined:impl|product_terms_pipe[0][69][41]  ; Lost fanout                            ;
; fir_filter_parallel_reduced_pipelined_stream:impl|fir_filter_parallel_reduced_pipelined:impl|product_terms_pipe[0][69][40]  ; Lost fanout                            ;
; fir_filter_parallel_reduced_pipelined_stream:impl|fir_filter_parallel_reduced_pipelined:impl|product_terms_pipe[0][69][39]  ; Lost fanout                            ;
; fir_filter_parallel_reduced_pipelined_stream:impl|fir_filter_parallel_reduced_pipelined:impl|product_terms_pipe[0][69][38]  ; Lost fanout                            ;
; fir_filter_parallel_reduced_pipelined_stream:impl|fir_filter_parallel_reduced_pipelined:impl|product_terms_pipe[0][69][37]  ; Lost fanout                            ;
; fir_filter_parallel_reduced_pipelined_stream:impl|fir_filter_parallel_reduced_pipelined:impl|product_terms_pipe[0][69][36]  ; Lost fanout                            ;
; fir_filter_parallel_reduced_pipelined_stream:impl|fir_filter_parallel_reduced_pipelined:impl|product_terms_pipe[0][69][35]  ; Lost fanout                            ;
; fir_filter_parallel_reduced_pipelined_stream:impl|fir_filter_parallel_reduced_pipelined:impl|product_terms_pipe[0][69][34]  ; Lost fanout                            ;
; fir_filter_parallel_reduced_pipelined_stream:impl|fir_filter_parallel_reduced_pipelined:impl|product_terms_pipe[0][69][33]  ; Lost fanout                            ;
; fir_filter_parallel_reduced_pipelined_stream:impl|fir_filter_parallel_reduced_pipelined:impl|product_terms_pipe[0][69][32]  ; Lost fanout                            ;
; fir_filter_parallel_reduced_pipelined_stream:impl|fir_filter_parallel_reduced_pipelined:impl|product_terms_pipe[0][69][31]  ; Lost fanout                            ;
; fir_filter_parallel_reduced_pipelined_stream:impl|fir_filter_parallel_reduced_pipelined:impl|product_terms_pipe[0][69][30]  ; Lost fanout                            ;
; fir_filter_parallel_reduced_pipelined_stream:impl|fir_filter_parallel_reduced_pipelined:impl|product_terms_pipe[0][69][29]  ; Lost fanout                            ;
; fir_filter_parallel_reduced_pipelined_stream:impl|fir_filter_parallel_reduced_pipelined:impl|product_terms_pipe[0][69][28]  ; Lost fanout                            ;
; fir_filter_parallel_reduced_pipelined_stream:impl|fir_filter_parallel_reduced_pipelined:impl|product_terms_pipe[0][69][27]  ; Lost fanout                            ;
; fir_filter_parallel_reduced_pipelined_stream:impl|fir_filter_parallel_reduced_pipelined:impl|product_terms_pipe[0][69][26]  ; Lost fanout                            ;
; fir_filter_parallel_reduced_pipelined_stream:impl|fir_filter_parallel_reduced_pipelined:impl|product_terms_pipe[0][69][25]  ; Lost fanout                            ;
; fir_filter_parallel_reduced_pipelined_stream:impl|fir_filter_parallel_reduced_pipelined:impl|product_terms_pipe[0][69][24]  ; Lost fanout                            ;
; fir_filter_parallel_reduced_pipelined_stream:impl|fir_filter_parallel_reduced_pipelined:impl|product_terms_pipe[0][69][23]  ; Lost fanout                            ;
; fir_filter_parallel_reduced_pipelined_stream:impl|fir_filter_parallel_reduced_pipelined:impl|product_terms_pipe[0][69][22]  ; Lost fanout                            ;
; fir_filter_parallel_reduced_pipelined_stream:impl|fir_filter_parallel_reduced_pipelined:impl|product_terms_pipe[0][69][21]  ; Lost fanout                            ;
; fir_filter_parallel_reduced_pipelined_stream:impl|fir_filter_parallel_reduced_pipelined:impl|product_terms_pipe[0][69][20]  ; Lost fanout                            ;
; fir_filter_parallel_reduced_pipelined_stream:impl|fir_filter_parallel_reduced_pipelined:impl|product_terms_pipe[0][69][19]  ; Lost fanout                            ;
; fir_filter_parallel_reduced_pipelined_stream:impl|fir_filter_parallel_reduced_pipelined:impl|product_terms_pipe[0][69][18]  ; Lost fanout                            ;
; fir_filter_parallel_reduced_pipelined_stream:impl|fir_filter_parallel_reduced_pipelined:impl|product_terms_pipe[0][69][17]  ; Lost fanout                            ;
; fir_filter_parallel_reduced_pipelined_stream:impl|fir_filter_parallel_reduced_pipelined:impl|product_terms_pipe[0][69][16]  ; Lost fanout                            ;
; fir_filter_parallel_reduced_pipelined_stream:impl|fir_filter_parallel_reduced_pipelined:impl|product_terms_pipe[0][69][15]  ; Lost fanout                            ;
; fir_filter_parallel_reduced_pipelined_stream:impl|fir_filter_parallel_reduced_pipelined:impl|product_terms_pipe[0][69][14]  ; Lost fanout                            ;
; fir_filter_parallel_reduced_pipelined_stream:impl|fir_filter_parallel_reduced_pipelined:impl|product_terms_pipe[0][69][13]  ; Lost fanout                            ;
; fir_filter_parallel_reduced_pipelined_stream:impl|fir_filter_parallel_reduced_pipelined:impl|product_terms_pipe[0][69][12]  ; Lost fanout                            ;
; fir_filter_parallel_reduced_pipelined_stream:impl|fir_filter_parallel_reduced_pipelined:impl|product_terms_pipe[0][69][11]  ; Lost fanout                            ;
; fir_filter_parallel_reduced_pipelined_stream:impl|fir_filter_parallel_reduced_pipelined:impl|product_terms_pipe[0][69][10]  ; Lost fanout                            ;
; fir_filter_parallel_reduced_pipelined_stream:impl|fir_filter_parallel_reduced_pipelined:impl|product_terms_pipe[0][69][9]   ; Lost fanout                            ;
; fir_filter_parallel_reduced_pipelined_stream:impl|fir_filter_parallel_reduced_pipelined:impl|product_terms_pipe[0][69][8]   ; Lost fanout                            ;
; fir_filter_parallel_reduced_pipelined_stream:impl|fir_filter_parallel_reduced_pipelined:impl|product_terms_pipe[0][69][7]   ; Lost fanout                            ;
; fir_filter_parallel_reduced_pipelined_stream:impl|fir_filter_parallel_reduced_pipelined:impl|product_terms_pipe[0][69][6]   ; Lost fanout                            ;
; fir_filter_parallel_reduced_pipelined_stream:impl|fir_filter_parallel_reduced_pipelined:impl|product_terms_pipe[0][69][5]   ; Lost fanout                            ;
; fir_filter_parallel_reduced_pipelined_stream:impl|fir_filter_parallel_reduced_pipelined:impl|product_terms_pipe[0][69][4]   ; Lost fanout                            ;
; fir_filter_parallel_reduced_pipelined_stream:impl|fir_filter_parallel_reduced_pipelined:impl|product_terms_pipe[0][69][3]   ; Lost fanout                            ;
; fir_filter_parallel_reduced_pipelined_stream:impl|fir_filter_parallel_reduced_pipelined:impl|product_terms_pipe[0][69][2]   ; Lost fanout                            ;
; fir_filter_parallel_reduced_pipelined_stream:impl|fir_filter_parallel_reduced_pipelined:impl|product_terms_pipe[0][69][1]   ; Lost fanout                            ;
; fir_filter_parallel_reduced_pipelined_stream:impl|fir_filter_parallel_reduced_pipelined:impl|product_terms_pipe[0][69][0]   ; Lost fanout                            ;
; fir_filter_parallel_reduced_pipelined_stream:impl|fir_filter_parallel_reduced_pipelined:impl|product_terms_pipe[0][70][45]  ; Lost fanout                            ;
; fir_filter_parallel_reduced_pipelined_stream:impl|fir_filter_parallel_reduced_pipelined:impl|product_terms_pipe[0][70][44]  ; Lost fanout                            ;
; fir_filter_parallel_reduced_pipelined_stream:impl|fir_filter_parallel_reduced_pipelined:impl|product_terms_pipe[0][70][43]  ; Lost fanout                            ;
; fir_filter_parallel_reduced_pipelined_stream:impl|fir_filter_parallel_reduced_pipelined:impl|product_terms_pipe[0][70][42]  ; Lost fanout                            ;
; fir_filter_parallel_reduced_pipelined_stream:impl|fir_filter_parallel_reduced_pipelined:impl|product_terms_pipe[0][70][41]  ; Lost fanout                            ;
; fir_filter_parallel_reduced_pipelined_stream:impl|fir_filter_parallel_reduced_pipelined:impl|product_terms_pipe[0][70][40]  ; Lost fanout                            ;
; fir_filter_parallel_reduced_pipelined_stream:impl|fir_filter_parallel_reduced_pipelined:impl|product_terms_pipe[0][70][39]  ; Lost fanout                            ;
; fir_filter_parallel_reduced_pipelined_stream:impl|fir_filter_parallel_reduced_pipelined:impl|product_terms_pipe[0][70][38]  ; Lost fanout                            ;
; fir_filter_parallel_reduced_pipelined_stream:impl|fir_filter_parallel_reduced_pipelined:impl|product_terms_pipe[0][70][37]  ; Lost fanout                            ;
; fir_filter_parallel_reduced_pipelined_stream:impl|fir_filter_parallel_reduced_pipelined:impl|product_terms_pipe[0][70][36]  ; Lost fanout                            ;
; fir_filter_parallel_reduced_pipelined_stream:impl|fir_filter_parallel_reduced_pipelined:impl|product_terms_pipe[0][70][35]  ; Lost fanout                            ;
; fir_filter_parallel_reduced_pipelined_stream:impl|fir_filter_parallel_reduced_pipelined:impl|product_terms_pipe[0][70][34]  ; Lost fanout                            ;
; fir_filter_parallel_reduced_pipelined_stream:impl|fir_filter_parallel_reduced_pipelined:impl|product_terms_pipe[0][70][33]  ; Lost fanout                            ;
; fir_filter_parallel_reduced_pipelined_stream:impl|fir_filter_parallel_reduced_pipelined:impl|product_terms_pipe[0][70][32]  ; Lost fanout                            ;
; fir_filter_parallel_reduced_pipelined_stream:impl|fir_filter_parallel_reduced_pipelined:impl|product_terms_pipe[0][70][31]  ; Lost fanout                            ;
; fir_filter_parallel_reduced_pipelined_stream:impl|fir_filter_parallel_reduced_pipelined:impl|product_terms_pipe[0][70][30]  ; Lost fanout                            ;
; fir_filter_parallel_reduced_pipelined_stream:impl|fir_filter_parallel_reduced_pipelined:impl|product_terms_pipe[0][70][29]  ; Lost fanout                            ;
; fir_filter_parallel_reduced_pipelined_stream:impl|fir_filter_parallel_reduced_pipelined:impl|product_terms_pipe[0][70][28]  ; Lost fanout                            ;
; fir_filter_parallel_reduced_pipelined_stream:impl|fir_filter_parallel_reduced_pipelined:impl|product_terms_pipe[0][70][27]  ; Lost fanout                            ;
; fir_filter_parallel_reduced_pipelined_stream:impl|fir_filter_parallel_reduced_pipelined:impl|product_terms_pipe[0][70][26]  ; Lost fanout                            ;
; fir_filter_parallel_reduced_pipelined_stream:impl|fir_filter_parallel_reduced_pipelined:impl|product_terms_pipe[0][70][25]  ; Lost fanout                            ;
; fir_filter_parallel_reduced_pipelined_stream:impl|fir_filter_parallel_reduced_pipelined:impl|product_terms_pipe[0][70][24]  ; Lost fanout                            ;
; fir_filter_parallel_reduced_pipelined_stream:impl|fir_filter_parallel_reduced_pipelined:impl|product_terms_pipe[0][70][23]  ; Lost fanout                            ;
; fir_filter_parallel_reduced_pipelined_stream:impl|fir_filter_parallel_reduced_pipelined:impl|product_terms_pipe[0][70][22]  ; Lost fanout                            ;
; fir_filter_parallel_reduced_pipelined_stream:impl|fir_filter_parallel_reduced_pipelined:impl|product_terms_pipe[0][70][21]  ; Lost fanout                            ;
; fir_filter_parallel_reduced_pipelined_stream:impl|fir_filter_parallel_reduced_pipelined:impl|product_terms_pipe[0][70][20]  ; Lost fanout                            ;
; fir_filter_parallel_reduced_pipelined_stream:impl|fir_filter_parallel_reduced_pipelined:impl|product_terms_pipe[0][70][19]  ; Lost fanout                            ;
; fir_filter_parallel_reduced_pipelined_stream:impl|fir_filter_parallel_reduced_pipelined:impl|product_terms_pipe[0][70][18]  ; Lost fanout                            ;
; fir_filter_parallel_reduced_pipelined_stream:impl|fir_filter_parallel_reduced_pipelined:impl|product_terms_pipe[0][70][17]  ; Lost fanout                            ;
; fir_filter_parallel_reduced_pipelined_stream:impl|fir_filter_parallel_reduced_pipelined:impl|product_terms_pipe[0][70][16]  ; Lost fanout                            ;
; fir_filter_parallel_reduced_pipelined_stream:impl|fir_filter_parallel_reduced_pipelined:impl|product_terms_pipe[0][70][15]  ; Lost fanout                            ;
; fir_filter_parallel_reduced_pipelined_stream:impl|fir_filter_parallel_reduced_pipelined:impl|product_terms_pipe[0][70][14]  ; Lost fanout                            ;
; fir_filter_parallel_reduced_pipelined_stream:impl|fir_filter_parallel_reduced_pipelined:impl|product_terms_pipe[0][70][13]  ; Lost fanout                            ;
; fir_filter_parallel_reduced_pipelined_stream:impl|fir_filter_parallel_reduced_pipelined:impl|product_terms_pipe[0][70][12]  ; Lost fanout                            ;
; fir_filter_parallel_reduced_pipelined_stream:impl|fir_filter_parallel_reduced_pipelined:impl|product_terms_pipe[0][70][11]  ; Lost fanout                            ;
; fir_filter_parallel_reduced_pipelined_stream:impl|fir_filter_parallel_reduced_pipelined:impl|product_terms_pipe[0][70][10]  ; Lost fanout                            ;
; fir_filter_parallel_reduced_pipelined_stream:impl|fir_filter_parallel_reduced_pipelined:impl|product_terms_pipe[0][70][9]   ; Lost fanout                            ;
; fir_filter_parallel_reduced_pipelined_stream:impl|fir_filter_parallel_reduced_pipelined:impl|product_terms_pipe[0][70][8]   ; Lost fanout                            ;
; fir_filter_parallel_reduced_pipelined_stream:impl|fir_filter_parallel_reduced_pipelined:impl|product_terms_pipe[0][70][7]   ; Lost fanout                            ;
; fir_filter_parallel_reduced_pipelined_stream:impl|fir_filter_parallel_reduced_pipelined:impl|product_terms_pipe[0][70][6]   ; Lost fanout                            ;
; fir_filter_parallel_reduced_pipelined_stream:impl|fir_filter_parallel_reduced_pipelined:impl|product_terms_pipe[0][70][5]   ; Lost fanout                            ;
; fir_filter_parallel_reduced_pipelined_stream:impl|fir_filter_parallel_reduced_pipelined:impl|product_terms_pipe[0][70][4]   ; Lost fanout                            ;
; fir_filter_parallel_reduced_pipelined_stream:impl|fir_filter_parallel_reduced_pipelined:impl|product_terms_pipe[0][70][3]   ; Lost fanout                            ;
; fir_filter_parallel_reduced_pipelined_stream:impl|fir_filter_parallel_reduced_pipelined:impl|product_terms_pipe[0][70][2]   ; Lost fanout                            ;
; fir_filter_parallel_reduced_pipelined_stream:impl|fir_filter_parallel_reduced_pipelined:impl|product_terms_pipe[0][70][1]   ; Lost fanout                            ;
; fir_filter_parallel_reduced_pipelined_stream:impl|fir_filter_parallel_reduced_pipelined:impl|product_terms_pipe[0][70][0]   ; Lost fanout                            ;
; fir_filter_parallel_reduced_pipelined_stream:impl|fir_filter_parallel_reduced_pipelined:impl|product_terms_pipe[0][71][45]  ; Lost fanout                            ;
; fir_filter_parallel_reduced_pipelined_stream:impl|fir_filter_parallel_reduced_pipelined:impl|product_terms_pipe[0][71][44]  ; Lost fanout                            ;
; fir_filter_parallel_reduced_pipelined_stream:impl|fir_filter_parallel_reduced_pipelined:impl|product_terms_pipe[0][71][43]  ; Lost fanout                            ;
; fir_filter_parallel_reduced_pipelined_stream:impl|fir_filter_parallel_reduced_pipelined:impl|product_terms_pipe[0][71][42]  ; Lost fanout                            ;
; fir_filter_parallel_reduced_pipelined_stream:impl|fir_filter_parallel_reduced_pipelined:impl|product_terms_pipe[0][71][41]  ; Lost fanout                            ;
; fir_filter_parallel_reduced_pipelined_stream:impl|fir_filter_parallel_reduced_pipelined:impl|product_terms_pipe[0][71][40]  ; Lost fanout                            ;
; fir_filter_parallel_reduced_pipelined_stream:impl|fir_filter_parallel_reduced_pipelined:impl|product_terms_pipe[0][71][39]  ; Lost fanout                            ;
; fir_filter_parallel_reduced_pipelined_stream:impl|fir_filter_parallel_reduced_pipelined:impl|product_terms_pipe[0][71][38]  ; Lost fanout                            ;
; fir_filter_parallel_reduced_pipelined_stream:impl|fir_filter_parallel_reduced_pipelined:impl|product_terms_pipe[0][71][37]  ; Lost fanout                            ;
; fir_filter_parallel_reduced_pipelined_stream:impl|fir_filter_parallel_reduced_pipelined:impl|product_terms_pipe[0][71][36]  ; Lost fanout                            ;
; fir_filter_parallel_reduced_pipelined_stream:impl|fir_filter_parallel_reduced_pipelined:impl|product_terms_pipe[0][71][35]  ; Lost fanout                            ;
; fir_filter_parallel_reduced_pipelined_stream:impl|fir_filter_parallel_reduced_pipelined:impl|product_terms_pipe[0][71][34]  ; Lost fanout                            ;
; fir_filter_parallel_reduced_pipelined_stream:impl|fir_filter_parallel_reduced_pipelined:impl|product_terms_pipe[0][71][33]  ; Lost fanout                            ;
; fir_filter_parallel_reduced_pipelined_stream:impl|fir_filter_parallel_reduced_pipelined:impl|product_terms_pipe[0][71][32]  ; Lost fanout                            ;
; fir_filter_parallel_reduced_pipelined_stream:impl|fir_filter_parallel_reduced_pipelined:impl|product_terms_pipe[0][71][31]  ; Lost fanout                            ;
; fir_filter_parallel_reduced_pipelined_stream:impl|fir_filter_parallel_reduced_pipelined:impl|product_terms_pipe[0][71][30]  ; Lost fanout                            ;
; fir_filter_parallel_reduced_pipelined_stream:impl|fir_filter_parallel_reduced_pipelined:impl|product_terms_pipe[0][71][29]  ; Lost fanout                            ;
; fir_filter_parallel_reduced_pipelined_stream:impl|fir_filter_parallel_reduced_pipelined:impl|product_terms_pipe[0][71][28]  ; Lost fanout                            ;
; fir_filter_parallel_reduced_pipelined_stream:impl|fir_filter_parallel_reduced_pipelined:impl|product_terms_pipe[0][71][27]  ; Lost fanout                            ;
; fir_filter_parallel_reduced_pipelined_stream:impl|fir_filter_parallel_reduced_pipelined:impl|product_terms_pipe[0][71][26]  ; Lost fanout                            ;
; fir_filter_parallel_reduced_pipelined_stream:impl|fir_filter_parallel_reduced_pipelined:impl|product_terms_pipe[0][71][25]  ; Lost fanout                            ;
; fir_filter_parallel_reduced_pipelined_stream:impl|fir_filter_parallel_reduced_pipelined:impl|product_terms_pipe[0][71][24]  ; Lost fanout                            ;
; fir_filter_parallel_reduced_pipelined_stream:impl|fir_filter_parallel_reduced_pipelined:impl|product_terms_pipe[0][71][23]  ; Lost fanout                            ;
; fir_filter_parallel_reduced_pipelined_stream:impl|fir_filter_parallel_reduced_pipelined:impl|product_terms_pipe[0][71][22]  ; Lost fanout                            ;
; fir_filter_parallel_reduced_pipelined_stream:impl|fir_filter_parallel_reduced_pipelined:impl|product_terms_pipe[0][71][21]  ; Lost fanout                            ;
; fir_filter_parallel_reduced_pipelined_stream:impl|fir_filter_parallel_reduced_pipelined:impl|product_terms_pipe[0][71][20]  ; Lost fanout                            ;
; fir_filter_parallel_reduced_pipelined_stream:impl|fir_filter_parallel_reduced_pipelined:impl|product_terms_pipe[0][71][19]  ; Lost fanout                            ;
; fir_filter_parallel_reduced_pipelined_stream:impl|fir_filter_parallel_reduced_pipelined:impl|product_terms_pipe[0][71][18]  ; Lost fanout                            ;
; fir_filter_parallel_reduced_pipelined_stream:impl|fir_filter_parallel_reduced_pipelined:impl|product_terms_pipe[0][71][17]  ; Lost fanout                            ;
; fir_filter_parallel_reduced_pipelined_stream:impl|fir_filter_parallel_reduced_pipelined:impl|product_terms_pipe[0][71][16]  ; Lost fanout                            ;
; fir_filter_parallel_reduced_pipelined_stream:impl|fir_filter_parallel_reduced_pipelined:impl|product_terms_pipe[0][71][15]  ; Lost fanout                            ;
; fir_filter_parallel_reduced_pipelined_stream:impl|fir_filter_parallel_reduced_pipelined:impl|product_terms_pipe[0][71][14]  ; Lost fanout                            ;
; fir_filter_parallel_reduced_pipelined_stream:impl|fir_filter_parallel_reduced_pipelined:impl|product_terms_pipe[0][71][13]  ; Lost fanout                            ;
; fir_filter_parallel_reduced_pipelined_stream:impl|fir_filter_parallel_reduced_pipelined:impl|product_terms_pipe[0][71][12]  ; Lost fanout                            ;
; fir_filter_parallel_reduced_pipelined_stream:impl|fir_filter_parallel_reduced_pipelined:impl|product_terms_pipe[0][71][11]  ; Lost fanout                            ;
; fir_filter_parallel_reduced_pipelined_stream:impl|fir_filter_parallel_reduced_pipelined:impl|product_terms_pipe[0][71][10]  ; Lost fanout                            ;
; fir_filter_parallel_reduced_pipelined_stream:impl|fir_filter_parallel_reduced_pipelined:impl|product_terms_pipe[0][71][9]   ; Lost fanout                            ;
; fir_filter_parallel_reduced_pipelined_stream:impl|fir_filter_parallel_reduced_pipelined:impl|product_terms_pipe[0][71][8]   ; Lost fanout                            ;
; fir_filter_parallel_reduced_pipelined_stream:impl|fir_filter_parallel_reduced_pipelined:impl|product_terms_pipe[0][71][7]   ; Lost fanout                            ;
; fir_filter_parallel_reduced_pipelined_stream:impl|fir_filter_parallel_reduced_pipelined:impl|product_terms_pipe[0][71][6]   ; Lost fanout                            ;
; fir_filter_parallel_reduced_pipelined_stream:impl|fir_filter_parallel_reduced_pipelined:impl|product_terms_pipe[0][71][5]   ; Lost fanout                            ;
; fir_filter_parallel_reduced_pipelined_stream:impl|fir_filter_parallel_reduced_pipelined:impl|product_terms_pipe[0][71][4]   ; Lost fanout                            ;
; fir_filter_parallel_reduced_pipelined_stream:impl|fir_filter_parallel_reduced_pipelined:impl|product_terms_pipe[0][71][3]   ; Lost fanout                            ;
; fir_filter_parallel_reduced_pipelined_stream:impl|fir_filter_parallel_reduced_pipelined:impl|product_terms_pipe[0][71][2]   ; Lost fanout                            ;
; fir_filter_parallel_reduced_pipelined_stream:impl|fir_filter_parallel_reduced_pipelined:impl|product_terms_pipe[0][71][1]   ; Lost fanout                            ;
; fir_filter_parallel_reduced_pipelined_stream:impl|fir_filter_parallel_reduced_pipelined:impl|product_terms_pipe[0][71][0]   ; Lost fanout                            ;
; fir_filter_parallel_reduced_pipelined_stream:impl|fir_filter_parallel_reduced_pipelined:impl|product_terms_pipe[0][72][45]  ; Lost fanout                            ;
; fir_filter_parallel_reduced_pipelined_stream:impl|fir_filter_parallel_reduced_pipelined:impl|product_terms_pipe[0][72][44]  ; Lost fanout                            ;
; fir_filter_parallel_reduced_pipelined_stream:impl|fir_filter_parallel_reduced_pipelined:impl|product_terms_pipe[0][72][43]  ; Lost fanout                            ;
; fir_filter_parallel_reduced_pipelined_stream:impl|fir_filter_parallel_reduced_pipelined:impl|product_terms_pipe[0][72][42]  ; Lost fanout                            ;
; fir_filter_parallel_reduced_pipelined_stream:impl|fir_filter_parallel_reduced_pipelined:impl|product_terms_pipe[0][72][41]  ; Lost fanout                            ;
; fir_filter_parallel_reduced_pipelined_stream:impl|fir_filter_parallel_reduced_pipelined:impl|product_terms_pipe[0][72][40]  ; Lost fanout                            ;
; fir_filter_parallel_reduced_pipelined_stream:impl|fir_filter_parallel_reduced_pipelined:impl|product_terms_pipe[0][72][39]  ; Lost fanout                            ;
; fir_filter_parallel_reduced_pipelined_stream:impl|fir_filter_parallel_reduced_pipelined:impl|product_terms_pipe[0][72][38]  ; Lost fanout                            ;
; fir_filter_parallel_reduced_pipelined_stream:impl|fir_filter_parallel_reduced_pipelined:impl|product_terms_pipe[0][72][37]  ; Lost fanout                            ;
; fir_filter_parallel_reduced_pipelined_stream:impl|fir_filter_parallel_reduced_pipelined:impl|product_terms_pipe[0][72][36]  ; Lost fanout                            ;
; fir_filter_parallel_reduced_pipelined_stream:impl|fir_filter_parallel_reduced_pipelined:impl|product_terms_pipe[0][72][35]  ; Lost fanout                            ;
; fir_filter_parallel_reduced_pipelined_stream:impl|fir_filter_parallel_reduced_pipelined:impl|product_terms_pipe[0][72][34]  ; Lost fanout                            ;
; fir_filter_parallel_reduced_pipelined_stream:impl|fir_filter_parallel_reduced_pipelined:impl|product_terms_pipe[0][72][33]  ; Lost fanout                            ;
; fir_filter_parallel_reduced_pipelined_stream:impl|fir_filter_parallel_reduced_pipelined:impl|product_terms_pipe[0][72][32]  ; Lost fanout                            ;
; fir_filter_parallel_reduced_pipelined_stream:impl|fir_filter_parallel_reduced_pipelined:impl|product_terms_pipe[0][72][31]  ; Lost fanout                            ;
; fir_filter_parallel_reduced_pipelined_stream:impl|fir_filter_parallel_reduced_pipelined:impl|product_terms_pipe[0][72][30]  ; Lost fanout                            ;
; fir_filter_parallel_reduced_pipelined_stream:impl|fir_filter_parallel_reduced_pipelined:impl|product_terms_pipe[0][72][29]  ; Lost fanout                            ;
; fir_filter_parallel_reduced_pipelined_stream:impl|fir_filter_parallel_reduced_pipelined:impl|product_terms_pipe[0][72][28]  ; Lost fanout                            ;
; fir_filter_parallel_reduced_pipelined_stream:impl|fir_filter_parallel_reduced_pipelined:impl|product_terms_pipe[0][72][27]  ; Lost fanout                            ;
; fir_filter_parallel_reduced_pipelined_stream:impl|fir_filter_parallel_reduced_pipelined:impl|product_terms_pipe[0][72][26]  ; Lost fanout                            ;
; fir_filter_parallel_reduced_pipelined_stream:impl|fir_filter_parallel_reduced_pipelined:impl|product_terms_pipe[0][72][25]  ; Lost fanout                            ;
; fir_filter_parallel_reduced_pipelined_stream:impl|fir_filter_parallel_reduced_pipelined:impl|product_terms_pipe[0][72][24]  ; Lost fanout                            ;
; fir_filter_parallel_reduced_pipelined_stream:impl|fir_filter_parallel_reduced_pipelined:impl|product_terms_pipe[0][72][23]  ; Lost fanout                            ;
; fir_filter_parallel_reduced_pipelined_stream:impl|fir_filter_parallel_reduced_pipelined:impl|product_terms_pipe[0][72][22]  ; Lost fanout                            ;
; fir_filter_parallel_reduced_pipelined_stream:impl|fir_filter_parallel_reduced_pipelined:impl|product_terms_pipe[0][72][21]  ; Lost fanout                            ;
; fir_filter_parallel_reduced_pipelined_stream:impl|fir_filter_parallel_reduced_pipelined:impl|product_terms_pipe[0][72][20]  ; Lost fanout                            ;
; fir_filter_parallel_reduced_pipelined_stream:impl|fir_filter_parallel_reduced_pipelined:impl|product_terms_pipe[0][72][19]  ; Lost fanout                            ;
; fir_filter_parallel_reduced_pipelined_stream:impl|fir_filter_parallel_reduced_pipelined:impl|product_terms_pipe[0][72][18]  ; Lost fanout                            ;
; fir_filter_parallel_reduced_pipelined_stream:impl|fir_filter_parallel_reduced_pipelined:impl|product_terms_pipe[0][72][17]  ; Lost fanout                            ;
; fir_filter_parallel_reduced_pipelined_stream:impl|fir_filter_parallel_reduced_pipelined:impl|product_terms_pipe[0][72][16]  ; Lost fanout                            ;
; fir_filter_parallel_reduced_pipelined_stream:impl|fir_filter_parallel_reduced_pipelined:impl|product_terms_pipe[0][72][15]  ; Lost fanout                            ;
; fir_filter_parallel_reduced_pipelined_stream:impl|fir_filter_parallel_reduced_pipelined:impl|product_terms_pipe[0][72][14]  ; Lost fanout                            ;
; fir_filter_parallel_reduced_pipelined_stream:impl|fir_filter_parallel_reduced_pipelined:impl|product_terms_pipe[0][72][13]  ; Lost fanout                            ;
; fir_filter_parallel_reduced_pipelined_stream:impl|fir_filter_parallel_reduced_pipelined:impl|product_terms_pipe[0][72][12]  ; Lost fanout                            ;
; fir_filter_parallel_reduced_pipelined_stream:impl|fir_filter_parallel_reduced_pipelined:impl|product_terms_pipe[0][72][11]  ; Lost fanout                            ;
; fir_filter_parallel_reduced_pipelined_stream:impl|fir_filter_parallel_reduced_pipelined:impl|product_terms_pipe[0][72][10]  ; Lost fanout                            ;
; fir_filter_parallel_reduced_pipelined_stream:impl|fir_filter_parallel_reduced_pipelined:impl|product_terms_pipe[0][72][9]   ; Lost fanout                            ;
; fir_filter_parallel_reduced_pipelined_stream:impl|fir_filter_parallel_reduced_pipelined:impl|product_terms_pipe[0][72][8]   ; Lost fanout                            ;
; fir_filter_parallel_reduced_pipelined_stream:impl|fir_filter_parallel_reduced_pipelined:impl|product_terms_pipe[0][72][7]   ; Lost fanout                            ;
; fir_filter_parallel_reduced_pipelined_stream:impl|fir_filter_parallel_reduced_pipelined:impl|product_terms_pipe[0][72][6]   ; Lost fanout                            ;
; fir_filter_parallel_reduced_pipelined_stream:impl|fir_filter_parallel_reduced_pipelined:impl|product_terms_pipe[0][72][5]   ; Lost fanout                            ;
; fir_filter_parallel_reduced_pipelined_stream:impl|fir_filter_parallel_reduced_pipelined:impl|product_terms_pipe[0][72][4]   ; Lost fanout                            ;
; fir_filter_parallel_reduced_pipelined_stream:impl|fir_filter_parallel_reduced_pipelined:impl|product_terms_pipe[0][72][3]   ; Lost fanout                            ;
; fir_filter_parallel_reduced_pipelined_stream:impl|fir_filter_parallel_reduced_pipelined:impl|product_terms_pipe[0][72][2]   ; Lost fanout                            ;
; fir_filter_parallel_reduced_pipelined_stream:impl|fir_filter_parallel_reduced_pipelined:impl|product_terms_pipe[0][72][1]   ; Lost fanout                            ;
; fir_filter_parallel_reduced_pipelined_stream:impl|fir_filter_parallel_reduced_pipelined:impl|product_terms_pipe[0][72][0]   ; Lost fanout                            ;
; fir_filter_parallel_reduced_pipelined_stream:impl|fir_filter_parallel_reduced_pipelined:impl|product_terms_pipe[0][73][45]  ; Lost fanout                            ;
; fir_filter_parallel_reduced_pipelined_stream:impl|fir_filter_parallel_reduced_pipelined:impl|product_terms_pipe[0][73][44]  ; Lost fanout                            ;
; fir_filter_parallel_reduced_pipelined_stream:impl|fir_filter_parallel_reduced_pipelined:impl|product_terms_pipe[0][73][43]  ; Lost fanout                            ;
; fir_filter_parallel_reduced_pipelined_stream:impl|fir_filter_parallel_reduced_pipelined:impl|product_terms_pipe[0][73][42]  ; Lost fanout                            ;
; fir_filter_parallel_reduced_pipelined_stream:impl|fir_filter_parallel_reduced_pipelined:impl|product_terms_pipe[0][73][41]  ; Lost fanout                            ;
; fir_filter_parallel_reduced_pipelined_stream:impl|fir_filter_parallel_reduced_pipelined:impl|product_terms_pipe[0][73][40]  ; Lost fanout                            ;
; fir_filter_parallel_reduced_pipelined_stream:impl|fir_filter_parallel_reduced_pipelined:impl|product_terms_pipe[0][73][39]  ; Lost fanout                            ;
; fir_filter_parallel_reduced_pipelined_stream:impl|fir_filter_parallel_reduced_pipelined:impl|product_terms_pipe[0][73][38]  ; Lost fanout                            ;
; fir_filter_parallel_reduced_pipelined_stream:impl|fir_filter_parallel_reduced_pipelined:impl|product_terms_pipe[0][73][37]  ; Lost fanout                            ;
; fir_filter_parallel_reduced_pipelined_stream:impl|fir_filter_parallel_reduced_pipelined:impl|product_terms_pipe[0][73][36]  ; Lost fanout                            ;
; fir_filter_parallel_reduced_pipelined_stream:impl|fir_filter_parallel_reduced_pipelined:impl|product_terms_pipe[0][73][35]  ; Lost fanout                            ;
; fir_filter_parallel_reduced_pipelined_stream:impl|fir_filter_parallel_reduced_pipelined:impl|product_terms_pipe[0][73][34]  ; Lost fanout                            ;
; fir_filter_parallel_reduced_pipelined_stream:impl|fir_filter_parallel_reduced_pipelined:impl|product_terms_pipe[0][73][33]  ; Lost fanout                            ;
; fir_filter_parallel_reduced_pipelined_stream:impl|fir_filter_parallel_reduced_pipelined:impl|product_terms_pipe[0][73][32]  ; Lost fanout                            ;
; fir_filter_parallel_reduced_pipelined_stream:impl|fir_filter_parallel_reduced_pipelined:impl|product_terms_pipe[0][73][31]  ; Lost fanout                            ;
; fir_filter_parallel_reduced_pipelined_stream:impl|fir_filter_parallel_reduced_pipelined:impl|product_terms_pipe[0][73][30]  ; Lost fanout                            ;
; fir_filter_parallel_reduced_pipelined_stream:impl|fir_filter_parallel_reduced_pipelined:impl|product_terms_pipe[0][73][29]  ; Lost fanout                            ;
; fir_filter_parallel_reduced_pipelined_stream:impl|fir_filter_parallel_reduced_pipelined:impl|product_terms_pipe[0][73][28]  ; Lost fanout                            ;
; fir_filter_parallel_reduced_pipelined_stream:impl|fir_filter_parallel_reduced_pipelined:impl|product_terms_pipe[0][73][27]  ; Lost fanout                            ;
; fir_filter_parallel_reduced_pipelined_stream:impl|fir_filter_parallel_reduced_pipelined:impl|product_terms_pipe[0][73][26]  ; Lost fanout                            ;
; fir_filter_parallel_reduced_pipelined_stream:impl|fir_filter_parallel_reduced_pipelined:impl|product_terms_pipe[0][73][25]  ; Lost fanout                            ;
; fir_filter_parallel_reduced_pipelined_stream:impl|fir_filter_parallel_reduced_pipelined:impl|product_terms_pipe[0][73][24]  ; Lost fanout                            ;
; fir_filter_parallel_reduced_pipelined_stream:impl|fir_filter_parallel_reduced_pipelined:impl|product_terms_pipe[0][73][23]  ; Lost fanout                            ;
; fir_filter_parallel_reduced_pipelined_stream:impl|fir_filter_parallel_reduced_pipelined:impl|product_terms_pipe[0][73][22]  ; Lost fanout                            ;
; fir_filter_parallel_reduced_pipelined_stream:impl|fir_filter_parallel_reduced_pipelined:impl|product_terms_pipe[0][73][21]  ; Lost fanout                            ;
; fir_filter_parallel_reduced_pipelined_stream:impl|fir_filter_parallel_reduced_pipelined:impl|product_terms_pipe[0][73][20]  ; Lost fanout                            ;
; fir_filter_parallel_reduced_pipelined_stream:impl|fir_filter_parallel_reduced_pipelined:impl|product_terms_pipe[0][73][19]  ; Lost fanout                            ;
; fir_filter_parallel_reduced_pipelined_stream:impl|fir_filter_parallel_reduced_pipelined:impl|product_terms_pipe[0][73][18]  ; Lost fanout                            ;
; fir_filter_parallel_reduced_pipelined_stream:impl|fir_filter_parallel_reduced_pipelined:impl|product_terms_pipe[0][73][17]  ; Lost fanout                            ;
; fir_filter_parallel_reduced_pipelined_stream:impl|fir_filter_parallel_reduced_pipelined:impl|product_terms_pipe[0][73][16]  ; Lost fanout                            ;
; fir_filter_parallel_reduced_pipelined_stream:impl|fir_filter_parallel_reduced_pipelined:impl|product_terms_pipe[0][73][15]  ; Lost fanout                            ;
; fir_filter_parallel_reduced_pipelined_stream:impl|fir_filter_parallel_reduced_pipelined:impl|product_terms_pipe[0][73][14]  ; Lost fanout                            ;
; fir_filter_parallel_reduced_pipelined_stream:impl|fir_filter_parallel_reduced_pipelined:impl|product_terms_pipe[0][73][13]  ; Lost fanout                            ;
; fir_filter_parallel_reduced_pipelined_stream:impl|fir_filter_parallel_reduced_pipelined:impl|product_terms_pipe[0][73][12]  ; Lost fanout                            ;
; fir_filter_parallel_reduced_pipelined_stream:impl|fir_filter_parallel_reduced_pipelined:impl|product_terms_pipe[0][73][11]  ; Lost fanout                            ;
; fir_filter_parallel_reduced_pipelined_stream:impl|fir_filter_parallel_reduced_pipelined:impl|product_terms_pipe[0][73][10]  ; Lost fanout                            ;
; fir_filter_parallel_reduced_pipelined_stream:impl|fir_filter_parallel_reduced_pipelined:impl|product_terms_pipe[0][73][9]   ; Lost fanout                            ;
; fir_filter_parallel_reduced_pipelined_stream:impl|fir_filter_parallel_reduced_pipelined:impl|product_terms_pipe[0][73][8]   ; Lost fanout                            ;
; fir_filter_parallel_reduced_pipelined_stream:impl|fir_filter_parallel_reduced_pipelined:impl|product_terms_pipe[0][73][7]   ; Lost fanout                            ;
; fir_filter_parallel_reduced_pipelined_stream:impl|fir_filter_parallel_reduced_pipelined:impl|product_terms_pipe[0][73][6]   ; Lost fanout                            ;
; fir_filter_parallel_reduced_pipelined_stream:impl|fir_filter_parallel_reduced_pipelined:impl|product_terms_pipe[0][73][5]   ; Lost fanout                            ;
; fir_filter_parallel_reduced_pipelined_stream:impl|fir_filter_parallel_reduced_pipelined:impl|product_terms_pipe[0][73][4]   ; Lost fanout                            ;
; fir_filter_parallel_reduced_pipelined_stream:impl|fir_filter_parallel_reduced_pipelined:impl|product_terms_pipe[0][73][3]   ; Lost fanout                            ;
; fir_filter_parallel_reduced_pipelined_stream:impl|fir_filter_parallel_reduced_pipelined:impl|product_terms_pipe[0][73][2]   ; Lost fanout                            ;
; fir_filter_parallel_reduced_pipelined_stream:impl|fir_filter_parallel_reduced_pipelined:impl|product_terms_pipe[0][73][1]   ; Lost fanout                            ;
; fir_filter_parallel_reduced_pipelined_stream:impl|fir_filter_parallel_reduced_pipelined:impl|product_terms_pipe[0][73][0]   ; Lost fanout                            ;
; fir_filter_parallel_reduced_pipelined_stream:impl|fir_filter_parallel_reduced_pipelined:impl|product_terms_pipe[0][74][45]  ; Lost fanout                            ;
; fir_filter_parallel_reduced_pipelined_stream:impl|fir_filter_parallel_reduced_pipelined:impl|product_terms_pipe[0][74][44]  ; Lost fanout                            ;
; fir_filter_parallel_reduced_pipelined_stream:impl|fir_filter_parallel_reduced_pipelined:impl|product_terms_pipe[0][74][43]  ; Lost fanout                            ;
; fir_filter_parallel_reduced_pipelined_stream:impl|fir_filter_parallel_reduced_pipelined:impl|product_terms_pipe[0][74][42]  ; Lost fanout                            ;
; fir_filter_parallel_reduced_pipelined_stream:impl|fir_filter_parallel_reduced_pipelined:impl|product_terms_pipe[0][74][41]  ; Lost fanout                            ;
; fir_filter_parallel_reduced_pipelined_stream:impl|fir_filter_parallel_reduced_pipelined:impl|product_terms_pipe[0][74][40]  ; Lost fanout                            ;
; fir_filter_parallel_reduced_pipelined_stream:impl|fir_filter_parallel_reduced_pipelined:impl|product_terms_pipe[0][74][39]  ; Lost fanout                            ;
; fir_filter_parallel_reduced_pipelined_stream:impl|fir_filter_parallel_reduced_pipelined:impl|product_terms_pipe[0][74][38]  ; Lost fanout                            ;
; fir_filter_parallel_reduced_pipelined_stream:impl|fir_filter_parallel_reduced_pipelined:impl|product_terms_pipe[0][74][37]  ; Lost fanout                            ;
; fir_filter_parallel_reduced_pipelined_stream:impl|fir_filter_parallel_reduced_pipelined:impl|product_terms_pipe[0][74][36]  ; Lost fanout                            ;
; fir_filter_parallel_reduced_pipelined_stream:impl|fir_filter_parallel_reduced_pipelined:impl|product_terms_pipe[0][74][35]  ; Lost fanout                            ;
; fir_filter_parallel_reduced_pipelined_stream:impl|fir_filter_parallel_reduced_pipelined:impl|product_terms_pipe[0][74][34]  ; Lost fanout                            ;
; fir_filter_parallel_reduced_pipelined_stream:impl|fir_filter_parallel_reduced_pipelined:impl|product_terms_pipe[0][74][33]  ; Lost fanout                            ;
; fir_filter_parallel_reduced_pipelined_stream:impl|fir_filter_parallel_reduced_pipelined:impl|product_terms_pipe[0][74][32]  ; Lost fanout                            ;
; fir_filter_parallel_reduced_pipelined_stream:impl|fir_filter_parallel_reduced_pipelined:impl|product_terms_pipe[0][74][31]  ; Lost fanout                            ;
; fir_filter_parallel_reduced_pipelined_stream:impl|fir_filter_parallel_reduced_pipelined:impl|product_terms_pipe[0][74][30]  ; Lost fanout                            ;
; fir_filter_parallel_reduced_pipelined_stream:impl|fir_filter_parallel_reduced_pipelined:impl|product_terms_pipe[0][74][29]  ; Lost fanout                            ;
; fir_filter_parallel_reduced_pipelined_stream:impl|fir_filter_parallel_reduced_pipelined:impl|product_terms_pipe[0][74][28]  ; Lost fanout                            ;
; fir_filter_parallel_reduced_pipelined_stream:impl|fir_filter_parallel_reduced_pipelined:impl|product_terms_pipe[0][74][27]  ; Lost fanout                            ;
; fir_filter_parallel_reduced_pipelined_stream:impl|fir_filter_parallel_reduced_pipelined:impl|product_terms_pipe[0][74][26]  ; Lost fanout                            ;
; fir_filter_parallel_reduced_pipelined_stream:impl|fir_filter_parallel_reduced_pipelined:impl|product_terms_pipe[0][74][25]  ; Lost fanout                            ;
; fir_filter_parallel_reduced_pipelined_stream:impl|fir_filter_parallel_reduced_pipelined:impl|product_terms_pipe[0][74][24]  ; Lost fanout                            ;
; fir_filter_parallel_reduced_pipelined_stream:impl|fir_filter_parallel_reduced_pipelined:impl|product_terms_pipe[0][74][23]  ; Lost fanout                            ;
; fir_filter_parallel_reduced_pipelined_stream:impl|fir_filter_parallel_reduced_pipelined:impl|product_terms_pipe[0][74][22]  ; Lost fanout                            ;
; fir_filter_parallel_reduced_pipelined_stream:impl|fir_filter_parallel_reduced_pipelined:impl|product_terms_pipe[0][74][21]  ; Lost fanout                            ;
; fir_filter_parallel_reduced_pipelined_stream:impl|fir_filter_parallel_reduced_pipelined:impl|product_terms_pipe[0][74][20]  ; Lost fanout                            ;
; fir_filter_parallel_reduced_pipelined_stream:impl|fir_filter_parallel_reduced_pipelined:impl|product_terms_pipe[0][74][19]  ; Lost fanout                            ;
; fir_filter_parallel_reduced_pipelined_stream:impl|fir_filter_parallel_reduced_pipelined:impl|product_terms_pipe[0][74][18]  ; Lost fanout                            ;
; fir_filter_parallel_reduced_pipelined_stream:impl|fir_filter_parallel_reduced_pipelined:impl|product_terms_pipe[0][74][17]  ; Lost fanout                            ;
; fir_filter_parallel_reduced_pipelined_stream:impl|fir_filter_parallel_reduced_pipelined:impl|product_terms_pipe[0][74][16]  ; Lost fanout                            ;
; fir_filter_parallel_reduced_pipelined_stream:impl|fir_filter_parallel_reduced_pipelined:impl|product_terms_pipe[0][74][15]  ; Lost fanout                            ;
; fir_filter_parallel_reduced_pipelined_stream:impl|fir_filter_parallel_reduced_pipelined:impl|product_terms_pipe[0][74][14]  ; Lost fanout                            ;
; fir_filter_parallel_reduced_pipelined_stream:impl|fir_filter_parallel_reduced_pipelined:impl|product_terms_pipe[0][74][13]  ; Lost fanout                            ;
; fir_filter_parallel_reduced_pipelined_stream:impl|fir_filter_parallel_reduced_pipelined:impl|product_terms_pipe[0][74][12]  ; Lost fanout                            ;
; fir_filter_parallel_reduced_pipelined_stream:impl|fir_filter_parallel_reduced_pipelined:impl|product_terms_pipe[0][74][11]  ; Lost fanout                            ;
; fir_filter_parallel_reduced_pipelined_stream:impl|fir_filter_parallel_reduced_pipelined:impl|product_terms_pipe[0][74][10]  ; Lost fanout                            ;
; fir_filter_parallel_reduced_pipelined_stream:impl|fir_filter_parallel_reduced_pipelined:impl|product_terms_pipe[0][74][9]   ; Lost fanout                            ;
; fir_filter_parallel_reduced_pipelined_stream:impl|fir_filter_parallel_reduced_pipelined:impl|product_terms_pipe[0][74][8]   ; Lost fanout                            ;
; fir_filter_parallel_reduced_pipelined_stream:impl|fir_filter_parallel_reduced_pipelined:impl|product_terms_pipe[0][74][7]   ; Lost fanout                            ;
; fir_filter_parallel_reduced_pipelined_stream:impl|fir_filter_parallel_reduced_pipelined:impl|product_terms_pipe[0][74][6]   ; Lost fanout                            ;
; fir_filter_parallel_reduced_pipelined_stream:impl|fir_filter_parallel_reduced_pipelined:impl|product_terms_pipe[0][74][5]   ; Lost fanout                            ;
; fir_filter_parallel_reduced_pipelined_stream:impl|fir_filter_parallel_reduced_pipelined:impl|product_terms_pipe[0][74][4]   ; Lost fanout                            ;
; fir_filter_parallel_reduced_pipelined_stream:impl|fir_filter_parallel_reduced_pipelined:impl|product_terms_pipe[0][74][3]   ; Lost fanout                            ;
; fir_filter_parallel_reduced_pipelined_stream:impl|fir_filter_parallel_reduced_pipelined:impl|product_terms_pipe[0][74][2]   ; Lost fanout                            ;
; fir_filter_parallel_reduced_pipelined_stream:impl|fir_filter_parallel_reduced_pipelined:impl|product_terms_pipe[0][74][1]   ; Lost fanout                            ;
; fir_filter_parallel_reduced_pipelined_stream:impl|fir_filter_parallel_reduced_pipelined:impl|product_terms_pipe[0][74][0]   ; Lost fanout                            ;
; fir_filter_parallel_reduced_pipelined_stream:impl|fir_filter_parallel_reduced_pipelined:impl|product_terms_pipe[0][75][45]  ; Lost fanout                            ;
; fir_filter_parallel_reduced_pipelined_stream:impl|fir_filter_parallel_reduced_pipelined:impl|product_terms_pipe[0][75][44]  ; Lost fanout                            ;
; fir_filter_parallel_reduced_pipelined_stream:impl|fir_filter_parallel_reduced_pipelined:impl|product_terms_pipe[0][75][43]  ; Lost fanout                            ;
; fir_filter_parallel_reduced_pipelined_stream:impl|fir_filter_parallel_reduced_pipelined:impl|product_terms_pipe[0][75][42]  ; Lost fanout                            ;
; fir_filter_parallel_reduced_pipelined_stream:impl|fir_filter_parallel_reduced_pipelined:impl|product_terms_pipe[0][75][41]  ; Lost fanout                            ;
; fir_filter_parallel_reduced_pipelined_stream:impl|fir_filter_parallel_reduced_pipelined:impl|product_terms_pipe[0][75][40]  ; Lost fanout                            ;
; fir_filter_parallel_reduced_pipelined_stream:impl|fir_filter_parallel_reduced_pipelined:impl|product_terms_pipe[0][75][39]  ; Lost fanout                            ;
; fir_filter_parallel_reduced_pipelined_stream:impl|fir_filter_parallel_reduced_pipelined:impl|product_terms_pipe[0][75][38]  ; Lost fanout                            ;
; fir_filter_parallel_reduced_pipelined_stream:impl|fir_filter_parallel_reduced_pipelined:impl|product_terms_pipe[0][75][37]  ; Lost fanout                            ;
; fir_filter_parallel_reduced_pipelined_stream:impl|fir_filter_parallel_reduced_pipelined:impl|product_terms_pipe[0][75][36]  ; Lost fanout                            ;
; fir_filter_parallel_reduced_pipelined_stream:impl|fir_filter_parallel_reduced_pipelined:impl|product_terms_pipe[0][75][35]  ; Lost fanout                            ;
; fir_filter_parallel_reduced_pipelined_stream:impl|fir_filter_parallel_reduced_pipelined:impl|product_terms_pipe[0][75][34]  ; Lost fanout                            ;
; fir_filter_parallel_reduced_pipelined_stream:impl|fir_filter_parallel_reduced_pipelined:impl|product_terms_pipe[0][75][33]  ; Lost fanout                            ;
; fir_filter_parallel_reduced_pipelined_stream:impl|fir_filter_parallel_reduced_pipelined:impl|product_terms_pipe[0][75][32]  ; Lost fanout                            ;
; fir_filter_parallel_reduced_pipelined_stream:impl|fir_filter_parallel_reduced_pipelined:impl|product_terms_pipe[0][75][31]  ; Lost fanout                            ;
; fir_filter_parallel_reduced_pipelined_stream:impl|fir_filter_parallel_reduced_pipelined:impl|product_terms_pipe[0][75][30]  ; Lost fanout                            ;
; fir_filter_parallel_reduced_pipelined_stream:impl|fir_filter_parallel_reduced_pipelined:impl|product_terms_pipe[0][75][29]  ; Lost fanout                            ;
; fir_filter_parallel_reduced_pipelined_stream:impl|fir_filter_parallel_reduced_pipelined:impl|product_terms_pipe[0][75][28]  ; Lost fanout                            ;
; fir_filter_parallel_reduced_pipelined_stream:impl|fir_filter_parallel_reduced_pipelined:impl|product_terms_pipe[0][75][27]  ; Lost fanout                            ;
; fir_filter_parallel_reduced_pipelined_stream:impl|fir_filter_parallel_reduced_pipelined:impl|product_terms_pipe[0][75][26]  ; Lost fanout                            ;
; fir_filter_parallel_reduced_pipelined_stream:impl|fir_filter_parallel_reduced_pipelined:impl|product_terms_pipe[0][75][25]  ; Lost fanout                            ;
; fir_filter_parallel_reduced_pipelined_stream:impl|fir_filter_parallel_reduced_pipelined:impl|product_terms_pipe[0][75][24]  ; Lost fanout                            ;
; fir_filter_parallel_reduced_pipelined_stream:impl|fir_filter_parallel_reduced_pipelined:impl|product_terms_pipe[0][75][23]  ; Lost fanout                            ;
; fir_filter_parallel_reduced_pipelined_stream:impl|fir_filter_parallel_reduced_pipelined:impl|product_terms_pipe[0][75][22]  ; Lost fanout                            ;
; fir_filter_parallel_reduced_pipelined_stream:impl|fir_filter_parallel_reduced_pipelined:impl|product_terms_pipe[0][75][21]  ; Lost fanout                            ;
; fir_filter_parallel_reduced_pipelined_stream:impl|fir_filter_parallel_reduced_pipelined:impl|product_terms_pipe[0][75][20]  ; Lost fanout                            ;
; fir_filter_parallel_reduced_pipelined_stream:impl|fir_filter_parallel_reduced_pipelined:impl|product_terms_pipe[0][75][19]  ; Lost fanout                            ;
; fir_filter_parallel_reduced_pipelined_stream:impl|fir_filter_parallel_reduced_pipelined:impl|product_terms_pipe[0][75][18]  ; Lost fanout                            ;
; fir_filter_parallel_reduced_pipelined_stream:impl|fir_filter_parallel_reduced_pipelined:impl|product_terms_pipe[0][75][17]  ; Lost fanout                            ;
; fir_filter_parallel_reduced_pipelined_stream:impl|fir_filter_parallel_reduced_pipelined:impl|product_terms_pipe[0][75][16]  ; Lost fanout                            ;
; fir_filter_parallel_reduced_pipelined_stream:impl|fir_filter_parallel_reduced_pipelined:impl|product_terms_pipe[0][75][15]  ; Lost fanout                            ;
; fir_filter_parallel_reduced_pipelined_stream:impl|fir_filter_parallel_reduced_pipelined:impl|product_terms_pipe[0][75][14]  ; Lost fanout                            ;
; fir_filter_parallel_reduced_pipelined_stream:impl|fir_filter_parallel_reduced_pipelined:impl|product_terms_pipe[0][75][13]  ; Lost fanout                            ;
; fir_filter_parallel_reduced_pipelined_stream:impl|fir_filter_parallel_reduced_pipelined:impl|product_terms_pipe[0][75][12]  ; Lost fanout                            ;
; fir_filter_parallel_reduced_pipelined_stream:impl|fir_filter_parallel_reduced_pipelined:impl|product_terms_pipe[0][75][11]  ; Lost fanout                            ;
; fir_filter_parallel_reduced_pipelined_stream:impl|fir_filter_parallel_reduced_pipelined:impl|product_terms_pipe[0][75][10]  ; Lost fanout                            ;
; fir_filter_parallel_reduced_pipelined_stream:impl|fir_filter_parallel_reduced_pipelined:impl|product_terms_pipe[0][75][9]   ; Lost fanout                            ;
; fir_filter_parallel_reduced_pipelined_stream:impl|fir_filter_parallel_reduced_pipelined:impl|product_terms_pipe[0][75][8]   ; Lost fanout                            ;
; fir_filter_parallel_reduced_pipelined_stream:impl|fir_filter_parallel_reduced_pipelined:impl|product_terms_pipe[0][75][7]   ; Lost fanout                            ;
; fir_filter_parallel_reduced_pipelined_stream:impl|fir_filter_parallel_reduced_pipelined:impl|product_terms_pipe[0][75][6]   ; Lost fanout                            ;
; fir_filter_parallel_reduced_pipelined_stream:impl|fir_filter_parallel_reduced_pipelined:impl|product_terms_pipe[0][75][5]   ; Lost fanout                            ;
; fir_filter_parallel_reduced_pipelined_stream:impl|fir_filter_parallel_reduced_pipelined:impl|product_terms_pipe[0][75][4]   ; Lost fanout                            ;
; fir_filter_parallel_reduced_pipelined_stream:impl|fir_filter_parallel_reduced_pipelined:impl|product_terms_pipe[0][75][3]   ; Lost fanout                            ;
; fir_filter_parallel_reduced_pipelined_stream:impl|fir_filter_parallel_reduced_pipelined:impl|product_terms_pipe[0][75][2]   ; Lost fanout                            ;
; fir_filter_parallel_reduced_pipelined_stream:impl|fir_filter_parallel_reduced_pipelined:impl|product_terms_pipe[0][75][1]   ; Lost fanout                            ;
; fir_filter_parallel_reduced_pipelined_stream:impl|fir_filter_parallel_reduced_pipelined:impl|product_terms_pipe[0][75][0]   ; Lost fanout                            ;
; fir_filter_parallel_reduced_pipelined_stream:impl|fir_filter_parallel_reduced_pipelined:impl|product_terms_pipe[0][76][45]  ; Lost fanout                            ;
; fir_filter_parallel_reduced_pipelined_stream:impl|fir_filter_parallel_reduced_pipelined:impl|product_terms_pipe[0][76][44]  ; Lost fanout                            ;
; fir_filter_parallel_reduced_pipelined_stream:impl|fir_filter_parallel_reduced_pipelined:impl|product_terms_pipe[0][76][43]  ; Lost fanout                            ;
; fir_filter_parallel_reduced_pipelined_stream:impl|fir_filter_parallel_reduced_pipelined:impl|product_terms_pipe[0][76][42]  ; Lost fanout                            ;
; fir_filter_parallel_reduced_pipelined_stream:impl|fir_filter_parallel_reduced_pipelined:impl|product_terms_pipe[0][76][41]  ; Lost fanout                            ;
; fir_filter_parallel_reduced_pipelined_stream:impl|fir_filter_parallel_reduced_pipelined:impl|product_terms_pipe[0][76][40]  ; Lost fanout                            ;
; fir_filter_parallel_reduced_pipelined_stream:impl|fir_filter_parallel_reduced_pipelined:impl|product_terms_pipe[0][76][39]  ; Lost fanout                            ;
; fir_filter_parallel_reduced_pipelined_stream:impl|fir_filter_parallel_reduced_pipelined:impl|product_terms_pipe[0][76][38]  ; Lost fanout                            ;
; fir_filter_parallel_reduced_pipelined_stream:impl|fir_filter_parallel_reduced_pipelined:impl|product_terms_pipe[0][76][37]  ; Lost fanout                            ;
; fir_filter_parallel_reduced_pipelined_stream:impl|fir_filter_parallel_reduced_pipelined:impl|product_terms_pipe[0][76][36]  ; Lost fanout                            ;
; fir_filter_parallel_reduced_pipelined_stream:impl|fir_filter_parallel_reduced_pipelined:impl|product_terms_pipe[0][76][35]  ; Lost fanout                            ;
; fir_filter_parallel_reduced_pipelined_stream:impl|fir_filter_parallel_reduced_pipelined:impl|product_terms_pipe[0][76][34]  ; Lost fanout                            ;
; fir_filter_parallel_reduced_pipelined_stream:impl|fir_filter_parallel_reduced_pipelined:impl|product_terms_pipe[0][76][33]  ; Lost fanout                            ;
; fir_filter_parallel_reduced_pipelined_stream:impl|fir_filter_parallel_reduced_pipelined:impl|product_terms_pipe[0][76][32]  ; Lost fanout                            ;
; fir_filter_parallel_reduced_pipelined_stream:impl|fir_filter_parallel_reduced_pipelined:impl|product_terms_pipe[0][76][31]  ; Lost fanout                            ;
; fir_filter_parallel_reduced_pipelined_stream:impl|fir_filter_parallel_reduced_pipelined:impl|product_terms_pipe[0][76][30]  ; Lost fanout                            ;
; fir_filter_parallel_reduced_pipelined_stream:impl|fir_filter_parallel_reduced_pipelined:impl|product_terms_pipe[0][76][29]  ; Lost fanout                            ;
; fir_filter_parallel_reduced_pipelined_stream:impl|fir_filter_parallel_reduced_pipelined:impl|product_terms_pipe[0][76][28]  ; Lost fanout                            ;
; fir_filter_parallel_reduced_pipelined_stream:impl|fir_filter_parallel_reduced_pipelined:impl|product_terms_pipe[0][76][27]  ; Lost fanout                            ;
; fir_filter_parallel_reduced_pipelined_stream:impl|fir_filter_parallel_reduced_pipelined:impl|product_terms_pipe[0][76][26]  ; Lost fanout                            ;
; fir_filter_parallel_reduced_pipelined_stream:impl|fir_filter_parallel_reduced_pipelined:impl|product_terms_pipe[0][76][25]  ; Lost fanout                            ;
; fir_filter_parallel_reduced_pipelined_stream:impl|fir_filter_parallel_reduced_pipelined:impl|product_terms_pipe[0][76][24]  ; Lost fanout                            ;
; fir_filter_parallel_reduced_pipelined_stream:impl|fir_filter_parallel_reduced_pipelined:impl|product_terms_pipe[0][76][23]  ; Lost fanout                            ;
; fir_filter_parallel_reduced_pipelined_stream:impl|fir_filter_parallel_reduced_pipelined:impl|product_terms_pipe[0][76][22]  ; Lost fanout                            ;
; fir_filter_parallel_reduced_pipelined_stream:impl|fir_filter_parallel_reduced_pipelined:impl|product_terms_pipe[0][76][21]  ; Lost fanout                            ;
; fir_filter_parallel_reduced_pipelined_stream:impl|fir_filter_parallel_reduced_pipelined:impl|product_terms_pipe[0][76][20]  ; Lost fanout                            ;
; fir_filter_parallel_reduced_pipelined_stream:impl|fir_filter_parallel_reduced_pipelined:impl|product_terms_pipe[0][76][19]  ; Lost fanout                            ;
; fir_filter_parallel_reduced_pipelined_stream:impl|fir_filter_parallel_reduced_pipelined:impl|product_terms_pipe[0][76][18]  ; Lost fanout                            ;
; fir_filter_parallel_reduced_pipelined_stream:impl|fir_filter_parallel_reduced_pipelined:impl|product_terms_pipe[0][76][17]  ; Lost fanout                            ;
; fir_filter_parallel_reduced_pipelined_stream:impl|fir_filter_parallel_reduced_pipelined:impl|product_terms_pipe[0][76][16]  ; Lost fanout                            ;
; fir_filter_parallel_reduced_pipelined_stream:impl|fir_filter_parallel_reduced_pipelined:impl|product_terms_pipe[0][76][15]  ; Lost fanout                            ;
; fir_filter_parallel_reduced_pipelined_stream:impl|fir_filter_parallel_reduced_pipelined:impl|product_terms_pipe[0][76][14]  ; Lost fanout                            ;
; fir_filter_parallel_reduced_pipelined_stream:impl|fir_filter_parallel_reduced_pipelined:impl|product_terms_pipe[0][76][13]  ; Lost fanout                            ;
; fir_filter_parallel_reduced_pipelined_stream:impl|fir_filter_parallel_reduced_pipelined:impl|product_terms_pipe[0][76][12]  ; Lost fanout                            ;
; fir_filter_parallel_reduced_pipelined_stream:impl|fir_filter_parallel_reduced_pipelined:impl|product_terms_pipe[0][76][11]  ; Lost fanout                            ;
; fir_filter_parallel_reduced_pipelined_stream:impl|fir_filter_parallel_reduced_pipelined:impl|product_terms_pipe[0][76][10]  ; Lost fanout                            ;
; fir_filter_parallel_reduced_pipelined_stream:impl|fir_filter_parallel_reduced_pipelined:impl|product_terms_pipe[0][76][9]   ; Lost fanout                            ;
; fir_filter_parallel_reduced_pipelined_stream:impl|fir_filter_parallel_reduced_pipelined:impl|product_terms_pipe[0][76][8]   ; Lost fanout                            ;
; fir_filter_parallel_reduced_pipelined_stream:impl|fir_filter_parallel_reduced_pipelined:impl|product_terms_pipe[0][76][7]   ; Lost fanout                            ;
; fir_filter_parallel_reduced_pipelined_stream:impl|fir_filter_parallel_reduced_pipelined:impl|product_terms_pipe[0][76][6]   ; Lost fanout                            ;
; fir_filter_parallel_reduced_pipelined_stream:impl|fir_filter_parallel_reduced_pipelined:impl|product_terms_pipe[0][76][5]   ; Lost fanout                            ;
; fir_filter_parallel_reduced_pipelined_stream:impl|fir_filter_parallel_reduced_pipelined:impl|product_terms_pipe[0][76][4]   ; Lost fanout                            ;
; fir_filter_parallel_reduced_pipelined_stream:impl|fir_filter_parallel_reduced_pipelined:impl|product_terms_pipe[0][76][3]   ; Lost fanout                            ;
; fir_filter_parallel_reduced_pipelined_stream:impl|fir_filter_parallel_reduced_pipelined:impl|product_terms_pipe[0][76][2]   ; Lost fanout                            ;
; fir_filter_parallel_reduced_pipelined_stream:impl|fir_filter_parallel_reduced_pipelined:impl|product_terms_pipe[0][76][1]   ; Lost fanout                            ;
; fir_filter_parallel_reduced_pipelined_stream:impl|fir_filter_parallel_reduced_pipelined:impl|product_terms_pipe[0][76][0]   ; Lost fanout                            ;
; fir_filter_parallel_reduced_pipelined_stream:impl|fir_filter_parallel_reduced_pipelined:impl|product_terms_pipe[0][77][45]  ; Lost fanout                            ;
; fir_filter_parallel_reduced_pipelined_stream:impl|fir_filter_parallel_reduced_pipelined:impl|product_terms_pipe[0][77][44]  ; Lost fanout                            ;
; fir_filter_parallel_reduced_pipelined_stream:impl|fir_filter_parallel_reduced_pipelined:impl|product_terms_pipe[0][77][43]  ; Lost fanout                            ;
; fir_filter_parallel_reduced_pipelined_stream:impl|fir_filter_parallel_reduced_pipelined:impl|product_terms_pipe[0][77][42]  ; Lost fanout                            ;
; fir_filter_parallel_reduced_pipelined_stream:impl|fir_filter_parallel_reduced_pipelined:impl|product_terms_pipe[0][77][41]  ; Lost fanout                            ;
; fir_filter_parallel_reduced_pipelined_stream:impl|fir_filter_parallel_reduced_pipelined:impl|product_terms_pipe[0][77][40]  ; Lost fanout                            ;
; fir_filter_parallel_reduced_pipelined_stream:impl|fir_filter_parallel_reduced_pipelined:impl|product_terms_pipe[0][77][39]  ; Lost fanout                            ;
; fir_filter_parallel_reduced_pipelined_stream:impl|fir_filter_parallel_reduced_pipelined:impl|product_terms_pipe[0][77][38]  ; Lost fanout                            ;
; fir_filter_parallel_reduced_pipelined_stream:impl|fir_filter_parallel_reduced_pipelined:impl|product_terms_pipe[0][77][37]  ; Lost fanout                            ;
; fir_filter_parallel_reduced_pipelined_stream:impl|fir_filter_parallel_reduced_pipelined:impl|product_terms_pipe[0][77][36]  ; Lost fanout                            ;
; fir_filter_parallel_reduced_pipelined_stream:impl|fir_filter_parallel_reduced_pipelined:impl|product_terms_pipe[0][77][35]  ; Lost fanout                            ;
; fir_filter_parallel_reduced_pipelined_stream:impl|fir_filter_parallel_reduced_pipelined:impl|product_terms_pipe[0][77][34]  ; Lost fanout                            ;
; fir_filter_parallel_reduced_pipelined_stream:impl|fir_filter_parallel_reduced_pipelined:impl|product_terms_pipe[0][77][33]  ; Lost fanout                            ;
; fir_filter_parallel_reduced_pipelined_stream:impl|fir_filter_parallel_reduced_pipelined:impl|product_terms_pipe[0][77][32]  ; Lost fanout                            ;
; fir_filter_parallel_reduced_pipelined_stream:impl|fir_filter_parallel_reduced_pipelined:impl|product_terms_pipe[0][77][31]  ; Lost fanout                            ;
; fir_filter_parallel_reduced_pipelined_stream:impl|fir_filter_parallel_reduced_pipelined:impl|product_terms_pipe[0][77][30]  ; Lost fanout                            ;
; fir_filter_parallel_reduced_pipelined_stream:impl|fir_filter_parallel_reduced_pipelined:impl|product_terms_pipe[0][77][29]  ; Lost fanout                            ;
; fir_filter_parallel_reduced_pipelined_stream:impl|fir_filter_parallel_reduced_pipelined:impl|product_terms_pipe[0][77][28]  ; Lost fanout                            ;
; fir_filter_parallel_reduced_pipelined_stream:impl|fir_filter_parallel_reduced_pipelined:impl|product_terms_pipe[0][77][27]  ; Lost fanout                            ;
; fir_filter_parallel_reduced_pipelined_stream:impl|fir_filter_parallel_reduced_pipelined:impl|product_terms_pipe[0][77][26]  ; Lost fanout                            ;
; fir_filter_parallel_reduced_pipelined_stream:impl|fir_filter_parallel_reduced_pipelined:impl|product_terms_pipe[0][77][25]  ; Lost fanout                            ;
; fir_filter_parallel_reduced_pipelined_stream:impl|fir_filter_parallel_reduced_pipelined:impl|product_terms_pipe[0][77][24]  ; Lost fanout                            ;
; fir_filter_parallel_reduced_pipelined_stream:impl|fir_filter_parallel_reduced_pipelined:impl|product_terms_pipe[0][77][23]  ; Lost fanout                            ;
; fir_filter_parallel_reduced_pipelined_stream:impl|fir_filter_parallel_reduced_pipelined:impl|product_terms_pipe[0][77][22]  ; Lost fanout                            ;
; fir_filter_parallel_reduced_pipelined_stream:impl|fir_filter_parallel_reduced_pipelined:impl|product_terms_pipe[0][77][21]  ; Lost fanout                            ;
; fir_filter_parallel_reduced_pipelined_stream:impl|fir_filter_parallel_reduced_pipelined:impl|product_terms_pipe[0][77][20]  ; Lost fanout                            ;
; fir_filter_parallel_reduced_pipelined_stream:impl|fir_filter_parallel_reduced_pipelined:impl|product_terms_pipe[0][77][19]  ; Lost fanout                            ;
; fir_filter_parallel_reduced_pipelined_stream:impl|fir_filter_parallel_reduced_pipelined:impl|product_terms_pipe[0][77][18]  ; Lost fanout                            ;
; fir_filter_parallel_reduced_pipelined_stream:impl|fir_filter_parallel_reduced_pipelined:impl|product_terms_pipe[0][77][17]  ; Lost fanout                            ;
; fir_filter_parallel_reduced_pipelined_stream:impl|fir_filter_parallel_reduced_pipelined:impl|product_terms_pipe[0][77][16]  ; Lost fanout                            ;
; fir_filter_parallel_reduced_pipelined_stream:impl|fir_filter_parallel_reduced_pipelined:impl|product_terms_pipe[0][77][15]  ; Lost fanout                            ;
; fir_filter_parallel_reduced_pipelined_stream:impl|fir_filter_parallel_reduced_pipelined:impl|product_terms_pipe[0][77][14]  ; Lost fanout                            ;
; fir_filter_parallel_reduced_pipelined_stream:impl|fir_filter_parallel_reduced_pipelined:impl|product_terms_pipe[0][77][13]  ; Lost fanout                            ;
; fir_filter_parallel_reduced_pipelined_stream:impl|fir_filter_parallel_reduced_pipelined:impl|product_terms_pipe[0][77][12]  ; Lost fanout                            ;
; fir_filter_parallel_reduced_pipelined_stream:impl|fir_filter_parallel_reduced_pipelined:impl|product_terms_pipe[0][77][11]  ; Lost fanout                            ;
; fir_filter_parallel_reduced_pipelined_stream:impl|fir_filter_parallel_reduced_pipelined:impl|product_terms_pipe[0][77][10]  ; Lost fanout                            ;
; fir_filter_parallel_reduced_pipelined_stream:impl|fir_filter_parallel_reduced_pipelined:impl|product_terms_pipe[0][77][9]   ; Lost fanout                            ;
; fir_filter_parallel_reduced_pipelined_stream:impl|fir_filter_parallel_reduced_pipelined:impl|product_terms_pipe[0][77][8]   ; Lost fanout                            ;
; fir_filter_parallel_reduced_pipelined_stream:impl|fir_filter_parallel_reduced_pipelined:impl|product_terms_pipe[0][77][7]   ; Lost fanout                            ;
; fir_filter_parallel_reduced_pipelined_stream:impl|fir_filter_parallel_reduced_pipelined:impl|product_terms_pipe[0][77][6]   ; Lost fanout                            ;
; fir_filter_parallel_reduced_pipelined_stream:impl|fir_filter_parallel_reduced_pipelined:impl|product_terms_pipe[0][77][5]   ; Lost fanout                            ;
; fir_filter_parallel_reduced_pipelined_stream:impl|fir_filter_parallel_reduced_pipelined:impl|product_terms_pipe[0][77][4]   ; Lost fanout                            ;
; fir_filter_parallel_reduced_pipelined_stream:impl|fir_filter_parallel_reduced_pipelined:impl|product_terms_pipe[0][77][3]   ; Lost fanout                            ;
; fir_filter_parallel_reduced_pipelined_stream:impl|fir_filter_parallel_reduced_pipelined:impl|product_terms_pipe[0][77][2]   ; Lost fanout                            ;
; fir_filter_parallel_reduced_pipelined_stream:impl|fir_filter_parallel_reduced_pipelined:impl|product_terms_pipe[0][77][1]   ; Lost fanout                            ;
; fir_filter_parallel_reduced_pipelined_stream:impl|fir_filter_parallel_reduced_pipelined:impl|product_terms_pipe[0][77][0]   ; Lost fanout                            ;
; fir_filter_parallel_reduced_pipelined_stream:impl|fir_filter_parallel_reduced_pipelined:impl|product_terms_pipe[0][78][45]  ; Lost fanout                            ;
; fir_filter_parallel_reduced_pipelined_stream:impl|fir_filter_parallel_reduced_pipelined:impl|product_terms_pipe[0][78][44]  ; Lost fanout                            ;
; fir_filter_parallel_reduced_pipelined_stream:impl|fir_filter_parallel_reduced_pipelined:impl|product_terms_pipe[0][78][43]  ; Lost fanout                            ;
; fir_filter_parallel_reduced_pipelined_stream:impl|fir_filter_parallel_reduced_pipelined:impl|product_terms_pipe[0][78][42]  ; Lost fanout                            ;
; fir_filter_parallel_reduced_pipelined_stream:impl|fir_filter_parallel_reduced_pipelined:impl|product_terms_pipe[0][78][41]  ; Lost fanout                            ;
; fir_filter_parallel_reduced_pipelined_stream:impl|fir_filter_parallel_reduced_pipelined:impl|product_terms_pipe[0][78][40]  ; Lost fanout                            ;
; fir_filter_parallel_reduced_pipelined_stream:impl|fir_filter_parallel_reduced_pipelined:impl|product_terms_pipe[0][78][39]  ; Lost fanout                            ;
; fir_filter_parallel_reduced_pipelined_stream:impl|fir_filter_parallel_reduced_pipelined:impl|product_terms_pipe[0][78][38]  ; Lost fanout                            ;
; fir_filter_parallel_reduced_pipelined_stream:impl|fir_filter_parallel_reduced_pipelined:impl|product_terms_pipe[0][78][37]  ; Lost fanout                            ;
; fir_filter_parallel_reduced_pipelined_stream:impl|fir_filter_parallel_reduced_pipelined:impl|product_terms_pipe[0][78][36]  ; Lost fanout                            ;
; fir_filter_parallel_reduced_pipelined_stream:impl|fir_filter_parallel_reduced_pipelined:impl|product_terms_pipe[0][78][35]  ; Lost fanout                            ;
; fir_filter_parallel_reduced_pipelined_stream:impl|fir_filter_parallel_reduced_pipelined:impl|product_terms_pipe[0][78][34]  ; Lost fanout                            ;
; fir_filter_parallel_reduced_pipelined_stream:impl|fir_filter_parallel_reduced_pipelined:impl|product_terms_pipe[0][78][33]  ; Lost fanout                            ;
; fir_filter_parallel_reduced_pipelined_stream:impl|fir_filter_parallel_reduced_pipelined:impl|product_terms_pipe[0][78][32]  ; Lost fanout                            ;
; fir_filter_parallel_reduced_pipelined_stream:impl|fir_filter_parallel_reduced_pipelined:impl|product_terms_pipe[0][78][31]  ; Lost fanout                            ;
; fir_filter_parallel_reduced_pipelined_stream:impl|fir_filter_parallel_reduced_pipelined:impl|product_terms_pipe[0][78][30]  ; Lost fanout                            ;
; fir_filter_parallel_reduced_pipelined_stream:impl|fir_filter_parallel_reduced_pipelined:impl|product_terms_pipe[0][78][29]  ; Lost fanout                            ;
; fir_filter_parallel_reduced_pipelined_stream:impl|fir_filter_parallel_reduced_pipelined:impl|product_terms_pipe[0][78][28]  ; Lost fanout                            ;
; fir_filter_parallel_reduced_pipelined_stream:impl|fir_filter_parallel_reduced_pipelined:impl|product_terms_pipe[0][78][27]  ; Lost fanout                            ;
; fir_filter_parallel_reduced_pipelined_stream:impl|fir_filter_parallel_reduced_pipelined:impl|product_terms_pipe[0][78][26]  ; Lost fanout                            ;
; fir_filter_parallel_reduced_pipelined_stream:impl|fir_filter_parallel_reduced_pipelined:impl|product_terms_pipe[0][78][25]  ; Lost fanout                            ;
; fir_filter_parallel_reduced_pipelined_stream:impl|fir_filter_parallel_reduced_pipelined:impl|product_terms_pipe[0][78][24]  ; Lost fanout                            ;
; fir_filter_parallel_reduced_pipelined_stream:impl|fir_filter_parallel_reduced_pipelined:impl|product_terms_pipe[0][78][23]  ; Lost fanout                            ;
; fir_filter_parallel_reduced_pipelined_stream:impl|fir_filter_parallel_reduced_pipelined:impl|product_terms_pipe[0][78][22]  ; Lost fanout                            ;
; fir_filter_parallel_reduced_pipelined_stream:impl|fir_filter_parallel_reduced_pipelined:impl|product_terms_pipe[0][78][21]  ; Lost fanout                            ;
; fir_filter_parallel_reduced_pipelined_stream:impl|fir_filter_parallel_reduced_pipelined:impl|product_terms_pipe[0][78][20]  ; Lost fanout                            ;
; fir_filter_parallel_reduced_pipelined_stream:impl|fir_filter_parallel_reduced_pipelined:impl|product_terms_pipe[0][78][19]  ; Lost fanout                            ;
; fir_filter_parallel_reduced_pipelined_stream:impl|fir_filter_parallel_reduced_pipelined:impl|product_terms_pipe[0][78][18]  ; Lost fanout                            ;
; fir_filter_parallel_reduced_pipelined_stream:impl|fir_filter_parallel_reduced_pipelined:impl|product_terms_pipe[0][78][17]  ; Lost fanout                            ;
; fir_filter_parallel_reduced_pipelined_stream:impl|fir_filter_parallel_reduced_pipelined:impl|product_terms_pipe[0][78][16]  ; Lost fanout                            ;
; fir_filter_parallel_reduced_pipelined_stream:impl|fir_filter_parallel_reduced_pipelined:impl|product_terms_pipe[0][78][15]  ; Lost fanout                            ;
; fir_filter_parallel_reduced_pipelined_stream:impl|fir_filter_parallel_reduced_pipelined:impl|product_terms_pipe[0][78][14]  ; Lost fanout                            ;
; fir_filter_parallel_reduced_pipelined_stream:impl|fir_filter_parallel_reduced_pipelined:impl|product_terms_pipe[0][78][13]  ; Lost fanout                            ;
; fir_filter_parallel_reduced_pipelined_stream:impl|fir_filter_parallel_reduced_pipelined:impl|product_terms_pipe[0][78][12]  ; Lost fanout                            ;
; fir_filter_parallel_reduced_pipelined_stream:impl|fir_filter_parallel_reduced_pipelined:impl|product_terms_pipe[0][78][11]  ; Lost fanout                            ;
; fir_filter_parallel_reduced_pipelined_stream:impl|fir_filter_parallel_reduced_pipelined:impl|product_terms_pipe[0][78][10]  ; Lost fanout                            ;
; fir_filter_parallel_reduced_pipelined_stream:impl|fir_filter_parallel_reduced_pipelined:impl|product_terms_pipe[0][78][9]   ; Lost fanout                            ;
; fir_filter_parallel_reduced_pipelined_stream:impl|fir_filter_parallel_reduced_pipelined:impl|product_terms_pipe[0][78][8]   ; Lost fanout                            ;
; fir_filter_parallel_reduced_pipelined_stream:impl|fir_filter_parallel_reduced_pipelined:impl|product_terms_pipe[0][78][7]   ; Lost fanout                            ;
; fir_filter_parallel_reduced_pipelined_stream:impl|fir_filter_parallel_reduced_pipelined:impl|product_terms_pipe[0][78][6]   ; Lost fanout                            ;
; fir_filter_parallel_reduced_pipelined_stream:impl|fir_filter_parallel_reduced_pipelined:impl|product_terms_pipe[0][78][5]   ; Lost fanout                            ;
; fir_filter_parallel_reduced_pipelined_stream:impl|fir_filter_parallel_reduced_pipelined:impl|product_terms_pipe[0][78][4]   ; Lost fanout                            ;
; fir_filter_parallel_reduced_pipelined_stream:impl|fir_filter_parallel_reduced_pipelined:impl|product_terms_pipe[0][78][3]   ; Lost fanout                            ;
; fir_filter_parallel_reduced_pipelined_stream:impl|fir_filter_parallel_reduced_pipelined:impl|product_terms_pipe[0][78][2]   ; Lost fanout                            ;
; fir_filter_parallel_reduced_pipelined_stream:impl|fir_filter_parallel_reduced_pipelined:impl|product_terms_pipe[0][78][1]   ; Lost fanout                            ;
; fir_filter_parallel_reduced_pipelined_stream:impl|fir_filter_parallel_reduced_pipelined:impl|product_terms_pipe[0][78][0]   ; Lost fanout                            ;
; fir_filter_parallel_reduced_pipelined_stream:impl|fir_filter_parallel_reduced_pipelined:impl|product_terms_pipe[0][79][45]  ; Lost fanout                            ;
; fir_filter_parallel_reduced_pipelined_stream:impl|fir_filter_parallel_reduced_pipelined:impl|product_terms_pipe[0][79][44]  ; Lost fanout                            ;
; fir_filter_parallel_reduced_pipelined_stream:impl|fir_filter_parallel_reduced_pipelined:impl|product_terms_pipe[0][79][43]  ; Lost fanout                            ;
; fir_filter_parallel_reduced_pipelined_stream:impl|fir_filter_parallel_reduced_pipelined:impl|product_terms_pipe[0][79][42]  ; Lost fanout                            ;
; fir_filter_parallel_reduced_pipelined_stream:impl|fir_filter_parallel_reduced_pipelined:impl|product_terms_pipe[0][79][41]  ; Lost fanout                            ;
; fir_filter_parallel_reduced_pipelined_stream:impl|fir_filter_parallel_reduced_pipelined:impl|product_terms_pipe[0][79][40]  ; Lost fanout                            ;
; fir_filter_parallel_reduced_pipelined_stream:impl|fir_filter_parallel_reduced_pipelined:impl|product_terms_pipe[0][79][39]  ; Lost fanout                            ;
; fir_filter_parallel_reduced_pipelined_stream:impl|fir_filter_parallel_reduced_pipelined:impl|product_terms_pipe[0][79][38]  ; Lost fanout                            ;
; fir_filter_parallel_reduced_pipelined_stream:impl|fir_filter_parallel_reduced_pipelined:impl|product_terms_pipe[0][79][37]  ; Lost fanout                            ;
; fir_filter_parallel_reduced_pipelined_stream:impl|fir_filter_parallel_reduced_pipelined:impl|product_terms_pipe[0][79][36]  ; Lost fanout                            ;
; fir_filter_parallel_reduced_pipelined_stream:impl|fir_filter_parallel_reduced_pipelined:impl|product_terms_pipe[0][79][35]  ; Lost fanout                            ;
; fir_filter_parallel_reduced_pipelined_stream:impl|fir_filter_parallel_reduced_pipelined:impl|product_terms_pipe[0][79][34]  ; Lost fanout                            ;
; fir_filter_parallel_reduced_pipelined_stream:impl|fir_filter_parallel_reduced_pipelined:impl|product_terms_pipe[0][79][33]  ; Lost fanout                            ;
; fir_filter_parallel_reduced_pipelined_stream:impl|fir_filter_parallel_reduced_pipelined:impl|product_terms_pipe[0][79][32]  ; Lost fanout                            ;
; fir_filter_parallel_reduced_pipelined_stream:impl|fir_filter_parallel_reduced_pipelined:impl|product_terms_pipe[0][79][31]  ; Lost fanout                            ;
; fir_filter_parallel_reduced_pipelined_stream:impl|fir_filter_parallel_reduced_pipelined:impl|product_terms_pipe[0][79][30]  ; Lost fanout                            ;
; fir_filter_parallel_reduced_pipelined_stream:impl|fir_filter_parallel_reduced_pipelined:impl|product_terms_pipe[0][79][29]  ; Lost fanout                            ;
; fir_filter_parallel_reduced_pipelined_stream:impl|fir_filter_parallel_reduced_pipelined:impl|product_terms_pipe[0][79][28]  ; Lost fanout                            ;
; fir_filter_parallel_reduced_pipelined_stream:impl|fir_filter_parallel_reduced_pipelined:impl|product_terms_pipe[0][79][27]  ; Lost fanout                            ;
; fir_filter_parallel_reduced_pipelined_stream:impl|fir_filter_parallel_reduced_pipelined:impl|product_terms_pipe[0][79][26]  ; Lost fanout                            ;
; fir_filter_parallel_reduced_pipelined_stream:impl|fir_filter_parallel_reduced_pipelined:impl|product_terms_pipe[0][79][25]  ; Lost fanout                            ;
; fir_filter_parallel_reduced_pipelined_stream:impl|fir_filter_parallel_reduced_pipelined:impl|product_terms_pipe[0][79][24]  ; Lost fanout                            ;
; fir_filter_parallel_reduced_pipelined_stream:impl|fir_filter_parallel_reduced_pipelined:impl|product_terms_pipe[0][79][23]  ; Lost fanout                            ;
; fir_filter_parallel_reduced_pipelined_stream:impl|fir_filter_parallel_reduced_pipelined:impl|product_terms_pipe[0][79][22]  ; Lost fanout                            ;
; fir_filter_parallel_reduced_pipelined_stream:impl|fir_filter_parallel_reduced_pipelined:impl|product_terms_pipe[0][79][21]  ; Lost fanout                            ;
; fir_filter_parallel_reduced_pipelined_stream:impl|fir_filter_parallel_reduced_pipelined:impl|product_terms_pipe[0][79][20]  ; Lost fanout                            ;
; fir_filter_parallel_reduced_pipelined_stream:impl|fir_filter_parallel_reduced_pipelined:impl|product_terms_pipe[0][79][19]  ; Lost fanout                            ;
; fir_filter_parallel_reduced_pipelined_stream:impl|fir_filter_parallel_reduced_pipelined:impl|product_terms_pipe[0][79][18]  ; Lost fanout                            ;
; fir_filter_parallel_reduced_pipelined_stream:impl|fir_filter_parallel_reduced_pipelined:impl|product_terms_pipe[0][79][17]  ; Lost fanout                            ;
; fir_filter_parallel_reduced_pipelined_stream:impl|fir_filter_parallel_reduced_pipelined:impl|product_terms_pipe[0][79][16]  ; Lost fanout                            ;
; fir_filter_parallel_reduced_pipelined_stream:impl|fir_filter_parallel_reduced_pipelined:impl|product_terms_pipe[0][79][15]  ; Lost fanout                            ;
; fir_filter_parallel_reduced_pipelined_stream:impl|fir_filter_parallel_reduced_pipelined:impl|product_terms_pipe[0][79][14]  ; Lost fanout                            ;
; fir_filter_parallel_reduced_pipelined_stream:impl|fir_filter_parallel_reduced_pipelined:impl|product_terms_pipe[0][79][13]  ; Lost fanout                            ;
; fir_filter_parallel_reduced_pipelined_stream:impl|fir_filter_parallel_reduced_pipelined:impl|product_terms_pipe[0][79][12]  ; Lost fanout                            ;
; fir_filter_parallel_reduced_pipelined_stream:impl|fir_filter_parallel_reduced_pipelined:impl|product_terms_pipe[0][79][11]  ; Lost fanout                            ;
; fir_filter_parallel_reduced_pipelined_stream:impl|fir_filter_parallel_reduced_pipelined:impl|product_terms_pipe[0][79][10]  ; Lost fanout                            ;
; fir_filter_parallel_reduced_pipelined_stream:impl|fir_filter_parallel_reduced_pipelined:impl|product_terms_pipe[0][79][9]   ; Lost fanout                            ;
; fir_filter_parallel_reduced_pipelined_stream:impl|fir_filter_parallel_reduced_pipelined:impl|product_terms_pipe[0][79][8]   ; Lost fanout                            ;
; fir_filter_parallel_reduced_pipelined_stream:impl|fir_filter_parallel_reduced_pipelined:impl|product_terms_pipe[0][79][7]   ; Lost fanout                            ;
; fir_filter_parallel_reduced_pipelined_stream:impl|fir_filter_parallel_reduced_pipelined:impl|product_terms_pipe[0][79][6]   ; Lost fanout                            ;
; fir_filter_parallel_reduced_pipelined_stream:impl|fir_filter_parallel_reduced_pipelined:impl|product_terms_pipe[0][79][5]   ; Lost fanout                            ;
; fir_filter_parallel_reduced_pipelined_stream:impl|fir_filter_parallel_reduced_pipelined:impl|product_terms_pipe[0][79][4]   ; Lost fanout                            ;
; fir_filter_parallel_reduced_pipelined_stream:impl|fir_filter_parallel_reduced_pipelined:impl|product_terms_pipe[0][79][3]   ; Lost fanout                            ;
; fir_filter_parallel_reduced_pipelined_stream:impl|fir_filter_parallel_reduced_pipelined:impl|product_terms_pipe[0][79][2]   ; Lost fanout                            ;
; fir_filter_parallel_reduced_pipelined_stream:impl|fir_filter_parallel_reduced_pipelined:impl|product_terms_pipe[0][79][1]   ; Lost fanout                            ;
; fir_filter_parallel_reduced_pipelined_stream:impl|fir_filter_parallel_reduced_pipelined:impl|product_terms_pipe[0][79][0]   ; Lost fanout                            ;
; fir_filter_parallel_reduced_pipelined_stream:impl|fir_filter_parallel_reduced_pipelined:impl|product_terms_pipe[0][80][45]  ; Lost fanout                            ;
; fir_filter_parallel_reduced_pipelined_stream:impl|fir_filter_parallel_reduced_pipelined:impl|product_terms_pipe[0][80][44]  ; Lost fanout                            ;
; fir_filter_parallel_reduced_pipelined_stream:impl|fir_filter_parallel_reduced_pipelined:impl|product_terms_pipe[0][80][43]  ; Lost fanout                            ;
; fir_filter_parallel_reduced_pipelined_stream:impl|fir_filter_parallel_reduced_pipelined:impl|product_terms_pipe[0][80][42]  ; Lost fanout                            ;
; fir_filter_parallel_reduced_pipelined_stream:impl|fir_filter_parallel_reduced_pipelined:impl|product_terms_pipe[0][80][41]  ; Lost fanout                            ;
; fir_filter_parallel_reduced_pipelined_stream:impl|fir_filter_parallel_reduced_pipelined:impl|product_terms_pipe[0][80][40]  ; Lost fanout                            ;
; fir_filter_parallel_reduced_pipelined_stream:impl|fir_filter_parallel_reduced_pipelined:impl|product_terms_pipe[0][80][39]  ; Lost fanout                            ;
; fir_filter_parallel_reduced_pipelined_stream:impl|fir_filter_parallel_reduced_pipelined:impl|product_terms_pipe[0][80][38]  ; Lost fanout                            ;
; fir_filter_parallel_reduced_pipelined_stream:impl|fir_filter_parallel_reduced_pipelined:impl|product_terms_pipe[0][80][37]  ; Lost fanout                            ;
; fir_filter_parallel_reduced_pipelined_stream:impl|fir_filter_parallel_reduced_pipelined:impl|product_terms_pipe[0][80][36]  ; Lost fanout                            ;
; fir_filter_parallel_reduced_pipelined_stream:impl|fir_filter_parallel_reduced_pipelined:impl|product_terms_pipe[0][80][35]  ; Lost fanout                            ;
; fir_filter_parallel_reduced_pipelined_stream:impl|fir_filter_parallel_reduced_pipelined:impl|product_terms_pipe[0][80][34]  ; Lost fanout                            ;
; fir_filter_parallel_reduced_pipelined_stream:impl|fir_filter_parallel_reduced_pipelined:impl|product_terms_pipe[0][80][33]  ; Lost fanout                            ;
; fir_filter_parallel_reduced_pipelined_stream:impl|fir_filter_parallel_reduced_pipelined:impl|product_terms_pipe[0][80][32]  ; Lost fanout                            ;
; fir_filter_parallel_reduced_pipelined_stream:impl|fir_filter_parallel_reduced_pipelined:impl|product_terms_pipe[0][80][31]  ; Lost fanout                            ;
; fir_filter_parallel_reduced_pipelined_stream:impl|fir_filter_parallel_reduced_pipelined:impl|product_terms_pipe[0][80][30]  ; Lost fanout                            ;
; fir_filter_parallel_reduced_pipelined_stream:impl|fir_filter_parallel_reduced_pipelined:impl|product_terms_pipe[0][80][29]  ; Lost fanout                            ;
; fir_filter_parallel_reduced_pipelined_stream:impl|fir_filter_parallel_reduced_pipelined:impl|product_terms_pipe[0][80][28]  ; Lost fanout                            ;
; fir_filter_parallel_reduced_pipelined_stream:impl|fir_filter_parallel_reduced_pipelined:impl|product_terms_pipe[0][80][27]  ; Lost fanout                            ;
; fir_filter_parallel_reduced_pipelined_stream:impl|fir_filter_parallel_reduced_pipelined:impl|product_terms_pipe[0][80][26]  ; Lost fanout                            ;
; fir_filter_parallel_reduced_pipelined_stream:impl|fir_filter_parallel_reduced_pipelined:impl|product_terms_pipe[0][80][25]  ; Lost fanout                            ;
; fir_filter_parallel_reduced_pipelined_stream:impl|fir_filter_parallel_reduced_pipelined:impl|product_terms_pipe[0][80][24]  ; Lost fanout                            ;
; fir_filter_parallel_reduced_pipelined_stream:impl|fir_filter_parallel_reduced_pipelined:impl|product_terms_pipe[0][80][23]  ; Lost fanout                            ;
; fir_filter_parallel_reduced_pipelined_stream:impl|fir_filter_parallel_reduced_pipelined:impl|product_terms_pipe[0][80][22]  ; Lost fanout                            ;
; fir_filter_parallel_reduced_pipelined_stream:impl|fir_filter_parallel_reduced_pipelined:impl|product_terms_pipe[0][80][21]  ; Lost fanout                            ;
; fir_filter_parallel_reduced_pipelined_stream:impl|fir_filter_parallel_reduced_pipelined:impl|product_terms_pipe[0][80][20]  ; Lost fanout                            ;
; fir_filter_parallel_reduced_pipelined_stream:impl|fir_filter_parallel_reduced_pipelined:impl|product_terms_pipe[0][80][19]  ; Lost fanout                            ;
; fir_filter_parallel_reduced_pipelined_stream:impl|fir_filter_parallel_reduced_pipelined:impl|product_terms_pipe[0][80][18]  ; Lost fanout                            ;
; fir_filter_parallel_reduced_pipelined_stream:impl|fir_filter_parallel_reduced_pipelined:impl|product_terms_pipe[0][80][17]  ; Lost fanout                            ;
; fir_filter_parallel_reduced_pipelined_stream:impl|fir_filter_parallel_reduced_pipelined:impl|product_terms_pipe[0][80][16]  ; Lost fanout                            ;
; fir_filter_parallel_reduced_pipelined_stream:impl|fir_filter_parallel_reduced_pipelined:impl|product_terms_pipe[0][80][15]  ; Lost fanout                            ;
; fir_filter_parallel_reduced_pipelined_stream:impl|fir_filter_parallel_reduced_pipelined:impl|product_terms_pipe[0][80][14]  ; Lost fanout                            ;
; fir_filter_parallel_reduced_pipelined_stream:impl|fir_filter_parallel_reduced_pipelined:impl|product_terms_pipe[0][80][13]  ; Lost fanout                            ;
; fir_filter_parallel_reduced_pipelined_stream:impl|fir_filter_parallel_reduced_pipelined:impl|product_terms_pipe[0][80][12]  ; Lost fanout                            ;
; fir_filter_parallel_reduced_pipelined_stream:impl|fir_filter_parallel_reduced_pipelined:impl|product_terms_pipe[0][80][11]  ; Lost fanout                            ;
; fir_filter_parallel_reduced_pipelined_stream:impl|fir_filter_parallel_reduced_pipelined:impl|product_terms_pipe[0][80][10]  ; Lost fanout                            ;
; fir_filter_parallel_reduced_pipelined_stream:impl|fir_filter_parallel_reduced_pipelined:impl|product_terms_pipe[0][80][9]   ; Lost fanout                            ;
; fir_filter_parallel_reduced_pipelined_stream:impl|fir_filter_parallel_reduced_pipelined:impl|product_terms_pipe[0][80][8]   ; Lost fanout                            ;
; fir_filter_parallel_reduced_pipelined_stream:impl|fir_filter_parallel_reduced_pipelined:impl|product_terms_pipe[0][80][7]   ; Lost fanout                            ;
; fir_filter_parallel_reduced_pipelined_stream:impl|fir_filter_parallel_reduced_pipelined:impl|product_terms_pipe[0][80][6]   ; Lost fanout                            ;
; fir_filter_parallel_reduced_pipelined_stream:impl|fir_filter_parallel_reduced_pipelined:impl|product_terms_pipe[0][80][5]   ; Lost fanout                            ;
; fir_filter_parallel_reduced_pipelined_stream:impl|fir_filter_parallel_reduced_pipelined:impl|product_terms_pipe[0][80][4]   ; Lost fanout                            ;
; fir_filter_parallel_reduced_pipelined_stream:impl|fir_filter_parallel_reduced_pipelined:impl|product_terms_pipe[0][80][3]   ; Lost fanout                            ;
; fir_filter_parallel_reduced_pipelined_stream:impl|fir_filter_parallel_reduced_pipelined:impl|product_terms_pipe[0][80][2]   ; Lost fanout                            ;
; fir_filter_parallel_reduced_pipelined_stream:impl|fir_filter_parallel_reduced_pipelined:impl|product_terms_pipe[0][80][1]   ; Lost fanout                            ;
; fir_filter_parallel_reduced_pipelined_stream:impl|fir_filter_parallel_reduced_pipelined:impl|product_terms_pipe[0][80][0]   ; Lost fanout                            ;
; fir_filter_parallel_reduced_pipelined_stream:impl|fir_filter_parallel_reduced_pipelined:impl|product_terms_pipe[0][81][45]  ; Lost fanout                            ;
; fir_filter_parallel_reduced_pipelined_stream:impl|fir_filter_parallel_reduced_pipelined:impl|product_terms_pipe[0][81][44]  ; Lost fanout                            ;
; fir_filter_parallel_reduced_pipelined_stream:impl|fir_filter_parallel_reduced_pipelined:impl|product_terms_pipe[0][81][43]  ; Lost fanout                            ;
; fir_filter_parallel_reduced_pipelined_stream:impl|fir_filter_parallel_reduced_pipelined:impl|product_terms_pipe[0][81][42]  ; Lost fanout                            ;
; fir_filter_parallel_reduced_pipelined_stream:impl|fir_filter_parallel_reduced_pipelined:impl|product_terms_pipe[0][81][41]  ; Lost fanout                            ;
; fir_filter_parallel_reduced_pipelined_stream:impl|fir_filter_parallel_reduced_pipelined:impl|product_terms_pipe[0][81][40]  ; Lost fanout                            ;
; fir_filter_parallel_reduced_pipelined_stream:impl|fir_filter_parallel_reduced_pipelined:impl|product_terms_pipe[0][81][39]  ; Lost fanout                            ;
; fir_filter_parallel_reduced_pipelined_stream:impl|fir_filter_parallel_reduced_pipelined:impl|product_terms_pipe[0][81][38]  ; Lost fanout                            ;
; fir_filter_parallel_reduced_pipelined_stream:impl|fir_filter_parallel_reduced_pipelined:impl|product_terms_pipe[0][81][37]  ; Lost fanout                            ;
; fir_filter_parallel_reduced_pipelined_stream:impl|fir_filter_parallel_reduced_pipelined:impl|product_terms_pipe[0][81][36]  ; Lost fanout                            ;
; fir_filter_parallel_reduced_pipelined_stream:impl|fir_filter_parallel_reduced_pipelined:impl|product_terms_pipe[0][81][35]  ; Lost fanout                            ;
; fir_filter_parallel_reduced_pipelined_stream:impl|fir_filter_parallel_reduced_pipelined:impl|product_terms_pipe[0][81][34]  ; Lost fanout                            ;
; fir_filter_parallel_reduced_pipelined_stream:impl|fir_filter_parallel_reduced_pipelined:impl|product_terms_pipe[0][81][33]  ; Lost fanout                            ;
; fir_filter_parallel_reduced_pipelined_stream:impl|fir_filter_parallel_reduced_pipelined:impl|product_terms_pipe[0][81][32]  ; Lost fanout                            ;
; fir_filter_parallel_reduced_pipelined_stream:impl|fir_filter_parallel_reduced_pipelined:impl|product_terms_pipe[0][81][31]  ; Lost fanout                            ;
; fir_filter_parallel_reduced_pipelined_stream:impl|fir_filter_parallel_reduced_pipelined:impl|product_terms_pipe[0][81][30]  ; Lost fanout                            ;
; fir_filter_parallel_reduced_pipelined_stream:impl|fir_filter_parallel_reduced_pipelined:impl|product_terms_pipe[0][81][29]  ; Lost fanout                            ;
; fir_filter_parallel_reduced_pipelined_stream:impl|fir_filter_parallel_reduced_pipelined:impl|product_terms_pipe[0][81][28]  ; Lost fanout                            ;
; fir_filter_parallel_reduced_pipelined_stream:impl|fir_filter_parallel_reduced_pipelined:impl|product_terms_pipe[0][81][27]  ; Lost fanout                            ;
; fir_filter_parallel_reduced_pipelined_stream:impl|fir_filter_parallel_reduced_pipelined:impl|product_terms_pipe[0][81][26]  ; Lost fanout                            ;
; fir_filter_parallel_reduced_pipelined_stream:impl|fir_filter_parallel_reduced_pipelined:impl|product_terms_pipe[0][81][25]  ; Lost fanout                            ;
; fir_filter_parallel_reduced_pipelined_stream:impl|fir_filter_parallel_reduced_pipelined:impl|product_terms_pipe[0][81][24]  ; Lost fanout                            ;
; fir_filter_parallel_reduced_pipelined_stream:impl|fir_filter_parallel_reduced_pipelined:impl|product_terms_pipe[0][81][23]  ; Lost fanout                            ;
; fir_filter_parallel_reduced_pipelined_stream:impl|fir_filter_parallel_reduced_pipelined:impl|product_terms_pipe[0][81][22]  ; Lost fanout                            ;
; fir_filter_parallel_reduced_pipelined_stream:impl|fir_filter_parallel_reduced_pipelined:impl|product_terms_pipe[0][81][21]  ; Lost fanout                            ;
; fir_filter_parallel_reduced_pipelined_stream:impl|fir_filter_parallel_reduced_pipelined:impl|product_terms_pipe[0][81][20]  ; Lost fanout                            ;
; fir_filter_parallel_reduced_pipelined_stream:impl|fir_filter_parallel_reduced_pipelined:impl|product_terms_pipe[0][81][19]  ; Lost fanout                            ;
; fir_filter_parallel_reduced_pipelined_stream:impl|fir_filter_parallel_reduced_pipelined:impl|product_terms_pipe[0][81][18]  ; Lost fanout                            ;
; fir_filter_parallel_reduced_pipelined_stream:impl|fir_filter_parallel_reduced_pipelined:impl|product_terms_pipe[0][81][17]  ; Lost fanout                            ;
; fir_filter_parallel_reduced_pipelined_stream:impl|fir_filter_parallel_reduced_pipelined:impl|product_terms_pipe[0][81][16]  ; Lost fanout                            ;
; fir_filter_parallel_reduced_pipelined_stream:impl|fir_filter_parallel_reduced_pipelined:impl|product_terms_pipe[0][81][15]  ; Lost fanout                            ;
; fir_filter_parallel_reduced_pipelined_stream:impl|fir_filter_parallel_reduced_pipelined:impl|product_terms_pipe[0][81][14]  ; Lost fanout                            ;
; fir_filter_parallel_reduced_pipelined_stream:impl|fir_filter_parallel_reduced_pipelined:impl|product_terms_pipe[0][81][13]  ; Lost fanout                            ;
; fir_filter_parallel_reduced_pipelined_stream:impl|fir_filter_parallel_reduced_pipelined:impl|product_terms_pipe[0][81][12]  ; Lost fanout                            ;
; fir_filter_parallel_reduced_pipelined_stream:impl|fir_filter_parallel_reduced_pipelined:impl|product_terms_pipe[0][81][11]  ; Lost fanout                            ;
; fir_filter_parallel_reduced_pipelined_stream:impl|fir_filter_parallel_reduced_pipelined:impl|product_terms_pipe[0][81][10]  ; Lost fanout                            ;
; fir_filter_parallel_reduced_pipelined_stream:impl|fir_filter_parallel_reduced_pipelined:impl|product_terms_pipe[0][81][9]   ; Lost fanout                            ;
; fir_filter_parallel_reduced_pipelined_stream:impl|fir_filter_parallel_reduced_pipelined:impl|product_terms_pipe[0][81][8]   ; Lost fanout                            ;
; fir_filter_parallel_reduced_pipelined_stream:impl|fir_filter_parallel_reduced_pipelined:impl|product_terms_pipe[0][81][7]   ; Lost fanout                            ;
; fir_filter_parallel_reduced_pipelined_stream:impl|fir_filter_parallel_reduced_pipelined:impl|product_terms_pipe[0][81][6]   ; Lost fanout                            ;
; fir_filter_parallel_reduced_pipelined_stream:impl|fir_filter_parallel_reduced_pipelined:impl|product_terms_pipe[0][81][5]   ; Lost fanout                            ;
; fir_filter_parallel_reduced_pipelined_stream:impl|fir_filter_parallel_reduced_pipelined:impl|product_terms_pipe[0][81][4]   ; Lost fanout                            ;
; fir_filter_parallel_reduced_pipelined_stream:impl|fir_filter_parallel_reduced_pipelined:impl|product_terms_pipe[0][81][3]   ; Lost fanout                            ;
; fir_filter_parallel_reduced_pipelined_stream:impl|fir_filter_parallel_reduced_pipelined:impl|product_terms_pipe[0][81][2]   ; Lost fanout                            ;
; fir_filter_parallel_reduced_pipelined_stream:impl|fir_filter_parallel_reduced_pipelined:impl|product_terms_pipe[0][81][1]   ; Lost fanout                            ;
; fir_filter_parallel_reduced_pipelined_stream:impl|fir_filter_parallel_reduced_pipelined:impl|product_terms_pipe[0][81][0]   ; Lost fanout                            ;
; fir_filter_parallel_reduced_pipelined_stream:impl|fir_filter_parallel_reduced_pipelined:impl|product_terms_pipe[0][82][45]  ; Lost fanout                            ;
; fir_filter_parallel_reduced_pipelined_stream:impl|fir_filter_parallel_reduced_pipelined:impl|product_terms_pipe[0][82][44]  ; Lost fanout                            ;
; fir_filter_parallel_reduced_pipelined_stream:impl|fir_filter_parallel_reduced_pipelined:impl|product_terms_pipe[0][82][43]  ; Lost fanout                            ;
; fir_filter_parallel_reduced_pipelined_stream:impl|fir_filter_parallel_reduced_pipelined:impl|product_terms_pipe[0][82][42]  ; Lost fanout                            ;
; fir_filter_parallel_reduced_pipelined_stream:impl|fir_filter_parallel_reduced_pipelined:impl|product_terms_pipe[0][82][41]  ; Lost fanout                            ;
; fir_filter_parallel_reduced_pipelined_stream:impl|fir_filter_parallel_reduced_pipelined:impl|product_terms_pipe[0][82][40]  ; Lost fanout                            ;
; fir_filter_parallel_reduced_pipelined_stream:impl|fir_filter_parallel_reduced_pipelined:impl|product_terms_pipe[0][82][39]  ; Lost fanout                            ;
; fir_filter_parallel_reduced_pipelined_stream:impl|fir_filter_parallel_reduced_pipelined:impl|product_terms_pipe[0][82][38]  ; Lost fanout                            ;
; fir_filter_parallel_reduced_pipelined_stream:impl|fir_filter_parallel_reduced_pipelined:impl|product_terms_pipe[0][82][37]  ; Lost fanout                            ;
; fir_filter_parallel_reduced_pipelined_stream:impl|fir_filter_parallel_reduced_pipelined:impl|product_terms_pipe[0][82][36]  ; Lost fanout                            ;
; fir_filter_parallel_reduced_pipelined_stream:impl|fir_filter_parallel_reduced_pipelined:impl|product_terms_pipe[0][82][35]  ; Lost fanout                            ;
; fir_filter_parallel_reduced_pipelined_stream:impl|fir_filter_parallel_reduced_pipelined:impl|product_terms_pipe[0][82][34]  ; Lost fanout                            ;
; fir_filter_parallel_reduced_pipelined_stream:impl|fir_filter_parallel_reduced_pipelined:impl|product_terms_pipe[0][82][33]  ; Lost fanout                            ;
; fir_filter_parallel_reduced_pipelined_stream:impl|fir_filter_parallel_reduced_pipelined:impl|product_terms_pipe[0][82][32]  ; Lost fanout                            ;
; fir_filter_parallel_reduced_pipelined_stream:impl|fir_filter_parallel_reduced_pipelined:impl|product_terms_pipe[0][82][31]  ; Lost fanout                            ;
; fir_filter_parallel_reduced_pipelined_stream:impl|fir_filter_parallel_reduced_pipelined:impl|product_terms_pipe[0][82][30]  ; Lost fanout                            ;
; fir_filter_parallel_reduced_pipelined_stream:impl|fir_filter_parallel_reduced_pipelined:impl|product_terms_pipe[0][82][29]  ; Lost fanout                            ;
; fir_filter_parallel_reduced_pipelined_stream:impl|fir_filter_parallel_reduced_pipelined:impl|product_terms_pipe[0][82][28]  ; Lost fanout                            ;
; fir_filter_parallel_reduced_pipelined_stream:impl|fir_filter_parallel_reduced_pipelined:impl|product_terms_pipe[0][82][27]  ; Lost fanout                            ;
; fir_filter_parallel_reduced_pipelined_stream:impl|fir_filter_parallel_reduced_pipelined:impl|product_terms_pipe[0][82][26]  ; Lost fanout                            ;
; fir_filter_parallel_reduced_pipelined_stream:impl|fir_filter_parallel_reduced_pipelined:impl|product_terms_pipe[0][82][25]  ; Lost fanout                            ;
; fir_filter_parallel_reduced_pipelined_stream:impl|fir_filter_parallel_reduced_pipelined:impl|product_terms_pipe[0][82][24]  ; Lost fanout                            ;
; fir_filter_parallel_reduced_pipelined_stream:impl|fir_filter_parallel_reduced_pipelined:impl|product_terms_pipe[0][82][23]  ; Lost fanout                            ;
; fir_filter_parallel_reduced_pipelined_stream:impl|fir_filter_parallel_reduced_pipelined:impl|product_terms_pipe[0][82][22]  ; Lost fanout                            ;
; fir_filter_parallel_reduced_pipelined_stream:impl|fir_filter_parallel_reduced_pipelined:impl|product_terms_pipe[0][82][21]  ; Lost fanout                            ;
; fir_filter_parallel_reduced_pipelined_stream:impl|fir_filter_parallel_reduced_pipelined:impl|product_terms_pipe[0][82][20]  ; Lost fanout                            ;
; fir_filter_parallel_reduced_pipelined_stream:impl|fir_filter_parallel_reduced_pipelined:impl|product_terms_pipe[0][82][19]  ; Lost fanout                            ;
; fir_filter_parallel_reduced_pipelined_stream:impl|fir_filter_parallel_reduced_pipelined:impl|product_terms_pipe[0][82][18]  ; Lost fanout                            ;
; fir_filter_parallel_reduced_pipelined_stream:impl|fir_filter_parallel_reduced_pipelined:impl|product_terms_pipe[0][82][17]  ; Lost fanout                            ;
; fir_filter_parallel_reduced_pipelined_stream:impl|fir_filter_parallel_reduced_pipelined:impl|product_terms_pipe[0][82][16]  ; Lost fanout                            ;
; fir_filter_parallel_reduced_pipelined_stream:impl|fir_filter_parallel_reduced_pipelined:impl|product_terms_pipe[0][82][15]  ; Lost fanout                            ;
; fir_filter_parallel_reduced_pipelined_stream:impl|fir_filter_parallel_reduced_pipelined:impl|product_terms_pipe[0][82][14]  ; Lost fanout                            ;
; fir_filter_parallel_reduced_pipelined_stream:impl|fir_filter_parallel_reduced_pipelined:impl|product_terms_pipe[0][82][13]  ; Lost fanout                            ;
; fir_filter_parallel_reduced_pipelined_stream:impl|fir_filter_parallel_reduced_pipelined:impl|product_terms_pipe[0][82][12]  ; Lost fanout                            ;
; fir_filter_parallel_reduced_pipelined_stream:impl|fir_filter_parallel_reduced_pipelined:impl|product_terms_pipe[0][82][11]  ; Lost fanout                            ;
; fir_filter_parallel_reduced_pipelined_stream:impl|fir_filter_parallel_reduced_pipelined:impl|product_terms_pipe[0][82][10]  ; Lost fanout                            ;
; fir_filter_parallel_reduced_pipelined_stream:impl|fir_filter_parallel_reduced_pipelined:impl|product_terms_pipe[0][82][9]   ; Lost fanout                            ;
; fir_filter_parallel_reduced_pipelined_stream:impl|fir_filter_parallel_reduced_pipelined:impl|product_terms_pipe[0][82][8]   ; Lost fanout                            ;
; fir_filter_parallel_reduced_pipelined_stream:impl|fir_filter_parallel_reduced_pipelined:impl|product_terms_pipe[0][82][7]   ; Lost fanout                            ;
; fir_filter_parallel_reduced_pipelined_stream:impl|fir_filter_parallel_reduced_pipelined:impl|product_terms_pipe[0][82][6]   ; Lost fanout                            ;
; fir_filter_parallel_reduced_pipelined_stream:impl|fir_filter_parallel_reduced_pipelined:impl|product_terms_pipe[0][82][5]   ; Lost fanout                            ;
; fir_filter_parallel_reduced_pipelined_stream:impl|fir_filter_parallel_reduced_pipelined:impl|product_terms_pipe[0][82][4]   ; Lost fanout                            ;
; fir_filter_parallel_reduced_pipelined_stream:impl|fir_filter_parallel_reduced_pipelined:impl|product_terms_pipe[0][82][3]   ; Lost fanout                            ;
; fir_filter_parallel_reduced_pipelined_stream:impl|fir_filter_parallel_reduced_pipelined:impl|product_terms_pipe[0][82][2]   ; Lost fanout                            ;
; fir_filter_parallel_reduced_pipelined_stream:impl|fir_filter_parallel_reduced_pipelined:impl|product_terms_pipe[0][82][1]   ; Lost fanout                            ;
; fir_filter_parallel_reduced_pipelined_stream:impl|fir_filter_parallel_reduced_pipelined:impl|product_terms_pipe[0][82][0]   ; Lost fanout                            ;
; fir_filter_parallel_reduced_pipelined_stream:impl|fir_filter_parallel_reduced_pipelined:impl|product_terms_pipe[0][83][45]  ; Lost fanout                            ;
; fir_filter_parallel_reduced_pipelined_stream:impl|fir_filter_parallel_reduced_pipelined:impl|product_terms_pipe[0][83][44]  ; Lost fanout                            ;
; fir_filter_parallel_reduced_pipelined_stream:impl|fir_filter_parallel_reduced_pipelined:impl|product_terms_pipe[0][83][43]  ; Lost fanout                            ;
; fir_filter_parallel_reduced_pipelined_stream:impl|fir_filter_parallel_reduced_pipelined:impl|product_terms_pipe[0][83][42]  ; Lost fanout                            ;
; fir_filter_parallel_reduced_pipelined_stream:impl|fir_filter_parallel_reduced_pipelined:impl|product_terms_pipe[0][83][41]  ; Lost fanout                            ;
; fir_filter_parallel_reduced_pipelined_stream:impl|fir_filter_parallel_reduced_pipelined:impl|product_terms_pipe[0][83][40]  ; Lost fanout                            ;
; fir_filter_parallel_reduced_pipelined_stream:impl|fir_filter_parallel_reduced_pipelined:impl|product_terms_pipe[0][83][39]  ; Lost fanout                            ;
; fir_filter_parallel_reduced_pipelined_stream:impl|fir_filter_parallel_reduced_pipelined:impl|product_terms_pipe[0][83][38]  ; Lost fanout                            ;
; fir_filter_parallel_reduced_pipelined_stream:impl|fir_filter_parallel_reduced_pipelined:impl|product_terms_pipe[0][83][37]  ; Lost fanout                            ;
; fir_filter_parallel_reduced_pipelined_stream:impl|fir_filter_parallel_reduced_pipelined:impl|product_terms_pipe[0][83][36]  ; Lost fanout                            ;
; fir_filter_parallel_reduced_pipelined_stream:impl|fir_filter_parallel_reduced_pipelined:impl|product_terms_pipe[0][83][35]  ; Lost fanout                            ;
; fir_filter_parallel_reduced_pipelined_stream:impl|fir_filter_parallel_reduced_pipelined:impl|product_terms_pipe[0][83][34]  ; Lost fanout                            ;
; fir_filter_parallel_reduced_pipelined_stream:impl|fir_filter_parallel_reduced_pipelined:impl|product_terms_pipe[0][83][33]  ; Lost fanout                            ;
; fir_filter_parallel_reduced_pipelined_stream:impl|fir_filter_parallel_reduced_pipelined:impl|product_terms_pipe[0][83][32]  ; Lost fanout                            ;
; fir_filter_parallel_reduced_pipelined_stream:impl|fir_filter_parallel_reduced_pipelined:impl|product_terms_pipe[0][83][31]  ; Lost fanout                            ;
; fir_filter_parallel_reduced_pipelined_stream:impl|fir_filter_parallel_reduced_pipelined:impl|product_terms_pipe[0][83][30]  ; Lost fanout                            ;
; fir_filter_parallel_reduced_pipelined_stream:impl|fir_filter_parallel_reduced_pipelined:impl|product_terms_pipe[0][83][29]  ; Lost fanout                            ;
; fir_filter_parallel_reduced_pipelined_stream:impl|fir_filter_parallel_reduced_pipelined:impl|product_terms_pipe[0][83][28]  ; Lost fanout                            ;
; fir_filter_parallel_reduced_pipelined_stream:impl|fir_filter_parallel_reduced_pipelined:impl|product_terms_pipe[0][83][27]  ; Lost fanout                            ;
; fir_filter_parallel_reduced_pipelined_stream:impl|fir_filter_parallel_reduced_pipelined:impl|product_terms_pipe[0][83][26]  ; Lost fanout                            ;
; fir_filter_parallel_reduced_pipelined_stream:impl|fir_filter_parallel_reduced_pipelined:impl|product_terms_pipe[0][83][25]  ; Lost fanout                            ;
; fir_filter_parallel_reduced_pipelined_stream:impl|fir_filter_parallel_reduced_pipelined:impl|product_terms_pipe[0][83][24]  ; Lost fanout                            ;
; fir_filter_parallel_reduced_pipelined_stream:impl|fir_filter_parallel_reduced_pipelined:impl|product_terms_pipe[0][83][23]  ; Lost fanout                            ;
; fir_filter_parallel_reduced_pipelined_stream:impl|fir_filter_parallel_reduced_pipelined:impl|product_terms_pipe[0][83][22]  ; Lost fanout                            ;
; fir_filter_parallel_reduced_pipelined_stream:impl|fir_filter_parallel_reduced_pipelined:impl|product_terms_pipe[0][83][21]  ; Lost fanout                            ;
; fir_filter_parallel_reduced_pipelined_stream:impl|fir_filter_parallel_reduced_pipelined:impl|product_terms_pipe[0][83][20]  ; Lost fanout                            ;
; fir_filter_parallel_reduced_pipelined_stream:impl|fir_filter_parallel_reduced_pipelined:impl|product_terms_pipe[0][83][19]  ; Lost fanout                            ;
; fir_filter_parallel_reduced_pipelined_stream:impl|fir_filter_parallel_reduced_pipelined:impl|product_terms_pipe[0][83][18]  ; Lost fanout                            ;
; fir_filter_parallel_reduced_pipelined_stream:impl|fir_filter_parallel_reduced_pipelined:impl|product_terms_pipe[0][83][17]  ; Lost fanout                            ;
; fir_filter_parallel_reduced_pipelined_stream:impl|fir_filter_parallel_reduced_pipelined:impl|product_terms_pipe[0][83][16]  ; Lost fanout                            ;
; fir_filter_parallel_reduced_pipelined_stream:impl|fir_filter_parallel_reduced_pipelined:impl|product_terms_pipe[0][83][15]  ; Lost fanout                            ;
; fir_filter_parallel_reduced_pipelined_stream:impl|fir_filter_parallel_reduced_pipelined:impl|product_terms_pipe[0][83][14]  ; Lost fanout                            ;
; fir_filter_parallel_reduced_pipelined_stream:impl|fir_filter_parallel_reduced_pipelined:impl|product_terms_pipe[0][83][13]  ; Lost fanout                            ;
; fir_filter_parallel_reduced_pipelined_stream:impl|fir_filter_parallel_reduced_pipelined:impl|product_terms_pipe[0][83][12]  ; Lost fanout                            ;
; fir_filter_parallel_reduced_pipelined_stream:impl|fir_filter_parallel_reduced_pipelined:impl|product_terms_pipe[0][83][11]  ; Lost fanout                            ;
; fir_filter_parallel_reduced_pipelined_stream:impl|fir_filter_parallel_reduced_pipelined:impl|product_terms_pipe[0][83][10]  ; Lost fanout                            ;
; fir_filter_parallel_reduced_pipelined_stream:impl|fir_filter_parallel_reduced_pipelined:impl|product_terms_pipe[0][83][9]   ; Lost fanout                            ;
; fir_filter_parallel_reduced_pipelined_stream:impl|fir_filter_parallel_reduced_pipelined:impl|product_terms_pipe[0][83][8]   ; Lost fanout                            ;
; fir_filter_parallel_reduced_pipelined_stream:impl|fir_filter_parallel_reduced_pipelined:impl|product_terms_pipe[0][83][7]   ; Lost fanout                            ;
; fir_filter_parallel_reduced_pipelined_stream:impl|fir_filter_parallel_reduced_pipelined:impl|product_terms_pipe[0][83][6]   ; Lost fanout                            ;
; fir_filter_parallel_reduced_pipelined_stream:impl|fir_filter_parallel_reduced_pipelined:impl|product_terms_pipe[0][83][5]   ; Lost fanout                            ;
; fir_filter_parallel_reduced_pipelined_stream:impl|fir_filter_parallel_reduced_pipelined:impl|product_terms_pipe[0][83][4]   ; Lost fanout                            ;
; fir_filter_parallel_reduced_pipelined_stream:impl|fir_filter_parallel_reduced_pipelined:impl|product_terms_pipe[0][83][3]   ; Lost fanout                            ;
; fir_filter_parallel_reduced_pipelined_stream:impl|fir_filter_parallel_reduced_pipelined:impl|product_terms_pipe[0][83][2]   ; Lost fanout                            ;
; fir_filter_parallel_reduced_pipelined_stream:impl|fir_filter_parallel_reduced_pipelined:impl|product_terms_pipe[0][83][1]   ; Lost fanout                            ;
; fir_filter_parallel_reduced_pipelined_stream:impl|fir_filter_parallel_reduced_pipelined:impl|product_terms_pipe[0][83][0]   ; Lost fanout                            ;
; fir_filter_parallel_reduced_pipelined_stream:impl|fir_filter_parallel_reduced_pipelined:impl|product_terms_pipe[0][84][45]  ; Lost fanout                            ;
; fir_filter_parallel_reduced_pipelined_stream:impl|fir_filter_parallel_reduced_pipelined:impl|product_terms_pipe[0][84][44]  ; Lost fanout                            ;
; fir_filter_parallel_reduced_pipelined_stream:impl|fir_filter_parallel_reduced_pipelined:impl|product_terms_pipe[0][84][43]  ; Lost fanout                            ;
; fir_filter_parallel_reduced_pipelined_stream:impl|fir_filter_parallel_reduced_pipelined:impl|product_terms_pipe[0][84][42]  ; Lost fanout                            ;
; fir_filter_parallel_reduced_pipelined_stream:impl|fir_filter_parallel_reduced_pipelined:impl|product_terms_pipe[0][84][41]  ; Lost fanout                            ;
; fir_filter_parallel_reduced_pipelined_stream:impl|fir_filter_parallel_reduced_pipelined:impl|product_terms_pipe[0][84][40]  ; Lost fanout                            ;
; fir_filter_parallel_reduced_pipelined_stream:impl|fir_filter_parallel_reduced_pipelined:impl|product_terms_pipe[0][84][39]  ; Lost fanout                            ;
; fir_filter_parallel_reduced_pipelined_stream:impl|fir_filter_parallel_reduced_pipelined:impl|product_terms_pipe[0][84][38]  ; Lost fanout                            ;
; fir_filter_parallel_reduced_pipelined_stream:impl|fir_filter_parallel_reduced_pipelined:impl|product_terms_pipe[0][84][37]  ; Lost fanout                            ;
; fir_filter_parallel_reduced_pipelined_stream:impl|fir_filter_parallel_reduced_pipelined:impl|product_terms_pipe[0][84][36]  ; Lost fanout                            ;
; fir_filter_parallel_reduced_pipelined_stream:impl|fir_filter_parallel_reduced_pipelined:impl|product_terms_pipe[0][84][35]  ; Lost fanout                            ;
; fir_filter_parallel_reduced_pipelined_stream:impl|fir_filter_parallel_reduced_pipelined:impl|product_terms_pipe[0][84][34]  ; Lost fanout                            ;
; fir_filter_parallel_reduced_pipelined_stream:impl|fir_filter_parallel_reduced_pipelined:impl|product_terms_pipe[0][84][33]  ; Lost fanout                            ;
; fir_filter_parallel_reduced_pipelined_stream:impl|fir_filter_parallel_reduced_pipelined:impl|product_terms_pipe[0][84][32]  ; Lost fanout                            ;
; fir_filter_parallel_reduced_pipelined_stream:impl|fir_filter_parallel_reduced_pipelined:impl|product_terms_pipe[0][84][31]  ; Lost fanout                            ;
; fir_filter_parallel_reduced_pipelined_stream:impl|fir_filter_parallel_reduced_pipelined:impl|product_terms_pipe[0][84][30]  ; Lost fanout                            ;
; fir_filter_parallel_reduced_pipelined_stream:impl|fir_filter_parallel_reduced_pipelined:impl|product_terms_pipe[0][84][29]  ; Lost fanout                            ;
; fir_filter_parallel_reduced_pipelined_stream:impl|fir_filter_parallel_reduced_pipelined:impl|product_terms_pipe[0][84][28]  ; Lost fanout                            ;
; fir_filter_parallel_reduced_pipelined_stream:impl|fir_filter_parallel_reduced_pipelined:impl|product_terms_pipe[0][84][27]  ; Lost fanout                            ;
; fir_filter_parallel_reduced_pipelined_stream:impl|fir_filter_parallel_reduced_pipelined:impl|product_terms_pipe[0][84][26]  ; Lost fanout                            ;
; fir_filter_parallel_reduced_pipelined_stream:impl|fir_filter_parallel_reduced_pipelined:impl|product_terms_pipe[0][84][25]  ; Lost fanout                            ;
; fir_filter_parallel_reduced_pipelined_stream:impl|fir_filter_parallel_reduced_pipelined:impl|product_terms_pipe[0][84][24]  ; Lost fanout                            ;
; fir_filter_parallel_reduced_pipelined_stream:impl|fir_filter_parallel_reduced_pipelined:impl|product_terms_pipe[0][84][23]  ; Lost fanout                            ;
; fir_filter_parallel_reduced_pipelined_stream:impl|fir_filter_parallel_reduced_pipelined:impl|product_terms_pipe[0][84][22]  ; Lost fanout                            ;
; fir_filter_parallel_reduced_pipelined_stream:impl|fir_filter_parallel_reduced_pipelined:impl|product_terms_pipe[0][84][21]  ; Lost fanout                            ;
; fir_filter_parallel_reduced_pipelined_stream:impl|fir_filter_parallel_reduced_pipelined:impl|product_terms_pipe[0][84][20]  ; Lost fanout                            ;
; fir_filter_parallel_reduced_pipelined_stream:impl|fir_filter_parallel_reduced_pipelined:impl|product_terms_pipe[0][84][19]  ; Lost fanout                            ;
; fir_filter_parallel_reduced_pipelined_stream:impl|fir_filter_parallel_reduced_pipelined:impl|product_terms_pipe[0][84][18]  ; Lost fanout                            ;
; fir_filter_parallel_reduced_pipelined_stream:impl|fir_filter_parallel_reduced_pipelined:impl|product_terms_pipe[0][84][17]  ; Lost fanout                            ;
; fir_filter_parallel_reduced_pipelined_stream:impl|fir_filter_parallel_reduced_pipelined:impl|product_terms_pipe[0][84][16]  ; Lost fanout                            ;
; fir_filter_parallel_reduced_pipelined_stream:impl|fir_filter_parallel_reduced_pipelined:impl|product_terms_pipe[0][84][15]  ; Lost fanout                            ;
; fir_filter_parallel_reduced_pipelined_stream:impl|fir_filter_parallel_reduced_pipelined:impl|product_terms_pipe[0][84][14]  ; Lost fanout                            ;
; fir_filter_parallel_reduced_pipelined_stream:impl|fir_filter_parallel_reduced_pipelined:impl|product_terms_pipe[0][84][13]  ; Lost fanout                            ;
; fir_filter_parallel_reduced_pipelined_stream:impl|fir_filter_parallel_reduced_pipelined:impl|product_terms_pipe[0][84][12]  ; Lost fanout                            ;
; fir_filter_parallel_reduced_pipelined_stream:impl|fir_filter_parallel_reduced_pipelined:impl|product_terms_pipe[0][84][11]  ; Lost fanout                            ;
; fir_filter_parallel_reduced_pipelined_stream:impl|fir_filter_parallel_reduced_pipelined:impl|product_terms_pipe[0][84][10]  ; Lost fanout                            ;
; fir_filter_parallel_reduced_pipelined_stream:impl|fir_filter_parallel_reduced_pipelined:impl|product_terms_pipe[0][84][9]   ; Lost fanout                            ;
; fir_filter_parallel_reduced_pipelined_stream:impl|fir_filter_parallel_reduced_pipelined:impl|product_terms_pipe[0][84][8]   ; Lost fanout                            ;
; fir_filter_parallel_reduced_pipelined_stream:impl|fir_filter_parallel_reduced_pipelined:impl|product_terms_pipe[0][84][7]   ; Lost fanout                            ;
; fir_filter_parallel_reduced_pipelined_stream:impl|fir_filter_parallel_reduced_pipelined:impl|product_terms_pipe[0][84][6]   ; Lost fanout                            ;
; fir_filter_parallel_reduced_pipelined_stream:impl|fir_filter_parallel_reduced_pipelined:impl|product_terms_pipe[0][84][5]   ; Lost fanout                            ;
; fir_filter_parallel_reduced_pipelined_stream:impl|fir_filter_parallel_reduced_pipelined:impl|product_terms_pipe[0][84][4]   ; Lost fanout                            ;
; fir_filter_parallel_reduced_pipelined_stream:impl|fir_filter_parallel_reduced_pipelined:impl|product_terms_pipe[0][84][3]   ; Lost fanout                            ;
; fir_filter_parallel_reduced_pipelined_stream:impl|fir_filter_parallel_reduced_pipelined:impl|product_terms_pipe[0][84][2]   ; Lost fanout                            ;
; fir_filter_parallel_reduced_pipelined_stream:impl|fir_filter_parallel_reduced_pipelined:impl|product_terms_pipe[0][84][1]   ; Lost fanout                            ;
; fir_filter_parallel_reduced_pipelined_stream:impl|fir_filter_parallel_reduced_pipelined:impl|product_terms_pipe[0][84][0]   ; Lost fanout                            ;
; fir_filter_parallel_reduced_pipelined_stream:impl|fir_filter_parallel_reduced_pipelined:impl|product_terms_pipe[0][85][45]  ; Lost fanout                            ;
; fir_filter_parallel_reduced_pipelined_stream:impl|fir_filter_parallel_reduced_pipelined:impl|product_terms_pipe[0][85][44]  ; Lost fanout                            ;
; fir_filter_parallel_reduced_pipelined_stream:impl|fir_filter_parallel_reduced_pipelined:impl|product_terms_pipe[0][85][43]  ; Lost fanout                            ;
; fir_filter_parallel_reduced_pipelined_stream:impl|fir_filter_parallel_reduced_pipelined:impl|product_terms_pipe[0][85][42]  ; Lost fanout                            ;
; fir_filter_parallel_reduced_pipelined_stream:impl|fir_filter_parallel_reduced_pipelined:impl|product_terms_pipe[0][85][41]  ; Lost fanout                            ;
; fir_filter_parallel_reduced_pipelined_stream:impl|fir_filter_parallel_reduced_pipelined:impl|product_terms_pipe[0][85][40]  ; Lost fanout                            ;
; fir_filter_parallel_reduced_pipelined_stream:impl|fir_filter_parallel_reduced_pipelined:impl|product_terms_pipe[0][85][39]  ; Lost fanout                            ;
; fir_filter_parallel_reduced_pipelined_stream:impl|fir_filter_parallel_reduced_pipelined:impl|product_terms_pipe[0][85][38]  ; Lost fanout                            ;
; fir_filter_parallel_reduced_pipelined_stream:impl|fir_filter_parallel_reduced_pipelined:impl|product_terms_pipe[0][85][37]  ; Lost fanout                            ;
; fir_filter_parallel_reduced_pipelined_stream:impl|fir_filter_parallel_reduced_pipelined:impl|product_terms_pipe[0][85][36]  ; Lost fanout                            ;
; fir_filter_parallel_reduced_pipelined_stream:impl|fir_filter_parallel_reduced_pipelined:impl|product_terms_pipe[0][85][35]  ; Lost fanout                            ;
; fir_filter_parallel_reduced_pipelined_stream:impl|fir_filter_parallel_reduced_pipelined:impl|product_terms_pipe[0][85][34]  ; Lost fanout                            ;
; fir_filter_parallel_reduced_pipelined_stream:impl|fir_filter_parallel_reduced_pipelined:impl|product_terms_pipe[0][85][33]  ; Lost fanout                            ;
; fir_filter_parallel_reduced_pipelined_stream:impl|fir_filter_parallel_reduced_pipelined:impl|product_terms_pipe[0][85][32]  ; Lost fanout                            ;
; fir_filter_parallel_reduced_pipelined_stream:impl|fir_filter_parallel_reduced_pipelined:impl|product_terms_pipe[0][85][31]  ; Lost fanout                            ;
; fir_filter_parallel_reduced_pipelined_stream:impl|fir_filter_parallel_reduced_pipelined:impl|product_terms_pipe[0][85][30]  ; Lost fanout                            ;
; fir_filter_parallel_reduced_pipelined_stream:impl|fir_filter_parallel_reduced_pipelined:impl|product_terms_pipe[0][85][29]  ; Lost fanout                            ;
; fir_filter_parallel_reduced_pipelined_stream:impl|fir_filter_parallel_reduced_pipelined:impl|product_terms_pipe[0][85][28]  ; Lost fanout                            ;
; fir_filter_parallel_reduced_pipelined_stream:impl|fir_filter_parallel_reduced_pipelined:impl|product_terms_pipe[0][85][27]  ; Lost fanout                            ;
; fir_filter_parallel_reduced_pipelined_stream:impl|fir_filter_parallel_reduced_pipelined:impl|product_terms_pipe[0][85][26]  ; Lost fanout                            ;
; fir_filter_parallel_reduced_pipelined_stream:impl|fir_filter_parallel_reduced_pipelined:impl|product_terms_pipe[0][85][25]  ; Lost fanout                            ;
; fir_filter_parallel_reduced_pipelined_stream:impl|fir_filter_parallel_reduced_pipelined:impl|product_terms_pipe[0][85][24]  ; Lost fanout                            ;
; fir_filter_parallel_reduced_pipelined_stream:impl|fir_filter_parallel_reduced_pipelined:impl|product_terms_pipe[0][85][23]  ; Lost fanout                            ;
; fir_filter_parallel_reduced_pipelined_stream:impl|fir_filter_parallel_reduced_pipelined:impl|product_terms_pipe[0][85][22]  ; Lost fanout                            ;
; fir_filter_parallel_reduced_pipelined_stream:impl|fir_filter_parallel_reduced_pipelined:impl|product_terms_pipe[0][85][21]  ; Lost fanout                            ;
; fir_filter_parallel_reduced_pipelined_stream:impl|fir_filter_parallel_reduced_pipelined:impl|product_terms_pipe[0][85][20]  ; Lost fanout                            ;
; fir_filter_parallel_reduced_pipelined_stream:impl|fir_filter_parallel_reduced_pipelined:impl|product_terms_pipe[0][85][19]  ; Lost fanout                            ;
; fir_filter_parallel_reduced_pipelined_stream:impl|fir_filter_parallel_reduced_pipelined:impl|product_terms_pipe[0][85][18]  ; Lost fanout                            ;
; fir_filter_parallel_reduced_pipelined_stream:impl|fir_filter_parallel_reduced_pipelined:impl|product_terms_pipe[0][85][17]  ; Lost fanout                            ;
; fir_filter_parallel_reduced_pipelined_stream:impl|fir_filter_parallel_reduced_pipelined:impl|product_terms_pipe[0][85][16]  ; Lost fanout                            ;
; fir_filter_parallel_reduced_pipelined_stream:impl|fir_filter_parallel_reduced_pipelined:impl|product_terms_pipe[0][85][15]  ; Lost fanout                            ;
; fir_filter_parallel_reduced_pipelined_stream:impl|fir_filter_parallel_reduced_pipelined:impl|product_terms_pipe[0][85][14]  ; Lost fanout                            ;
; fir_filter_parallel_reduced_pipelined_stream:impl|fir_filter_parallel_reduced_pipelined:impl|product_terms_pipe[0][85][13]  ; Lost fanout                            ;
; fir_filter_parallel_reduced_pipelined_stream:impl|fir_filter_parallel_reduced_pipelined:impl|product_terms_pipe[0][85][12]  ; Lost fanout                            ;
; fir_filter_parallel_reduced_pipelined_stream:impl|fir_filter_parallel_reduced_pipelined:impl|product_terms_pipe[0][85][11]  ; Lost fanout                            ;
; fir_filter_parallel_reduced_pipelined_stream:impl|fir_filter_parallel_reduced_pipelined:impl|product_terms_pipe[0][85][10]  ; Lost fanout                            ;
; fir_filter_parallel_reduced_pipelined_stream:impl|fir_filter_parallel_reduced_pipelined:impl|product_terms_pipe[0][85][9]   ; Lost fanout                            ;
; fir_filter_parallel_reduced_pipelined_stream:impl|fir_filter_parallel_reduced_pipelined:impl|product_terms_pipe[0][85][8]   ; Lost fanout                            ;
; fir_filter_parallel_reduced_pipelined_stream:impl|fir_filter_parallel_reduced_pipelined:impl|product_terms_pipe[0][85][7]   ; Lost fanout                            ;
; fir_filter_parallel_reduced_pipelined_stream:impl|fir_filter_parallel_reduced_pipelined:impl|product_terms_pipe[0][85][6]   ; Lost fanout                            ;
; fir_filter_parallel_reduced_pipelined_stream:impl|fir_filter_parallel_reduced_pipelined:impl|product_terms_pipe[0][85][5]   ; Lost fanout                            ;
; fir_filter_parallel_reduced_pipelined_stream:impl|fir_filter_parallel_reduced_pipelined:impl|product_terms_pipe[0][85][4]   ; Lost fanout                            ;
; fir_filter_parallel_reduced_pipelined_stream:impl|fir_filter_parallel_reduced_pipelined:impl|product_terms_pipe[0][85][3]   ; Lost fanout                            ;
; fir_filter_parallel_reduced_pipelined_stream:impl|fir_filter_parallel_reduced_pipelined:impl|product_terms_pipe[0][85][2]   ; Lost fanout                            ;
; fir_filter_parallel_reduced_pipelined_stream:impl|fir_filter_parallel_reduced_pipelined:impl|product_terms_pipe[0][85][1]   ; Lost fanout                            ;
; fir_filter_parallel_reduced_pipelined_stream:impl|fir_filter_parallel_reduced_pipelined:impl|product_terms_pipe[0][85][0]   ; Lost fanout                            ;
; fir_filter_parallel_reduced_pipelined_stream:impl|fir_filter_parallel_reduced_pipelined:impl|product_terms_pipe[0][86][45]  ; Lost fanout                            ;
; fir_filter_parallel_reduced_pipelined_stream:impl|fir_filter_parallel_reduced_pipelined:impl|product_terms_pipe[0][86][44]  ; Lost fanout                            ;
; fir_filter_parallel_reduced_pipelined_stream:impl|fir_filter_parallel_reduced_pipelined:impl|product_terms_pipe[0][86][43]  ; Lost fanout                            ;
; fir_filter_parallel_reduced_pipelined_stream:impl|fir_filter_parallel_reduced_pipelined:impl|product_terms_pipe[0][86][42]  ; Lost fanout                            ;
; fir_filter_parallel_reduced_pipelined_stream:impl|fir_filter_parallel_reduced_pipelined:impl|product_terms_pipe[0][86][41]  ; Lost fanout                            ;
; fir_filter_parallel_reduced_pipelined_stream:impl|fir_filter_parallel_reduced_pipelined:impl|product_terms_pipe[0][86][40]  ; Lost fanout                            ;
; fir_filter_parallel_reduced_pipelined_stream:impl|fir_filter_parallel_reduced_pipelined:impl|product_terms_pipe[0][86][39]  ; Lost fanout                            ;
; fir_filter_parallel_reduced_pipelined_stream:impl|fir_filter_parallel_reduced_pipelined:impl|product_terms_pipe[0][86][38]  ; Lost fanout                            ;
; fir_filter_parallel_reduced_pipelined_stream:impl|fir_filter_parallel_reduced_pipelined:impl|product_terms_pipe[0][86][37]  ; Lost fanout                            ;
; fir_filter_parallel_reduced_pipelined_stream:impl|fir_filter_parallel_reduced_pipelined:impl|product_terms_pipe[0][86][36]  ; Lost fanout                            ;
; fir_filter_parallel_reduced_pipelined_stream:impl|fir_filter_parallel_reduced_pipelined:impl|product_terms_pipe[0][86][35]  ; Lost fanout                            ;
; fir_filter_parallel_reduced_pipelined_stream:impl|fir_filter_parallel_reduced_pipelined:impl|product_terms_pipe[0][86][34]  ; Lost fanout                            ;
; fir_filter_parallel_reduced_pipelined_stream:impl|fir_filter_parallel_reduced_pipelined:impl|product_terms_pipe[0][86][33]  ; Lost fanout                            ;
; fir_filter_parallel_reduced_pipelined_stream:impl|fir_filter_parallel_reduced_pipelined:impl|product_terms_pipe[0][86][32]  ; Lost fanout                            ;
; fir_filter_parallel_reduced_pipelined_stream:impl|fir_filter_parallel_reduced_pipelined:impl|product_terms_pipe[0][86][31]  ; Lost fanout                            ;
; fir_filter_parallel_reduced_pipelined_stream:impl|fir_filter_parallel_reduced_pipelined:impl|product_terms_pipe[0][86][30]  ; Lost fanout                            ;
; fir_filter_parallel_reduced_pipelined_stream:impl|fir_filter_parallel_reduced_pipelined:impl|product_terms_pipe[0][86][29]  ; Lost fanout                            ;
; fir_filter_parallel_reduced_pipelined_stream:impl|fir_filter_parallel_reduced_pipelined:impl|product_terms_pipe[0][86][28]  ; Lost fanout                            ;
; fir_filter_parallel_reduced_pipelined_stream:impl|fir_filter_parallel_reduced_pipelined:impl|product_terms_pipe[0][86][27]  ; Lost fanout                            ;
; fir_filter_parallel_reduced_pipelined_stream:impl|fir_filter_parallel_reduced_pipelined:impl|product_terms_pipe[0][86][26]  ; Lost fanout                            ;
; fir_filter_parallel_reduced_pipelined_stream:impl|fir_filter_parallel_reduced_pipelined:impl|product_terms_pipe[0][86][25]  ; Lost fanout                            ;
; fir_filter_parallel_reduced_pipelined_stream:impl|fir_filter_parallel_reduced_pipelined:impl|product_terms_pipe[0][86][24]  ; Lost fanout                            ;
; fir_filter_parallel_reduced_pipelined_stream:impl|fir_filter_parallel_reduced_pipelined:impl|product_terms_pipe[0][86][23]  ; Lost fanout                            ;
; fir_filter_parallel_reduced_pipelined_stream:impl|fir_filter_parallel_reduced_pipelined:impl|product_terms_pipe[0][86][22]  ; Lost fanout                            ;
; fir_filter_parallel_reduced_pipelined_stream:impl|fir_filter_parallel_reduced_pipelined:impl|product_terms_pipe[0][86][21]  ; Lost fanout                            ;
; fir_filter_parallel_reduced_pipelined_stream:impl|fir_filter_parallel_reduced_pipelined:impl|product_terms_pipe[0][86][20]  ; Lost fanout                            ;
; fir_filter_parallel_reduced_pipelined_stream:impl|fir_filter_parallel_reduced_pipelined:impl|product_terms_pipe[0][86][19]  ; Lost fanout                            ;
; fir_filter_parallel_reduced_pipelined_stream:impl|fir_filter_parallel_reduced_pipelined:impl|product_terms_pipe[0][86][18]  ; Lost fanout                            ;
; fir_filter_parallel_reduced_pipelined_stream:impl|fir_filter_parallel_reduced_pipelined:impl|product_terms_pipe[0][86][17]  ; Lost fanout                            ;
; fir_filter_parallel_reduced_pipelined_stream:impl|fir_filter_parallel_reduced_pipelined:impl|product_terms_pipe[0][86][16]  ; Lost fanout                            ;
; fir_filter_parallel_reduced_pipelined_stream:impl|fir_filter_parallel_reduced_pipelined:impl|product_terms_pipe[0][86][15]  ; Lost fanout                            ;
; fir_filter_parallel_reduced_pipelined_stream:impl|fir_filter_parallel_reduced_pipelined:impl|product_terms_pipe[0][86][14]  ; Lost fanout                            ;
; fir_filter_parallel_reduced_pipelined_stream:impl|fir_filter_parallel_reduced_pipelined:impl|product_terms_pipe[0][86][13]  ; Lost fanout                            ;
; fir_filter_parallel_reduced_pipelined_stream:impl|fir_filter_parallel_reduced_pipelined:impl|product_terms_pipe[0][86][12]  ; Lost fanout                            ;
; fir_filter_parallel_reduced_pipelined_stream:impl|fir_filter_parallel_reduced_pipelined:impl|product_terms_pipe[0][86][11]  ; Lost fanout                            ;
; fir_filter_parallel_reduced_pipelined_stream:impl|fir_filter_parallel_reduced_pipelined:impl|product_terms_pipe[0][86][10]  ; Lost fanout                            ;
; fir_filter_parallel_reduced_pipelined_stream:impl|fir_filter_parallel_reduced_pipelined:impl|product_terms_pipe[0][86][9]   ; Lost fanout                            ;
; fir_filter_parallel_reduced_pipelined_stream:impl|fir_filter_parallel_reduced_pipelined:impl|product_terms_pipe[0][86][8]   ; Lost fanout                            ;
; fir_filter_parallel_reduced_pipelined_stream:impl|fir_filter_parallel_reduced_pipelined:impl|product_terms_pipe[0][86][7]   ; Lost fanout                            ;
; fir_filter_parallel_reduced_pipelined_stream:impl|fir_filter_parallel_reduced_pipelined:impl|product_terms_pipe[0][86][6]   ; Lost fanout                            ;
; fir_filter_parallel_reduced_pipelined_stream:impl|fir_filter_parallel_reduced_pipelined:impl|product_terms_pipe[0][86][5]   ; Lost fanout                            ;
; fir_filter_parallel_reduced_pipelined_stream:impl|fir_filter_parallel_reduced_pipelined:impl|product_terms_pipe[0][86][4]   ; Lost fanout                            ;
; fir_filter_parallel_reduced_pipelined_stream:impl|fir_filter_parallel_reduced_pipelined:impl|product_terms_pipe[0][86][3]   ; Lost fanout                            ;
; fir_filter_parallel_reduced_pipelined_stream:impl|fir_filter_parallel_reduced_pipelined:impl|product_terms_pipe[0][86][2]   ; Lost fanout                            ;
; fir_filter_parallel_reduced_pipelined_stream:impl|fir_filter_parallel_reduced_pipelined:impl|product_terms_pipe[0][86][1]   ; Lost fanout                            ;
; fir_filter_parallel_reduced_pipelined_stream:impl|fir_filter_parallel_reduced_pipelined:impl|product_terms_pipe[0][86][0]   ; Lost fanout                            ;
; fir_filter_parallel_reduced_pipelined_stream:impl|fir_filter_parallel_reduced_pipelined:impl|product_terms_pipe[0][87][45]  ; Lost fanout                            ;
; fir_filter_parallel_reduced_pipelined_stream:impl|fir_filter_parallel_reduced_pipelined:impl|product_terms_pipe[0][87][44]  ; Lost fanout                            ;
; fir_filter_parallel_reduced_pipelined_stream:impl|fir_filter_parallel_reduced_pipelined:impl|product_terms_pipe[0][87][43]  ; Lost fanout                            ;
; fir_filter_parallel_reduced_pipelined_stream:impl|fir_filter_parallel_reduced_pipelined:impl|product_terms_pipe[0][87][42]  ; Lost fanout                            ;
; fir_filter_parallel_reduced_pipelined_stream:impl|fir_filter_parallel_reduced_pipelined:impl|product_terms_pipe[0][87][41]  ; Lost fanout                            ;
; fir_filter_parallel_reduced_pipelined_stream:impl|fir_filter_parallel_reduced_pipelined:impl|product_terms_pipe[0][87][40]  ; Lost fanout                            ;
; fir_filter_parallel_reduced_pipelined_stream:impl|fir_filter_parallel_reduced_pipelined:impl|product_terms_pipe[0][87][39]  ; Lost fanout                            ;
; fir_filter_parallel_reduced_pipelined_stream:impl|fir_filter_parallel_reduced_pipelined:impl|product_terms_pipe[0][87][38]  ; Lost fanout                            ;
; fir_filter_parallel_reduced_pipelined_stream:impl|fir_filter_parallel_reduced_pipelined:impl|product_terms_pipe[0][87][37]  ; Lost fanout                            ;
; fir_filter_parallel_reduced_pipelined_stream:impl|fir_filter_parallel_reduced_pipelined:impl|product_terms_pipe[0][87][36]  ; Lost fanout                            ;
; fir_filter_parallel_reduced_pipelined_stream:impl|fir_filter_parallel_reduced_pipelined:impl|product_terms_pipe[0][87][35]  ; Lost fanout                            ;
; fir_filter_parallel_reduced_pipelined_stream:impl|fir_filter_parallel_reduced_pipelined:impl|product_terms_pipe[0][87][34]  ; Lost fanout                            ;
; fir_filter_parallel_reduced_pipelined_stream:impl|fir_filter_parallel_reduced_pipelined:impl|product_terms_pipe[0][87][33]  ; Lost fanout                            ;
; fir_filter_parallel_reduced_pipelined_stream:impl|fir_filter_parallel_reduced_pipelined:impl|product_terms_pipe[0][87][32]  ; Lost fanout                            ;
; fir_filter_parallel_reduced_pipelined_stream:impl|fir_filter_parallel_reduced_pipelined:impl|product_terms_pipe[0][87][31]  ; Lost fanout                            ;
; fir_filter_parallel_reduced_pipelined_stream:impl|fir_filter_parallel_reduced_pipelined:impl|product_terms_pipe[0][87][30]  ; Lost fanout                            ;
; fir_filter_parallel_reduced_pipelined_stream:impl|fir_filter_parallel_reduced_pipelined:impl|product_terms_pipe[0][87][29]  ; Lost fanout                            ;
; fir_filter_parallel_reduced_pipelined_stream:impl|fir_filter_parallel_reduced_pipelined:impl|product_terms_pipe[0][87][28]  ; Lost fanout                            ;
; fir_filter_parallel_reduced_pipelined_stream:impl|fir_filter_parallel_reduced_pipelined:impl|product_terms_pipe[0][87][27]  ; Lost fanout                            ;
; fir_filter_parallel_reduced_pipelined_stream:impl|fir_filter_parallel_reduced_pipelined:impl|product_terms_pipe[0][87][26]  ; Lost fanout                            ;
; fir_filter_parallel_reduced_pipelined_stream:impl|fir_filter_parallel_reduced_pipelined:impl|product_terms_pipe[0][87][25]  ; Lost fanout                            ;
; fir_filter_parallel_reduced_pipelined_stream:impl|fir_filter_parallel_reduced_pipelined:impl|product_terms_pipe[0][87][24]  ; Lost fanout                            ;
; fir_filter_parallel_reduced_pipelined_stream:impl|fir_filter_parallel_reduced_pipelined:impl|product_terms_pipe[0][87][23]  ; Lost fanout                            ;
; fir_filter_parallel_reduced_pipelined_stream:impl|fir_filter_parallel_reduced_pipelined:impl|product_terms_pipe[0][87][22]  ; Lost fanout                            ;
; fir_filter_parallel_reduced_pipelined_stream:impl|fir_filter_parallel_reduced_pipelined:impl|product_terms_pipe[0][87][21]  ; Lost fanout                            ;
; fir_filter_parallel_reduced_pipelined_stream:impl|fir_filter_parallel_reduced_pipelined:impl|product_terms_pipe[0][87][20]  ; Lost fanout                            ;
; fir_filter_parallel_reduced_pipelined_stream:impl|fir_filter_parallel_reduced_pipelined:impl|product_terms_pipe[0][87][19]  ; Lost fanout                            ;
; fir_filter_parallel_reduced_pipelined_stream:impl|fir_filter_parallel_reduced_pipelined:impl|product_terms_pipe[0][87][18]  ; Lost fanout                            ;
; fir_filter_parallel_reduced_pipelined_stream:impl|fir_filter_parallel_reduced_pipelined:impl|product_terms_pipe[0][87][17]  ; Lost fanout                            ;
; fir_filter_parallel_reduced_pipelined_stream:impl|fir_filter_parallel_reduced_pipelined:impl|product_terms_pipe[0][87][16]  ; Lost fanout                            ;
; fir_filter_parallel_reduced_pipelined_stream:impl|fir_filter_parallel_reduced_pipelined:impl|product_terms_pipe[0][87][15]  ; Lost fanout                            ;
; fir_filter_parallel_reduced_pipelined_stream:impl|fir_filter_parallel_reduced_pipelined:impl|product_terms_pipe[0][87][14]  ; Lost fanout                            ;
; fir_filter_parallel_reduced_pipelined_stream:impl|fir_filter_parallel_reduced_pipelined:impl|product_terms_pipe[0][87][13]  ; Lost fanout                            ;
; fir_filter_parallel_reduced_pipelined_stream:impl|fir_filter_parallel_reduced_pipelined:impl|product_terms_pipe[0][87][12]  ; Lost fanout                            ;
; fir_filter_parallel_reduced_pipelined_stream:impl|fir_filter_parallel_reduced_pipelined:impl|product_terms_pipe[0][87][11]  ; Lost fanout                            ;
; fir_filter_parallel_reduced_pipelined_stream:impl|fir_filter_parallel_reduced_pipelined:impl|product_terms_pipe[0][87][10]  ; Lost fanout                            ;
; fir_filter_parallel_reduced_pipelined_stream:impl|fir_filter_parallel_reduced_pipelined:impl|product_terms_pipe[0][87][9]   ; Lost fanout                            ;
; fir_filter_parallel_reduced_pipelined_stream:impl|fir_filter_parallel_reduced_pipelined:impl|product_terms_pipe[0][87][8]   ; Lost fanout                            ;
; fir_filter_parallel_reduced_pipelined_stream:impl|fir_filter_parallel_reduced_pipelined:impl|product_terms_pipe[0][87][7]   ; Lost fanout                            ;
; fir_filter_parallel_reduced_pipelined_stream:impl|fir_filter_parallel_reduced_pipelined:impl|product_terms_pipe[0][87][6]   ; Lost fanout                            ;
; fir_filter_parallel_reduced_pipelined_stream:impl|fir_filter_parallel_reduced_pipelined:impl|product_terms_pipe[0][87][5]   ; Lost fanout                            ;
; fir_filter_parallel_reduced_pipelined_stream:impl|fir_filter_parallel_reduced_pipelined:impl|product_terms_pipe[0][87][4]   ; Lost fanout                            ;
; fir_filter_parallel_reduced_pipelined_stream:impl|fir_filter_parallel_reduced_pipelined:impl|product_terms_pipe[0][87][3]   ; Lost fanout                            ;
; fir_filter_parallel_reduced_pipelined_stream:impl|fir_filter_parallel_reduced_pipelined:impl|product_terms_pipe[0][87][2]   ; Lost fanout                            ;
; fir_filter_parallel_reduced_pipelined_stream:impl|fir_filter_parallel_reduced_pipelined:impl|product_terms_pipe[0][87][1]   ; Lost fanout                            ;
; fir_filter_parallel_reduced_pipelined_stream:impl|fir_filter_parallel_reduced_pipelined:impl|product_terms_pipe[0][87][0]   ; Lost fanout                            ;
; fir_filter_parallel_reduced_pipelined_stream:impl|fir_filter_parallel_reduced_pipelined:impl|product_terms_pipe[0][88][45]  ; Lost fanout                            ;
; fir_filter_parallel_reduced_pipelined_stream:impl|fir_filter_parallel_reduced_pipelined:impl|product_terms_pipe[0][88][44]  ; Lost fanout                            ;
; fir_filter_parallel_reduced_pipelined_stream:impl|fir_filter_parallel_reduced_pipelined:impl|product_terms_pipe[0][88][43]  ; Lost fanout                            ;
; fir_filter_parallel_reduced_pipelined_stream:impl|fir_filter_parallel_reduced_pipelined:impl|product_terms_pipe[0][88][42]  ; Lost fanout                            ;
; fir_filter_parallel_reduced_pipelined_stream:impl|fir_filter_parallel_reduced_pipelined:impl|product_terms_pipe[0][88][41]  ; Lost fanout                            ;
; fir_filter_parallel_reduced_pipelined_stream:impl|fir_filter_parallel_reduced_pipelined:impl|product_terms_pipe[0][88][40]  ; Lost fanout                            ;
; fir_filter_parallel_reduced_pipelined_stream:impl|fir_filter_parallel_reduced_pipelined:impl|product_terms_pipe[0][88][39]  ; Lost fanout                            ;
; fir_filter_parallel_reduced_pipelined_stream:impl|fir_filter_parallel_reduced_pipelined:impl|product_terms_pipe[0][88][38]  ; Lost fanout                            ;
; fir_filter_parallel_reduced_pipelined_stream:impl|fir_filter_parallel_reduced_pipelined:impl|product_terms_pipe[0][88][37]  ; Lost fanout                            ;
; fir_filter_parallel_reduced_pipelined_stream:impl|fir_filter_parallel_reduced_pipelined:impl|product_terms_pipe[0][88][36]  ; Lost fanout                            ;
; fir_filter_parallel_reduced_pipelined_stream:impl|fir_filter_parallel_reduced_pipelined:impl|product_terms_pipe[0][88][35]  ; Lost fanout                            ;
; fir_filter_parallel_reduced_pipelined_stream:impl|fir_filter_parallel_reduced_pipelined:impl|product_terms_pipe[0][88][34]  ; Lost fanout                            ;
; fir_filter_parallel_reduced_pipelined_stream:impl|fir_filter_parallel_reduced_pipelined:impl|product_terms_pipe[0][88][33]  ; Lost fanout                            ;
; fir_filter_parallel_reduced_pipelined_stream:impl|fir_filter_parallel_reduced_pipelined:impl|product_terms_pipe[0][88][32]  ; Lost fanout                            ;
; fir_filter_parallel_reduced_pipelined_stream:impl|fir_filter_parallel_reduced_pipelined:impl|product_terms_pipe[0][88][31]  ; Lost fanout                            ;
; fir_filter_parallel_reduced_pipelined_stream:impl|fir_filter_parallel_reduced_pipelined:impl|product_terms_pipe[0][88][30]  ; Lost fanout                            ;
; fir_filter_parallel_reduced_pipelined_stream:impl|fir_filter_parallel_reduced_pipelined:impl|product_terms_pipe[0][88][29]  ; Lost fanout                            ;
; fir_filter_parallel_reduced_pipelined_stream:impl|fir_filter_parallel_reduced_pipelined:impl|product_terms_pipe[0][88][28]  ; Lost fanout                            ;
; fir_filter_parallel_reduced_pipelined_stream:impl|fir_filter_parallel_reduced_pipelined:impl|product_terms_pipe[0][88][27]  ; Lost fanout                            ;
; fir_filter_parallel_reduced_pipelined_stream:impl|fir_filter_parallel_reduced_pipelined:impl|product_terms_pipe[0][88][26]  ; Lost fanout                            ;
; fir_filter_parallel_reduced_pipelined_stream:impl|fir_filter_parallel_reduced_pipelined:impl|product_terms_pipe[0][88][25]  ; Lost fanout                            ;
; fir_filter_parallel_reduced_pipelined_stream:impl|fir_filter_parallel_reduced_pipelined:impl|product_terms_pipe[0][88][24]  ; Lost fanout                            ;
; fir_filter_parallel_reduced_pipelined_stream:impl|fir_filter_parallel_reduced_pipelined:impl|product_terms_pipe[0][88][23]  ; Lost fanout                            ;
; fir_filter_parallel_reduced_pipelined_stream:impl|fir_filter_parallel_reduced_pipelined:impl|product_terms_pipe[0][88][22]  ; Lost fanout                            ;
; fir_filter_parallel_reduced_pipelined_stream:impl|fir_filter_parallel_reduced_pipelined:impl|product_terms_pipe[0][88][21]  ; Lost fanout                            ;
; fir_filter_parallel_reduced_pipelined_stream:impl|fir_filter_parallel_reduced_pipelined:impl|product_terms_pipe[0][88][20]  ; Lost fanout                            ;
; fir_filter_parallel_reduced_pipelined_stream:impl|fir_filter_parallel_reduced_pipelined:impl|product_terms_pipe[0][88][19]  ; Lost fanout                            ;
; fir_filter_parallel_reduced_pipelined_stream:impl|fir_filter_parallel_reduced_pipelined:impl|product_terms_pipe[0][88][18]  ; Lost fanout                            ;
; fir_filter_parallel_reduced_pipelined_stream:impl|fir_filter_parallel_reduced_pipelined:impl|product_terms_pipe[0][88][17]  ; Lost fanout                            ;
; fir_filter_parallel_reduced_pipelined_stream:impl|fir_filter_parallel_reduced_pipelined:impl|product_terms_pipe[0][88][16]  ; Lost fanout                            ;
; fir_filter_parallel_reduced_pipelined_stream:impl|fir_filter_parallel_reduced_pipelined:impl|product_terms_pipe[0][88][15]  ; Lost fanout                            ;
; fir_filter_parallel_reduced_pipelined_stream:impl|fir_filter_parallel_reduced_pipelined:impl|product_terms_pipe[0][88][14]  ; Lost fanout                            ;
; fir_filter_parallel_reduced_pipelined_stream:impl|fir_filter_parallel_reduced_pipelined:impl|product_terms_pipe[0][88][13]  ; Lost fanout                            ;
; fir_filter_parallel_reduced_pipelined_stream:impl|fir_filter_parallel_reduced_pipelined:impl|product_terms_pipe[0][88][12]  ; Lost fanout                            ;
; fir_filter_parallel_reduced_pipelined_stream:impl|fir_filter_parallel_reduced_pipelined:impl|product_terms_pipe[0][88][11]  ; Lost fanout                            ;
; fir_filter_parallel_reduced_pipelined_stream:impl|fir_filter_parallel_reduced_pipelined:impl|product_terms_pipe[0][88][10]  ; Lost fanout                            ;
; fir_filter_parallel_reduced_pipelined_stream:impl|fir_filter_parallel_reduced_pipelined:impl|product_terms_pipe[0][88][9]   ; Lost fanout                            ;
; fir_filter_parallel_reduced_pipelined_stream:impl|fir_filter_parallel_reduced_pipelined:impl|product_terms_pipe[0][88][8]   ; Lost fanout                            ;
; fir_filter_parallel_reduced_pipelined_stream:impl|fir_filter_parallel_reduced_pipelined:impl|product_terms_pipe[0][88][7]   ; Lost fanout                            ;
; fir_filter_parallel_reduced_pipelined_stream:impl|fir_filter_parallel_reduced_pipelined:impl|product_terms_pipe[0][88][6]   ; Lost fanout                            ;
; fir_filter_parallel_reduced_pipelined_stream:impl|fir_filter_parallel_reduced_pipelined:impl|product_terms_pipe[0][88][5]   ; Lost fanout                            ;
; fir_filter_parallel_reduced_pipelined_stream:impl|fir_filter_parallel_reduced_pipelined:impl|product_terms_pipe[0][88][4]   ; Lost fanout                            ;
; fir_filter_parallel_reduced_pipelined_stream:impl|fir_filter_parallel_reduced_pipelined:impl|product_terms_pipe[0][88][3]   ; Lost fanout                            ;
; fir_filter_parallel_reduced_pipelined_stream:impl|fir_filter_parallel_reduced_pipelined:impl|product_terms_pipe[0][88][2]   ; Lost fanout                            ;
; fir_filter_parallel_reduced_pipelined_stream:impl|fir_filter_parallel_reduced_pipelined:impl|product_terms_pipe[0][88][1]   ; Lost fanout                            ;
; fir_filter_parallel_reduced_pipelined_stream:impl|fir_filter_parallel_reduced_pipelined:impl|product_terms_pipe[0][88][0]   ; Lost fanout                            ;
; fir_filter_parallel_reduced_pipelined_stream:impl|fir_filter_parallel_reduced_pipelined:impl|product_terms_pipe[0][89][45]  ; Lost fanout                            ;
; fir_filter_parallel_reduced_pipelined_stream:impl|fir_filter_parallel_reduced_pipelined:impl|product_terms_pipe[0][89][44]  ; Lost fanout                            ;
; fir_filter_parallel_reduced_pipelined_stream:impl|fir_filter_parallel_reduced_pipelined:impl|product_terms_pipe[0][89][43]  ; Lost fanout                            ;
; fir_filter_parallel_reduced_pipelined_stream:impl|fir_filter_parallel_reduced_pipelined:impl|product_terms_pipe[0][89][42]  ; Lost fanout                            ;
; fir_filter_parallel_reduced_pipelined_stream:impl|fir_filter_parallel_reduced_pipelined:impl|product_terms_pipe[0][89][41]  ; Lost fanout                            ;
; fir_filter_parallel_reduced_pipelined_stream:impl|fir_filter_parallel_reduced_pipelined:impl|product_terms_pipe[0][89][40]  ; Lost fanout                            ;
; fir_filter_parallel_reduced_pipelined_stream:impl|fir_filter_parallel_reduced_pipelined:impl|product_terms_pipe[0][89][39]  ; Lost fanout                            ;
; fir_filter_parallel_reduced_pipelined_stream:impl|fir_filter_parallel_reduced_pipelined:impl|product_terms_pipe[0][89][38]  ; Lost fanout                            ;
; fir_filter_parallel_reduced_pipelined_stream:impl|fir_filter_parallel_reduced_pipelined:impl|product_terms_pipe[0][89][37]  ; Lost fanout                            ;
; fir_filter_parallel_reduced_pipelined_stream:impl|fir_filter_parallel_reduced_pipelined:impl|product_terms_pipe[0][89][36]  ; Lost fanout                            ;
; fir_filter_parallel_reduced_pipelined_stream:impl|fir_filter_parallel_reduced_pipelined:impl|product_terms_pipe[0][89][35]  ; Lost fanout                            ;
; fir_filter_parallel_reduced_pipelined_stream:impl|fir_filter_parallel_reduced_pipelined:impl|product_terms_pipe[0][89][34]  ; Lost fanout                            ;
; fir_filter_parallel_reduced_pipelined_stream:impl|fir_filter_parallel_reduced_pipelined:impl|product_terms_pipe[0][89][33]  ; Lost fanout                            ;
; fir_filter_parallel_reduced_pipelined_stream:impl|fir_filter_parallel_reduced_pipelined:impl|product_terms_pipe[0][89][32]  ; Lost fanout                            ;
; fir_filter_parallel_reduced_pipelined_stream:impl|fir_filter_parallel_reduced_pipelined:impl|product_terms_pipe[0][89][31]  ; Lost fanout                            ;
; fir_filter_parallel_reduced_pipelined_stream:impl|fir_filter_parallel_reduced_pipelined:impl|product_terms_pipe[0][89][30]  ; Lost fanout                            ;
; fir_filter_parallel_reduced_pipelined_stream:impl|fir_filter_parallel_reduced_pipelined:impl|product_terms_pipe[0][89][29]  ; Lost fanout                            ;
; fir_filter_parallel_reduced_pipelined_stream:impl|fir_filter_parallel_reduced_pipelined:impl|product_terms_pipe[0][89][28]  ; Lost fanout                            ;
; fir_filter_parallel_reduced_pipelined_stream:impl|fir_filter_parallel_reduced_pipelined:impl|product_terms_pipe[0][89][27]  ; Lost fanout                            ;
; fir_filter_parallel_reduced_pipelined_stream:impl|fir_filter_parallel_reduced_pipelined:impl|product_terms_pipe[0][89][26]  ; Lost fanout                            ;
; fir_filter_parallel_reduced_pipelined_stream:impl|fir_filter_parallel_reduced_pipelined:impl|product_terms_pipe[0][89][25]  ; Lost fanout                            ;
; fir_filter_parallel_reduced_pipelined_stream:impl|fir_filter_parallel_reduced_pipelined:impl|product_terms_pipe[0][89][24]  ; Lost fanout                            ;
; fir_filter_parallel_reduced_pipelined_stream:impl|fir_filter_parallel_reduced_pipelined:impl|product_terms_pipe[0][89][23]  ; Lost fanout                            ;
; fir_filter_parallel_reduced_pipelined_stream:impl|fir_filter_parallel_reduced_pipelined:impl|product_terms_pipe[0][89][22]  ; Lost fanout                            ;
; fir_filter_parallel_reduced_pipelined_stream:impl|fir_filter_parallel_reduced_pipelined:impl|product_terms_pipe[0][89][21]  ; Lost fanout                            ;
; fir_filter_parallel_reduced_pipelined_stream:impl|fir_filter_parallel_reduced_pipelined:impl|product_terms_pipe[0][89][20]  ; Lost fanout                            ;
; fir_filter_parallel_reduced_pipelined_stream:impl|fir_filter_parallel_reduced_pipelined:impl|product_terms_pipe[0][89][19]  ; Lost fanout                            ;
; fir_filter_parallel_reduced_pipelined_stream:impl|fir_filter_parallel_reduced_pipelined:impl|product_terms_pipe[0][89][18]  ; Lost fanout                            ;
; fir_filter_parallel_reduced_pipelined_stream:impl|fir_filter_parallel_reduced_pipelined:impl|product_terms_pipe[0][89][17]  ; Lost fanout                            ;
; fir_filter_parallel_reduced_pipelined_stream:impl|fir_filter_parallel_reduced_pipelined:impl|product_terms_pipe[0][89][16]  ; Lost fanout                            ;
; fir_filter_parallel_reduced_pipelined_stream:impl|fir_filter_parallel_reduced_pipelined:impl|product_terms_pipe[0][89][15]  ; Lost fanout                            ;
; fir_filter_parallel_reduced_pipelined_stream:impl|fir_filter_parallel_reduced_pipelined:impl|product_terms_pipe[0][89][14]  ; Lost fanout                            ;
; fir_filter_parallel_reduced_pipelined_stream:impl|fir_filter_parallel_reduced_pipelined:impl|product_terms_pipe[0][89][13]  ; Lost fanout                            ;
; fir_filter_parallel_reduced_pipelined_stream:impl|fir_filter_parallel_reduced_pipelined:impl|product_terms_pipe[0][89][12]  ; Lost fanout                            ;
; fir_filter_parallel_reduced_pipelined_stream:impl|fir_filter_parallel_reduced_pipelined:impl|product_terms_pipe[0][89][11]  ; Lost fanout                            ;
; fir_filter_parallel_reduced_pipelined_stream:impl|fir_filter_parallel_reduced_pipelined:impl|product_terms_pipe[0][89][10]  ; Lost fanout                            ;
; fir_filter_parallel_reduced_pipelined_stream:impl|fir_filter_parallel_reduced_pipelined:impl|product_terms_pipe[0][89][9]   ; Lost fanout                            ;
; fir_filter_parallel_reduced_pipelined_stream:impl|fir_filter_parallel_reduced_pipelined:impl|product_terms_pipe[0][89][8]   ; Lost fanout                            ;
; fir_filter_parallel_reduced_pipelined_stream:impl|fir_filter_parallel_reduced_pipelined:impl|product_terms_pipe[0][89][7]   ; Lost fanout                            ;
; fir_filter_parallel_reduced_pipelined_stream:impl|fir_filter_parallel_reduced_pipelined:impl|product_terms_pipe[0][89][6]   ; Lost fanout                            ;
; fir_filter_parallel_reduced_pipelined_stream:impl|fir_filter_parallel_reduced_pipelined:impl|product_terms_pipe[0][89][5]   ; Lost fanout                            ;
; fir_filter_parallel_reduced_pipelined_stream:impl|fir_filter_parallel_reduced_pipelined:impl|product_terms_pipe[0][89][4]   ; Lost fanout                            ;
; fir_filter_parallel_reduced_pipelined_stream:impl|fir_filter_parallel_reduced_pipelined:impl|product_terms_pipe[0][89][3]   ; Lost fanout                            ;
; fir_filter_parallel_reduced_pipelined_stream:impl|fir_filter_parallel_reduced_pipelined:impl|product_terms_pipe[0][89][2]   ; Lost fanout                            ;
; fir_filter_parallel_reduced_pipelined_stream:impl|fir_filter_parallel_reduced_pipelined:impl|product_terms_pipe[0][89][1]   ; Lost fanout                            ;
; fir_filter_parallel_reduced_pipelined_stream:impl|fir_filter_parallel_reduced_pipelined:impl|product_terms_pipe[0][89][0]   ; Lost fanout                            ;
; fir_filter_parallel_reduced_pipelined_stream:impl|fir_filter_parallel_reduced_pipelined:impl|product_terms_pipe[0][90][45]  ; Lost fanout                            ;
; fir_filter_parallel_reduced_pipelined_stream:impl|fir_filter_parallel_reduced_pipelined:impl|product_terms_pipe[0][90][44]  ; Lost fanout                            ;
; fir_filter_parallel_reduced_pipelined_stream:impl|fir_filter_parallel_reduced_pipelined:impl|product_terms_pipe[0][90][43]  ; Lost fanout                            ;
; fir_filter_parallel_reduced_pipelined_stream:impl|fir_filter_parallel_reduced_pipelined:impl|product_terms_pipe[0][90][42]  ; Lost fanout                            ;
; fir_filter_parallel_reduced_pipelined_stream:impl|fir_filter_parallel_reduced_pipelined:impl|product_terms_pipe[0][90][41]  ; Lost fanout                            ;
; fir_filter_parallel_reduced_pipelined_stream:impl|fir_filter_parallel_reduced_pipelined:impl|product_terms_pipe[0][90][40]  ; Lost fanout                            ;
; fir_filter_parallel_reduced_pipelined_stream:impl|fir_filter_parallel_reduced_pipelined:impl|product_terms_pipe[0][90][39]  ; Lost fanout                            ;
; fir_filter_parallel_reduced_pipelined_stream:impl|fir_filter_parallel_reduced_pipelined:impl|product_terms_pipe[0][90][38]  ; Lost fanout                            ;
; fir_filter_parallel_reduced_pipelined_stream:impl|fir_filter_parallel_reduced_pipelined:impl|product_terms_pipe[0][90][37]  ; Lost fanout                            ;
; fir_filter_parallel_reduced_pipelined_stream:impl|fir_filter_parallel_reduced_pipelined:impl|product_terms_pipe[0][90][36]  ; Lost fanout                            ;
; fir_filter_parallel_reduced_pipelined_stream:impl|fir_filter_parallel_reduced_pipelined:impl|product_terms_pipe[0][90][35]  ; Lost fanout                            ;
; fir_filter_parallel_reduced_pipelined_stream:impl|fir_filter_parallel_reduced_pipelined:impl|product_terms_pipe[0][90][34]  ; Lost fanout                            ;
; fir_filter_parallel_reduced_pipelined_stream:impl|fir_filter_parallel_reduced_pipelined:impl|product_terms_pipe[0][90][33]  ; Lost fanout                            ;
; fir_filter_parallel_reduced_pipelined_stream:impl|fir_filter_parallel_reduced_pipelined:impl|product_terms_pipe[0][90][32]  ; Lost fanout                            ;
; fir_filter_parallel_reduced_pipelined_stream:impl|fir_filter_parallel_reduced_pipelined:impl|product_terms_pipe[0][90][31]  ; Lost fanout                            ;
; fir_filter_parallel_reduced_pipelined_stream:impl|fir_filter_parallel_reduced_pipelined:impl|product_terms_pipe[0][90][30]  ; Lost fanout                            ;
; fir_filter_parallel_reduced_pipelined_stream:impl|fir_filter_parallel_reduced_pipelined:impl|product_terms_pipe[0][90][29]  ; Lost fanout                            ;
; fir_filter_parallel_reduced_pipelined_stream:impl|fir_filter_parallel_reduced_pipelined:impl|product_terms_pipe[0][90][28]  ; Lost fanout                            ;
; fir_filter_parallel_reduced_pipelined_stream:impl|fir_filter_parallel_reduced_pipelined:impl|product_terms_pipe[0][90][27]  ; Lost fanout                            ;
; fir_filter_parallel_reduced_pipelined_stream:impl|fir_filter_parallel_reduced_pipelined:impl|product_terms_pipe[0][90][26]  ; Lost fanout                            ;
; fir_filter_parallel_reduced_pipelined_stream:impl|fir_filter_parallel_reduced_pipelined:impl|product_terms_pipe[0][90][25]  ; Lost fanout                            ;
; fir_filter_parallel_reduced_pipelined_stream:impl|fir_filter_parallel_reduced_pipelined:impl|product_terms_pipe[0][90][24]  ; Lost fanout                            ;
; fir_filter_parallel_reduced_pipelined_stream:impl|fir_filter_parallel_reduced_pipelined:impl|product_terms_pipe[0][90][23]  ; Lost fanout                            ;
; fir_filter_parallel_reduced_pipelined_stream:impl|fir_filter_parallel_reduced_pipelined:impl|product_terms_pipe[0][90][22]  ; Lost fanout                            ;
; fir_filter_parallel_reduced_pipelined_stream:impl|fir_filter_parallel_reduced_pipelined:impl|product_terms_pipe[0][90][21]  ; Lost fanout                            ;
; fir_filter_parallel_reduced_pipelined_stream:impl|fir_filter_parallel_reduced_pipelined:impl|product_terms_pipe[0][90][20]  ; Lost fanout                            ;
; fir_filter_parallel_reduced_pipelined_stream:impl|fir_filter_parallel_reduced_pipelined:impl|product_terms_pipe[0][90][19]  ; Lost fanout                            ;
; fir_filter_parallel_reduced_pipelined_stream:impl|fir_filter_parallel_reduced_pipelined:impl|product_terms_pipe[0][90][18]  ; Lost fanout                            ;
; fir_filter_parallel_reduced_pipelined_stream:impl|fir_filter_parallel_reduced_pipelined:impl|product_terms_pipe[0][90][17]  ; Lost fanout                            ;
; fir_filter_parallel_reduced_pipelined_stream:impl|fir_filter_parallel_reduced_pipelined:impl|product_terms_pipe[0][90][16]  ; Lost fanout                            ;
; fir_filter_parallel_reduced_pipelined_stream:impl|fir_filter_parallel_reduced_pipelined:impl|product_terms_pipe[0][90][15]  ; Lost fanout                            ;
; fir_filter_parallel_reduced_pipelined_stream:impl|fir_filter_parallel_reduced_pipelined:impl|product_terms_pipe[0][90][14]  ; Lost fanout                            ;
; fir_filter_parallel_reduced_pipelined_stream:impl|fir_filter_parallel_reduced_pipelined:impl|product_terms_pipe[0][90][13]  ; Lost fanout                            ;
; fir_filter_parallel_reduced_pipelined_stream:impl|fir_filter_parallel_reduced_pipelined:impl|product_terms_pipe[0][90][12]  ; Lost fanout                            ;
; fir_filter_parallel_reduced_pipelined_stream:impl|fir_filter_parallel_reduced_pipelined:impl|product_terms_pipe[0][90][11]  ; Lost fanout                            ;
; fir_filter_parallel_reduced_pipelined_stream:impl|fir_filter_parallel_reduced_pipelined:impl|product_terms_pipe[0][90][10]  ; Lost fanout                            ;
; fir_filter_parallel_reduced_pipelined_stream:impl|fir_filter_parallel_reduced_pipelined:impl|product_terms_pipe[0][90][9]   ; Lost fanout                            ;
; fir_filter_parallel_reduced_pipelined_stream:impl|fir_filter_parallel_reduced_pipelined:impl|product_terms_pipe[0][90][8]   ; Lost fanout                            ;
; fir_filter_parallel_reduced_pipelined_stream:impl|fir_filter_parallel_reduced_pipelined:impl|product_terms_pipe[0][90][7]   ; Lost fanout                            ;
; fir_filter_parallel_reduced_pipelined_stream:impl|fir_filter_parallel_reduced_pipelined:impl|product_terms_pipe[0][90][6]   ; Lost fanout                            ;
; fir_filter_parallel_reduced_pipelined_stream:impl|fir_filter_parallel_reduced_pipelined:impl|product_terms_pipe[0][90][5]   ; Lost fanout                            ;
; fir_filter_parallel_reduced_pipelined_stream:impl|fir_filter_parallel_reduced_pipelined:impl|product_terms_pipe[0][90][4]   ; Lost fanout                            ;
; fir_filter_parallel_reduced_pipelined_stream:impl|fir_filter_parallel_reduced_pipelined:impl|product_terms_pipe[0][90][3]   ; Lost fanout                            ;
; fir_filter_parallel_reduced_pipelined_stream:impl|fir_filter_parallel_reduced_pipelined:impl|product_terms_pipe[0][90][2]   ; Lost fanout                            ;
; fir_filter_parallel_reduced_pipelined_stream:impl|fir_filter_parallel_reduced_pipelined:impl|product_terms_pipe[0][90][1]   ; Lost fanout                            ;
; fir_filter_parallel_reduced_pipelined_stream:impl|fir_filter_parallel_reduced_pipelined:impl|product_terms_pipe[0][90][0]   ; Lost fanout                            ;
; fir_filter_parallel_reduced_pipelined_stream:impl|fir_filter_parallel_reduced_pipelined:impl|product_terms_pipe[0][91][45]  ; Lost fanout                            ;
; fir_filter_parallel_reduced_pipelined_stream:impl|fir_filter_parallel_reduced_pipelined:impl|product_terms_pipe[0][91][44]  ; Lost fanout                            ;
; fir_filter_parallel_reduced_pipelined_stream:impl|fir_filter_parallel_reduced_pipelined:impl|product_terms_pipe[0][91][43]  ; Lost fanout                            ;
; fir_filter_parallel_reduced_pipelined_stream:impl|fir_filter_parallel_reduced_pipelined:impl|product_terms_pipe[0][91][42]  ; Lost fanout                            ;
; fir_filter_parallel_reduced_pipelined_stream:impl|fir_filter_parallel_reduced_pipelined:impl|product_terms_pipe[0][91][41]  ; Lost fanout                            ;
; fir_filter_parallel_reduced_pipelined_stream:impl|fir_filter_parallel_reduced_pipelined:impl|product_terms_pipe[0][91][40]  ; Lost fanout                            ;
; fir_filter_parallel_reduced_pipelined_stream:impl|fir_filter_parallel_reduced_pipelined:impl|product_terms_pipe[0][91][39]  ; Lost fanout                            ;
; fir_filter_parallel_reduced_pipelined_stream:impl|fir_filter_parallel_reduced_pipelined:impl|product_terms_pipe[0][91][38]  ; Lost fanout                            ;
; fir_filter_parallel_reduced_pipelined_stream:impl|fir_filter_parallel_reduced_pipelined:impl|product_terms_pipe[0][91][37]  ; Lost fanout                            ;
; fir_filter_parallel_reduced_pipelined_stream:impl|fir_filter_parallel_reduced_pipelined:impl|product_terms_pipe[0][91][36]  ; Lost fanout                            ;
; fir_filter_parallel_reduced_pipelined_stream:impl|fir_filter_parallel_reduced_pipelined:impl|product_terms_pipe[0][91][35]  ; Lost fanout                            ;
; fir_filter_parallel_reduced_pipelined_stream:impl|fir_filter_parallel_reduced_pipelined:impl|product_terms_pipe[0][91][34]  ; Lost fanout                            ;
; fir_filter_parallel_reduced_pipelined_stream:impl|fir_filter_parallel_reduced_pipelined:impl|product_terms_pipe[0][91][33]  ; Lost fanout                            ;
; fir_filter_parallel_reduced_pipelined_stream:impl|fir_filter_parallel_reduced_pipelined:impl|product_terms_pipe[0][91][32]  ; Lost fanout                            ;
; fir_filter_parallel_reduced_pipelined_stream:impl|fir_filter_parallel_reduced_pipelined:impl|product_terms_pipe[0][91][31]  ; Lost fanout                            ;
; fir_filter_parallel_reduced_pipelined_stream:impl|fir_filter_parallel_reduced_pipelined:impl|product_terms_pipe[0][91][30]  ; Lost fanout                            ;
; fir_filter_parallel_reduced_pipelined_stream:impl|fir_filter_parallel_reduced_pipelined:impl|product_terms_pipe[0][91][29]  ; Lost fanout                            ;
; fir_filter_parallel_reduced_pipelined_stream:impl|fir_filter_parallel_reduced_pipelined:impl|product_terms_pipe[0][91][28]  ; Lost fanout                            ;
; fir_filter_parallel_reduced_pipelined_stream:impl|fir_filter_parallel_reduced_pipelined:impl|product_terms_pipe[0][91][27]  ; Lost fanout                            ;
; fir_filter_parallel_reduced_pipelined_stream:impl|fir_filter_parallel_reduced_pipelined:impl|product_terms_pipe[0][91][26]  ; Lost fanout                            ;
; fir_filter_parallel_reduced_pipelined_stream:impl|fir_filter_parallel_reduced_pipelined:impl|product_terms_pipe[0][91][25]  ; Lost fanout                            ;
; fir_filter_parallel_reduced_pipelined_stream:impl|fir_filter_parallel_reduced_pipelined:impl|product_terms_pipe[0][91][24]  ; Lost fanout                            ;
; fir_filter_parallel_reduced_pipelined_stream:impl|fir_filter_parallel_reduced_pipelined:impl|product_terms_pipe[0][91][23]  ; Lost fanout                            ;
; fir_filter_parallel_reduced_pipelined_stream:impl|fir_filter_parallel_reduced_pipelined:impl|product_terms_pipe[0][91][22]  ; Lost fanout                            ;
; fir_filter_parallel_reduced_pipelined_stream:impl|fir_filter_parallel_reduced_pipelined:impl|product_terms_pipe[0][91][21]  ; Lost fanout                            ;
; fir_filter_parallel_reduced_pipelined_stream:impl|fir_filter_parallel_reduced_pipelined:impl|product_terms_pipe[0][91][20]  ; Lost fanout                            ;
; fir_filter_parallel_reduced_pipelined_stream:impl|fir_filter_parallel_reduced_pipelined:impl|product_terms_pipe[0][91][19]  ; Lost fanout                            ;
; fir_filter_parallel_reduced_pipelined_stream:impl|fir_filter_parallel_reduced_pipelined:impl|product_terms_pipe[0][91][18]  ; Lost fanout                            ;
; fir_filter_parallel_reduced_pipelined_stream:impl|fir_filter_parallel_reduced_pipelined:impl|product_terms_pipe[0][91][17]  ; Lost fanout                            ;
; fir_filter_parallel_reduced_pipelined_stream:impl|fir_filter_parallel_reduced_pipelined:impl|product_terms_pipe[0][91][16]  ; Lost fanout                            ;
; fir_filter_parallel_reduced_pipelined_stream:impl|fir_filter_parallel_reduced_pipelined:impl|product_terms_pipe[0][91][15]  ; Lost fanout                            ;
; fir_filter_parallel_reduced_pipelined_stream:impl|fir_filter_parallel_reduced_pipelined:impl|product_terms_pipe[0][91][14]  ; Lost fanout                            ;
; fir_filter_parallel_reduced_pipelined_stream:impl|fir_filter_parallel_reduced_pipelined:impl|product_terms_pipe[0][91][13]  ; Lost fanout                            ;
; fir_filter_parallel_reduced_pipelined_stream:impl|fir_filter_parallel_reduced_pipelined:impl|product_terms_pipe[0][91][12]  ; Lost fanout                            ;
; fir_filter_parallel_reduced_pipelined_stream:impl|fir_filter_parallel_reduced_pipelined:impl|product_terms_pipe[0][91][11]  ; Lost fanout                            ;
; fir_filter_parallel_reduced_pipelined_stream:impl|fir_filter_parallel_reduced_pipelined:impl|product_terms_pipe[0][91][10]  ; Lost fanout                            ;
; fir_filter_parallel_reduced_pipelined_stream:impl|fir_filter_parallel_reduced_pipelined:impl|product_terms_pipe[0][91][9]   ; Lost fanout                            ;
; fir_filter_parallel_reduced_pipelined_stream:impl|fir_filter_parallel_reduced_pipelined:impl|product_terms_pipe[0][91][8]   ; Lost fanout                            ;
; fir_filter_parallel_reduced_pipelined_stream:impl|fir_filter_parallel_reduced_pipelined:impl|product_terms_pipe[0][91][7]   ; Lost fanout                            ;
; fir_filter_parallel_reduced_pipelined_stream:impl|fir_filter_parallel_reduced_pipelined:impl|product_terms_pipe[0][91][6]   ; Lost fanout                            ;
; fir_filter_parallel_reduced_pipelined_stream:impl|fir_filter_parallel_reduced_pipelined:impl|product_terms_pipe[0][91][5]   ; Lost fanout                            ;
; fir_filter_parallel_reduced_pipelined_stream:impl|fir_filter_parallel_reduced_pipelined:impl|product_terms_pipe[0][91][4]   ; Lost fanout                            ;
; fir_filter_parallel_reduced_pipelined_stream:impl|fir_filter_parallel_reduced_pipelined:impl|product_terms_pipe[0][91][3]   ; Lost fanout                            ;
; fir_filter_parallel_reduced_pipelined_stream:impl|fir_filter_parallel_reduced_pipelined:impl|product_terms_pipe[0][91][2]   ; Lost fanout                            ;
; fir_filter_parallel_reduced_pipelined_stream:impl|fir_filter_parallel_reduced_pipelined:impl|product_terms_pipe[0][91][1]   ; Lost fanout                            ;
; fir_filter_parallel_reduced_pipelined_stream:impl|fir_filter_parallel_reduced_pipelined:impl|product_terms_pipe[0][91][0]   ; Lost fanout                            ;
; fir_filter_parallel_reduced_pipelined_stream:impl|fir_filter_parallel_reduced_pipelined:impl|product_terms_pipe[0][92][45]  ; Lost fanout                            ;
; fir_filter_parallel_reduced_pipelined_stream:impl|fir_filter_parallel_reduced_pipelined:impl|product_terms_pipe[0][92][44]  ; Lost fanout                            ;
; fir_filter_parallel_reduced_pipelined_stream:impl|fir_filter_parallel_reduced_pipelined:impl|product_terms_pipe[0][92][43]  ; Lost fanout                            ;
; fir_filter_parallel_reduced_pipelined_stream:impl|fir_filter_parallel_reduced_pipelined:impl|product_terms_pipe[0][92][42]  ; Lost fanout                            ;
; fir_filter_parallel_reduced_pipelined_stream:impl|fir_filter_parallel_reduced_pipelined:impl|product_terms_pipe[0][92][41]  ; Lost fanout                            ;
; fir_filter_parallel_reduced_pipelined_stream:impl|fir_filter_parallel_reduced_pipelined:impl|product_terms_pipe[0][92][40]  ; Lost fanout                            ;
; fir_filter_parallel_reduced_pipelined_stream:impl|fir_filter_parallel_reduced_pipelined:impl|product_terms_pipe[0][92][39]  ; Lost fanout                            ;
; fir_filter_parallel_reduced_pipelined_stream:impl|fir_filter_parallel_reduced_pipelined:impl|product_terms_pipe[0][92][38]  ; Lost fanout                            ;
; fir_filter_parallel_reduced_pipelined_stream:impl|fir_filter_parallel_reduced_pipelined:impl|product_terms_pipe[0][92][37]  ; Lost fanout                            ;
; fir_filter_parallel_reduced_pipelined_stream:impl|fir_filter_parallel_reduced_pipelined:impl|product_terms_pipe[0][92][36]  ; Lost fanout                            ;
; fir_filter_parallel_reduced_pipelined_stream:impl|fir_filter_parallel_reduced_pipelined:impl|product_terms_pipe[0][92][35]  ; Lost fanout                            ;
; fir_filter_parallel_reduced_pipelined_stream:impl|fir_filter_parallel_reduced_pipelined:impl|product_terms_pipe[0][92][34]  ; Lost fanout                            ;
; fir_filter_parallel_reduced_pipelined_stream:impl|fir_filter_parallel_reduced_pipelined:impl|product_terms_pipe[0][92][33]  ; Lost fanout                            ;
; fir_filter_parallel_reduced_pipelined_stream:impl|fir_filter_parallel_reduced_pipelined:impl|product_terms_pipe[0][92][32]  ; Lost fanout                            ;
; fir_filter_parallel_reduced_pipelined_stream:impl|fir_filter_parallel_reduced_pipelined:impl|product_terms_pipe[0][92][31]  ; Lost fanout                            ;
; fir_filter_parallel_reduced_pipelined_stream:impl|fir_filter_parallel_reduced_pipelined:impl|product_terms_pipe[0][92][30]  ; Lost fanout                            ;
; fir_filter_parallel_reduced_pipelined_stream:impl|fir_filter_parallel_reduced_pipelined:impl|product_terms_pipe[0][92][29]  ; Lost fanout                            ;
; fir_filter_parallel_reduced_pipelined_stream:impl|fir_filter_parallel_reduced_pipelined:impl|product_terms_pipe[0][92][28]  ; Lost fanout                            ;
; fir_filter_parallel_reduced_pipelined_stream:impl|fir_filter_parallel_reduced_pipelined:impl|product_terms_pipe[0][92][27]  ; Lost fanout                            ;
; fir_filter_parallel_reduced_pipelined_stream:impl|fir_filter_parallel_reduced_pipelined:impl|product_terms_pipe[0][92][26]  ; Lost fanout                            ;
; fir_filter_parallel_reduced_pipelined_stream:impl|fir_filter_parallel_reduced_pipelined:impl|product_terms_pipe[0][92][25]  ; Lost fanout                            ;
; fir_filter_parallel_reduced_pipelined_stream:impl|fir_filter_parallel_reduced_pipelined:impl|product_terms_pipe[0][92][24]  ; Lost fanout                            ;
; fir_filter_parallel_reduced_pipelined_stream:impl|fir_filter_parallel_reduced_pipelined:impl|product_terms_pipe[0][92][23]  ; Lost fanout                            ;
; fir_filter_parallel_reduced_pipelined_stream:impl|fir_filter_parallel_reduced_pipelined:impl|product_terms_pipe[0][92][22]  ; Lost fanout                            ;
; fir_filter_parallel_reduced_pipelined_stream:impl|fir_filter_parallel_reduced_pipelined:impl|product_terms_pipe[0][92][21]  ; Lost fanout                            ;
; fir_filter_parallel_reduced_pipelined_stream:impl|fir_filter_parallel_reduced_pipelined:impl|product_terms_pipe[0][92][20]  ; Lost fanout                            ;
; fir_filter_parallel_reduced_pipelined_stream:impl|fir_filter_parallel_reduced_pipelined:impl|product_terms_pipe[0][92][19]  ; Lost fanout                            ;
; fir_filter_parallel_reduced_pipelined_stream:impl|fir_filter_parallel_reduced_pipelined:impl|product_terms_pipe[0][92][18]  ; Lost fanout                            ;
; fir_filter_parallel_reduced_pipelined_stream:impl|fir_filter_parallel_reduced_pipelined:impl|product_terms_pipe[0][92][17]  ; Lost fanout                            ;
; fir_filter_parallel_reduced_pipelined_stream:impl|fir_filter_parallel_reduced_pipelined:impl|product_terms_pipe[0][92][16]  ; Lost fanout                            ;
; fir_filter_parallel_reduced_pipelined_stream:impl|fir_filter_parallel_reduced_pipelined:impl|product_terms_pipe[0][92][15]  ; Lost fanout                            ;
; fir_filter_parallel_reduced_pipelined_stream:impl|fir_filter_parallel_reduced_pipelined:impl|product_terms_pipe[0][92][14]  ; Lost fanout                            ;
; fir_filter_parallel_reduced_pipelined_stream:impl|fir_filter_parallel_reduced_pipelined:impl|product_terms_pipe[0][92][13]  ; Lost fanout                            ;
; fir_filter_parallel_reduced_pipelined_stream:impl|fir_filter_parallel_reduced_pipelined:impl|product_terms_pipe[0][92][12]  ; Lost fanout                            ;
; fir_filter_parallel_reduced_pipelined_stream:impl|fir_filter_parallel_reduced_pipelined:impl|product_terms_pipe[0][92][11]  ; Lost fanout                            ;
; fir_filter_parallel_reduced_pipelined_stream:impl|fir_filter_parallel_reduced_pipelined:impl|product_terms_pipe[0][92][10]  ; Lost fanout                            ;
; fir_filter_parallel_reduced_pipelined_stream:impl|fir_filter_parallel_reduced_pipelined:impl|product_terms_pipe[0][92][9]   ; Lost fanout                            ;
; fir_filter_parallel_reduced_pipelined_stream:impl|fir_filter_parallel_reduced_pipelined:impl|product_terms_pipe[0][92][8]   ; Lost fanout                            ;
; fir_filter_parallel_reduced_pipelined_stream:impl|fir_filter_parallel_reduced_pipelined:impl|product_terms_pipe[0][92][7]   ; Lost fanout                            ;
; fir_filter_parallel_reduced_pipelined_stream:impl|fir_filter_parallel_reduced_pipelined:impl|product_terms_pipe[0][92][6]   ; Lost fanout                            ;
; fir_filter_parallel_reduced_pipelined_stream:impl|fir_filter_parallel_reduced_pipelined:impl|product_terms_pipe[0][92][5]   ; Lost fanout                            ;
; fir_filter_parallel_reduced_pipelined_stream:impl|fir_filter_parallel_reduced_pipelined:impl|product_terms_pipe[0][92][4]   ; Lost fanout                            ;
; fir_filter_parallel_reduced_pipelined_stream:impl|fir_filter_parallel_reduced_pipelined:impl|product_terms_pipe[0][92][3]   ; Lost fanout                            ;
; fir_filter_parallel_reduced_pipelined_stream:impl|fir_filter_parallel_reduced_pipelined:impl|product_terms_pipe[0][92][2]   ; Lost fanout                            ;
; fir_filter_parallel_reduced_pipelined_stream:impl|fir_filter_parallel_reduced_pipelined:impl|product_terms_pipe[0][92][1]   ; Lost fanout                            ;
; fir_filter_parallel_reduced_pipelined_stream:impl|fir_filter_parallel_reduced_pipelined:impl|product_terms_pipe[0][92][0]   ; Lost fanout                            ;
; fir_filter_parallel_reduced_pipelined_stream:impl|fir_filter_parallel_reduced_pipelined:impl|product_terms_pipe[0][93][45]  ; Lost fanout                            ;
; fir_filter_parallel_reduced_pipelined_stream:impl|fir_filter_parallel_reduced_pipelined:impl|product_terms_pipe[0][93][44]  ; Lost fanout                            ;
; fir_filter_parallel_reduced_pipelined_stream:impl|fir_filter_parallel_reduced_pipelined:impl|product_terms_pipe[0][93][43]  ; Lost fanout                            ;
; fir_filter_parallel_reduced_pipelined_stream:impl|fir_filter_parallel_reduced_pipelined:impl|product_terms_pipe[0][93][42]  ; Lost fanout                            ;
; fir_filter_parallel_reduced_pipelined_stream:impl|fir_filter_parallel_reduced_pipelined:impl|product_terms_pipe[0][93][41]  ; Lost fanout                            ;
; fir_filter_parallel_reduced_pipelined_stream:impl|fir_filter_parallel_reduced_pipelined:impl|product_terms_pipe[0][93][40]  ; Lost fanout                            ;
; fir_filter_parallel_reduced_pipelined_stream:impl|fir_filter_parallel_reduced_pipelined:impl|product_terms_pipe[0][93][39]  ; Lost fanout                            ;
; fir_filter_parallel_reduced_pipelined_stream:impl|fir_filter_parallel_reduced_pipelined:impl|product_terms_pipe[0][93][38]  ; Lost fanout                            ;
; fir_filter_parallel_reduced_pipelined_stream:impl|fir_filter_parallel_reduced_pipelined:impl|product_terms_pipe[0][93][37]  ; Lost fanout                            ;
; fir_filter_parallel_reduced_pipelined_stream:impl|fir_filter_parallel_reduced_pipelined:impl|product_terms_pipe[0][93][36]  ; Lost fanout                            ;
; fir_filter_parallel_reduced_pipelined_stream:impl|fir_filter_parallel_reduced_pipelined:impl|product_terms_pipe[0][93][35]  ; Lost fanout                            ;
; fir_filter_parallel_reduced_pipelined_stream:impl|fir_filter_parallel_reduced_pipelined:impl|product_terms_pipe[0][93][34]  ; Lost fanout                            ;
; fir_filter_parallel_reduced_pipelined_stream:impl|fir_filter_parallel_reduced_pipelined:impl|product_terms_pipe[0][93][33]  ; Lost fanout                            ;
; fir_filter_parallel_reduced_pipelined_stream:impl|fir_filter_parallel_reduced_pipelined:impl|product_terms_pipe[0][93][32]  ; Lost fanout                            ;
; fir_filter_parallel_reduced_pipelined_stream:impl|fir_filter_parallel_reduced_pipelined:impl|product_terms_pipe[0][93][31]  ; Lost fanout                            ;
; fir_filter_parallel_reduced_pipelined_stream:impl|fir_filter_parallel_reduced_pipelined:impl|product_terms_pipe[0][93][30]  ; Lost fanout                            ;
; fir_filter_parallel_reduced_pipelined_stream:impl|fir_filter_parallel_reduced_pipelined:impl|product_terms_pipe[0][93][29]  ; Lost fanout                            ;
; fir_filter_parallel_reduced_pipelined_stream:impl|fir_filter_parallel_reduced_pipelined:impl|product_terms_pipe[0][93][28]  ; Lost fanout                            ;
; fir_filter_parallel_reduced_pipelined_stream:impl|fir_filter_parallel_reduced_pipelined:impl|product_terms_pipe[0][93][27]  ; Lost fanout                            ;
; fir_filter_parallel_reduced_pipelined_stream:impl|fir_filter_parallel_reduced_pipelined:impl|product_terms_pipe[0][93][26]  ; Lost fanout                            ;
; fir_filter_parallel_reduced_pipelined_stream:impl|fir_filter_parallel_reduced_pipelined:impl|product_terms_pipe[0][93][25]  ; Lost fanout                            ;
; fir_filter_parallel_reduced_pipelined_stream:impl|fir_filter_parallel_reduced_pipelined:impl|product_terms_pipe[0][93][24]  ; Lost fanout                            ;
; fir_filter_parallel_reduced_pipelined_stream:impl|fir_filter_parallel_reduced_pipelined:impl|product_terms_pipe[0][93][23]  ; Lost fanout                            ;
; fir_filter_parallel_reduced_pipelined_stream:impl|fir_filter_parallel_reduced_pipelined:impl|product_terms_pipe[0][93][22]  ; Lost fanout                            ;
; fir_filter_parallel_reduced_pipelined_stream:impl|fir_filter_parallel_reduced_pipelined:impl|product_terms_pipe[0][93][21]  ; Lost fanout                            ;
; fir_filter_parallel_reduced_pipelined_stream:impl|fir_filter_parallel_reduced_pipelined:impl|product_terms_pipe[0][93][20]  ; Lost fanout                            ;
; fir_filter_parallel_reduced_pipelined_stream:impl|fir_filter_parallel_reduced_pipelined:impl|product_terms_pipe[0][93][19]  ; Lost fanout                            ;
; fir_filter_parallel_reduced_pipelined_stream:impl|fir_filter_parallel_reduced_pipelined:impl|product_terms_pipe[0][93][18]  ; Lost fanout                            ;
; fir_filter_parallel_reduced_pipelined_stream:impl|fir_filter_parallel_reduced_pipelined:impl|product_terms_pipe[0][93][17]  ; Lost fanout                            ;
; fir_filter_parallel_reduced_pipelined_stream:impl|fir_filter_parallel_reduced_pipelined:impl|product_terms_pipe[0][93][16]  ; Lost fanout                            ;
; fir_filter_parallel_reduced_pipelined_stream:impl|fir_filter_parallel_reduced_pipelined:impl|product_terms_pipe[0][93][15]  ; Lost fanout                            ;
; fir_filter_parallel_reduced_pipelined_stream:impl|fir_filter_parallel_reduced_pipelined:impl|product_terms_pipe[0][93][14]  ; Lost fanout                            ;
; fir_filter_parallel_reduced_pipelined_stream:impl|fir_filter_parallel_reduced_pipelined:impl|product_terms_pipe[0][93][13]  ; Lost fanout                            ;
; fir_filter_parallel_reduced_pipelined_stream:impl|fir_filter_parallel_reduced_pipelined:impl|product_terms_pipe[0][93][12]  ; Lost fanout                            ;
; fir_filter_parallel_reduced_pipelined_stream:impl|fir_filter_parallel_reduced_pipelined:impl|product_terms_pipe[0][93][11]  ; Lost fanout                            ;
; fir_filter_parallel_reduced_pipelined_stream:impl|fir_filter_parallel_reduced_pipelined:impl|product_terms_pipe[0][93][10]  ; Lost fanout                            ;
; fir_filter_parallel_reduced_pipelined_stream:impl|fir_filter_parallel_reduced_pipelined:impl|product_terms_pipe[0][93][9]   ; Lost fanout                            ;
; fir_filter_parallel_reduced_pipelined_stream:impl|fir_filter_parallel_reduced_pipelined:impl|product_terms_pipe[0][93][8]   ; Lost fanout                            ;
; fir_filter_parallel_reduced_pipelined_stream:impl|fir_filter_parallel_reduced_pipelined:impl|product_terms_pipe[0][93][7]   ; Lost fanout                            ;
; fir_filter_parallel_reduced_pipelined_stream:impl|fir_filter_parallel_reduced_pipelined:impl|product_terms_pipe[0][93][6]   ; Lost fanout                            ;
; fir_filter_parallel_reduced_pipelined_stream:impl|fir_filter_parallel_reduced_pipelined:impl|product_terms_pipe[0][93][5]   ; Lost fanout                            ;
; fir_filter_parallel_reduced_pipelined_stream:impl|fir_filter_parallel_reduced_pipelined:impl|product_terms_pipe[0][93][4]   ; Lost fanout                            ;
; fir_filter_parallel_reduced_pipelined_stream:impl|fir_filter_parallel_reduced_pipelined:impl|product_terms_pipe[0][93][3]   ; Lost fanout                            ;
; fir_filter_parallel_reduced_pipelined_stream:impl|fir_filter_parallel_reduced_pipelined:impl|product_terms_pipe[0][93][2]   ; Lost fanout                            ;
; fir_filter_parallel_reduced_pipelined_stream:impl|fir_filter_parallel_reduced_pipelined:impl|product_terms_pipe[0][93][1]   ; Lost fanout                            ;
; fir_filter_parallel_reduced_pipelined_stream:impl|fir_filter_parallel_reduced_pipelined:impl|product_terms_pipe[0][93][0]   ; Lost fanout                            ;
; fir_filter_parallel_reduced_pipelined_stream:impl|fir_filter_parallel_reduced_pipelined:impl|product_terms_pipe[0][94][45]  ; Lost fanout                            ;
; fir_filter_parallel_reduced_pipelined_stream:impl|fir_filter_parallel_reduced_pipelined:impl|product_terms_pipe[0][94][44]  ; Lost fanout                            ;
; fir_filter_parallel_reduced_pipelined_stream:impl|fir_filter_parallel_reduced_pipelined:impl|product_terms_pipe[0][94][43]  ; Lost fanout                            ;
; fir_filter_parallel_reduced_pipelined_stream:impl|fir_filter_parallel_reduced_pipelined:impl|product_terms_pipe[0][94][42]  ; Lost fanout                            ;
; fir_filter_parallel_reduced_pipelined_stream:impl|fir_filter_parallel_reduced_pipelined:impl|product_terms_pipe[0][94][41]  ; Lost fanout                            ;
; fir_filter_parallel_reduced_pipelined_stream:impl|fir_filter_parallel_reduced_pipelined:impl|product_terms_pipe[0][94][40]  ; Lost fanout                            ;
; fir_filter_parallel_reduced_pipelined_stream:impl|fir_filter_parallel_reduced_pipelined:impl|product_terms_pipe[0][94][39]  ; Lost fanout                            ;
; fir_filter_parallel_reduced_pipelined_stream:impl|fir_filter_parallel_reduced_pipelined:impl|product_terms_pipe[0][94][38]  ; Lost fanout                            ;
; fir_filter_parallel_reduced_pipelined_stream:impl|fir_filter_parallel_reduced_pipelined:impl|product_terms_pipe[0][94][37]  ; Lost fanout                            ;
; fir_filter_parallel_reduced_pipelined_stream:impl|fir_filter_parallel_reduced_pipelined:impl|product_terms_pipe[0][94][36]  ; Lost fanout                            ;
; fir_filter_parallel_reduced_pipelined_stream:impl|fir_filter_parallel_reduced_pipelined:impl|product_terms_pipe[0][94][35]  ; Lost fanout                            ;
; fir_filter_parallel_reduced_pipelined_stream:impl|fir_filter_parallel_reduced_pipelined:impl|product_terms_pipe[0][94][34]  ; Lost fanout                            ;
; fir_filter_parallel_reduced_pipelined_stream:impl|fir_filter_parallel_reduced_pipelined:impl|product_terms_pipe[0][94][33]  ; Lost fanout                            ;
; fir_filter_parallel_reduced_pipelined_stream:impl|fir_filter_parallel_reduced_pipelined:impl|product_terms_pipe[0][94][32]  ; Lost fanout                            ;
; fir_filter_parallel_reduced_pipelined_stream:impl|fir_filter_parallel_reduced_pipelined:impl|product_terms_pipe[0][94][31]  ; Lost fanout                            ;
; fir_filter_parallel_reduced_pipelined_stream:impl|fir_filter_parallel_reduced_pipelined:impl|product_terms_pipe[0][94][30]  ; Lost fanout                            ;
; fir_filter_parallel_reduced_pipelined_stream:impl|fir_filter_parallel_reduced_pipelined:impl|product_terms_pipe[0][94][29]  ; Lost fanout                            ;
; fir_filter_parallel_reduced_pipelined_stream:impl|fir_filter_parallel_reduced_pipelined:impl|product_terms_pipe[0][94][28]  ; Lost fanout                            ;
; fir_filter_parallel_reduced_pipelined_stream:impl|fir_filter_parallel_reduced_pipelined:impl|product_terms_pipe[0][94][27]  ; Lost fanout                            ;
; fir_filter_parallel_reduced_pipelined_stream:impl|fir_filter_parallel_reduced_pipelined:impl|product_terms_pipe[0][94][26]  ; Lost fanout                            ;
; fir_filter_parallel_reduced_pipelined_stream:impl|fir_filter_parallel_reduced_pipelined:impl|product_terms_pipe[0][94][25]  ; Lost fanout                            ;
; fir_filter_parallel_reduced_pipelined_stream:impl|fir_filter_parallel_reduced_pipelined:impl|product_terms_pipe[0][94][24]  ; Lost fanout                            ;
; fir_filter_parallel_reduced_pipelined_stream:impl|fir_filter_parallel_reduced_pipelined:impl|product_terms_pipe[0][94][23]  ; Lost fanout                            ;
; fir_filter_parallel_reduced_pipelined_stream:impl|fir_filter_parallel_reduced_pipelined:impl|product_terms_pipe[0][94][22]  ; Lost fanout                            ;
; fir_filter_parallel_reduced_pipelined_stream:impl|fir_filter_parallel_reduced_pipelined:impl|product_terms_pipe[0][94][21]  ; Lost fanout                            ;
; fir_filter_parallel_reduced_pipelined_stream:impl|fir_filter_parallel_reduced_pipelined:impl|product_terms_pipe[0][94][20]  ; Lost fanout                            ;
; fir_filter_parallel_reduced_pipelined_stream:impl|fir_filter_parallel_reduced_pipelined:impl|product_terms_pipe[0][94][19]  ; Lost fanout                            ;
; fir_filter_parallel_reduced_pipelined_stream:impl|fir_filter_parallel_reduced_pipelined:impl|product_terms_pipe[0][94][18]  ; Lost fanout                            ;
; fir_filter_parallel_reduced_pipelined_stream:impl|fir_filter_parallel_reduced_pipelined:impl|product_terms_pipe[0][94][17]  ; Lost fanout                            ;
; fir_filter_parallel_reduced_pipelined_stream:impl|fir_filter_parallel_reduced_pipelined:impl|product_terms_pipe[0][94][16]  ; Lost fanout                            ;
; fir_filter_parallel_reduced_pipelined_stream:impl|fir_filter_parallel_reduced_pipelined:impl|product_terms_pipe[0][94][15]  ; Lost fanout                            ;
; fir_filter_parallel_reduced_pipelined_stream:impl|fir_filter_parallel_reduced_pipelined:impl|product_terms_pipe[0][94][14]  ; Lost fanout                            ;
; fir_filter_parallel_reduced_pipelined_stream:impl|fir_filter_parallel_reduced_pipelined:impl|product_terms_pipe[0][94][13]  ; Lost fanout                            ;
; fir_filter_parallel_reduced_pipelined_stream:impl|fir_filter_parallel_reduced_pipelined:impl|product_terms_pipe[0][94][12]  ; Lost fanout                            ;
; fir_filter_parallel_reduced_pipelined_stream:impl|fir_filter_parallel_reduced_pipelined:impl|product_terms_pipe[0][94][11]  ; Lost fanout                            ;
; fir_filter_parallel_reduced_pipelined_stream:impl|fir_filter_parallel_reduced_pipelined:impl|product_terms_pipe[0][94][10]  ; Lost fanout                            ;
; fir_filter_parallel_reduced_pipelined_stream:impl|fir_filter_parallel_reduced_pipelined:impl|product_terms_pipe[0][94][9]   ; Lost fanout                            ;
; fir_filter_parallel_reduced_pipelined_stream:impl|fir_filter_parallel_reduced_pipelined:impl|product_terms_pipe[0][94][8]   ; Lost fanout                            ;
; fir_filter_parallel_reduced_pipelined_stream:impl|fir_filter_parallel_reduced_pipelined:impl|product_terms_pipe[0][94][7]   ; Lost fanout                            ;
; fir_filter_parallel_reduced_pipelined_stream:impl|fir_filter_parallel_reduced_pipelined:impl|product_terms_pipe[0][94][6]   ; Lost fanout                            ;
; fir_filter_parallel_reduced_pipelined_stream:impl|fir_filter_parallel_reduced_pipelined:impl|product_terms_pipe[0][94][5]   ; Lost fanout                            ;
; fir_filter_parallel_reduced_pipelined_stream:impl|fir_filter_parallel_reduced_pipelined:impl|product_terms_pipe[0][94][4]   ; Lost fanout                            ;
; fir_filter_parallel_reduced_pipelined_stream:impl|fir_filter_parallel_reduced_pipelined:impl|product_terms_pipe[0][94][3]   ; Lost fanout                            ;
; fir_filter_parallel_reduced_pipelined_stream:impl|fir_filter_parallel_reduced_pipelined:impl|product_terms_pipe[0][94][2]   ; Lost fanout                            ;
; fir_filter_parallel_reduced_pipelined_stream:impl|fir_filter_parallel_reduced_pipelined:impl|product_terms_pipe[0][94][1]   ; Lost fanout                            ;
; fir_filter_parallel_reduced_pipelined_stream:impl|fir_filter_parallel_reduced_pipelined:impl|product_terms_pipe[0][94][0]   ; Lost fanout                            ;
; fir_filter_parallel_reduced_pipelined_stream:impl|fir_filter_parallel_reduced_pipelined:impl|product_terms_pipe[0][95][45]  ; Lost fanout                            ;
; fir_filter_parallel_reduced_pipelined_stream:impl|fir_filter_parallel_reduced_pipelined:impl|product_terms_pipe[0][95][44]  ; Lost fanout                            ;
; fir_filter_parallel_reduced_pipelined_stream:impl|fir_filter_parallel_reduced_pipelined:impl|product_terms_pipe[0][95][43]  ; Lost fanout                            ;
; fir_filter_parallel_reduced_pipelined_stream:impl|fir_filter_parallel_reduced_pipelined:impl|product_terms_pipe[0][95][42]  ; Lost fanout                            ;
; fir_filter_parallel_reduced_pipelined_stream:impl|fir_filter_parallel_reduced_pipelined:impl|product_terms_pipe[0][95][41]  ; Lost fanout                            ;
; fir_filter_parallel_reduced_pipelined_stream:impl|fir_filter_parallel_reduced_pipelined:impl|product_terms_pipe[0][95][40]  ; Lost fanout                            ;
; fir_filter_parallel_reduced_pipelined_stream:impl|fir_filter_parallel_reduced_pipelined:impl|product_terms_pipe[0][95][39]  ; Lost fanout                            ;
; fir_filter_parallel_reduced_pipelined_stream:impl|fir_filter_parallel_reduced_pipelined:impl|product_terms_pipe[0][95][38]  ; Lost fanout                            ;
; fir_filter_parallel_reduced_pipelined_stream:impl|fir_filter_parallel_reduced_pipelined:impl|product_terms_pipe[0][95][37]  ; Lost fanout                            ;
; fir_filter_parallel_reduced_pipelined_stream:impl|fir_filter_parallel_reduced_pipelined:impl|product_terms_pipe[0][95][36]  ; Lost fanout                            ;
; fir_filter_parallel_reduced_pipelined_stream:impl|fir_filter_parallel_reduced_pipelined:impl|product_terms_pipe[0][95][35]  ; Lost fanout                            ;
; fir_filter_parallel_reduced_pipelined_stream:impl|fir_filter_parallel_reduced_pipelined:impl|product_terms_pipe[0][95][34]  ; Lost fanout                            ;
; fir_filter_parallel_reduced_pipelined_stream:impl|fir_filter_parallel_reduced_pipelined:impl|product_terms_pipe[0][95][33]  ; Lost fanout                            ;
; fir_filter_parallel_reduced_pipelined_stream:impl|fir_filter_parallel_reduced_pipelined:impl|product_terms_pipe[0][95][32]  ; Lost fanout                            ;
; fir_filter_parallel_reduced_pipelined_stream:impl|fir_filter_parallel_reduced_pipelined:impl|product_terms_pipe[0][95][31]  ; Lost fanout                            ;
; fir_filter_parallel_reduced_pipelined_stream:impl|fir_filter_parallel_reduced_pipelined:impl|product_terms_pipe[0][95][30]  ; Lost fanout                            ;
; fir_filter_parallel_reduced_pipelined_stream:impl|fir_filter_parallel_reduced_pipelined:impl|product_terms_pipe[0][95][29]  ; Lost fanout                            ;
; fir_filter_parallel_reduced_pipelined_stream:impl|fir_filter_parallel_reduced_pipelined:impl|product_terms_pipe[0][95][28]  ; Lost fanout                            ;
; fir_filter_parallel_reduced_pipelined_stream:impl|fir_filter_parallel_reduced_pipelined:impl|product_terms_pipe[0][95][27]  ; Lost fanout                            ;
; fir_filter_parallel_reduced_pipelined_stream:impl|fir_filter_parallel_reduced_pipelined:impl|product_terms_pipe[0][95][26]  ; Lost fanout                            ;
; fir_filter_parallel_reduced_pipelined_stream:impl|fir_filter_parallel_reduced_pipelined:impl|product_terms_pipe[0][95][25]  ; Lost fanout                            ;
; fir_filter_parallel_reduced_pipelined_stream:impl|fir_filter_parallel_reduced_pipelined:impl|product_terms_pipe[0][95][24]  ; Lost fanout                            ;
; fir_filter_parallel_reduced_pipelined_stream:impl|fir_filter_parallel_reduced_pipelined:impl|product_terms_pipe[0][95][23]  ; Lost fanout                            ;
; fir_filter_parallel_reduced_pipelined_stream:impl|fir_filter_parallel_reduced_pipelined:impl|product_terms_pipe[0][95][22]  ; Lost fanout                            ;
; fir_filter_parallel_reduced_pipelined_stream:impl|fir_filter_parallel_reduced_pipelined:impl|product_terms_pipe[0][95][21]  ; Lost fanout                            ;
; fir_filter_parallel_reduced_pipelined_stream:impl|fir_filter_parallel_reduced_pipelined:impl|product_terms_pipe[0][95][20]  ; Lost fanout                            ;
; fir_filter_parallel_reduced_pipelined_stream:impl|fir_filter_parallel_reduced_pipelined:impl|product_terms_pipe[0][95][19]  ; Lost fanout                            ;
; fir_filter_parallel_reduced_pipelined_stream:impl|fir_filter_parallel_reduced_pipelined:impl|product_terms_pipe[0][95][18]  ; Lost fanout                            ;
; fir_filter_parallel_reduced_pipelined_stream:impl|fir_filter_parallel_reduced_pipelined:impl|product_terms_pipe[0][95][17]  ; Lost fanout                            ;
; fir_filter_parallel_reduced_pipelined_stream:impl|fir_filter_parallel_reduced_pipelined:impl|product_terms_pipe[0][95][16]  ; Lost fanout                            ;
; fir_filter_parallel_reduced_pipelined_stream:impl|fir_filter_parallel_reduced_pipelined:impl|product_terms_pipe[0][95][15]  ; Lost fanout                            ;
; fir_filter_parallel_reduced_pipelined_stream:impl|fir_filter_parallel_reduced_pipelined:impl|product_terms_pipe[0][95][14]  ; Lost fanout                            ;
; fir_filter_parallel_reduced_pipelined_stream:impl|fir_filter_parallel_reduced_pipelined:impl|product_terms_pipe[0][95][13]  ; Lost fanout                            ;
; fir_filter_parallel_reduced_pipelined_stream:impl|fir_filter_parallel_reduced_pipelined:impl|product_terms_pipe[0][95][12]  ; Lost fanout                            ;
; fir_filter_parallel_reduced_pipelined_stream:impl|fir_filter_parallel_reduced_pipelined:impl|product_terms_pipe[0][95][11]  ; Lost fanout                            ;
; fir_filter_parallel_reduced_pipelined_stream:impl|fir_filter_parallel_reduced_pipelined:impl|product_terms_pipe[0][95][10]  ; Lost fanout                            ;
; fir_filter_parallel_reduced_pipelined_stream:impl|fir_filter_parallel_reduced_pipelined:impl|product_terms_pipe[0][95][9]   ; Lost fanout                            ;
; fir_filter_parallel_reduced_pipelined_stream:impl|fir_filter_parallel_reduced_pipelined:impl|product_terms_pipe[0][95][8]   ; Lost fanout                            ;
; fir_filter_parallel_reduced_pipelined_stream:impl|fir_filter_parallel_reduced_pipelined:impl|product_terms_pipe[0][95][7]   ; Lost fanout                            ;
; fir_filter_parallel_reduced_pipelined_stream:impl|fir_filter_parallel_reduced_pipelined:impl|product_terms_pipe[0][95][6]   ; Lost fanout                            ;
; fir_filter_parallel_reduced_pipelined_stream:impl|fir_filter_parallel_reduced_pipelined:impl|product_terms_pipe[0][95][5]   ; Lost fanout                            ;
; fir_filter_parallel_reduced_pipelined_stream:impl|fir_filter_parallel_reduced_pipelined:impl|product_terms_pipe[0][95][4]   ; Lost fanout                            ;
; fir_filter_parallel_reduced_pipelined_stream:impl|fir_filter_parallel_reduced_pipelined:impl|product_terms_pipe[0][95][3]   ; Lost fanout                            ;
; fir_filter_parallel_reduced_pipelined_stream:impl|fir_filter_parallel_reduced_pipelined:impl|product_terms_pipe[0][95][2]   ; Lost fanout                            ;
; fir_filter_parallel_reduced_pipelined_stream:impl|fir_filter_parallel_reduced_pipelined:impl|product_terms_pipe[0][95][1]   ; Lost fanout                            ;
; fir_filter_parallel_reduced_pipelined_stream:impl|fir_filter_parallel_reduced_pipelined:impl|product_terms_pipe[0][95][0]   ; Lost fanout                            ;
; fir_filter_parallel_reduced_pipelined_stream:impl|fir_filter_parallel_reduced_pipelined:impl|product_terms_pipe[0][96][45]  ; Lost fanout                            ;
; fir_filter_parallel_reduced_pipelined_stream:impl|fir_filter_parallel_reduced_pipelined:impl|product_terms_pipe[0][96][44]  ; Lost fanout                            ;
; fir_filter_parallel_reduced_pipelined_stream:impl|fir_filter_parallel_reduced_pipelined:impl|product_terms_pipe[0][96][43]  ; Lost fanout                            ;
; fir_filter_parallel_reduced_pipelined_stream:impl|fir_filter_parallel_reduced_pipelined:impl|product_terms_pipe[0][96][42]  ; Lost fanout                            ;
; fir_filter_parallel_reduced_pipelined_stream:impl|fir_filter_parallel_reduced_pipelined:impl|product_terms_pipe[0][96][41]  ; Lost fanout                            ;
; fir_filter_parallel_reduced_pipelined_stream:impl|fir_filter_parallel_reduced_pipelined:impl|product_terms_pipe[0][96][40]  ; Lost fanout                            ;
; fir_filter_parallel_reduced_pipelined_stream:impl|fir_filter_parallel_reduced_pipelined:impl|product_terms_pipe[0][96][39]  ; Lost fanout                            ;
; fir_filter_parallel_reduced_pipelined_stream:impl|fir_filter_parallel_reduced_pipelined:impl|product_terms_pipe[0][96][38]  ; Lost fanout                            ;
; fir_filter_parallel_reduced_pipelined_stream:impl|fir_filter_parallel_reduced_pipelined:impl|product_terms_pipe[0][96][37]  ; Lost fanout                            ;
; fir_filter_parallel_reduced_pipelined_stream:impl|fir_filter_parallel_reduced_pipelined:impl|product_terms_pipe[0][96][36]  ; Lost fanout                            ;
; fir_filter_parallel_reduced_pipelined_stream:impl|fir_filter_parallel_reduced_pipelined:impl|product_terms_pipe[0][96][35]  ; Lost fanout                            ;
; fir_filter_parallel_reduced_pipelined_stream:impl|fir_filter_parallel_reduced_pipelined:impl|product_terms_pipe[0][96][34]  ; Lost fanout                            ;
; fir_filter_parallel_reduced_pipelined_stream:impl|fir_filter_parallel_reduced_pipelined:impl|product_terms_pipe[0][96][33]  ; Lost fanout                            ;
; fir_filter_parallel_reduced_pipelined_stream:impl|fir_filter_parallel_reduced_pipelined:impl|product_terms_pipe[0][96][32]  ; Lost fanout                            ;
; fir_filter_parallel_reduced_pipelined_stream:impl|fir_filter_parallel_reduced_pipelined:impl|product_terms_pipe[0][96][31]  ; Lost fanout                            ;
; fir_filter_parallel_reduced_pipelined_stream:impl|fir_filter_parallel_reduced_pipelined:impl|product_terms_pipe[0][96][30]  ; Lost fanout                            ;
; fir_filter_parallel_reduced_pipelined_stream:impl|fir_filter_parallel_reduced_pipelined:impl|product_terms_pipe[0][96][29]  ; Lost fanout                            ;
; fir_filter_parallel_reduced_pipelined_stream:impl|fir_filter_parallel_reduced_pipelined:impl|product_terms_pipe[0][96][28]  ; Lost fanout                            ;
; fir_filter_parallel_reduced_pipelined_stream:impl|fir_filter_parallel_reduced_pipelined:impl|product_terms_pipe[0][96][27]  ; Lost fanout                            ;
; fir_filter_parallel_reduced_pipelined_stream:impl|fir_filter_parallel_reduced_pipelined:impl|product_terms_pipe[0][96][26]  ; Lost fanout                            ;
; fir_filter_parallel_reduced_pipelined_stream:impl|fir_filter_parallel_reduced_pipelined:impl|product_terms_pipe[0][96][25]  ; Lost fanout                            ;
; fir_filter_parallel_reduced_pipelined_stream:impl|fir_filter_parallel_reduced_pipelined:impl|product_terms_pipe[0][96][24]  ; Lost fanout                            ;
; fir_filter_parallel_reduced_pipelined_stream:impl|fir_filter_parallel_reduced_pipelined:impl|product_terms_pipe[0][96][23]  ; Lost fanout                            ;
; fir_filter_parallel_reduced_pipelined_stream:impl|fir_filter_parallel_reduced_pipelined:impl|product_terms_pipe[0][96][22]  ; Lost fanout                            ;
; fir_filter_parallel_reduced_pipelined_stream:impl|fir_filter_parallel_reduced_pipelined:impl|product_terms_pipe[0][96][21]  ; Lost fanout                            ;
; fir_filter_parallel_reduced_pipelined_stream:impl|fir_filter_parallel_reduced_pipelined:impl|product_terms_pipe[0][96][20]  ; Lost fanout                            ;
; fir_filter_parallel_reduced_pipelined_stream:impl|fir_filter_parallel_reduced_pipelined:impl|product_terms_pipe[0][96][19]  ; Lost fanout                            ;
; fir_filter_parallel_reduced_pipelined_stream:impl|fir_filter_parallel_reduced_pipelined:impl|product_terms_pipe[0][96][18]  ; Lost fanout                            ;
; fir_filter_parallel_reduced_pipelined_stream:impl|fir_filter_parallel_reduced_pipelined:impl|product_terms_pipe[0][96][17]  ; Lost fanout                            ;
; fir_filter_parallel_reduced_pipelined_stream:impl|fir_filter_parallel_reduced_pipelined:impl|product_terms_pipe[0][96][16]  ; Lost fanout                            ;
; fir_filter_parallel_reduced_pipelined_stream:impl|fir_filter_parallel_reduced_pipelined:impl|product_terms_pipe[0][96][15]  ; Lost fanout                            ;
; fir_filter_parallel_reduced_pipelined_stream:impl|fir_filter_parallel_reduced_pipelined:impl|product_terms_pipe[0][96][14]  ; Lost fanout                            ;
; fir_filter_parallel_reduced_pipelined_stream:impl|fir_filter_parallel_reduced_pipelined:impl|product_terms_pipe[0][96][13]  ; Lost fanout                            ;
; fir_filter_parallel_reduced_pipelined_stream:impl|fir_filter_parallel_reduced_pipelined:impl|product_terms_pipe[0][96][12]  ; Lost fanout                            ;
; fir_filter_parallel_reduced_pipelined_stream:impl|fir_filter_parallel_reduced_pipelined:impl|product_terms_pipe[0][96][11]  ; Lost fanout                            ;
; fir_filter_parallel_reduced_pipelined_stream:impl|fir_filter_parallel_reduced_pipelined:impl|product_terms_pipe[0][96][10]  ; Lost fanout                            ;
; fir_filter_parallel_reduced_pipelined_stream:impl|fir_filter_parallel_reduced_pipelined:impl|product_terms_pipe[0][96][9]   ; Lost fanout                            ;
; fir_filter_parallel_reduced_pipelined_stream:impl|fir_filter_parallel_reduced_pipelined:impl|product_terms_pipe[0][96][8]   ; Lost fanout                            ;
; fir_filter_parallel_reduced_pipelined_stream:impl|fir_filter_parallel_reduced_pipelined:impl|product_terms_pipe[0][96][7]   ; Lost fanout                            ;
; fir_filter_parallel_reduced_pipelined_stream:impl|fir_filter_parallel_reduced_pipelined:impl|product_terms_pipe[0][96][6]   ; Lost fanout                            ;
; fir_filter_parallel_reduced_pipelined_stream:impl|fir_filter_parallel_reduced_pipelined:impl|product_terms_pipe[0][96][5]   ; Lost fanout                            ;
; fir_filter_parallel_reduced_pipelined_stream:impl|fir_filter_parallel_reduced_pipelined:impl|product_terms_pipe[0][96][4]   ; Lost fanout                            ;
; fir_filter_parallel_reduced_pipelined_stream:impl|fir_filter_parallel_reduced_pipelined:impl|product_terms_pipe[0][96][3]   ; Lost fanout                            ;
; fir_filter_parallel_reduced_pipelined_stream:impl|fir_filter_parallel_reduced_pipelined:impl|product_terms_pipe[0][96][2]   ; Lost fanout                            ;
; fir_filter_parallel_reduced_pipelined_stream:impl|fir_filter_parallel_reduced_pipelined:impl|product_terms_pipe[0][96][1]   ; Lost fanout                            ;
; fir_filter_parallel_reduced_pipelined_stream:impl|fir_filter_parallel_reduced_pipelined:impl|product_terms_pipe[0][96][0]   ; Lost fanout                            ;
; fir_filter_parallel_reduced_pipelined_stream:impl|fir_filter_parallel_reduced_pipelined:impl|product_terms_pipe[0][97][45]  ; Lost fanout                            ;
; fir_filter_parallel_reduced_pipelined_stream:impl|fir_filter_parallel_reduced_pipelined:impl|product_terms_pipe[0][97][44]  ; Lost fanout                            ;
; fir_filter_parallel_reduced_pipelined_stream:impl|fir_filter_parallel_reduced_pipelined:impl|product_terms_pipe[0][97][43]  ; Lost fanout                            ;
; fir_filter_parallel_reduced_pipelined_stream:impl|fir_filter_parallel_reduced_pipelined:impl|product_terms_pipe[0][97][42]  ; Lost fanout                            ;
; fir_filter_parallel_reduced_pipelined_stream:impl|fir_filter_parallel_reduced_pipelined:impl|product_terms_pipe[0][97][41]  ; Lost fanout                            ;
; fir_filter_parallel_reduced_pipelined_stream:impl|fir_filter_parallel_reduced_pipelined:impl|product_terms_pipe[0][97][40]  ; Lost fanout                            ;
; fir_filter_parallel_reduced_pipelined_stream:impl|fir_filter_parallel_reduced_pipelined:impl|product_terms_pipe[0][97][39]  ; Lost fanout                            ;
; fir_filter_parallel_reduced_pipelined_stream:impl|fir_filter_parallel_reduced_pipelined:impl|product_terms_pipe[0][97][38]  ; Lost fanout                            ;
; fir_filter_parallel_reduced_pipelined_stream:impl|fir_filter_parallel_reduced_pipelined:impl|product_terms_pipe[0][97][37]  ; Lost fanout                            ;
; fir_filter_parallel_reduced_pipelined_stream:impl|fir_filter_parallel_reduced_pipelined:impl|product_terms_pipe[0][97][36]  ; Lost fanout                            ;
; fir_filter_parallel_reduced_pipelined_stream:impl|fir_filter_parallel_reduced_pipelined:impl|product_terms_pipe[0][97][35]  ; Lost fanout                            ;
; fir_filter_parallel_reduced_pipelined_stream:impl|fir_filter_parallel_reduced_pipelined:impl|product_terms_pipe[0][97][34]  ; Lost fanout                            ;
; fir_filter_parallel_reduced_pipelined_stream:impl|fir_filter_parallel_reduced_pipelined:impl|product_terms_pipe[0][97][33]  ; Lost fanout                            ;
; fir_filter_parallel_reduced_pipelined_stream:impl|fir_filter_parallel_reduced_pipelined:impl|product_terms_pipe[0][97][32]  ; Lost fanout                            ;
; fir_filter_parallel_reduced_pipelined_stream:impl|fir_filter_parallel_reduced_pipelined:impl|product_terms_pipe[0][97][31]  ; Lost fanout                            ;
; fir_filter_parallel_reduced_pipelined_stream:impl|fir_filter_parallel_reduced_pipelined:impl|product_terms_pipe[0][97][30]  ; Lost fanout                            ;
; fir_filter_parallel_reduced_pipelined_stream:impl|fir_filter_parallel_reduced_pipelined:impl|product_terms_pipe[0][97][29]  ; Lost fanout                            ;
; fir_filter_parallel_reduced_pipelined_stream:impl|fir_filter_parallel_reduced_pipelined:impl|product_terms_pipe[0][97][28]  ; Lost fanout                            ;
; fir_filter_parallel_reduced_pipelined_stream:impl|fir_filter_parallel_reduced_pipelined:impl|product_terms_pipe[0][97][27]  ; Lost fanout                            ;
; fir_filter_parallel_reduced_pipelined_stream:impl|fir_filter_parallel_reduced_pipelined:impl|product_terms_pipe[0][97][26]  ; Lost fanout                            ;
; fir_filter_parallel_reduced_pipelined_stream:impl|fir_filter_parallel_reduced_pipelined:impl|product_terms_pipe[0][97][25]  ; Lost fanout                            ;
; fir_filter_parallel_reduced_pipelined_stream:impl|fir_filter_parallel_reduced_pipelined:impl|product_terms_pipe[0][97][24]  ; Lost fanout                            ;
; fir_filter_parallel_reduced_pipelined_stream:impl|fir_filter_parallel_reduced_pipelined:impl|product_terms_pipe[0][97][23]  ; Lost fanout                            ;
; fir_filter_parallel_reduced_pipelined_stream:impl|fir_filter_parallel_reduced_pipelined:impl|product_terms_pipe[0][97][22]  ; Lost fanout                            ;
; fir_filter_parallel_reduced_pipelined_stream:impl|fir_filter_parallel_reduced_pipelined:impl|product_terms_pipe[0][97][21]  ; Lost fanout                            ;
; fir_filter_parallel_reduced_pipelined_stream:impl|fir_filter_parallel_reduced_pipelined:impl|product_terms_pipe[0][97][20]  ; Lost fanout                            ;
; fir_filter_parallel_reduced_pipelined_stream:impl|fir_filter_parallel_reduced_pipelined:impl|product_terms_pipe[0][97][19]  ; Lost fanout                            ;
; fir_filter_parallel_reduced_pipelined_stream:impl|fir_filter_parallel_reduced_pipelined:impl|product_terms_pipe[0][97][18]  ; Lost fanout                            ;
; fir_filter_parallel_reduced_pipelined_stream:impl|fir_filter_parallel_reduced_pipelined:impl|product_terms_pipe[0][97][17]  ; Lost fanout                            ;
; fir_filter_parallel_reduced_pipelined_stream:impl|fir_filter_parallel_reduced_pipelined:impl|product_terms_pipe[0][97][16]  ; Lost fanout                            ;
; fir_filter_parallel_reduced_pipelined_stream:impl|fir_filter_parallel_reduced_pipelined:impl|product_terms_pipe[0][97][15]  ; Lost fanout                            ;
; fir_filter_parallel_reduced_pipelined_stream:impl|fir_filter_parallel_reduced_pipelined:impl|product_terms_pipe[0][97][14]  ; Lost fanout                            ;
; fir_filter_parallel_reduced_pipelined_stream:impl|fir_filter_parallel_reduced_pipelined:impl|product_terms_pipe[0][97][13]  ; Lost fanout                            ;
; fir_filter_parallel_reduced_pipelined_stream:impl|fir_filter_parallel_reduced_pipelined:impl|product_terms_pipe[0][97][12]  ; Lost fanout                            ;
; fir_filter_parallel_reduced_pipelined_stream:impl|fir_filter_parallel_reduced_pipelined:impl|product_terms_pipe[0][97][11]  ; Lost fanout                            ;
; fir_filter_parallel_reduced_pipelined_stream:impl|fir_filter_parallel_reduced_pipelined:impl|product_terms_pipe[0][97][10]  ; Lost fanout                            ;
; fir_filter_parallel_reduced_pipelined_stream:impl|fir_filter_parallel_reduced_pipelined:impl|product_terms_pipe[0][97][9]   ; Lost fanout                            ;
; fir_filter_parallel_reduced_pipelined_stream:impl|fir_filter_parallel_reduced_pipelined:impl|product_terms_pipe[0][97][8]   ; Lost fanout                            ;
; fir_filter_parallel_reduced_pipelined_stream:impl|fir_filter_parallel_reduced_pipelined:impl|product_terms_pipe[0][97][7]   ; Lost fanout                            ;
; fir_filter_parallel_reduced_pipelined_stream:impl|fir_filter_parallel_reduced_pipelined:impl|product_terms_pipe[0][97][6]   ; Lost fanout                            ;
; fir_filter_parallel_reduced_pipelined_stream:impl|fir_filter_parallel_reduced_pipelined:impl|product_terms_pipe[0][97][5]   ; Lost fanout                            ;
; fir_filter_parallel_reduced_pipelined_stream:impl|fir_filter_parallel_reduced_pipelined:impl|product_terms_pipe[0][97][4]   ; Lost fanout                            ;
; fir_filter_parallel_reduced_pipelined_stream:impl|fir_filter_parallel_reduced_pipelined:impl|product_terms_pipe[0][97][3]   ; Lost fanout                            ;
; fir_filter_parallel_reduced_pipelined_stream:impl|fir_filter_parallel_reduced_pipelined:impl|product_terms_pipe[0][97][2]   ; Lost fanout                            ;
; fir_filter_parallel_reduced_pipelined_stream:impl|fir_filter_parallel_reduced_pipelined:impl|product_terms_pipe[0][97][1]   ; Lost fanout                            ;
; fir_filter_parallel_reduced_pipelined_stream:impl|fir_filter_parallel_reduced_pipelined:impl|product_terms_pipe[0][97][0]   ; Lost fanout                            ;
; fir_filter_parallel_reduced_pipelined_stream:impl|fir_filter_parallel_reduced_pipelined:impl|product_terms_pipe[0][98][45]  ; Lost fanout                            ;
; fir_filter_parallel_reduced_pipelined_stream:impl|fir_filter_parallel_reduced_pipelined:impl|product_terms_pipe[0][98][44]  ; Lost fanout                            ;
; fir_filter_parallel_reduced_pipelined_stream:impl|fir_filter_parallel_reduced_pipelined:impl|product_terms_pipe[0][98][43]  ; Lost fanout                            ;
; fir_filter_parallel_reduced_pipelined_stream:impl|fir_filter_parallel_reduced_pipelined:impl|product_terms_pipe[0][98][42]  ; Lost fanout                            ;
; fir_filter_parallel_reduced_pipelined_stream:impl|fir_filter_parallel_reduced_pipelined:impl|product_terms_pipe[0][98][41]  ; Lost fanout                            ;
; fir_filter_parallel_reduced_pipelined_stream:impl|fir_filter_parallel_reduced_pipelined:impl|product_terms_pipe[0][98][40]  ; Lost fanout                            ;
; fir_filter_parallel_reduced_pipelined_stream:impl|fir_filter_parallel_reduced_pipelined:impl|product_terms_pipe[0][98][39]  ; Lost fanout                            ;
; fir_filter_parallel_reduced_pipelined_stream:impl|fir_filter_parallel_reduced_pipelined:impl|product_terms_pipe[0][98][38]  ; Lost fanout                            ;
; fir_filter_parallel_reduced_pipelined_stream:impl|fir_filter_parallel_reduced_pipelined:impl|product_terms_pipe[0][98][37]  ; Lost fanout                            ;
; fir_filter_parallel_reduced_pipelined_stream:impl|fir_filter_parallel_reduced_pipelined:impl|product_terms_pipe[0][98][36]  ; Lost fanout                            ;
; fir_filter_parallel_reduced_pipelined_stream:impl|fir_filter_parallel_reduced_pipelined:impl|product_terms_pipe[0][98][35]  ; Lost fanout                            ;
; fir_filter_parallel_reduced_pipelined_stream:impl|fir_filter_parallel_reduced_pipelined:impl|product_terms_pipe[0][98][34]  ; Lost fanout                            ;
; fir_filter_parallel_reduced_pipelined_stream:impl|fir_filter_parallel_reduced_pipelined:impl|product_terms_pipe[0][98][33]  ; Lost fanout                            ;
; fir_filter_parallel_reduced_pipelined_stream:impl|fir_filter_parallel_reduced_pipelined:impl|product_terms_pipe[0][98][32]  ; Lost fanout                            ;
; fir_filter_parallel_reduced_pipelined_stream:impl|fir_filter_parallel_reduced_pipelined:impl|product_terms_pipe[0][98][31]  ; Lost fanout                            ;
; fir_filter_parallel_reduced_pipelined_stream:impl|fir_filter_parallel_reduced_pipelined:impl|product_terms_pipe[0][98][30]  ; Lost fanout                            ;
; fir_filter_parallel_reduced_pipelined_stream:impl|fir_filter_parallel_reduced_pipelined:impl|product_terms_pipe[0][98][29]  ; Lost fanout                            ;
; fir_filter_parallel_reduced_pipelined_stream:impl|fir_filter_parallel_reduced_pipelined:impl|product_terms_pipe[0][98][28]  ; Lost fanout                            ;
; fir_filter_parallel_reduced_pipelined_stream:impl|fir_filter_parallel_reduced_pipelined:impl|product_terms_pipe[0][98][27]  ; Lost fanout                            ;
; fir_filter_parallel_reduced_pipelined_stream:impl|fir_filter_parallel_reduced_pipelined:impl|product_terms_pipe[0][98][26]  ; Lost fanout                            ;
; fir_filter_parallel_reduced_pipelined_stream:impl|fir_filter_parallel_reduced_pipelined:impl|product_terms_pipe[0][98][25]  ; Lost fanout                            ;
; fir_filter_parallel_reduced_pipelined_stream:impl|fir_filter_parallel_reduced_pipelined:impl|product_terms_pipe[0][98][24]  ; Lost fanout                            ;
; fir_filter_parallel_reduced_pipelined_stream:impl|fir_filter_parallel_reduced_pipelined:impl|product_terms_pipe[0][98][23]  ; Lost fanout                            ;
; fir_filter_parallel_reduced_pipelined_stream:impl|fir_filter_parallel_reduced_pipelined:impl|product_terms_pipe[0][98][22]  ; Lost fanout                            ;
; fir_filter_parallel_reduced_pipelined_stream:impl|fir_filter_parallel_reduced_pipelined:impl|product_terms_pipe[0][98][21]  ; Lost fanout                            ;
; fir_filter_parallel_reduced_pipelined_stream:impl|fir_filter_parallel_reduced_pipelined:impl|product_terms_pipe[0][98][20]  ; Lost fanout                            ;
; fir_filter_parallel_reduced_pipelined_stream:impl|fir_filter_parallel_reduced_pipelined:impl|product_terms_pipe[0][98][19]  ; Lost fanout                            ;
; fir_filter_parallel_reduced_pipelined_stream:impl|fir_filter_parallel_reduced_pipelined:impl|product_terms_pipe[0][98][18]  ; Lost fanout                            ;
; fir_filter_parallel_reduced_pipelined_stream:impl|fir_filter_parallel_reduced_pipelined:impl|product_terms_pipe[0][98][17]  ; Lost fanout                            ;
; fir_filter_parallel_reduced_pipelined_stream:impl|fir_filter_parallel_reduced_pipelined:impl|product_terms_pipe[0][98][16]  ; Lost fanout                            ;
; fir_filter_parallel_reduced_pipelined_stream:impl|fir_filter_parallel_reduced_pipelined:impl|product_terms_pipe[0][98][15]  ; Lost fanout                            ;
; fir_filter_parallel_reduced_pipelined_stream:impl|fir_filter_parallel_reduced_pipelined:impl|product_terms_pipe[0][98][14]  ; Lost fanout                            ;
; fir_filter_parallel_reduced_pipelined_stream:impl|fir_filter_parallel_reduced_pipelined:impl|product_terms_pipe[0][98][13]  ; Lost fanout                            ;
; fir_filter_parallel_reduced_pipelined_stream:impl|fir_filter_parallel_reduced_pipelined:impl|product_terms_pipe[0][98][12]  ; Lost fanout                            ;
; fir_filter_parallel_reduced_pipelined_stream:impl|fir_filter_parallel_reduced_pipelined:impl|product_terms_pipe[0][98][11]  ; Lost fanout                            ;
; fir_filter_parallel_reduced_pipelined_stream:impl|fir_filter_parallel_reduced_pipelined:impl|product_terms_pipe[0][98][10]  ; Lost fanout                            ;
; fir_filter_parallel_reduced_pipelined_stream:impl|fir_filter_parallel_reduced_pipelined:impl|product_terms_pipe[0][98][9]   ; Lost fanout                            ;
; fir_filter_parallel_reduced_pipelined_stream:impl|fir_filter_parallel_reduced_pipelined:impl|product_terms_pipe[0][98][8]   ; Lost fanout                            ;
; fir_filter_parallel_reduced_pipelined_stream:impl|fir_filter_parallel_reduced_pipelined:impl|product_terms_pipe[0][98][7]   ; Lost fanout                            ;
; fir_filter_parallel_reduced_pipelined_stream:impl|fir_filter_parallel_reduced_pipelined:impl|product_terms_pipe[0][98][6]   ; Lost fanout                            ;
; fir_filter_parallel_reduced_pipelined_stream:impl|fir_filter_parallel_reduced_pipelined:impl|product_terms_pipe[0][98][5]   ; Lost fanout                            ;
; fir_filter_parallel_reduced_pipelined_stream:impl|fir_filter_parallel_reduced_pipelined:impl|product_terms_pipe[0][98][4]   ; Lost fanout                            ;
; fir_filter_parallel_reduced_pipelined_stream:impl|fir_filter_parallel_reduced_pipelined:impl|product_terms_pipe[0][98][3]   ; Lost fanout                            ;
; fir_filter_parallel_reduced_pipelined_stream:impl|fir_filter_parallel_reduced_pipelined:impl|product_terms_pipe[0][98][2]   ; Lost fanout                            ;
; fir_filter_parallel_reduced_pipelined_stream:impl|fir_filter_parallel_reduced_pipelined:impl|product_terms_pipe[0][98][1]   ; Lost fanout                            ;
; fir_filter_parallel_reduced_pipelined_stream:impl|fir_filter_parallel_reduced_pipelined:impl|product_terms_pipe[0][98][0]   ; Lost fanout                            ;
; fir_filter_parallel_reduced_pipelined_stream:impl|fir_filter_parallel_reduced_pipelined:impl|product_terms_pipe[0][99][45]  ; Lost fanout                            ;
; fir_filter_parallel_reduced_pipelined_stream:impl|fir_filter_parallel_reduced_pipelined:impl|product_terms_pipe[0][99][44]  ; Lost fanout                            ;
; fir_filter_parallel_reduced_pipelined_stream:impl|fir_filter_parallel_reduced_pipelined:impl|product_terms_pipe[0][99][43]  ; Lost fanout                            ;
; fir_filter_parallel_reduced_pipelined_stream:impl|fir_filter_parallel_reduced_pipelined:impl|product_terms_pipe[0][99][42]  ; Lost fanout                            ;
; fir_filter_parallel_reduced_pipelined_stream:impl|fir_filter_parallel_reduced_pipelined:impl|product_terms_pipe[0][99][41]  ; Lost fanout                            ;
; fir_filter_parallel_reduced_pipelined_stream:impl|fir_filter_parallel_reduced_pipelined:impl|product_terms_pipe[0][99][40]  ; Lost fanout                            ;
; fir_filter_parallel_reduced_pipelined_stream:impl|fir_filter_parallel_reduced_pipelined:impl|product_terms_pipe[0][99][39]  ; Lost fanout                            ;
; fir_filter_parallel_reduced_pipelined_stream:impl|fir_filter_parallel_reduced_pipelined:impl|product_terms_pipe[0][99][38]  ; Lost fanout                            ;
; fir_filter_parallel_reduced_pipelined_stream:impl|fir_filter_parallel_reduced_pipelined:impl|product_terms_pipe[0][99][37]  ; Lost fanout                            ;
; fir_filter_parallel_reduced_pipelined_stream:impl|fir_filter_parallel_reduced_pipelined:impl|product_terms_pipe[0][99][36]  ; Lost fanout                            ;
; fir_filter_parallel_reduced_pipelined_stream:impl|fir_filter_parallel_reduced_pipelined:impl|product_terms_pipe[0][99][35]  ; Lost fanout                            ;
; fir_filter_parallel_reduced_pipelined_stream:impl|fir_filter_parallel_reduced_pipelined:impl|product_terms_pipe[0][99][34]  ; Lost fanout                            ;
; fir_filter_parallel_reduced_pipelined_stream:impl|fir_filter_parallel_reduced_pipelined:impl|product_terms_pipe[0][99][33]  ; Lost fanout                            ;
; fir_filter_parallel_reduced_pipelined_stream:impl|fir_filter_parallel_reduced_pipelined:impl|product_terms_pipe[0][99][32]  ; Lost fanout                            ;
; fir_filter_parallel_reduced_pipelined_stream:impl|fir_filter_parallel_reduced_pipelined:impl|product_terms_pipe[0][99][31]  ; Lost fanout                            ;
; fir_filter_parallel_reduced_pipelined_stream:impl|fir_filter_parallel_reduced_pipelined:impl|product_terms_pipe[0][99][30]  ; Lost fanout                            ;
; fir_filter_parallel_reduced_pipelined_stream:impl|fir_filter_parallel_reduced_pipelined:impl|product_terms_pipe[0][99][29]  ; Lost fanout                            ;
; fir_filter_parallel_reduced_pipelined_stream:impl|fir_filter_parallel_reduced_pipelined:impl|product_terms_pipe[0][99][28]  ; Lost fanout                            ;
; fir_filter_parallel_reduced_pipelined_stream:impl|fir_filter_parallel_reduced_pipelined:impl|product_terms_pipe[0][99][27]  ; Lost fanout                            ;
; fir_filter_parallel_reduced_pipelined_stream:impl|fir_filter_parallel_reduced_pipelined:impl|product_terms_pipe[0][99][26]  ; Lost fanout                            ;
; fir_filter_parallel_reduced_pipelined_stream:impl|fir_filter_parallel_reduced_pipelined:impl|product_terms_pipe[0][99][25]  ; Lost fanout                            ;
; fir_filter_parallel_reduced_pipelined_stream:impl|fir_filter_parallel_reduced_pipelined:impl|product_terms_pipe[0][99][24]  ; Lost fanout                            ;
; fir_filter_parallel_reduced_pipelined_stream:impl|fir_filter_parallel_reduced_pipelined:impl|product_terms_pipe[0][99][23]  ; Lost fanout                            ;
; fir_filter_parallel_reduced_pipelined_stream:impl|fir_filter_parallel_reduced_pipelined:impl|product_terms_pipe[0][99][22]  ; Lost fanout                            ;
; fir_filter_parallel_reduced_pipelined_stream:impl|fir_filter_parallel_reduced_pipelined:impl|product_terms_pipe[0][99][21]  ; Lost fanout                            ;
; fir_filter_parallel_reduced_pipelined_stream:impl|fir_filter_parallel_reduced_pipelined:impl|product_terms_pipe[0][99][20]  ; Lost fanout                            ;
; fir_filter_parallel_reduced_pipelined_stream:impl|fir_filter_parallel_reduced_pipelined:impl|product_terms_pipe[0][99][19]  ; Lost fanout                            ;
; fir_filter_parallel_reduced_pipelined_stream:impl|fir_filter_parallel_reduced_pipelined:impl|product_terms_pipe[0][99][18]  ; Lost fanout                            ;
; fir_filter_parallel_reduced_pipelined_stream:impl|fir_filter_parallel_reduced_pipelined:impl|product_terms_pipe[0][99][17]  ; Lost fanout                            ;
; fir_filter_parallel_reduced_pipelined_stream:impl|fir_filter_parallel_reduced_pipelined:impl|product_terms_pipe[0][99][16]  ; Lost fanout                            ;
; fir_filter_parallel_reduced_pipelined_stream:impl|fir_filter_parallel_reduced_pipelined:impl|product_terms_pipe[0][99][15]  ; Lost fanout                            ;
; fir_filter_parallel_reduced_pipelined_stream:impl|fir_filter_parallel_reduced_pipelined:impl|product_terms_pipe[0][99][14]  ; Lost fanout                            ;
; fir_filter_parallel_reduced_pipelined_stream:impl|fir_filter_parallel_reduced_pipelined:impl|product_terms_pipe[0][99][13]  ; Lost fanout                            ;
; fir_filter_parallel_reduced_pipelined_stream:impl|fir_filter_parallel_reduced_pipelined:impl|product_terms_pipe[0][99][12]  ; Lost fanout                            ;
; fir_filter_parallel_reduced_pipelined_stream:impl|fir_filter_parallel_reduced_pipelined:impl|product_terms_pipe[0][99][11]  ; Lost fanout                            ;
; fir_filter_parallel_reduced_pipelined_stream:impl|fir_filter_parallel_reduced_pipelined:impl|product_terms_pipe[0][99][10]  ; Lost fanout                            ;
; fir_filter_parallel_reduced_pipelined_stream:impl|fir_filter_parallel_reduced_pipelined:impl|product_terms_pipe[0][99][9]   ; Lost fanout                            ;
; fir_filter_parallel_reduced_pipelined_stream:impl|fir_filter_parallel_reduced_pipelined:impl|product_terms_pipe[0][99][8]   ; Lost fanout                            ;
; fir_filter_parallel_reduced_pipelined_stream:impl|fir_filter_parallel_reduced_pipelined:impl|product_terms_pipe[0][99][7]   ; Lost fanout                            ;
; fir_filter_parallel_reduced_pipelined_stream:impl|fir_filter_parallel_reduced_pipelined:impl|product_terms_pipe[0][99][6]   ; Lost fanout                            ;
; fir_filter_parallel_reduced_pipelined_stream:impl|fir_filter_parallel_reduced_pipelined:impl|product_terms_pipe[0][99][5]   ; Lost fanout                            ;
; fir_filter_parallel_reduced_pipelined_stream:impl|fir_filter_parallel_reduced_pipelined:impl|product_terms_pipe[0][99][4]   ; Lost fanout                            ;
; fir_filter_parallel_reduced_pipelined_stream:impl|fir_filter_parallel_reduced_pipelined:impl|product_terms_pipe[0][99][3]   ; Lost fanout                            ;
; fir_filter_parallel_reduced_pipelined_stream:impl|fir_filter_parallel_reduced_pipelined:impl|product_terms_pipe[0][99][2]   ; Lost fanout                            ;
; fir_filter_parallel_reduced_pipelined_stream:impl|fir_filter_parallel_reduced_pipelined:impl|product_terms_pipe[0][99][1]   ; Lost fanout                            ;
; fir_filter_parallel_reduced_pipelined_stream:impl|fir_filter_parallel_reduced_pipelined:impl|product_terms_pipe[0][99][0]   ; Lost fanout                            ;
; fir_filter_parallel_reduced_pipelined_stream:impl|fir_filter_parallel_reduced_pipelined:impl|product_terms_pipe[0][100][45] ; Lost fanout                            ;
; fir_filter_parallel_reduced_pipelined_stream:impl|fir_filter_parallel_reduced_pipelined:impl|product_terms_pipe[0][100][44] ; Lost fanout                            ;
; fir_filter_parallel_reduced_pipelined_stream:impl|fir_filter_parallel_reduced_pipelined:impl|product_terms_pipe[0][100][43] ; Lost fanout                            ;
; fir_filter_parallel_reduced_pipelined_stream:impl|fir_filter_parallel_reduced_pipelined:impl|product_terms_pipe[0][100][42] ; Lost fanout                            ;
; fir_filter_parallel_reduced_pipelined_stream:impl|fir_filter_parallel_reduced_pipelined:impl|product_terms_pipe[0][100][41] ; Lost fanout                            ;
; fir_filter_parallel_reduced_pipelined_stream:impl|fir_filter_parallel_reduced_pipelined:impl|product_terms_pipe[0][100][40] ; Lost fanout                            ;
; fir_filter_parallel_reduced_pipelined_stream:impl|fir_filter_parallel_reduced_pipelined:impl|product_terms_pipe[0][100][39] ; Lost fanout                            ;
; fir_filter_parallel_reduced_pipelined_stream:impl|fir_filter_parallel_reduced_pipelined:impl|product_terms_pipe[0][100][38] ; Lost fanout                            ;
; fir_filter_parallel_reduced_pipelined_stream:impl|fir_filter_parallel_reduced_pipelined:impl|product_terms_pipe[0][100][37] ; Lost fanout                            ;
; fir_filter_parallel_reduced_pipelined_stream:impl|fir_filter_parallel_reduced_pipelined:impl|product_terms_pipe[0][100][36] ; Lost fanout                            ;
; fir_filter_parallel_reduced_pipelined_stream:impl|fir_filter_parallel_reduced_pipelined:impl|product_terms_pipe[0][100][35] ; Lost fanout                            ;
; fir_filter_parallel_reduced_pipelined_stream:impl|fir_filter_parallel_reduced_pipelined:impl|product_terms_pipe[0][100][34] ; Lost fanout                            ;
; fir_filter_parallel_reduced_pipelined_stream:impl|fir_filter_parallel_reduced_pipelined:impl|product_terms_pipe[0][100][33] ; Lost fanout                            ;
; fir_filter_parallel_reduced_pipelined_stream:impl|fir_filter_parallel_reduced_pipelined:impl|product_terms_pipe[0][100][32] ; Lost fanout                            ;
; fir_filter_parallel_reduced_pipelined_stream:impl|fir_filter_parallel_reduced_pipelined:impl|product_terms_pipe[0][100][31] ; Lost fanout                            ;
; fir_filter_parallel_reduced_pipelined_stream:impl|fir_filter_parallel_reduced_pipelined:impl|product_terms_pipe[0][100][30] ; Lost fanout                            ;
; fir_filter_parallel_reduced_pipelined_stream:impl|fir_filter_parallel_reduced_pipelined:impl|product_terms_pipe[0][100][29] ; Lost fanout                            ;
; fir_filter_parallel_reduced_pipelined_stream:impl|fir_filter_parallel_reduced_pipelined:impl|product_terms_pipe[0][100][28] ; Lost fanout                            ;
; fir_filter_parallel_reduced_pipelined_stream:impl|fir_filter_parallel_reduced_pipelined:impl|product_terms_pipe[0][100][27] ; Lost fanout                            ;
; fir_filter_parallel_reduced_pipelined_stream:impl|fir_filter_parallel_reduced_pipelined:impl|product_terms_pipe[0][100][26] ; Lost fanout                            ;
; fir_filter_parallel_reduced_pipelined_stream:impl|fir_filter_parallel_reduced_pipelined:impl|product_terms_pipe[0][100][25] ; Lost fanout                            ;
; fir_filter_parallel_reduced_pipelined_stream:impl|fir_filter_parallel_reduced_pipelined:impl|product_terms_pipe[0][100][24] ; Lost fanout                            ;
; fir_filter_parallel_reduced_pipelined_stream:impl|fir_filter_parallel_reduced_pipelined:impl|product_terms_pipe[0][100][23] ; Lost fanout                            ;
; fir_filter_parallel_reduced_pipelined_stream:impl|fir_filter_parallel_reduced_pipelined:impl|product_terms_pipe[0][100][22] ; Lost fanout                            ;
; fir_filter_parallel_reduced_pipelined_stream:impl|fir_filter_parallel_reduced_pipelined:impl|product_terms_pipe[0][100][21] ; Lost fanout                            ;
; fir_filter_parallel_reduced_pipelined_stream:impl|fir_filter_parallel_reduced_pipelined:impl|product_terms_pipe[0][100][20] ; Lost fanout                            ;
; fir_filter_parallel_reduced_pipelined_stream:impl|fir_filter_parallel_reduced_pipelined:impl|product_terms_pipe[0][100][19] ; Lost fanout                            ;
; fir_filter_parallel_reduced_pipelined_stream:impl|fir_filter_parallel_reduced_pipelined:impl|product_terms_pipe[0][100][18] ; Lost fanout                            ;
; fir_filter_parallel_reduced_pipelined_stream:impl|fir_filter_parallel_reduced_pipelined:impl|product_terms_pipe[0][100][17] ; Lost fanout                            ;
; fir_filter_parallel_reduced_pipelined_stream:impl|fir_filter_parallel_reduced_pipelined:impl|product_terms_pipe[0][100][16] ; Lost fanout                            ;
; fir_filter_parallel_reduced_pipelined_stream:impl|fir_filter_parallel_reduced_pipelined:impl|product_terms_pipe[0][100][15] ; Lost fanout                            ;
; fir_filter_parallel_reduced_pipelined_stream:impl|fir_filter_parallel_reduced_pipelined:impl|product_terms_pipe[0][100][14] ; Lost fanout                            ;
; fir_filter_parallel_reduced_pipelined_stream:impl|fir_filter_parallel_reduced_pipelined:impl|product_terms_pipe[0][100][13] ; Lost fanout                            ;
; fir_filter_parallel_reduced_pipelined_stream:impl|fir_filter_parallel_reduced_pipelined:impl|product_terms_pipe[0][100][12] ; Lost fanout                            ;
; fir_filter_parallel_reduced_pipelined_stream:impl|fir_filter_parallel_reduced_pipelined:impl|product_terms_pipe[0][100][11] ; Lost fanout                            ;
; fir_filter_parallel_reduced_pipelined_stream:impl|fir_filter_parallel_reduced_pipelined:impl|product_terms_pipe[0][100][10] ; Lost fanout                            ;
; fir_filter_parallel_reduced_pipelined_stream:impl|fir_filter_parallel_reduced_pipelined:impl|product_terms_pipe[0][100][9]  ; Lost fanout                            ;
; fir_filter_parallel_reduced_pipelined_stream:impl|fir_filter_parallel_reduced_pipelined:impl|product_terms_pipe[0][100][8]  ; Lost fanout                            ;
; fir_filter_parallel_reduced_pipelined_stream:impl|fir_filter_parallel_reduced_pipelined:impl|product_terms_pipe[0][100][7]  ; Lost fanout                            ;
; fir_filter_parallel_reduced_pipelined_stream:impl|fir_filter_parallel_reduced_pipelined:impl|product_terms_pipe[0][100][6]  ; Lost fanout                            ;
; fir_filter_parallel_reduced_pipelined_stream:impl|fir_filter_parallel_reduced_pipelined:impl|product_terms_pipe[0][100][5]  ; Lost fanout                            ;
; fir_filter_parallel_reduced_pipelined_stream:impl|fir_filter_parallel_reduced_pipelined:impl|product_terms_pipe[0][100][4]  ; Lost fanout                            ;
; fir_filter_parallel_reduced_pipelined_stream:impl|fir_filter_parallel_reduced_pipelined:impl|product_terms_pipe[0][100][3]  ; Lost fanout                            ;
; fir_filter_parallel_reduced_pipelined_stream:impl|fir_filter_parallel_reduced_pipelined:impl|product_terms_pipe[0][100][2]  ; Lost fanout                            ;
; fir_filter_parallel_reduced_pipelined_stream:impl|fir_filter_parallel_reduced_pipelined:impl|product_terms_pipe[0][100][1]  ; Lost fanout                            ;
; fir_filter_parallel_reduced_pipelined_stream:impl|fir_filter_parallel_reduced_pipelined:impl|product_terms_pipe[0][100][0]  ; Lost fanout                            ;
; fir_filter_parallel_reduced_pipelined_stream:impl|fir_filter_parallel_reduced_pipelined:impl|product_terms_pipe[0][101][45] ; Lost fanout                            ;
; fir_filter_parallel_reduced_pipelined_stream:impl|fir_filter_parallel_reduced_pipelined:impl|product_terms_pipe[0][101][44] ; Lost fanout                            ;
; fir_filter_parallel_reduced_pipelined_stream:impl|fir_filter_parallel_reduced_pipelined:impl|product_terms_pipe[0][101][43] ; Lost fanout                            ;
; fir_filter_parallel_reduced_pipelined_stream:impl|fir_filter_parallel_reduced_pipelined:impl|product_terms_pipe[0][101][42] ; Lost fanout                            ;
; fir_filter_parallel_reduced_pipelined_stream:impl|fir_filter_parallel_reduced_pipelined:impl|product_terms_pipe[0][101][41] ; Lost fanout                            ;
; fir_filter_parallel_reduced_pipelined_stream:impl|fir_filter_parallel_reduced_pipelined:impl|product_terms_pipe[0][101][40] ; Lost fanout                            ;
; fir_filter_parallel_reduced_pipelined_stream:impl|fir_filter_parallel_reduced_pipelined:impl|product_terms_pipe[0][101][39] ; Lost fanout                            ;
; fir_filter_parallel_reduced_pipelined_stream:impl|fir_filter_parallel_reduced_pipelined:impl|product_terms_pipe[0][101][38] ; Lost fanout                            ;
; fir_filter_parallel_reduced_pipelined_stream:impl|fir_filter_parallel_reduced_pipelined:impl|product_terms_pipe[0][101][37] ; Lost fanout                            ;
; fir_filter_parallel_reduced_pipelined_stream:impl|fir_filter_parallel_reduced_pipelined:impl|product_terms_pipe[0][101][36] ; Lost fanout                            ;
; fir_filter_parallel_reduced_pipelined_stream:impl|fir_filter_parallel_reduced_pipelined:impl|product_terms_pipe[0][101][35] ; Lost fanout                            ;
; fir_filter_parallel_reduced_pipelined_stream:impl|fir_filter_parallel_reduced_pipelined:impl|product_terms_pipe[0][101][34] ; Lost fanout                            ;
; fir_filter_parallel_reduced_pipelined_stream:impl|fir_filter_parallel_reduced_pipelined:impl|product_terms_pipe[0][101][33] ; Lost fanout                            ;
; fir_filter_parallel_reduced_pipelined_stream:impl|fir_filter_parallel_reduced_pipelined:impl|product_terms_pipe[0][101][32] ; Lost fanout                            ;
; fir_filter_parallel_reduced_pipelined_stream:impl|fir_filter_parallel_reduced_pipelined:impl|product_terms_pipe[0][101][31] ; Lost fanout                            ;
; fir_filter_parallel_reduced_pipelined_stream:impl|fir_filter_parallel_reduced_pipelined:impl|product_terms_pipe[0][101][30] ; Lost fanout                            ;
; fir_filter_parallel_reduced_pipelined_stream:impl|fir_filter_parallel_reduced_pipelined:impl|product_terms_pipe[0][101][29] ; Lost fanout                            ;
; fir_filter_parallel_reduced_pipelined_stream:impl|fir_filter_parallel_reduced_pipelined:impl|product_terms_pipe[0][101][28] ; Lost fanout                            ;
; fir_filter_parallel_reduced_pipelined_stream:impl|fir_filter_parallel_reduced_pipelined:impl|product_terms_pipe[0][101][27] ; Lost fanout                            ;
; fir_filter_parallel_reduced_pipelined_stream:impl|fir_filter_parallel_reduced_pipelined:impl|product_terms_pipe[0][101][26] ; Lost fanout                            ;
; fir_filter_parallel_reduced_pipelined_stream:impl|fir_filter_parallel_reduced_pipelined:impl|product_terms_pipe[0][101][25] ; Lost fanout                            ;
; fir_filter_parallel_reduced_pipelined_stream:impl|fir_filter_parallel_reduced_pipelined:impl|product_terms_pipe[0][101][24] ; Lost fanout                            ;
; fir_filter_parallel_reduced_pipelined_stream:impl|fir_filter_parallel_reduced_pipelined:impl|product_terms_pipe[0][101][23] ; Lost fanout                            ;
; fir_filter_parallel_reduced_pipelined_stream:impl|fir_filter_parallel_reduced_pipelined:impl|product_terms_pipe[0][101][22] ; Lost fanout                            ;
; fir_filter_parallel_reduced_pipelined_stream:impl|fir_filter_parallel_reduced_pipelined:impl|product_terms_pipe[0][101][21] ; Lost fanout                            ;
; fir_filter_parallel_reduced_pipelined_stream:impl|fir_filter_parallel_reduced_pipelined:impl|product_terms_pipe[0][101][20] ; Lost fanout                            ;
; fir_filter_parallel_reduced_pipelined_stream:impl|fir_filter_parallel_reduced_pipelined:impl|product_terms_pipe[0][101][19] ; Lost fanout                            ;
; fir_filter_parallel_reduced_pipelined_stream:impl|fir_filter_parallel_reduced_pipelined:impl|product_terms_pipe[0][101][18] ; Lost fanout                            ;
; fir_filter_parallel_reduced_pipelined_stream:impl|fir_filter_parallel_reduced_pipelined:impl|product_terms_pipe[0][101][17] ; Lost fanout                            ;
; fir_filter_parallel_reduced_pipelined_stream:impl|fir_filter_parallel_reduced_pipelined:impl|product_terms_pipe[0][101][16] ; Lost fanout                            ;
; fir_filter_parallel_reduced_pipelined_stream:impl|fir_filter_parallel_reduced_pipelined:impl|product_terms_pipe[0][101][15] ; Lost fanout                            ;
; fir_filter_parallel_reduced_pipelined_stream:impl|fir_filter_parallel_reduced_pipelined:impl|product_terms_pipe[0][101][14] ; Lost fanout                            ;
; fir_filter_parallel_reduced_pipelined_stream:impl|fir_filter_parallel_reduced_pipelined:impl|product_terms_pipe[0][101][13] ; Lost fanout                            ;
; fir_filter_parallel_reduced_pipelined_stream:impl|fir_filter_parallel_reduced_pipelined:impl|product_terms_pipe[0][101][12] ; Lost fanout                            ;
; fir_filter_parallel_reduced_pipelined_stream:impl|fir_filter_parallel_reduced_pipelined:impl|product_terms_pipe[0][101][11] ; Lost fanout                            ;
; fir_filter_parallel_reduced_pipelined_stream:impl|fir_filter_parallel_reduced_pipelined:impl|product_terms_pipe[0][101][10] ; Lost fanout                            ;
; fir_filter_parallel_reduced_pipelined_stream:impl|fir_filter_parallel_reduced_pipelined:impl|product_terms_pipe[0][101][9]  ; Lost fanout                            ;
; fir_filter_parallel_reduced_pipelined_stream:impl|fir_filter_parallel_reduced_pipelined:impl|product_terms_pipe[0][101][8]  ; Lost fanout                            ;
; fir_filter_parallel_reduced_pipelined_stream:impl|fir_filter_parallel_reduced_pipelined:impl|product_terms_pipe[0][101][7]  ; Lost fanout                            ;
; fir_filter_parallel_reduced_pipelined_stream:impl|fir_filter_parallel_reduced_pipelined:impl|product_terms_pipe[0][101][6]  ; Lost fanout                            ;
; fir_filter_parallel_reduced_pipelined_stream:impl|fir_filter_parallel_reduced_pipelined:impl|product_terms_pipe[0][101][5]  ; Lost fanout                            ;
; fir_filter_parallel_reduced_pipelined_stream:impl|fir_filter_parallel_reduced_pipelined:impl|product_terms_pipe[0][101][4]  ; Lost fanout                            ;
; fir_filter_parallel_reduced_pipelined_stream:impl|fir_filter_parallel_reduced_pipelined:impl|product_terms_pipe[0][101][3]  ; Lost fanout                            ;
; fir_filter_parallel_reduced_pipelined_stream:impl|fir_filter_parallel_reduced_pipelined:impl|product_terms_pipe[0][101][2]  ; Lost fanout                            ;
; fir_filter_parallel_reduced_pipelined_stream:impl|fir_filter_parallel_reduced_pipelined:impl|product_terms_pipe[0][101][1]  ; Lost fanout                            ;
; fir_filter_parallel_reduced_pipelined_stream:impl|fir_filter_parallel_reduced_pipelined:impl|product_terms_pipe[0][101][0]  ; Lost fanout                            ;
; fir_filter_parallel_reduced_pipelined_stream:impl|fir_filter_parallel_reduced_pipelined:impl|product_terms_pipe[0][102][45] ; Lost fanout                            ;
; fir_filter_parallel_reduced_pipelined_stream:impl|fir_filter_parallel_reduced_pipelined:impl|product_terms_pipe[0][102][44] ; Lost fanout                            ;
; fir_filter_parallel_reduced_pipelined_stream:impl|fir_filter_parallel_reduced_pipelined:impl|product_terms_pipe[0][102][43] ; Lost fanout                            ;
; fir_filter_parallel_reduced_pipelined_stream:impl|fir_filter_parallel_reduced_pipelined:impl|product_terms_pipe[0][102][42] ; Lost fanout                            ;
; fir_filter_parallel_reduced_pipelined_stream:impl|fir_filter_parallel_reduced_pipelined:impl|product_terms_pipe[0][102][41] ; Lost fanout                            ;
; fir_filter_parallel_reduced_pipelined_stream:impl|fir_filter_parallel_reduced_pipelined:impl|product_terms_pipe[0][102][40] ; Lost fanout                            ;
; fir_filter_parallel_reduced_pipelined_stream:impl|fir_filter_parallel_reduced_pipelined:impl|product_terms_pipe[0][102][39] ; Lost fanout                            ;
; fir_filter_parallel_reduced_pipelined_stream:impl|fir_filter_parallel_reduced_pipelined:impl|product_terms_pipe[0][102][38] ; Lost fanout                            ;
; fir_filter_parallel_reduced_pipelined_stream:impl|fir_filter_parallel_reduced_pipelined:impl|product_terms_pipe[0][102][37] ; Lost fanout                            ;
; fir_filter_parallel_reduced_pipelined_stream:impl|fir_filter_parallel_reduced_pipelined:impl|product_terms_pipe[0][102][36] ; Lost fanout                            ;
; fir_filter_parallel_reduced_pipelined_stream:impl|fir_filter_parallel_reduced_pipelined:impl|product_terms_pipe[0][102][35] ; Lost fanout                            ;
; fir_filter_parallel_reduced_pipelined_stream:impl|fir_filter_parallel_reduced_pipelined:impl|product_terms_pipe[0][102][34] ; Lost fanout                            ;
; fir_filter_parallel_reduced_pipelined_stream:impl|fir_filter_parallel_reduced_pipelined:impl|product_terms_pipe[0][102][33] ; Lost fanout                            ;
; fir_filter_parallel_reduced_pipelined_stream:impl|fir_filter_parallel_reduced_pipelined:impl|product_terms_pipe[0][102][32] ; Lost fanout                            ;
; fir_filter_parallel_reduced_pipelined_stream:impl|fir_filter_parallel_reduced_pipelined:impl|product_terms_pipe[0][102][31] ; Lost fanout                            ;
; fir_filter_parallel_reduced_pipelined_stream:impl|fir_filter_parallel_reduced_pipelined:impl|product_terms_pipe[0][102][30] ; Lost fanout                            ;
; fir_filter_parallel_reduced_pipelined_stream:impl|fir_filter_parallel_reduced_pipelined:impl|product_terms_pipe[0][102][29] ; Lost fanout                            ;
; fir_filter_parallel_reduced_pipelined_stream:impl|fir_filter_parallel_reduced_pipelined:impl|product_terms_pipe[0][102][28] ; Lost fanout                            ;
; fir_filter_parallel_reduced_pipelined_stream:impl|fir_filter_parallel_reduced_pipelined:impl|product_terms_pipe[0][102][27] ; Lost fanout                            ;
; fir_filter_parallel_reduced_pipelined_stream:impl|fir_filter_parallel_reduced_pipelined:impl|product_terms_pipe[0][102][26] ; Lost fanout                            ;
; fir_filter_parallel_reduced_pipelined_stream:impl|fir_filter_parallel_reduced_pipelined:impl|product_terms_pipe[0][102][25] ; Lost fanout                            ;
; fir_filter_parallel_reduced_pipelined_stream:impl|fir_filter_parallel_reduced_pipelined:impl|product_terms_pipe[0][102][24] ; Lost fanout                            ;
; fir_filter_parallel_reduced_pipelined_stream:impl|fir_filter_parallel_reduced_pipelined:impl|product_terms_pipe[0][102][23] ; Lost fanout                            ;
; fir_filter_parallel_reduced_pipelined_stream:impl|fir_filter_parallel_reduced_pipelined:impl|product_terms_pipe[0][102][22] ; Lost fanout                            ;
; fir_filter_parallel_reduced_pipelined_stream:impl|fir_filter_parallel_reduced_pipelined:impl|product_terms_pipe[0][102][21] ; Lost fanout                            ;
; fir_filter_parallel_reduced_pipelined_stream:impl|fir_filter_parallel_reduced_pipelined:impl|product_terms_pipe[0][102][20] ; Lost fanout                            ;
; fir_filter_parallel_reduced_pipelined_stream:impl|fir_filter_parallel_reduced_pipelined:impl|product_terms_pipe[0][102][19] ; Lost fanout                            ;
; fir_filter_parallel_reduced_pipelined_stream:impl|fir_filter_parallel_reduced_pipelined:impl|product_terms_pipe[0][102][18] ; Lost fanout                            ;
; fir_filter_parallel_reduced_pipelined_stream:impl|fir_filter_parallel_reduced_pipelined:impl|product_terms_pipe[0][102][17] ; Lost fanout                            ;
; fir_filter_parallel_reduced_pipelined_stream:impl|fir_filter_parallel_reduced_pipelined:impl|product_terms_pipe[0][102][16] ; Lost fanout                            ;
; fir_filter_parallel_reduced_pipelined_stream:impl|fir_filter_parallel_reduced_pipelined:impl|product_terms_pipe[0][102][15] ; Lost fanout                            ;
; fir_filter_parallel_reduced_pipelined_stream:impl|fir_filter_parallel_reduced_pipelined:impl|product_terms_pipe[0][102][14] ; Lost fanout                            ;
; fir_filter_parallel_reduced_pipelined_stream:impl|fir_filter_parallel_reduced_pipelined:impl|product_terms_pipe[0][102][13] ; Lost fanout                            ;
; fir_filter_parallel_reduced_pipelined_stream:impl|fir_filter_parallel_reduced_pipelined:impl|product_terms_pipe[0][102][12] ; Lost fanout                            ;
; fir_filter_parallel_reduced_pipelined_stream:impl|fir_filter_parallel_reduced_pipelined:impl|product_terms_pipe[0][102][11] ; Lost fanout                            ;
; fir_filter_parallel_reduced_pipelined_stream:impl|fir_filter_parallel_reduced_pipelined:impl|product_terms_pipe[0][102][10] ; Lost fanout                            ;
; fir_filter_parallel_reduced_pipelined_stream:impl|fir_filter_parallel_reduced_pipelined:impl|product_terms_pipe[0][102][9]  ; Lost fanout                            ;
; fir_filter_parallel_reduced_pipelined_stream:impl|fir_filter_parallel_reduced_pipelined:impl|product_terms_pipe[0][102][8]  ; Lost fanout                            ;
; fir_filter_parallel_reduced_pipelined_stream:impl|fir_filter_parallel_reduced_pipelined:impl|product_terms_pipe[0][102][7]  ; Lost fanout                            ;
; fir_filter_parallel_reduced_pipelined_stream:impl|fir_filter_parallel_reduced_pipelined:impl|product_terms_pipe[0][102][6]  ; Lost fanout                            ;
; fir_filter_parallel_reduced_pipelined_stream:impl|fir_filter_parallel_reduced_pipelined:impl|product_terms_pipe[0][102][5]  ; Lost fanout                            ;
; fir_filter_parallel_reduced_pipelined_stream:impl|fir_filter_parallel_reduced_pipelined:impl|product_terms_pipe[0][102][4]  ; Lost fanout                            ;
; fir_filter_parallel_reduced_pipelined_stream:impl|fir_filter_parallel_reduced_pipelined:impl|product_terms_pipe[0][102][3]  ; Lost fanout                            ;
; fir_filter_parallel_reduced_pipelined_stream:impl|fir_filter_parallel_reduced_pipelined:impl|product_terms_pipe[0][102][2]  ; Lost fanout                            ;
; fir_filter_parallel_reduced_pipelined_stream:impl|fir_filter_parallel_reduced_pipelined:impl|product_terms_pipe[0][102][1]  ; Lost fanout                            ;
; fir_filter_parallel_reduced_pipelined_stream:impl|fir_filter_parallel_reduced_pipelined:impl|product_terms_pipe[0][102][0]  ; Lost fanout                            ;
; fir_filter_parallel_reduced_pipelined_stream:impl|fir_filter_parallel_reduced_pipelined:impl|product_terms_pipe[0][103][45] ; Lost fanout                            ;
; fir_filter_parallel_reduced_pipelined_stream:impl|fir_filter_parallel_reduced_pipelined:impl|product_terms_pipe[0][103][44] ; Lost fanout                            ;
; fir_filter_parallel_reduced_pipelined_stream:impl|fir_filter_parallel_reduced_pipelined:impl|product_terms_pipe[0][103][43] ; Lost fanout                            ;
; fir_filter_parallel_reduced_pipelined_stream:impl|fir_filter_parallel_reduced_pipelined:impl|product_terms_pipe[0][103][42] ; Lost fanout                            ;
; fir_filter_parallel_reduced_pipelined_stream:impl|fir_filter_parallel_reduced_pipelined:impl|product_terms_pipe[0][103][41] ; Lost fanout                            ;
; fir_filter_parallel_reduced_pipelined_stream:impl|fir_filter_parallel_reduced_pipelined:impl|product_terms_pipe[0][103][40] ; Lost fanout                            ;
; fir_filter_parallel_reduced_pipelined_stream:impl|fir_filter_parallel_reduced_pipelined:impl|product_terms_pipe[0][103][39] ; Lost fanout                            ;
; fir_filter_parallel_reduced_pipelined_stream:impl|fir_filter_parallel_reduced_pipelined:impl|product_terms_pipe[0][103][38] ; Lost fanout                            ;
; fir_filter_parallel_reduced_pipelined_stream:impl|fir_filter_parallel_reduced_pipelined:impl|product_terms_pipe[0][103][37] ; Lost fanout                            ;
; fir_filter_parallel_reduced_pipelined_stream:impl|fir_filter_parallel_reduced_pipelined:impl|product_terms_pipe[0][103][36] ; Lost fanout                            ;
; fir_filter_parallel_reduced_pipelined_stream:impl|fir_filter_parallel_reduced_pipelined:impl|product_terms_pipe[0][103][35] ; Lost fanout                            ;
; fir_filter_parallel_reduced_pipelined_stream:impl|fir_filter_parallel_reduced_pipelined:impl|product_terms_pipe[0][103][34] ; Lost fanout                            ;
; fir_filter_parallel_reduced_pipelined_stream:impl|fir_filter_parallel_reduced_pipelined:impl|product_terms_pipe[0][103][33] ; Lost fanout                            ;
; fir_filter_parallel_reduced_pipelined_stream:impl|fir_filter_parallel_reduced_pipelined:impl|product_terms_pipe[0][103][32] ; Lost fanout                            ;
; fir_filter_parallel_reduced_pipelined_stream:impl|fir_filter_parallel_reduced_pipelined:impl|product_terms_pipe[0][103][31] ; Lost fanout                            ;
; fir_filter_parallel_reduced_pipelined_stream:impl|fir_filter_parallel_reduced_pipelined:impl|product_terms_pipe[0][103][30] ; Lost fanout                            ;
; fir_filter_parallel_reduced_pipelined_stream:impl|fir_filter_parallel_reduced_pipelined:impl|product_terms_pipe[0][103][29] ; Lost fanout                            ;
; fir_filter_parallel_reduced_pipelined_stream:impl|fir_filter_parallel_reduced_pipelined:impl|product_terms_pipe[0][103][28] ; Lost fanout                            ;
; fir_filter_parallel_reduced_pipelined_stream:impl|fir_filter_parallel_reduced_pipelined:impl|product_terms_pipe[0][103][27] ; Lost fanout                            ;
; fir_filter_parallel_reduced_pipelined_stream:impl|fir_filter_parallel_reduced_pipelined:impl|product_terms_pipe[0][103][26] ; Lost fanout                            ;
; fir_filter_parallel_reduced_pipelined_stream:impl|fir_filter_parallel_reduced_pipelined:impl|product_terms_pipe[0][103][25] ; Lost fanout                            ;
; fir_filter_parallel_reduced_pipelined_stream:impl|fir_filter_parallel_reduced_pipelined:impl|product_terms_pipe[0][103][24] ; Lost fanout                            ;
; fir_filter_parallel_reduced_pipelined_stream:impl|fir_filter_parallel_reduced_pipelined:impl|product_terms_pipe[0][103][23] ; Lost fanout                            ;
; fir_filter_parallel_reduced_pipelined_stream:impl|fir_filter_parallel_reduced_pipelined:impl|product_terms_pipe[0][103][22] ; Lost fanout                            ;
; fir_filter_parallel_reduced_pipelined_stream:impl|fir_filter_parallel_reduced_pipelined:impl|product_terms_pipe[0][103][21] ; Lost fanout                            ;
; fir_filter_parallel_reduced_pipelined_stream:impl|fir_filter_parallel_reduced_pipelined:impl|product_terms_pipe[0][103][20] ; Lost fanout                            ;
; fir_filter_parallel_reduced_pipelined_stream:impl|fir_filter_parallel_reduced_pipelined:impl|product_terms_pipe[0][103][19] ; Lost fanout                            ;
; fir_filter_parallel_reduced_pipelined_stream:impl|fir_filter_parallel_reduced_pipelined:impl|product_terms_pipe[0][103][18] ; Lost fanout                            ;
; fir_filter_parallel_reduced_pipelined_stream:impl|fir_filter_parallel_reduced_pipelined:impl|product_terms_pipe[0][103][17] ; Lost fanout                            ;
; fir_filter_parallel_reduced_pipelined_stream:impl|fir_filter_parallel_reduced_pipelined:impl|product_terms_pipe[0][103][16] ; Lost fanout                            ;
; fir_filter_parallel_reduced_pipelined_stream:impl|fir_filter_parallel_reduced_pipelined:impl|product_terms_pipe[0][103][15] ; Lost fanout                            ;
; fir_filter_parallel_reduced_pipelined_stream:impl|fir_filter_parallel_reduced_pipelined:impl|product_terms_pipe[0][103][14] ; Lost fanout                            ;
; fir_filter_parallel_reduced_pipelined_stream:impl|fir_filter_parallel_reduced_pipelined:impl|product_terms_pipe[0][103][13] ; Lost fanout                            ;
; fir_filter_parallel_reduced_pipelined_stream:impl|fir_filter_parallel_reduced_pipelined:impl|product_terms_pipe[0][103][12] ; Lost fanout                            ;
; fir_filter_parallel_reduced_pipelined_stream:impl|fir_filter_parallel_reduced_pipelined:impl|product_terms_pipe[0][103][11] ; Lost fanout                            ;
; fir_filter_parallel_reduced_pipelined_stream:impl|fir_filter_parallel_reduced_pipelined:impl|product_terms_pipe[0][103][10] ; Lost fanout                            ;
; fir_filter_parallel_reduced_pipelined_stream:impl|fir_filter_parallel_reduced_pipelined:impl|product_terms_pipe[0][103][9]  ; Lost fanout                            ;
; fir_filter_parallel_reduced_pipelined_stream:impl|fir_filter_parallel_reduced_pipelined:impl|product_terms_pipe[0][103][8]  ; Lost fanout                            ;
; fir_filter_parallel_reduced_pipelined_stream:impl|fir_filter_parallel_reduced_pipelined:impl|product_terms_pipe[0][103][7]  ; Lost fanout                            ;
; fir_filter_parallel_reduced_pipelined_stream:impl|fir_filter_parallel_reduced_pipelined:impl|product_terms_pipe[0][103][6]  ; Lost fanout                            ;
; fir_filter_parallel_reduced_pipelined_stream:impl|fir_filter_parallel_reduced_pipelined:impl|product_terms_pipe[0][103][5]  ; Lost fanout                            ;
; fir_filter_parallel_reduced_pipelined_stream:impl|fir_filter_parallel_reduced_pipelined:impl|product_terms_pipe[0][103][4]  ; Lost fanout                            ;
; fir_filter_parallel_reduced_pipelined_stream:impl|fir_filter_parallel_reduced_pipelined:impl|product_terms_pipe[0][103][3]  ; Lost fanout                            ;
; fir_filter_parallel_reduced_pipelined_stream:impl|fir_filter_parallel_reduced_pipelined:impl|product_terms_pipe[0][103][2]  ; Lost fanout                            ;
; fir_filter_parallel_reduced_pipelined_stream:impl|fir_filter_parallel_reduced_pipelined:impl|product_terms_pipe[0][103][1]  ; Lost fanout                            ;
; fir_filter_parallel_reduced_pipelined_stream:impl|fir_filter_parallel_reduced_pipelined:impl|product_terms_pipe[0][103][0]  ; Lost fanout                            ;
; fir_filter_parallel_reduced_pipelined_stream:impl|fir_filter_parallel_reduced_pipelined:impl|product_terms_pipe[0][104][45] ; Lost fanout                            ;
; fir_filter_parallel_reduced_pipelined_stream:impl|fir_filter_parallel_reduced_pipelined:impl|product_terms_pipe[0][104][44] ; Lost fanout                            ;
; fir_filter_parallel_reduced_pipelined_stream:impl|fir_filter_parallel_reduced_pipelined:impl|product_terms_pipe[0][104][43] ; Lost fanout                            ;
; fir_filter_parallel_reduced_pipelined_stream:impl|fir_filter_parallel_reduced_pipelined:impl|product_terms_pipe[0][104][42] ; Lost fanout                            ;
; fir_filter_parallel_reduced_pipelined_stream:impl|fir_filter_parallel_reduced_pipelined:impl|product_terms_pipe[0][104][41] ; Lost fanout                            ;
; fir_filter_parallel_reduced_pipelined_stream:impl|fir_filter_parallel_reduced_pipelined:impl|product_terms_pipe[0][104][40] ; Lost fanout                            ;
; fir_filter_parallel_reduced_pipelined_stream:impl|fir_filter_parallel_reduced_pipelined:impl|product_terms_pipe[0][104][39] ; Lost fanout                            ;
; fir_filter_parallel_reduced_pipelined_stream:impl|fir_filter_parallel_reduced_pipelined:impl|product_terms_pipe[0][104][38] ; Lost fanout                            ;
; fir_filter_parallel_reduced_pipelined_stream:impl|fir_filter_parallel_reduced_pipelined:impl|product_terms_pipe[0][104][37] ; Lost fanout                            ;
; fir_filter_parallel_reduced_pipelined_stream:impl|fir_filter_parallel_reduced_pipelined:impl|product_terms_pipe[0][104][36] ; Lost fanout                            ;
; fir_filter_parallel_reduced_pipelined_stream:impl|fir_filter_parallel_reduced_pipelined:impl|product_terms_pipe[0][104][35] ; Lost fanout                            ;
; fir_filter_parallel_reduced_pipelined_stream:impl|fir_filter_parallel_reduced_pipelined:impl|product_terms_pipe[0][104][34] ; Lost fanout                            ;
; fir_filter_parallel_reduced_pipelined_stream:impl|fir_filter_parallel_reduced_pipelined:impl|product_terms_pipe[0][104][33] ; Lost fanout                            ;
; fir_filter_parallel_reduced_pipelined_stream:impl|fir_filter_parallel_reduced_pipelined:impl|product_terms_pipe[0][104][32] ; Lost fanout                            ;
; fir_filter_parallel_reduced_pipelined_stream:impl|fir_filter_parallel_reduced_pipelined:impl|product_terms_pipe[0][104][31] ; Lost fanout                            ;
; fir_filter_parallel_reduced_pipelined_stream:impl|fir_filter_parallel_reduced_pipelined:impl|product_terms_pipe[0][104][30] ; Lost fanout                            ;
; fir_filter_parallel_reduced_pipelined_stream:impl|fir_filter_parallel_reduced_pipelined:impl|product_terms_pipe[0][104][29] ; Lost fanout                            ;
; fir_filter_parallel_reduced_pipelined_stream:impl|fir_filter_parallel_reduced_pipelined:impl|product_terms_pipe[0][104][28] ; Lost fanout                            ;
; fir_filter_parallel_reduced_pipelined_stream:impl|fir_filter_parallel_reduced_pipelined:impl|product_terms_pipe[0][104][27] ; Lost fanout                            ;
; fir_filter_parallel_reduced_pipelined_stream:impl|fir_filter_parallel_reduced_pipelined:impl|product_terms_pipe[0][104][26] ; Lost fanout                            ;
; fir_filter_parallel_reduced_pipelined_stream:impl|fir_filter_parallel_reduced_pipelined:impl|product_terms_pipe[0][104][25] ; Lost fanout                            ;
; fir_filter_parallel_reduced_pipelined_stream:impl|fir_filter_parallel_reduced_pipelined:impl|product_terms_pipe[0][104][24] ; Lost fanout                            ;
; fir_filter_parallel_reduced_pipelined_stream:impl|fir_filter_parallel_reduced_pipelined:impl|product_terms_pipe[0][104][23] ; Lost fanout                            ;
; fir_filter_parallel_reduced_pipelined_stream:impl|fir_filter_parallel_reduced_pipelined:impl|product_terms_pipe[0][104][22] ; Lost fanout                            ;
; fir_filter_parallel_reduced_pipelined_stream:impl|fir_filter_parallel_reduced_pipelined:impl|product_terms_pipe[0][104][21] ; Lost fanout                            ;
; fir_filter_parallel_reduced_pipelined_stream:impl|fir_filter_parallel_reduced_pipelined:impl|product_terms_pipe[0][104][20] ; Lost fanout                            ;
; fir_filter_parallel_reduced_pipelined_stream:impl|fir_filter_parallel_reduced_pipelined:impl|product_terms_pipe[0][104][19] ; Lost fanout                            ;
; fir_filter_parallel_reduced_pipelined_stream:impl|fir_filter_parallel_reduced_pipelined:impl|product_terms_pipe[0][104][18] ; Lost fanout                            ;
; fir_filter_parallel_reduced_pipelined_stream:impl|fir_filter_parallel_reduced_pipelined:impl|product_terms_pipe[0][104][17] ; Lost fanout                            ;
; fir_filter_parallel_reduced_pipelined_stream:impl|fir_filter_parallel_reduced_pipelined:impl|product_terms_pipe[0][104][16] ; Lost fanout                            ;
; fir_filter_parallel_reduced_pipelined_stream:impl|fir_filter_parallel_reduced_pipelined:impl|product_terms_pipe[0][104][15] ; Lost fanout                            ;
; fir_filter_parallel_reduced_pipelined_stream:impl|fir_filter_parallel_reduced_pipelined:impl|product_terms_pipe[0][104][14] ; Lost fanout                            ;
; fir_filter_parallel_reduced_pipelined_stream:impl|fir_filter_parallel_reduced_pipelined:impl|product_terms_pipe[0][104][13] ; Lost fanout                            ;
; fir_filter_parallel_reduced_pipelined_stream:impl|fir_filter_parallel_reduced_pipelined:impl|product_terms_pipe[0][104][12] ; Lost fanout                            ;
; fir_filter_parallel_reduced_pipelined_stream:impl|fir_filter_parallel_reduced_pipelined:impl|product_terms_pipe[0][104][11] ; Lost fanout                            ;
; fir_filter_parallel_reduced_pipelined_stream:impl|fir_filter_parallel_reduced_pipelined:impl|product_terms_pipe[0][104][10] ; Lost fanout                            ;
; fir_filter_parallel_reduced_pipelined_stream:impl|fir_filter_parallel_reduced_pipelined:impl|product_terms_pipe[0][104][9]  ; Lost fanout                            ;
; fir_filter_parallel_reduced_pipelined_stream:impl|fir_filter_parallel_reduced_pipelined:impl|product_terms_pipe[0][104][8]  ; Lost fanout                            ;
; fir_filter_parallel_reduced_pipelined_stream:impl|fir_filter_parallel_reduced_pipelined:impl|product_terms_pipe[0][104][7]  ; Lost fanout                            ;
; fir_filter_parallel_reduced_pipelined_stream:impl|fir_filter_parallel_reduced_pipelined:impl|product_terms_pipe[0][104][6]  ; Lost fanout                            ;
; fir_filter_parallel_reduced_pipelined_stream:impl|fir_filter_parallel_reduced_pipelined:impl|product_terms_pipe[0][104][5]  ; Lost fanout                            ;
; fir_filter_parallel_reduced_pipelined_stream:impl|fir_filter_parallel_reduced_pipelined:impl|product_terms_pipe[0][104][4]  ; Lost fanout                            ;
; fir_filter_parallel_reduced_pipelined_stream:impl|fir_filter_parallel_reduced_pipelined:impl|product_terms_pipe[0][104][3]  ; Lost fanout                            ;
; fir_filter_parallel_reduced_pipelined_stream:impl|fir_filter_parallel_reduced_pipelined:impl|product_terms_pipe[0][104][2]  ; Lost fanout                            ;
; fir_filter_parallel_reduced_pipelined_stream:impl|fir_filter_parallel_reduced_pipelined:impl|product_terms_pipe[0][104][1]  ; Lost fanout                            ;
; fir_filter_parallel_reduced_pipelined_stream:impl|fir_filter_parallel_reduced_pipelined:impl|product_terms_pipe[0][104][0]  ; Lost fanout                            ;
; fir_filter_parallel_reduced_pipelined_stream:impl|fir_filter_parallel_reduced_pipelined:impl|product_terms_pipe[0][105][45] ; Lost fanout                            ;
; fir_filter_parallel_reduced_pipelined_stream:impl|fir_filter_parallel_reduced_pipelined:impl|product_terms_pipe[0][105][44] ; Lost fanout                            ;
; fir_filter_parallel_reduced_pipelined_stream:impl|fir_filter_parallel_reduced_pipelined:impl|product_terms_pipe[0][105][43] ; Lost fanout                            ;
; fir_filter_parallel_reduced_pipelined_stream:impl|fir_filter_parallel_reduced_pipelined:impl|product_terms_pipe[0][105][42] ; Lost fanout                            ;
; fir_filter_parallel_reduced_pipelined_stream:impl|fir_filter_parallel_reduced_pipelined:impl|product_terms_pipe[0][105][41] ; Lost fanout                            ;
; fir_filter_parallel_reduced_pipelined_stream:impl|fir_filter_parallel_reduced_pipelined:impl|product_terms_pipe[0][105][40] ; Lost fanout                            ;
; fir_filter_parallel_reduced_pipelined_stream:impl|fir_filter_parallel_reduced_pipelined:impl|product_terms_pipe[0][105][39] ; Lost fanout                            ;
; fir_filter_parallel_reduced_pipelined_stream:impl|fir_filter_parallel_reduced_pipelined:impl|product_terms_pipe[0][105][38] ; Lost fanout                            ;
; fir_filter_parallel_reduced_pipelined_stream:impl|fir_filter_parallel_reduced_pipelined:impl|product_terms_pipe[0][105][37] ; Lost fanout                            ;
; fir_filter_parallel_reduced_pipelined_stream:impl|fir_filter_parallel_reduced_pipelined:impl|product_terms_pipe[0][105][36] ; Lost fanout                            ;
; fir_filter_parallel_reduced_pipelined_stream:impl|fir_filter_parallel_reduced_pipelined:impl|product_terms_pipe[0][105][35] ; Lost fanout                            ;
; fir_filter_parallel_reduced_pipelined_stream:impl|fir_filter_parallel_reduced_pipelined:impl|product_terms_pipe[0][105][34] ; Lost fanout                            ;
; fir_filter_parallel_reduced_pipelined_stream:impl|fir_filter_parallel_reduced_pipelined:impl|product_terms_pipe[0][105][33] ; Lost fanout                            ;
; fir_filter_parallel_reduced_pipelined_stream:impl|fir_filter_parallel_reduced_pipelined:impl|product_terms_pipe[0][105][32] ; Lost fanout                            ;
; fir_filter_parallel_reduced_pipelined_stream:impl|fir_filter_parallel_reduced_pipelined:impl|product_terms_pipe[0][105][31] ; Lost fanout                            ;
; fir_filter_parallel_reduced_pipelined_stream:impl|fir_filter_parallel_reduced_pipelined:impl|product_terms_pipe[0][105][30] ; Lost fanout                            ;
; fir_filter_parallel_reduced_pipelined_stream:impl|fir_filter_parallel_reduced_pipelined:impl|product_terms_pipe[0][105][29] ; Lost fanout                            ;
; fir_filter_parallel_reduced_pipelined_stream:impl|fir_filter_parallel_reduced_pipelined:impl|product_terms_pipe[0][105][28] ; Lost fanout                            ;
; fir_filter_parallel_reduced_pipelined_stream:impl|fir_filter_parallel_reduced_pipelined:impl|product_terms_pipe[0][105][27] ; Lost fanout                            ;
; fir_filter_parallel_reduced_pipelined_stream:impl|fir_filter_parallel_reduced_pipelined:impl|product_terms_pipe[0][105][26] ; Lost fanout                            ;
; fir_filter_parallel_reduced_pipelined_stream:impl|fir_filter_parallel_reduced_pipelined:impl|product_terms_pipe[0][105][25] ; Lost fanout                            ;
; fir_filter_parallel_reduced_pipelined_stream:impl|fir_filter_parallel_reduced_pipelined:impl|product_terms_pipe[0][105][24] ; Lost fanout                            ;
; fir_filter_parallel_reduced_pipelined_stream:impl|fir_filter_parallel_reduced_pipelined:impl|product_terms_pipe[0][105][23] ; Lost fanout                            ;
; fir_filter_parallel_reduced_pipelined_stream:impl|fir_filter_parallel_reduced_pipelined:impl|product_terms_pipe[0][105][22] ; Lost fanout                            ;
; fir_filter_parallel_reduced_pipelined_stream:impl|fir_filter_parallel_reduced_pipelined:impl|product_terms_pipe[0][105][21] ; Lost fanout                            ;
; fir_filter_parallel_reduced_pipelined_stream:impl|fir_filter_parallel_reduced_pipelined:impl|product_terms_pipe[0][105][20] ; Lost fanout                            ;
; fir_filter_parallel_reduced_pipelined_stream:impl|fir_filter_parallel_reduced_pipelined:impl|product_terms_pipe[0][105][19] ; Lost fanout                            ;
; fir_filter_parallel_reduced_pipelined_stream:impl|fir_filter_parallel_reduced_pipelined:impl|product_terms_pipe[0][105][18] ; Lost fanout                            ;
; fir_filter_parallel_reduced_pipelined_stream:impl|fir_filter_parallel_reduced_pipelined:impl|product_terms_pipe[0][105][17] ; Lost fanout                            ;
; fir_filter_parallel_reduced_pipelined_stream:impl|fir_filter_parallel_reduced_pipelined:impl|product_terms_pipe[0][105][16] ; Lost fanout                            ;
; fir_filter_parallel_reduced_pipelined_stream:impl|fir_filter_parallel_reduced_pipelined:impl|product_terms_pipe[0][105][15] ; Lost fanout                            ;
; fir_filter_parallel_reduced_pipelined_stream:impl|fir_filter_parallel_reduced_pipelined:impl|product_terms_pipe[0][105][14] ; Lost fanout                            ;
; fir_filter_parallel_reduced_pipelined_stream:impl|fir_filter_parallel_reduced_pipelined:impl|product_terms_pipe[0][105][13] ; Lost fanout                            ;
; fir_filter_parallel_reduced_pipelined_stream:impl|fir_filter_parallel_reduced_pipelined:impl|product_terms_pipe[0][105][12] ; Lost fanout                            ;
; fir_filter_parallel_reduced_pipelined_stream:impl|fir_filter_parallel_reduced_pipelined:impl|product_terms_pipe[0][105][11] ; Lost fanout                            ;
; fir_filter_parallel_reduced_pipelined_stream:impl|fir_filter_parallel_reduced_pipelined:impl|product_terms_pipe[0][105][10] ; Lost fanout                            ;
; fir_filter_parallel_reduced_pipelined_stream:impl|fir_filter_parallel_reduced_pipelined:impl|product_terms_pipe[0][105][9]  ; Lost fanout                            ;
; fir_filter_parallel_reduced_pipelined_stream:impl|fir_filter_parallel_reduced_pipelined:impl|product_terms_pipe[0][105][8]  ; Lost fanout                            ;
; fir_filter_parallel_reduced_pipelined_stream:impl|fir_filter_parallel_reduced_pipelined:impl|product_terms_pipe[0][105][7]  ; Lost fanout                            ;
; fir_filter_parallel_reduced_pipelined_stream:impl|fir_filter_parallel_reduced_pipelined:impl|product_terms_pipe[0][105][6]  ; Lost fanout                            ;
; fir_filter_parallel_reduced_pipelined_stream:impl|fir_filter_parallel_reduced_pipelined:impl|product_terms_pipe[0][105][5]  ; Lost fanout                            ;
; fir_filter_parallel_reduced_pipelined_stream:impl|fir_filter_parallel_reduced_pipelined:impl|product_terms_pipe[0][105][4]  ; Lost fanout                            ;
; fir_filter_parallel_reduced_pipelined_stream:impl|fir_filter_parallel_reduced_pipelined:impl|product_terms_pipe[0][105][3]  ; Lost fanout                            ;
; fir_filter_parallel_reduced_pipelined_stream:impl|fir_filter_parallel_reduced_pipelined:impl|product_terms_pipe[0][105][2]  ; Lost fanout                            ;
; fir_filter_parallel_reduced_pipelined_stream:impl|fir_filter_parallel_reduced_pipelined:impl|product_terms_pipe[0][105][1]  ; Lost fanout                            ;
; fir_filter_parallel_reduced_pipelined_stream:impl|fir_filter_parallel_reduced_pipelined:impl|product_terms_pipe[0][105][0]  ; Lost fanout                            ;
; fir_filter_parallel_reduced_pipelined_stream:impl|fir_filter_parallel_reduced_pipelined:impl|product_terms_pipe[1][2][45]   ; Lost fanout                            ;
; fir_filter_parallel_reduced_pipelined_stream:impl|fir_filter_parallel_reduced_pipelined:impl|product_terms_pipe[1][2][44]   ; Lost fanout                            ;
; fir_filter_parallel_reduced_pipelined_stream:impl|fir_filter_parallel_reduced_pipelined:impl|product_terms_pipe[1][2][43]   ; Lost fanout                            ;
; fir_filter_parallel_reduced_pipelined_stream:impl|fir_filter_parallel_reduced_pipelined:impl|product_terms_pipe[1][2][42]   ; Lost fanout                            ;
; fir_filter_parallel_reduced_pipelined_stream:impl|fir_filter_parallel_reduced_pipelined:impl|product_terms_pipe[1][2][41]   ; Lost fanout                            ;
; fir_filter_parallel_reduced_pipelined_stream:impl|fir_filter_parallel_reduced_pipelined:impl|product_terms_pipe[1][2][40]   ; Lost fanout                            ;
; fir_filter_parallel_reduced_pipelined_stream:impl|fir_filter_parallel_reduced_pipelined:impl|product_terms_pipe[1][2][39]   ; Lost fanout                            ;
; fir_filter_parallel_reduced_pipelined_stream:impl|fir_filter_parallel_reduced_pipelined:impl|product_terms_pipe[1][2][38]   ; Lost fanout                            ;
; fir_filter_parallel_reduced_pipelined_stream:impl|fir_filter_parallel_reduced_pipelined:impl|product_terms_pipe[1][2][37]   ; Lost fanout                            ;
; fir_filter_parallel_reduced_pipelined_stream:impl|fir_filter_parallel_reduced_pipelined:impl|product_terms_pipe[1][2][36]   ; Lost fanout                            ;
; fir_filter_parallel_reduced_pipelined_stream:impl|fir_filter_parallel_reduced_pipelined:impl|product_terms_pipe[1][2][35]   ; Lost fanout                            ;
; fir_filter_parallel_reduced_pipelined_stream:impl|fir_filter_parallel_reduced_pipelined:impl|product_terms_pipe[1][2][34]   ; Lost fanout                            ;
; fir_filter_parallel_reduced_pipelined_stream:impl|fir_filter_parallel_reduced_pipelined:impl|product_terms_pipe[1][2][33]   ; Lost fanout                            ;
; fir_filter_parallel_reduced_pipelined_stream:impl|fir_filter_parallel_reduced_pipelined:impl|product_terms_pipe[1][2][32]   ; Lost fanout                            ;
; fir_filter_parallel_reduced_pipelined_stream:impl|fir_filter_parallel_reduced_pipelined:impl|product_terms_pipe[1][2][31]   ; Lost fanout                            ;
; fir_filter_parallel_reduced_pipelined_stream:impl|fir_filter_parallel_reduced_pipelined:impl|product_terms_pipe[1][2][30]   ; Lost fanout                            ;
; fir_filter_parallel_reduced_pipelined_stream:impl|fir_filter_parallel_reduced_pipelined:impl|product_terms_pipe[1][2][29]   ; Lost fanout                            ;
; fir_filter_parallel_reduced_pipelined_stream:impl|fir_filter_parallel_reduced_pipelined:impl|product_terms_pipe[1][2][28]   ; Lost fanout                            ;
; fir_filter_parallel_reduced_pipelined_stream:impl|fir_filter_parallel_reduced_pipelined:impl|product_terms_pipe[1][2][27]   ; Lost fanout                            ;
; fir_filter_parallel_reduced_pipelined_stream:impl|fir_filter_parallel_reduced_pipelined:impl|product_terms_pipe[1][2][26]   ; Lost fanout                            ;
; fir_filter_parallel_reduced_pipelined_stream:impl|fir_filter_parallel_reduced_pipelined:impl|product_terms_pipe[1][2][25]   ; Lost fanout                            ;
; fir_filter_parallel_reduced_pipelined_stream:impl|fir_filter_parallel_reduced_pipelined:impl|product_terms_pipe[1][2][24]   ; Lost fanout                            ;
; fir_filter_parallel_reduced_pipelined_stream:impl|fir_filter_parallel_reduced_pipelined:impl|product_terms_pipe[1][2][23]   ; Lost fanout                            ;
; fir_filter_parallel_reduced_pipelined_stream:impl|fir_filter_parallel_reduced_pipelined:impl|product_terms_pipe[1][2][22]   ; Lost fanout                            ;
; fir_filter_parallel_reduced_pipelined_stream:impl|fir_filter_parallel_reduced_pipelined:impl|product_terms_pipe[1][2][21]   ; Lost fanout                            ;
; fir_filter_parallel_reduced_pipelined_stream:impl|fir_filter_parallel_reduced_pipelined:impl|product_terms_pipe[1][2][20]   ; Lost fanout                            ;
; fir_filter_parallel_reduced_pipelined_stream:impl|fir_filter_parallel_reduced_pipelined:impl|product_terms_pipe[1][2][19]   ; Lost fanout                            ;
; fir_filter_parallel_reduced_pipelined_stream:impl|fir_filter_parallel_reduced_pipelined:impl|product_terms_pipe[1][2][18]   ; Lost fanout                            ;
; fir_filter_parallel_reduced_pipelined_stream:impl|fir_filter_parallel_reduced_pipelined:impl|product_terms_pipe[1][2][17]   ; Lost fanout                            ;
; fir_filter_parallel_reduced_pipelined_stream:impl|fir_filter_parallel_reduced_pipelined:impl|product_terms_pipe[1][2][16]   ; Lost fanout                            ;
; fir_filter_parallel_reduced_pipelined_stream:impl|fir_filter_parallel_reduced_pipelined:impl|product_terms_pipe[1][2][15]   ; Lost fanout                            ;
; fir_filter_parallel_reduced_pipelined_stream:impl|fir_filter_parallel_reduced_pipelined:impl|product_terms_pipe[1][2][14]   ; Lost fanout                            ;
; fir_filter_parallel_reduced_pipelined_stream:impl|fir_filter_parallel_reduced_pipelined:impl|product_terms_pipe[1][2][13]   ; Lost fanout                            ;
; fir_filter_parallel_reduced_pipelined_stream:impl|fir_filter_parallel_reduced_pipelined:impl|product_terms_pipe[1][2][12]   ; Lost fanout                            ;
; fir_filter_parallel_reduced_pipelined_stream:impl|fir_filter_parallel_reduced_pipelined:impl|product_terms_pipe[1][2][11]   ; Lost fanout                            ;
; fir_filter_parallel_reduced_pipelined_stream:impl|fir_filter_parallel_reduced_pipelined:impl|product_terms_pipe[1][2][10]   ; Lost fanout                            ;
; fir_filter_parallel_reduced_pipelined_stream:impl|fir_filter_parallel_reduced_pipelined:impl|product_terms_pipe[1][2][9]    ; Lost fanout                            ;
; fir_filter_parallel_reduced_pipelined_stream:impl|fir_filter_parallel_reduced_pipelined:impl|product_terms_pipe[1][2][8]    ; Lost fanout                            ;
; fir_filter_parallel_reduced_pipelined_stream:impl|fir_filter_parallel_reduced_pipelined:impl|product_terms_pipe[1][2][7]    ; Lost fanout                            ;
; fir_filter_parallel_reduced_pipelined_stream:impl|fir_filter_parallel_reduced_pipelined:impl|product_terms_pipe[1][2][6]    ; Lost fanout                            ;
; fir_filter_parallel_reduced_pipelined_stream:impl|fir_filter_parallel_reduced_pipelined:impl|product_terms_pipe[1][2][5]    ; Lost fanout                            ;
; fir_filter_parallel_reduced_pipelined_stream:impl|fir_filter_parallel_reduced_pipelined:impl|product_terms_pipe[1][2][4]    ; Lost fanout                            ;
; fir_filter_parallel_reduced_pipelined_stream:impl|fir_filter_parallel_reduced_pipelined:impl|product_terms_pipe[1][2][3]    ; Lost fanout                            ;
; fir_filter_parallel_reduced_pipelined_stream:impl|fir_filter_parallel_reduced_pipelined:impl|product_terms_pipe[1][2][2]    ; Lost fanout                            ;
; fir_filter_parallel_reduced_pipelined_stream:impl|fir_filter_parallel_reduced_pipelined:impl|product_terms_pipe[1][2][1]    ; Lost fanout                            ;
; fir_filter_parallel_reduced_pipelined_stream:impl|fir_filter_parallel_reduced_pipelined:impl|product_terms_pipe[1][2][0]    ; Lost fanout                            ;
; fir_filter_parallel_reduced_pipelined_stream:impl|fir_filter_parallel_reduced_pipelined:impl|product_terms_pipe[1][3][45]   ; Lost fanout                            ;
; fir_filter_parallel_reduced_pipelined_stream:impl|fir_filter_parallel_reduced_pipelined:impl|product_terms_pipe[1][3][44]   ; Lost fanout                            ;
; fir_filter_parallel_reduced_pipelined_stream:impl|fir_filter_parallel_reduced_pipelined:impl|product_terms_pipe[1][3][43]   ; Lost fanout                            ;
; fir_filter_parallel_reduced_pipelined_stream:impl|fir_filter_parallel_reduced_pipelined:impl|product_terms_pipe[1][3][42]   ; Lost fanout                            ;
; fir_filter_parallel_reduced_pipelined_stream:impl|fir_filter_parallel_reduced_pipelined:impl|product_terms_pipe[1][3][41]   ; Lost fanout                            ;
; fir_filter_parallel_reduced_pipelined_stream:impl|fir_filter_parallel_reduced_pipelined:impl|product_terms_pipe[1][3][40]   ; Lost fanout                            ;
; fir_filter_parallel_reduced_pipelined_stream:impl|fir_filter_parallel_reduced_pipelined:impl|product_terms_pipe[1][3][39]   ; Lost fanout                            ;
; fir_filter_parallel_reduced_pipelined_stream:impl|fir_filter_parallel_reduced_pipelined:impl|product_terms_pipe[1][3][38]   ; Lost fanout                            ;
; fir_filter_parallel_reduced_pipelined_stream:impl|fir_filter_parallel_reduced_pipelined:impl|product_terms_pipe[1][3][37]   ; Lost fanout                            ;
; fir_filter_parallel_reduced_pipelined_stream:impl|fir_filter_parallel_reduced_pipelined:impl|product_terms_pipe[1][3][36]   ; Lost fanout                            ;
; fir_filter_parallel_reduced_pipelined_stream:impl|fir_filter_parallel_reduced_pipelined:impl|product_terms_pipe[1][3][35]   ; Lost fanout                            ;
; fir_filter_parallel_reduced_pipelined_stream:impl|fir_filter_parallel_reduced_pipelined:impl|product_terms_pipe[1][3][34]   ; Lost fanout                            ;
; fir_filter_parallel_reduced_pipelined_stream:impl|fir_filter_parallel_reduced_pipelined:impl|product_terms_pipe[1][3][33]   ; Lost fanout                            ;
; fir_filter_parallel_reduced_pipelined_stream:impl|fir_filter_parallel_reduced_pipelined:impl|product_terms_pipe[1][3][32]   ; Lost fanout                            ;
; fir_filter_parallel_reduced_pipelined_stream:impl|fir_filter_parallel_reduced_pipelined:impl|product_terms_pipe[1][3][31]   ; Lost fanout                            ;
; fir_filter_parallel_reduced_pipelined_stream:impl|fir_filter_parallel_reduced_pipelined:impl|product_terms_pipe[1][3][30]   ; Lost fanout                            ;
; fir_filter_parallel_reduced_pipelined_stream:impl|fir_filter_parallel_reduced_pipelined:impl|product_terms_pipe[1][3][29]   ; Lost fanout                            ;
; fir_filter_parallel_reduced_pipelined_stream:impl|fir_filter_parallel_reduced_pipelined:impl|product_terms_pipe[1][3][28]   ; Lost fanout                            ;
; fir_filter_parallel_reduced_pipelined_stream:impl|fir_filter_parallel_reduced_pipelined:impl|product_terms_pipe[1][3][27]   ; Lost fanout                            ;
; fir_filter_parallel_reduced_pipelined_stream:impl|fir_filter_parallel_reduced_pipelined:impl|product_terms_pipe[1][3][26]   ; Lost fanout                            ;
; fir_filter_parallel_reduced_pipelined_stream:impl|fir_filter_parallel_reduced_pipelined:impl|product_terms_pipe[1][3][25]   ; Lost fanout                            ;
; fir_filter_parallel_reduced_pipelined_stream:impl|fir_filter_parallel_reduced_pipelined:impl|product_terms_pipe[1][3][24]   ; Lost fanout                            ;
; fir_filter_parallel_reduced_pipelined_stream:impl|fir_filter_parallel_reduced_pipelined:impl|product_terms_pipe[1][3][23]   ; Lost fanout                            ;
; fir_filter_parallel_reduced_pipelined_stream:impl|fir_filter_parallel_reduced_pipelined:impl|product_terms_pipe[1][3][22]   ; Lost fanout                            ;
; fir_filter_parallel_reduced_pipelined_stream:impl|fir_filter_parallel_reduced_pipelined:impl|product_terms_pipe[1][3][21]   ; Lost fanout                            ;
; fir_filter_parallel_reduced_pipelined_stream:impl|fir_filter_parallel_reduced_pipelined:impl|product_terms_pipe[1][3][20]   ; Lost fanout                            ;
; fir_filter_parallel_reduced_pipelined_stream:impl|fir_filter_parallel_reduced_pipelined:impl|product_terms_pipe[1][3][19]   ; Lost fanout                            ;
; fir_filter_parallel_reduced_pipelined_stream:impl|fir_filter_parallel_reduced_pipelined:impl|product_terms_pipe[1][3][18]   ; Lost fanout                            ;
; fir_filter_parallel_reduced_pipelined_stream:impl|fir_filter_parallel_reduced_pipelined:impl|product_terms_pipe[1][3][17]   ; Lost fanout                            ;
; fir_filter_parallel_reduced_pipelined_stream:impl|fir_filter_parallel_reduced_pipelined:impl|product_terms_pipe[1][3][16]   ; Lost fanout                            ;
; fir_filter_parallel_reduced_pipelined_stream:impl|fir_filter_parallel_reduced_pipelined:impl|product_terms_pipe[1][3][15]   ; Lost fanout                            ;
; fir_filter_parallel_reduced_pipelined_stream:impl|fir_filter_parallel_reduced_pipelined:impl|product_terms_pipe[1][3][14]   ; Lost fanout                            ;
; fir_filter_parallel_reduced_pipelined_stream:impl|fir_filter_parallel_reduced_pipelined:impl|product_terms_pipe[1][3][13]   ; Lost fanout                            ;
; fir_filter_parallel_reduced_pipelined_stream:impl|fir_filter_parallel_reduced_pipelined:impl|product_terms_pipe[1][3][12]   ; Lost fanout                            ;
; fir_filter_parallel_reduced_pipelined_stream:impl|fir_filter_parallel_reduced_pipelined:impl|product_terms_pipe[1][3][11]   ; Lost fanout                            ;
; fir_filter_parallel_reduced_pipelined_stream:impl|fir_filter_parallel_reduced_pipelined:impl|product_terms_pipe[1][3][10]   ; Lost fanout                            ;
; fir_filter_parallel_reduced_pipelined_stream:impl|fir_filter_parallel_reduced_pipelined:impl|product_terms_pipe[1][3][9]    ; Lost fanout                            ;
; fir_filter_parallel_reduced_pipelined_stream:impl|fir_filter_parallel_reduced_pipelined:impl|product_terms_pipe[1][3][8]    ; Lost fanout                            ;
; fir_filter_parallel_reduced_pipelined_stream:impl|fir_filter_parallel_reduced_pipelined:impl|product_terms_pipe[1][3][7]    ; Lost fanout                            ;
; fir_filter_parallel_reduced_pipelined_stream:impl|fir_filter_parallel_reduced_pipelined:impl|product_terms_pipe[1][3][6]    ; Lost fanout                            ;
; fir_filter_parallel_reduced_pipelined_stream:impl|fir_filter_parallel_reduced_pipelined:impl|product_terms_pipe[1][3][5]    ; Lost fanout                            ;
; fir_filter_parallel_reduced_pipelined_stream:impl|fir_filter_parallel_reduced_pipelined:impl|product_terms_pipe[1][3][4]    ; Lost fanout                            ;
; fir_filter_parallel_reduced_pipelined_stream:impl|fir_filter_parallel_reduced_pipelined:impl|product_terms_pipe[1][3][3]    ; Lost fanout                            ;
; fir_filter_parallel_reduced_pipelined_stream:impl|fir_filter_parallel_reduced_pipelined:impl|product_terms_pipe[1][3][2]    ; Lost fanout                            ;
; fir_filter_parallel_reduced_pipelined_stream:impl|fir_filter_parallel_reduced_pipelined:impl|product_terms_pipe[1][3][1]    ; Lost fanout                            ;
; fir_filter_parallel_reduced_pipelined_stream:impl|fir_filter_parallel_reduced_pipelined:impl|product_terms_pipe[1][3][0]    ; Lost fanout                            ;
; fir_filter_parallel_reduced_pipelined_stream:impl|fir_filter_parallel_reduced_pipelined:impl|product_terms_pipe[1][4][45]   ; Lost fanout                            ;
; fir_filter_parallel_reduced_pipelined_stream:impl|fir_filter_parallel_reduced_pipelined:impl|product_terms_pipe[1][4][44]   ; Lost fanout                            ;
; fir_filter_parallel_reduced_pipelined_stream:impl|fir_filter_parallel_reduced_pipelined:impl|product_terms_pipe[1][4][43]   ; Lost fanout                            ;
; fir_filter_parallel_reduced_pipelined_stream:impl|fir_filter_parallel_reduced_pipelined:impl|product_terms_pipe[1][4][42]   ; Lost fanout                            ;
; fir_filter_parallel_reduced_pipelined_stream:impl|fir_filter_parallel_reduced_pipelined:impl|product_terms_pipe[1][4][41]   ; Lost fanout                            ;
; fir_filter_parallel_reduced_pipelined_stream:impl|fir_filter_parallel_reduced_pipelined:impl|product_terms_pipe[1][4][40]   ; Lost fanout                            ;
; fir_filter_parallel_reduced_pipelined_stream:impl|fir_filter_parallel_reduced_pipelined:impl|product_terms_pipe[1][4][39]   ; Lost fanout                            ;
; fir_filter_parallel_reduced_pipelined_stream:impl|fir_filter_parallel_reduced_pipelined:impl|product_terms_pipe[1][4][38]   ; Lost fanout                            ;
; fir_filter_parallel_reduced_pipelined_stream:impl|fir_filter_parallel_reduced_pipelined:impl|product_terms_pipe[1][4][37]   ; Lost fanout                            ;
; fir_filter_parallel_reduced_pipelined_stream:impl|fir_filter_parallel_reduced_pipelined:impl|product_terms_pipe[1][4][36]   ; Lost fanout                            ;
; fir_filter_parallel_reduced_pipelined_stream:impl|fir_filter_parallel_reduced_pipelined:impl|product_terms_pipe[1][4][35]   ; Lost fanout                            ;
; fir_filter_parallel_reduced_pipelined_stream:impl|fir_filter_parallel_reduced_pipelined:impl|product_terms_pipe[1][4][34]   ; Lost fanout                            ;
; fir_filter_parallel_reduced_pipelined_stream:impl|fir_filter_parallel_reduced_pipelined:impl|product_terms_pipe[1][4][33]   ; Lost fanout                            ;
; fir_filter_parallel_reduced_pipelined_stream:impl|fir_filter_parallel_reduced_pipelined:impl|product_terms_pipe[1][4][32]   ; Lost fanout                            ;
; fir_filter_parallel_reduced_pipelined_stream:impl|fir_filter_parallel_reduced_pipelined:impl|product_terms_pipe[1][4][31]   ; Lost fanout                            ;
; fir_filter_parallel_reduced_pipelined_stream:impl|fir_filter_parallel_reduced_pipelined:impl|product_terms_pipe[1][4][30]   ; Lost fanout                            ;
; fir_filter_parallel_reduced_pipelined_stream:impl|fir_filter_parallel_reduced_pipelined:impl|product_terms_pipe[1][4][29]   ; Lost fanout                            ;
; fir_filter_parallel_reduced_pipelined_stream:impl|fir_filter_parallel_reduced_pipelined:impl|product_terms_pipe[1][4][28]   ; Lost fanout                            ;
; fir_filter_parallel_reduced_pipelined_stream:impl|fir_filter_parallel_reduced_pipelined:impl|product_terms_pipe[1][4][27]   ; Lost fanout                            ;
; fir_filter_parallel_reduced_pipelined_stream:impl|fir_filter_parallel_reduced_pipelined:impl|product_terms_pipe[1][4][26]   ; Lost fanout                            ;
; fir_filter_parallel_reduced_pipelined_stream:impl|fir_filter_parallel_reduced_pipelined:impl|product_terms_pipe[1][4][25]   ; Lost fanout                            ;
; fir_filter_parallel_reduced_pipelined_stream:impl|fir_filter_parallel_reduced_pipelined:impl|product_terms_pipe[1][4][24]   ; Lost fanout                            ;
; fir_filter_parallel_reduced_pipelined_stream:impl|fir_filter_parallel_reduced_pipelined:impl|product_terms_pipe[1][4][23]   ; Lost fanout                            ;
; fir_filter_parallel_reduced_pipelined_stream:impl|fir_filter_parallel_reduced_pipelined:impl|product_terms_pipe[1][4][22]   ; Lost fanout                            ;
; fir_filter_parallel_reduced_pipelined_stream:impl|fir_filter_parallel_reduced_pipelined:impl|product_terms_pipe[1][4][21]   ; Lost fanout                            ;
; fir_filter_parallel_reduced_pipelined_stream:impl|fir_filter_parallel_reduced_pipelined:impl|product_terms_pipe[1][4][20]   ; Lost fanout                            ;
; fir_filter_parallel_reduced_pipelined_stream:impl|fir_filter_parallel_reduced_pipelined:impl|product_terms_pipe[1][4][19]   ; Lost fanout                            ;
; fir_filter_parallel_reduced_pipelined_stream:impl|fir_filter_parallel_reduced_pipelined:impl|product_terms_pipe[1][4][18]   ; Lost fanout                            ;
; fir_filter_parallel_reduced_pipelined_stream:impl|fir_filter_parallel_reduced_pipelined:impl|product_terms_pipe[1][4][17]   ; Lost fanout                            ;
; fir_filter_parallel_reduced_pipelined_stream:impl|fir_filter_parallel_reduced_pipelined:impl|product_terms_pipe[1][4][16]   ; Lost fanout                            ;
; fir_filter_parallel_reduced_pipelined_stream:impl|fir_filter_parallel_reduced_pipelined:impl|product_terms_pipe[1][4][15]   ; Lost fanout                            ;
; fir_filter_parallel_reduced_pipelined_stream:impl|fir_filter_parallel_reduced_pipelined:impl|product_terms_pipe[1][4][14]   ; Lost fanout                            ;
; fir_filter_parallel_reduced_pipelined_stream:impl|fir_filter_parallel_reduced_pipelined:impl|product_terms_pipe[1][4][13]   ; Lost fanout                            ;
; fir_filter_parallel_reduced_pipelined_stream:impl|fir_filter_parallel_reduced_pipelined:impl|product_terms_pipe[1][4][12]   ; Lost fanout                            ;
; fir_filter_parallel_reduced_pipelined_stream:impl|fir_filter_parallel_reduced_pipelined:impl|product_terms_pipe[1][4][11]   ; Lost fanout                            ;
; fir_filter_parallel_reduced_pipelined_stream:impl|fir_filter_parallel_reduced_pipelined:impl|product_terms_pipe[1][4][10]   ; Lost fanout                            ;
; fir_filter_parallel_reduced_pipelined_stream:impl|fir_filter_parallel_reduced_pipelined:impl|product_terms_pipe[1][4][9]    ; Lost fanout                            ;
; fir_filter_parallel_reduced_pipelined_stream:impl|fir_filter_parallel_reduced_pipelined:impl|product_terms_pipe[1][4][8]    ; Lost fanout                            ;
; fir_filter_parallel_reduced_pipelined_stream:impl|fir_filter_parallel_reduced_pipelined:impl|product_terms_pipe[1][4][7]    ; Lost fanout                            ;
; fir_filter_parallel_reduced_pipelined_stream:impl|fir_filter_parallel_reduced_pipelined:impl|product_terms_pipe[1][4][6]    ; Lost fanout                            ;
; fir_filter_parallel_reduced_pipelined_stream:impl|fir_filter_parallel_reduced_pipelined:impl|product_terms_pipe[1][4][5]    ; Lost fanout                            ;
; fir_filter_parallel_reduced_pipelined_stream:impl|fir_filter_parallel_reduced_pipelined:impl|product_terms_pipe[1][4][4]    ; Lost fanout                            ;
; fir_filter_parallel_reduced_pipelined_stream:impl|fir_filter_parallel_reduced_pipelined:impl|product_terms_pipe[1][4][3]    ; Lost fanout                            ;
; fir_filter_parallel_reduced_pipelined_stream:impl|fir_filter_parallel_reduced_pipelined:impl|product_terms_pipe[1][4][2]    ; Lost fanout                            ;
; fir_filter_parallel_reduced_pipelined_stream:impl|fir_filter_parallel_reduced_pipelined:impl|product_terms_pipe[1][4][1]    ; Lost fanout                            ;
; fir_filter_parallel_reduced_pipelined_stream:impl|fir_filter_parallel_reduced_pipelined:impl|product_terms_pipe[1][4][0]    ; Lost fanout                            ;
; fir_filter_parallel_reduced_pipelined_stream:impl|fir_filter_parallel_reduced_pipelined:impl|product_terms_pipe[1][5][45]   ; Lost fanout                            ;
; fir_filter_parallel_reduced_pipelined_stream:impl|fir_filter_parallel_reduced_pipelined:impl|product_terms_pipe[1][5][44]   ; Lost fanout                            ;
; fir_filter_parallel_reduced_pipelined_stream:impl|fir_filter_parallel_reduced_pipelined:impl|product_terms_pipe[1][5][43]   ; Lost fanout                            ;
; fir_filter_parallel_reduced_pipelined_stream:impl|fir_filter_parallel_reduced_pipelined:impl|product_terms_pipe[1][5][42]   ; Lost fanout                            ;
; fir_filter_parallel_reduced_pipelined_stream:impl|fir_filter_parallel_reduced_pipelined:impl|product_terms_pipe[1][5][41]   ; Lost fanout                            ;
; fir_filter_parallel_reduced_pipelined_stream:impl|fir_filter_parallel_reduced_pipelined:impl|product_terms_pipe[1][5][40]   ; Lost fanout                            ;
; fir_filter_parallel_reduced_pipelined_stream:impl|fir_filter_parallel_reduced_pipelined:impl|product_terms_pipe[1][5][39]   ; Lost fanout                            ;
; fir_filter_parallel_reduced_pipelined_stream:impl|fir_filter_parallel_reduced_pipelined:impl|product_terms_pipe[1][5][38]   ; Lost fanout                            ;
; fir_filter_parallel_reduced_pipelined_stream:impl|fir_filter_parallel_reduced_pipelined:impl|product_terms_pipe[1][5][37]   ; Lost fanout                            ;
; fir_filter_parallel_reduced_pipelined_stream:impl|fir_filter_parallel_reduced_pipelined:impl|product_terms_pipe[1][5][36]   ; Lost fanout                            ;
; fir_filter_parallel_reduced_pipelined_stream:impl|fir_filter_parallel_reduced_pipelined:impl|product_terms_pipe[1][5][35]   ; Lost fanout                            ;
; fir_filter_parallel_reduced_pipelined_stream:impl|fir_filter_parallel_reduced_pipelined:impl|product_terms_pipe[1][5][34]   ; Lost fanout                            ;
; fir_filter_parallel_reduced_pipelined_stream:impl|fir_filter_parallel_reduced_pipelined:impl|product_terms_pipe[1][5][33]   ; Lost fanout                            ;
; fir_filter_parallel_reduced_pipelined_stream:impl|fir_filter_parallel_reduced_pipelined:impl|product_terms_pipe[1][5][32]   ; Lost fanout                            ;
; fir_filter_parallel_reduced_pipelined_stream:impl|fir_filter_parallel_reduced_pipelined:impl|product_terms_pipe[1][5][31]   ; Lost fanout                            ;
; fir_filter_parallel_reduced_pipelined_stream:impl|fir_filter_parallel_reduced_pipelined:impl|product_terms_pipe[1][5][30]   ; Lost fanout                            ;
; fir_filter_parallel_reduced_pipelined_stream:impl|fir_filter_parallel_reduced_pipelined:impl|product_terms_pipe[1][5][29]   ; Lost fanout                            ;
; fir_filter_parallel_reduced_pipelined_stream:impl|fir_filter_parallel_reduced_pipelined:impl|product_terms_pipe[1][5][28]   ; Lost fanout                            ;
; fir_filter_parallel_reduced_pipelined_stream:impl|fir_filter_parallel_reduced_pipelined:impl|product_terms_pipe[1][5][27]   ; Lost fanout                            ;
; fir_filter_parallel_reduced_pipelined_stream:impl|fir_filter_parallel_reduced_pipelined:impl|product_terms_pipe[1][5][26]   ; Lost fanout                            ;
; fir_filter_parallel_reduced_pipelined_stream:impl|fir_filter_parallel_reduced_pipelined:impl|product_terms_pipe[1][5][25]   ; Lost fanout                            ;
; fir_filter_parallel_reduced_pipelined_stream:impl|fir_filter_parallel_reduced_pipelined:impl|product_terms_pipe[1][5][24]   ; Lost fanout                            ;
; fir_filter_parallel_reduced_pipelined_stream:impl|fir_filter_parallel_reduced_pipelined:impl|product_terms_pipe[1][5][23]   ; Lost fanout                            ;
; fir_filter_parallel_reduced_pipelined_stream:impl|fir_filter_parallel_reduced_pipelined:impl|product_terms_pipe[1][5][22]   ; Lost fanout                            ;
; fir_filter_parallel_reduced_pipelined_stream:impl|fir_filter_parallel_reduced_pipelined:impl|product_terms_pipe[1][5][21]   ; Lost fanout                            ;
; fir_filter_parallel_reduced_pipelined_stream:impl|fir_filter_parallel_reduced_pipelined:impl|product_terms_pipe[1][5][20]   ; Lost fanout                            ;
; fir_filter_parallel_reduced_pipelined_stream:impl|fir_filter_parallel_reduced_pipelined:impl|product_terms_pipe[1][5][19]   ; Lost fanout                            ;
; fir_filter_parallel_reduced_pipelined_stream:impl|fir_filter_parallel_reduced_pipelined:impl|product_terms_pipe[1][5][18]   ; Lost fanout                            ;
; fir_filter_parallel_reduced_pipelined_stream:impl|fir_filter_parallel_reduced_pipelined:impl|product_terms_pipe[1][5][17]   ; Lost fanout                            ;
; fir_filter_parallel_reduced_pipelined_stream:impl|fir_filter_parallel_reduced_pipelined:impl|product_terms_pipe[1][5][16]   ; Lost fanout                            ;
; fir_filter_parallel_reduced_pipelined_stream:impl|fir_filter_parallel_reduced_pipelined:impl|product_terms_pipe[1][5][15]   ; Lost fanout                            ;
; fir_filter_parallel_reduced_pipelined_stream:impl|fir_filter_parallel_reduced_pipelined:impl|product_terms_pipe[1][5][14]   ; Lost fanout                            ;
; fir_filter_parallel_reduced_pipelined_stream:impl|fir_filter_parallel_reduced_pipelined:impl|product_terms_pipe[1][5][13]   ; Lost fanout                            ;
; fir_filter_parallel_reduced_pipelined_stream:impl|fir_filter_parallel_reduced_pipelined:impl|product_terms_pipe[1][5][12]   ; Lost fanout                            ;
; fir_filter_parallel_reduced_pipelined_stream:impl|fir_filter_parallel_reduced_pipelined:impl|product_terms_pipe[1][5][11]   ; Lost fanout                            ;
; fir_filter_parallel_reduced_pipelined_stream:impl|fir_filter_parallel_reduced_pipelined:impl|product_terms_pipe[1][5][10]   ; Lost fanout                            ;
; fir_filter_parallel_reduced_pipelined_stream:impl|fir_filter_parallel_reduced_pipelined:impl|product_terms_pipe[1][5][9]    ; Lost fanout                            ;
; fir_filter_parallel_reduced_pipelined_stream:impl|fir_filter_parallel_reduced_pipelined:impl|product_terms_pipe[1][5][8]    ; Lost fanout                            ;
; fir_filter_parallel_reduced_pipelined_stream:impl|fir_filter_parallel_reduced_pipelined:impl|product_terms_pipe[1][5][7]    ; Lost fanout                            ;
; fir_filter_parallel_reduced_pipelined_stream:impl|fir_filter_parallel_reduced_pipelined:impl|product_terms_pipe[1][5][6]    ; Lost fanout                            ;
; fir_filter_parallel_reduced_pipelined_stream:impl|fir_filter_parallel_reduced_pipelined:impl|product_terms_pipe[1][5][5]    ; Lost fanout                            ;
; fir_filter_parallel_reduced_pipelined_stream:impl|fir_filter_parallel_reduced_pipelined:impl|product_terms_pipe[1][5][4]    ; Lost fanout                            ;
; fir_filter_parallel_reduced_pipelined_stream:impl|fir_filter_parallel_reduced_pipelined:impl|product_terms_pipe[1][5][3]    ; Lost fanout                            ;
; fir_filter_parallel_reduced_pipelined_stream:impl|fir_filter_parallel_reduced_pipelined:impl|product_terms_pipe[1][5][2]    ; Lost fanout                            ;
; fir_filter_parallel_reduced_pipelined_stream:impl|fir_filter_parallel_reduced_pipelined:impl|product_terms_pipe[1][5][1]    ; Lost fanout                            ;
; fir_filter_parallel_reduced_pipelined_stream:impl|fir_filter_parallel_reduced_pipelined:impl|product_terms_pipe[1][5][0]    ; Lost fanout                            ;
; fir_filter_parallel_reduced_pipelined_stream:impl|fir_filter_parallel_reduced_pipelined:impl|product_terms_pipe[1][6][45]   ; Lost fanout                            ;
; fir_filter_parallel_reduced_pipelined_stream:impl|fir_filter_parallel_reduced_pipelined:impl|product_terms_pipe[1][6][44]   ; Lost fanout                            ;
; fir_filter_parallel_reduced_pipelined_stream:impl|fir_filter_parallel_reduced_pipelined:impl|product_terms_pipe[1][6][43]   ; Lost fanout                            ;
; fir_filter_parallel_reduced_pipelined_stream:impl|fir_filter_parallel_reduced_pipelined:impl|product_terms_pipe[1][6][42]   ; Lost fanout                            ;
; fir_filter_parallel_reduced_pipelined_stream:impl|fir_filter_parallel_reduced_pipelined:impl|product_terms_pipe[1][6][41]   ; Lost fanout                            ;
; fir_filter_parallel_reduced_pipelined_stream:impl|fir_filter_parallel_reduced_pipelined:impl|product_terms_pipe[1][6][40]   ; Lost fanout                            ;
; fir_filter_parallel_reduced_pipelined_stream:impl|fir_filter_parallel_reduced_pipelined:impl|product_terms_pipe[1][6][39]   ; Lost fanout                            ;
; fir_filter_parallel_reduced_pipelined_stream:impl|fir_filter_parallel_reduced_pipelined:impl|product_terms_pipe[1][6][38]   ; Lost fanout                            ;
; fir_filter_parallel_reduced_pipelined_stream:impl|fir_filter_parallel_reduced_pipelined:impl|product_terms_pipe[1][6][37]   ; Lost fanout                            ;
; fir_filter_parallel_reduced_pipelined_stream:impl|fir_filter_parallel_reduced_pipelined:impl|product_terms_pipe[1][6][36]   ; Lost fanout                            ;
; fir_filter_parallel_reduced_pipelined_stream:impl|fir_filter_parallel_reduced_pipelined:impl|product_terms_pipe[1][6][35]   ; Lost fanout                            ;
; fir_filter_parallel_reduced_pipelined_stream:impl|fir_filter_parallel_reduced_pipelined:impl|product_terms_pipe[1][6][34]   ; Lost fanout                            ;
; fir_filter_parallel_reduced_pipelined_stream:impl|fir_filter_parallel_reduced_pipelined:impl|product_terms_pipe[1][6][33]   ; Lost fanout                            ;
; fir_filter_parallel_reduced_pipelined_stream:impl|fir_filter_parallel_reduced_pipelined:impl|product_terms_pipe[1][6][32]   ; Lost fanout                            ;
; fir_filter_parallel_reduced_pipelined_stream:impl|fir_filter_parallel_reduced_pipelined:impl|product_terms_pipe[1][6][31]   ; Lost fanout                            ;
; fir_filter_parallel_reduced_pipelined_stream:impl|fir_filter_parallel_reduced_pipelined:impl|product_terms_pipe[1][6][30]   ; Lost fanout                            ;
; fir_filter_parallel_reduced_pipelined_stream:impl|fir_filter_parallel_reduced_pipelined:impl|product_terms_pipe[1][6][29]   ; Lost fanout                            ;
; fir_filter_parallel_reduced_pipelined_stream:impl|fir_filter_parallel_reduced_pipelined:impl|product_terms_pipe[1][6][28]   ; Lost fanout                            ;
; fir_filter_parallel_reduced_pipelined_stream:impl|fir_filter_parallel_reduced_pipelined:impl|product_terms_pipe[1][6][27]   ; Lost fanout                            ;
; fir_filter_parallel_reduced_pipelined_stream:impl|fir_filter_parallel_reduced_pipelined:impl|product_terms_pipe[1][6][26]   ; Lost fanout                            ;
; fir_filter_parallel_reduced_pipelined_stream:impl|fir_filter_parallel_reduced_pipelined:impl|product_terms_pipe[1][6][25]   ; Lost fanout                            ;
; fir_filter_parallel_reduced_pipelined_stream:impl|fir_filter_parallel_reduced_pipelined:impl|product_terms_pipe[1][6][24]   ; Lost fanout                            ;
; fir_filter_parallel_reduced_pipelined_stream:impl|fir_filter_parallel_reduced_pipelined:impl|product_terms_pipe[1][6][23]   ; Lost fanout                            ;
; fir_filter_parallel_reduced_pipelined_stream:impl|fir_filter_parallel_reduced_pipelined:impl|product_terms_pipe[1][6][22]   ; Lost fanout                            ;
; fir_filter_parallel_reduced_pipelined_stream:impl|fir_filter_parallel_reduced_pipelined:impl|product_terms_pipe[1][6][21]   ; Lost fanout                            ;
; fir_filter_parallel_reduced_pipelined_stream:impl|fir_filter_parallel_reduced_pipelined:impl|product_terms_pipe[1][6][20]   ; Lost fanout                            ;
; fir_filter_parallel_reduced_pipelined_stream:impl|fir_filter_parallel_reduced_pipelined:impl|product_terms_pipe[1][6][19]   ; Lost fanout                            ;
; fir_filter_parallel_reduced_pipelined_stream:impl|fir_filter_parallel_reduced_pipelined:impl|product_terms_pipe[1][6][18]   ; Lost fanout                            ;
; fir_filter_parallel_reduced_pipelined_stream:impl|fir_filter_parallel_reduced_pipelined:impl|product_terms_pipe[1][6][17]   ; Lost fanout                            ;
; fir_filter_parallel_reduced_pipelined_stream:impl|fir_filter_parallel_reduced_pipelined:impl|product_terms_pipe[1][6][16]   ; Lost fanout                            ;
; fir_filter_parallel_reduced_pipelined_stream:impl|fir_filter_parallel_reduced_pipelined:impl|product_terms_pipe[1][6][15]   ; Lost fanout                            ;
; fir_filter_parallel_reduced_pipelined_stream:impl|fir_filter_parallel_reduced_pipelined:impl|product_terms_pipe[1][6][14]   ; Lost fanout                            ;
; fir_filter_parallel_reduced_pipelined_stream:impl|fir_filter_parallel_reduced_pipelined:impl|product_terms_pipe[1][6][13]   ; Lost fanout                            ;
; fir_filter_parallel_reduced_pipelined_stream:impl|fir_filter_parallel_reduced_pipelined:impl|product_terms_pipe[1][6][12]   ; Lost fanout                            ;
; fir_filter_parallel_reduced_pipelined_stream:impl|fir_filter_parallel_reduced_pipelined:impl|product_terms_pipe[1][6][11]   ; Lost fanout                            ;
; fir_filter_parallel_reduced_pipelined_stream:impl|fir_filter_parallel_reduced_pipelined:impl|product_terms_pipe[1][6][10]   ; Lost fanout                            ;
; fir_filter_parallel_reduced_pipelined_stream:impl|fir_filter_parallel_reduced_pipelined:impl|product_terms_pipe[1][6][9]    ; Lost fanout                            ;
; fir_filter_parallel_reduced_pipelined_stream:impl|fir_filter_parallel_reduced_pipelined:impl|product_terms_pipe[1][6][8]    ; Lost fanout                            ;
; fir_filter_parallel_reduced_pipelined_stream:impl|fir_filter_parallel_reduced_pipelined:impl|product_terms_pipe[1][6][7]    ; Lost fanout                            ;
; fir_filter_parallel_reduced_pipelined_stream:impl|fir_filter_parallel_reduced_pipelined:impl|product_terms_pipe[1][6][6]    ; Lost fanout                            ;
; fir_filter_parallel_reduced_pipelined_stream:impl|fir_filter_parallel_reduced_pipelined:impl|product_terms_pipe[1][6][5]    ; Lost fanout                            ;
; fir_filter_parallel_reduced_pipelined_stream:impl|fir_filter_parallel_reduced_pipelined:impl|product_terms_pipe[1][6][4]    ; Lost fanout                            ;
; fir_filter_parallel_reduced_pipelined_stream:impl|fir_filter_parallel_reduced_pipelined:impl|product_terms_pipe[1][6][3]    ; Lost fanout                            ;
; fir_filter_parallel_reduced_pipelined_stream:impl|fir_filter_parallel_reduced_pipelined:impl|product_terms_pipe[1][6][2]    ; Lost fanout                            ;
; fir_filter_parallel_reduced_pipelined_stream:impl|fir_filter_parallel_reduced_pipelined:impl|product_terms_pipe[1][6][1]    ; Lost fanout                            ;
; fir_filter_parallel_reduced_pipelined_stream:impl|fir_filter_parallel_reduced_pipelined:impl|product_terms_pipe[1][6][0]    ; Lost fanout                            ;
; fir_filter_parallel_reduced_pipelined_stream:impl|fir_filter_parallel_reduced_pipelined:impl|product_terms_pipe[1][7][45]   ; Lost fanout                            ;
; fir_filter_parallel_reduced_pipelined_stream:impl|fir_filter_parallel_reduced_pipelined:impl|product_terms_pipe[1][7][44]   ; Lost fanout                            ;
; fir_filter_parallel_reduced_pipelined_stream:impl|fir_filter_parallel_reduced_pipelined:impl|product_terms_pipe[1][7][43]   ; Lost fanout                            ;
; fir_filter_parallel_reduced_pipelined_stream:impl|fir_filter_parallel_reduced_pipelined:impl|product_terms_pipe[1][7][42]   ; Lost fanout                            ;
; fir_filter_parallel_reduced_pipelined_stream:impl|fir_filter_parallel_reduced_pipelined:impl|product_terms_pipe[1][7][41]   ; Lost fanout                            ;
; fir_filter_parallel_reduced_pipelined_stream:impl|fir_filter_parallel_reduced_pipelined:impl|product_terms_pipe[1][7][40]   ; Lost fanout                            ;
; fir_filter_parallel_reduced_pipelined_stream:impl|fir_filter_parallel_reduced_pipelined:impl|product_terms_pipe[1][7][39]   ; Lost fanout                            ;
; fir_filter_parallel_reduced_pipelined_stream:impl|fir_filter_parallel_reduced_pipelined:impl|product_terms_pipe[1][7][38]   ; Lost fanout                            ;
; fir_filter_parallel_reduced_pipelined_stream:impl|fir_filter_parallel_reduced_pipelined:impl|product_terms_pipe[1][7][37]   ; Lost fanout                            ;
; fir_filter_parallel_reduced_pipelined_stream:impl|fir_filter_parallel_reduced_pipelined:impl|product_terms_pipe[1][7][36]   ; Lost fanout                            ;
; fir_filter_parallel_reduced_pipelined_stream:impl|fir_filter_parallel_reduced_pipelined:impl|product_terms_pipe[1][7][35]   ; Lost fanout                            ;
; fir_filter_parallel_reduced_pipelined_stream:impl|fir_filter_parallel_reduced_pipelined:impl|product_terms_pipe[1][7][34]   ; Lost fanout                            ;
; fir_filter_parallel_reduced_pipelined_stream:impl|fir_filter_parallel_reduced_pipelined:impl|product_terms_pipe[1][7][33]   ; Lost fanout                            ;
; fir_filter_parallel_reduced_pipelined_stream:impl|fir_filter_parallel_reduced_pipelined:impl|product_terms_pipe[1][7][32]   ; Lost fanout                            ;
; fir_filter_parallel_reduced_pipelined_stream:impl|fir_filter_parallel_reduced_pipelined:impl|product_terms_pipe[1][7][31]   ; Lost fanout                            ;
; fir_filter_parallel_reduced_pipelined_stream:impl|fir_filter_parallel_reduced_pipelined:impl|product_terms_pipe[1][7][30]   ; Lost fanout                            ;
; fir_filter_parallel_reduced_pipelined_stream:impl|fir_filter_parallel_reduced_pipelined:impl|product_terms_pipe[1][7][29]   ; Lost fanout                            ;
; fir_filter_parallel_reduced_pipelined_stream:impl|fir_filter_parallel_reduced_pipelined:impl|product_terms_pipe[1][7][28]   ; Lost fanout                            ;
; fir_filter_parallel_reduced_pipelined_stream:impl|fir_filter_parallel_reduced_pipelined:impl|product_terms_pipe[1][7][27]   ; Lost fanout                            ;
; fir_filter_parallel_reduced_pipelined_stream:impl|fir_filter_parallel_reduced_pipelined:impl|product_terms_pipe[1][7][26]   ; Lost fanout                            ;
; fir_filter_parallel_reduced_pipelined_stream:impl|fir_filter_parallel_reduced_pipelined:impl|product_terms_pipe[1][7][25]   ; Lost fanout                            ;
; fir_filter_parallel_reduced_pipelined_stream:impl|fir_filter_parallel_reduced_pipelined:impl|product_terms_pipe[1][7][24]   ; Lost fanout                            ;
; fir_filter_parallel_reduced_pipelined_stream:impl|fir_filter_parallel_reduced_pipelined:impl|product_terms_pipe[1][7][23]   ; Lost fanout                            ;
; fir_filter_parallel_reduced_pipelined_stream:impl|fir_filter_parallel_reduced_pipelined:impl|product_terms_pipe[1][7][22]   ; Lost fanout                            ;
; fir_filter_parallel_reduced_pipelined_stream:impl|fir_filter_parallel_reduced_pipelined:impl|product_terms_pipe[1][7][21]   ; Lost fanout                            ;
; fir_filter_parallel_reduced_pipelined_stream:impl|fir_filter_parallel_reduced_pipelined:impl|product_terms_pipe[1][7][20]   ; Lost fanout                            ;
; fir_filter_parallel_reduced_pipelined_stream:impl|fir_filter_parallel_reduced_pipelined:impl|product_terms_pipe[1][7][19]   ; Lost fanout                            ;
; fir_filter_parallel_reduced_pipelined_stream:impl|fir_filter_parallel_reduced_pipelined:impl|product_terms_pipe[1][7][18]   ; Lost fanout                            ;
; fir_filter_parallel_reduced_pipelined_stream:impl|fir_filter_parallel_reduced_pipelined:impl|product_terms_pipe[1][7][17]   ; Lost fanout                            ;
; fir_filter_parallel_reduced_pipelined_stream:impl|fir_filter_parallel_reduced_pipelined:impl|product_terms_pipe[1][7][16]   ; Lost fanout                            ;
; fir_filter_parallel_reduced_pipelined_stream:impl|fir_filter_parallel_reduced_pipelined:impl|product_terms_pipe[1][7][15]   ; Lost fanout                            ;
; fir_filter_parallel_reduced_pipelined_stream:impl|fir_filter_parallel_reduced_pipelined:impl|product_terms_pipe[1][7][14]   ; Lost fanout                            ;
; fir_filter_parallel_reduced_pipelined_stream:impl|fir_filter_parallel_reduced_pipelined:impl|product_terms_pipe[1][7][13]   ; Lost fanout                            ;
; fir_filter_parallel_reduced_pipelined_stream:impl|fir_filter_parallel_reduced_pipelined:impl|product_terms_pipe[1][7][12]   ; Lost fanout                            ;
; fir_filter_parallel_reduced_pipelined_stream:impl|fir_filter_parallel_reduced_pipelined:impl|product_terms_pipe[1][7][11]   ; Lost fanout                            ;
; fir_filter_parallel_reduced_pipelined_stream:impl|fir_filter_parallel_reduced_pipelined:impl|product_terms_pipe[1][7][10]   ; Lost fanout                            ;
; fir_filter_parallel_reduced_pipelined_stream:impl|fir_filter_parallel_reduced_pipelined:impl|product_terms_pipe[1][7][9]    ; Lost fanout                            ;
; fir_filter_parallel_reduced_pipelined_stream:impl|fir_filter_parallel_reduced_pipelined:impl|product_terms_pipe[1][7][8]    ; Lost fanout                            ;
; fir_filter_parallel_reduced_pipelined_stream:impl|fir_filter_parallel_reduced_pipelined:impl|product_terms_pipe[1][7][7]    ; Lost fanout                            ;
; fir_filter_parallel_reduced_pipelined_stream:impl|fir_filter_parallel_reduced_pipelined:impl|product_terms_pipe[1][7][6]    ; Lost fanout                            ;
; fir_filter_parallel_reduced_pipelined_stream:impl|fir_filter_parallel_reduced_pipelined:impl|product_terms_pipe[1][7][5]    ; Lost fanout                            ;
; fir_filter_parallel_reduced_pipelined_stream:impl|fir_filter_parallel_reduced_pipelined:impl|product_terms_pipe[1][7][4]    ; Lost fanout                            ;
; fir_filter_parallel_reduced_pipelined_stream:impl|fir_filter_parallel_reduced_pipelined:impl|product_terms_pipe[1][7][3]    ; Lost fanout                            ;
; fir_filter_parallel_reduced_pipelined_stream:impl|fir_filter_parallel_reduced_pipelined:impl|product_terms_pipe[1][7][2]    ; Lost fanout                            ;
; fir_filter_parallel_reduced_pipelined_stream:impl|fir_filter_parallel_reduced_pipelined:impl|product_terms_pipe[1][7][1]    ; Lost fanout                            ;
; fir_filter_parallel_reduced_pipelined_stream:impl|fir_filter_parallel_reduced_pipelined:impl|product_terms_pipe[1][7][0]    ; Lost fanout                            ;
; fir_filter_parallel_reduced_pipelined_stream:impl|fir_filter_parallel_reduced_pipelined:impl|product_terms_pipe[1][8][45]   ; Lost fanout                            ;
; fir_filter_parallel_reduced_pipelined_stream:impl|fir_filter_parallel_reduced_pipelined:impl|product_terms_pipe[1][8][44]   ; Lost fanout                            ;
; fir_filter_parallel_reduced_pipelined_stream:impl|fir_filter_parallel_reduced_pipelined:impl|product_terms_pipe[1][8][43]   ; Lost fanout                            ;
; fir_filter_parallel_reduced_pipelined_stream:impl|fir_filter_parallel_reduced_pipelined:impl|product_terms_pipe[1][8][42]   ; Lost fanout                            ;
; fir_filter_parallel_reduced_pipelined_stream:impl|fir_filter_parallel_reduced_pipelined:impl|product_terms_pipe[1][8][41]   ; Lost fanout                            ;
; fir_filter_parallel_reduced_pipelined_stream:impl|fir_filter_parallel_reduced_pipelined:impl|product_terms_pipe[1][8][40]   ; Lost fanout                            ;
; fir_filter_parallel_reduced_pipelined_stream:impl|fir_filter_parallel_reduced_pipelined:impl|product_terms_pipe[1][8][39]   ; Lost fanout                            ;
; fir_filter_parallel_reduced_pipelined_stream:impl|fir_filter_parallel_reduced_pipelined:impl|product_terms_pipe[1][8][38]   ; Lost fanout                            ;
; fir_filter_parallel_reduced_pipelined_stream:impl|fir_filter_parallel_reduced_pipelined:impl|product_terms_pipe[1][8][37]   ; Lost fanout                            ;
; fir_filter_parallel_reduced_pipelined_stream:impl|fir_filter_parallel_reduced_pipelined:impl|product_terms_pipe[1][8][36]   ; Lost fanout                            ;
; fir_filter_parallel_reduced_pipelined_stream:impl|fir_filter_parallel_reduced_pipelined:impl|product_terms_pipe[1][8][35]   ; Lost fanout                            ;
; fir_filter_parallel_reduced_pipelined_stream:impl|fir_filter_parallel_reduced_pipelined:impl|product_terms_pipe[1][8][34]   ; Lost fanout                            ;
; fir_filter_parallel_reduced_pipelined_stream:impl|fir_filter_parallel_reduced_pipelined:impl|product_terms_pipe[1][8][33]   ; Lost fanout                            ;
; fir_filter_parallel_reduced_pipelined_stream:impl|fir_filter_parallel_reduced_pipelined:impl|product_terms_pipe[1][8][32]   ; Lost fanout                            ;
; fir_filter_parallel_reduced_pipelined_stream:impl|fir_filter_parallel_reduced_pipelined:impl|product_terms_pipe[1][8][31]   ; Lost fanout                            ;
; fir_filter_parallel_reduced_pipelined_stream:impl|fir_filter_parallel_reduced_pipelined:impl|product_terms_pipe[1][8][30]   ; Lost fanout                            ;
; fir_filter_parallel_reduced_pipelined_stream:impl|fir_filter_parallel_reduced_pipelined:impl|product_terms_pipe[1][8][29]   ; Lost fanout                            ;
; fir_filter_parallel_reduced_pipelined_stream:impl|fir_filter_parallel_reduced_pipelined:impl|product_terms_pipe[1][8][28]   ; Lost fanout                            ;
; fir_filter_parallel_reduced_pipelined_stream:impl|fir_filter_parallel_reduced_pipelined:impl|product_terms_pipe[1][8][27]   ; Lost fanout                            ;
; fir_filter_parallel_reduced_pipelined_stream:impl|fir_filter_parallel_reduced_pipelined:impl|product_terms_pipe[1][8][26]   ; Lost fanout                            ;
; fir_filter_parallel_reduced_pipelined_stream:impl|fir_filter_parallel_reduced_pipelined:impl|product_terms_pipe[1][8][25]   ; Lost fanout                            ;
; fir_filter_parallel_reduced_pipelined_stream:impl|fir_filter_parallel_reduced_pipelined:impl|product_terms_pipe[1][8][24]   ; Lost fanout                            ;
; fir_filter_parallel_reduced_pipelined_stream:impl|fir_filter_parallel_reduced_pipelined:impl|product_terms_pipe[1][8][23]   ; Lost fanout                            ;
; fir_filter_parallel_reduced_pipelined_stream:impl|fir_filter_parallel_reduced_pipelined:impl|product_terms_pipe[1][8][22]   ; Lost fanout                            ;
; fir_filter_parallel_reduced_pipelined_stream:impl|fir_filter_parallel_reduced_pipelined:impl|product_terms_pipe[1][8][21]   ; Lost fanout                            ;
; fir_filter_parallel_reduced_pipelined_stream:impl|fir_filter_parallel_reduced_pipelined:impl|product_terms_pipe[1][8][20]   ; Lost fanout                            ;
; fir_filter_parallel_reduced_pipelined_stream:impl|fir_filter_parallel_reduced_pipelined:impl|product_terms_pipe[1][8][19]   ; Lost fanout                            ;
; fir_filter_parallel_reduced_pipelined_stream:impl|fir_filter_parallel_reduced_pipelined:impl|product_terms_pipe[1][8][18]   ; Lost fanout                            ;
; fir_filter_parallel_reduced_pipelined_stream:impl|fir_filter_parallel_reduced_pipelined:impl|product_terms_pipe[1][8][17]   ; Lost fanout                            ;
; fir_filter_parallel_reduced_pipelined_stream:impl|fir_filter_parallel_reduced_pipelined:impl|product_terms_pipe[1][8][16]   ; Lost fanout                            ;
; fir_filter_parallel_reduced_pipelined_stream:impl|fir_filter_parallel_reduced_pipelined:impl|product_terms_pipe[1][8][15]   ; Lost fanout                            ;
; fir_filter_parallel_reduced_pipelined_stream:impl|fir_filter_parallel_reduced_pipelined:impl|product_terms_pipe[1][8][14]   ; Lost fanout                            ;
; fir_filter_parallel_reduced_pipelined_stream:impl|fir_filter_parallel_reduced_pipelined:impl|product_terms_pipe[1][8][13]   ; Lost fanout                            ;
; fir_filter_parallel_reduced_pipelined_stream:impl|fir_filter_parallel_reduced_pipelined:impl|product_terms_pipe[1][8][12]   ; Lost fanout                            ;
; fir_filter_parallel_reduced_pipelined_stream:impl|fir_filter_parallel_reduced_pipelined:impl|product_terms_pipe[1][8][11]   ; Lost fanout                            ;
; fir_filter_parallel_reduced_pipelined_stream:impl|fir_filter_parallel_reduced_pipelined:impl|product_terms_pipe[1][8][10]   ; Lost fanout                            ;
; fir_filter_parallel_reduced_pipelined_stream:impl|fir_filter_parallel_reduced_pipelined:impl|product_terms_pipe[1][8][9]    ; Lost fanout                            ;
; fir_filter_parallel_reduced_pipelined_stream:impl|fir_filter_parallel_reduced_pipelined:impl|product_terms_pipe[1][8][8]    ; Lost fanout                            ;
; fir_filter_parallel_reduced_pipelined_stream:impl|fir_filter_parallel_reduced_pipelined:impl|product_terms_pipe[1][8][7]    ; Lost fanout                            ;
; fir_filter_parallel_reduced_pipelined_stream:impl|fir_filter_parallel_reduced_pipelined:impl|product_terms_pipe[1][8][6]    ; Lost fanout                            ;
; fir_filter_parallel_reduced_pipelined_stream:impl|fir_filter_parallel_reduced_pipelined:impl|product_terms_pipe[1][8][5]    ; Lost fanout                            ;
; fir_filter_parallel_reduced_pipelined_stream:impl|fir_filter_parallel_reduced_pipelined:impl|product_terms_pipe[1][8][4]    ; Lost fanout                            ;
; fir_filter_parallel_reduced_pipelined_stream:impl|fir_filter_parallel_reduced_pipelined:impl|product_terms_pipe[1][8][3]    ; Lost fanout                            ;
; fir_filter_parallel_reduced_pipelined_stream:impl|fir_filter_parallel_reduced_pipelined:impl|product_terms_pipe[1][8][2]    ; Lost fanout                            ;
; fir_filter_parallel_reduced_pipelined_stream:impl|fir_filter_parallel_reduced_pipelined:impl|product_terms_pipe[1][8][1]    ; Lost fanout                            ;
; fir_filter_parallel_reduced_pipelined_stream:impl|fir_filter_parallel_reduced_pipelined:impl|product_terms_pipe[1][8][0]    ; Lost fanout                            ;
; fir_filter_parallel_reduced_pipelined_stream:impl|fir_filter_parallel_reduced_pipelined:impl|product_terms_pipe[1][9][45]   ; Lost fanout                            ;
; fir_filter_parallel_reduced_pipelined_stream:impl|fir_filter_parallel_reduced_pipelined:impl|product_terms_pipe[1][9][44]   ; Lost fanout                            ;
; fir_filter_parallel_reduced_pipelined_stream:impl|fir_filter_parallel_reduced_pipelined:impl|product_terms_pipe[1][9][43]   ; Lost fanout                            ;
; fir_filter_parallel_reduced_pipelined_stream:impl|fir_filter_parallel_reduced_pipelined:impl|product_terms_pipe[1][9][42]   ; Lost fanout                            ;
; fir_filter_parallel_reduced_pipelined_stream:impl|fir_filter_parallel_reduced_pipelined:impl|product_terms_pipe[1][9][41]   ; Lost fanout                            ;
; fir_filter_parallel_reduced_pipelined_stream:impl|fir_filter_parallel_reduced_pipelined:impl|product_terms_pipe[1][9][40]   ; Lost fanout                            ;
; fir_filter_parallel_reduced_pipelined_stream:impl|fir_filter_parallel_reduced_pipelined:impl|product_terms_pipe[1][9][39]   ; Lost fanout                            ;
; fir_filter_parallel_reduced_pipelined_stream:impl|fir_filter_parallel_reduced_pipelined:impl|product_terms_pipe[1][9][38]   ; Lost fanout                            ;
; fir_filter_parallel_reduced_pipelined_stream:impl|fir_filter_parallel_reduced_pipelined:impl|product_terms_pipe[1][9][37]   ; Lost fanout                            ;
; fir_filter_parallel_reduced_pipelined_stream:impl|fir_filter_parallel_reduced_pipelined:impl|product_terms_pipe[1][9][36]   ; Lost fanout                            ;
; fir_filter_parallel_reduced_pipelined_stream:impl|fir_filter_parallel_reduced_pipelined:impl|product_terms_pipe[1][9][35]   ; Lost fanout                            ;
; fir_filter_parallel_reduced_pipelined_stream:impl|fir_filter_parallel_reduced_pipelined:impl|product_terms_pipe[1][9][34]   ; Lost fanout                            ;
; fir_filter_parallel_reduced_pipelined_stream:impl|fir_filter_parallel_reduced_pipelined:impl|product_terms_pipe[1][9][33]   ; Lost fanout                            ;
; fir_filter_parallel_reduced_pipelined_stream:impl|fir_filter_parallel_reduced_pipelined:impl|product_terms_pipe[1][9][32]   ; Lost fanout                            ;
; fir_filter_parallel_reduced_pipelined_stream:impl|fir_filter_parallel_reduced_pipelined:impl|product_terms_pipe[1][9][31]   ; Lost fanout                            ;
; fir_filter_parallel_reduced_pipelined_stream:impl|fir_filter_parallel_reduced_pipelined:impl|product_terms_pipe[1][9][30]   ; Lost fanout                            ;
; fir_filter_parallel_reduced_pipelined_stream:impl|fir_filter_parallel_reduced_pipelined:impl|product_terms_pipe[1][9][29]   ; Lost fanout                            ;
; fir_filter_parallel_reduced_pipelined_stream:impl|fir_filter_parallel_reduced_pipelined:impl|product_terms_pipe[1][9][28]   ; Lost fanout                            ;
; fir_filter_parallel_reduced_pipelined_stream:impl|fir_filter_parallel_reduced_pipelined:impl|product_terms_pipe[1][9][27]   ; Lost fanout                            ;
; fir_filter_parallel_reduced_pipelined_stream:impl|fir_filter_parallel_reduced_pipelined:impl|product_terms_pipe[1][9][26]   ; Lost fanout                            ;
; fir_filter_parallel_reduced_pipelined_stream:impl|fir_filter_parallel_reduced_pipelined:impl|product_terms_pipe[1][9][25]   ; Lost fanout                            ;
; fir_filter_parallel_reduced_pipelined_stream:impl|fir_filter_parallel_reduced_pipelined:impl|product_terms_pipe[1][9][24]   ; Lost fanout                            ;
; fir_filter_parallel_reduced_pipelined_stream:impl|fir_filter_parallel_reduced_pipelined:impl|product_terms_pipe[1][9][23]   ; Lost fanout                            ;
; fir_filter_parallel_reduced_pipelined_stream:impl|fir_filter_parallel_reduced_pipelined:impl|product_terms_pipe[1][9][22]   ; Lost fanout                            ;
; fir_filter_parallel_reduced_pipelined_stream:impl|fir_filter_parallel_reduced_pipelined:impl|product_terms_pipe[1][9][21]   ; Lost fanout                            ;
; fir_filter_parallel_reduced_pipelined_stream:impl|fir_filter_parallel_reduced_pipelined:impl|product_terms_pipe[1][9][20]   ; Lost fanout                            ;
; fir_filter_parallel_reduced_pipelined_stream:impl|fir_filter_parallel_reduced_pipelined:impl|product_terms_pipe[1][9][19]   ; Lost fanout                            ;
; fir_filter_parallel_reduced_pipelined_stream:impl|fir_filter_parallel_reduced_pipelined:impl|product_terms_pipe[1][9][18]   ; Lost fanout                            ;
; fir_filter_parallel_reduced_pipelined_stream:impl|fir_filter_parallel_reduced_pipelined:impl|product_terms_pipe[1][9][17]   ; Lost fanout                            ;
; fir_filter_parallel_reduced_pipelined_stream:impl|fir_filter_parallel_reduced_pipelined:impl|product_terms_pipe[1][9][16]   ; Lost fanout                            ;
; fir_filter_parallel_reduced_pipelined_stream:impl|fir_filter_parallel_reduced_pipelined:impl|product_terms_pipe[1][9][15]   ; Lost fanout                            ;
; fir_filter_parallel_reduced_pipelined_stream:impl|fir_filter_parallel_reduced_pipelined:impl|product_terms_pipe[1][9][14]   ; Lost fanout                            ;
; fir_filter_parallel_reduced_pipelined_stream:impl|fir_filter_parallel_reduced_pipelined:impl|product_terms_pipe[1][9][13]   ; Lost fanout                            ;
; fir_filter_parallel_reduced_pipelined_stream:impl|fir_filter_parallel_reduced_pipelined:impl|product_terms_pipe[1][9][12]   ; Lost fanout                            ;
; fir_filter_parallel_reduced_pipelined_stream:impl|fir_filter_parallel_reduced_pipelined:impl|product_terms_pipe[1][9][11]   ; Lost fanout                            ;
; fir_filter_parallel_reduced_pipelined_stream:impl|fir_filter_parallel_reduced_pipelined:impl|product_terms_pipe[1][9][10]   ; Lost fanout                            ;
; fir_filter_parallel_reduced_pipelined_stream:impl|fir_filter_parallel_reduced_pipelined:impl|product_terms_pipe[1][9][9]    ; Lost fanout                            ;
; fir_filter_parallel_reduced_pipelined_stream:impl|fir_filter_parallel_reduced_pipelined:impl|product_terms_pipe[1][9][8]    ; Lost fanout                            ;
; fir_filter_parallel_reduced_pipelined_stream:impl|fir_filter_parallel_reduced_pipelined:impl|product_terms_pipe[1][9][7]    ; Lost fanout                            ;
; fir_filter_parallel_reduced_pipelined_stream:impl|fir_filter_parallel_reduced_pipelined:impl|product_terms_pipe[1][9][6]    ; Lost fanout                            ;
; fir_filter_parallel_reduced_pipelined_stream:impl|fir_filter_parallel_reduced_pipelined:impl|product_terms_pipe[1][9][5]    ; Lost fanout                            ;
; fir_filter_parallel_reduced_pipelined_stream:impl|fir_filter_parallel_reduced_pipelined:impl|product_terms_pipe[1][9][4]    ; Lost fanout                            ;
; fir_filter_parallel_reduced_pipelined_stream:impl|fir_filter_parallel_reduced_pipelined:impl|product_terms_pipe[1][9][3]    ; Lost fanout                            ;
; fir_filter_parallel_reduced_pipelined_stream:impl|fir_filter_parallel_reduced_pipelined:impl|product_terms_pipe[1][9][2]    ; Lost fanout                            ;
; fir_filter_parallel_reduced_pipelined_stream:impl|fir_filter_parallel_reduced_pipelined:impl|product_terms_pipe[1][9][1]    ; Lost fanout                            ;
; fir_filter_parallel_reduced_pipelined_stream:impl|fir_filter_parallel_reduced_pipelined:impl|product_terms_pipe[1][9][0]    ; Lost fanout                            ;
; fir_filter_parallel_reduced_pipelined_stream:impl|fir_filter_parallel_reduced_pipelined:impl|product_terms_pipe[1][10][45]  ; Lost fanout                            ;
; fir_filter_parallel_reduced_pipelined_stream:impl|fir_filter_parallel_reduced_pipelined:impl|product_terms_pipe[1][10][44]  ; Lost fanout                            ;
; fir_filter_parallel_reduced_pipelined_stream:impl|fir_filter_parallel_reduced_pipelined:impl|product_terms_pipe[1][10][43]  ; Lost fanout                            ;
; fir_filter_parallel_reduced_pipelined_stream:impl|fir_filter_parallel_reduced_pipelined:impl|product_terms_pipe[1][10][42]  ; Lost fanout                            ;
; fir_filter_parallel_reduced_pipelined_stream:impl|fir_filter_parallel_reduced_pipelined:impl|product_terms_pipe[1][10][41]  ; Lost fanout                            ;
; fir_filter_parallel_reduced_pipelined_stream:impl|fir_filter_parallel_reduced_pipelined:impl|product_terms_pipe[1][10][40]  ; Lost fanout                            ;
; fir_filter_parallel_reduced_pipelined_stream:impl|fir_filter_parallel_reduced_pipelined:impl|product_terms_pipe[1][10][39]  ; Lost fanout                            ;
; fir_filter_parallel_reduced_pipelined_stream:impl|fir_filter_parallel_reduced_pipelined:impl|product_terms_pipe[1][10][38]  ; Lost fanout                            ;
; fir_filter_parallel_reduced_pipelined_stream:impl|fir_filter_parallel_reduced_pipelined:impl|product_terms_pipe[1][10][37]  ; Lost fanout                            ;
; fir_filter_parallel_reduced_pipelined_stream:impl|fir_filter_parallel_reduced_pipelined:impl|product_terms_pipe[1][10][36]  ; Lost fanout                            ;
; fir_filter_parallel_reduced_pipelined_stream:impl|fir_filter_parallel_reduced_pipelined:impl|product_terms_pipe[1][10][35]  ; Lost fanout                            ;
; Total Number of Removed Registers = 13875                                                                                   ;                                        ;
+-----------------------------------------------------------------------------------------------------------------------------+----------------------------------------+
* Table truncated at 5000 items. To change the number of removed registers reported, set the "Number of Removed Registers Reported" option under Assignments->Settings->Analysis and Synthesis Settings->More Settings


+------------------------------------------------------+
; General Register Statistics                          ;
+----------------------------------------------+-------+
; Statistic                                    ; Value ;
+----------------------------------------------+-------+
; Total registers                              ; 24304 ;
; Number of registers using Synchronous Clear  ; 269   ;
; Number of registers using Synchronous Load   ; 0     ;
; Number of registers using Asynchronous Clear ; 24304 ;
; Number of registers using Asynchronous Load  ; 0     ;
; Number of registers using Clock Enable       ; 24019 ;
; Number of registers using Preset             ; 0     ;
+----------------------------------------------+-------+


+-------------------------------------------------------------------------------------------------------------------------------------------------------------------------------------------------------------------------------------------------------------------+
; Multiplexer Restructuring Statistics (Restructuring Performed)                                                                                                                                                                                                    ;
+--------------------+-----------+---------------+----------------------+------------------------+------------+-----------------------------------------------------------------------------------------------------------------------------------------------------+
; Multiplexer Inputs ; Bus Width ; Baseline Area ; Area if Restructured ; Saving if Restructured ; Registered ; Example Multiplexer Output                                                                                                                          ;
+--------------------+-----------+---------------+----------------------+------------------------+------------+-----------------------------------------------------------------------------------------------------------------------------------------------------+
; 4:1                ; 15 bits   ; 30 LEs        ; 30 LEs               ; 0 LEs                  ; Yes        ; |fir_filter_pipelined_l3_reduced|fir_filter_parallel_reduced_pipelined_stream:impl|fir_filter_parallel_reduced_pipelined:impl|output_pipe[0][5]     ;
; 4:1                ; 15 bits   ; 30 LEs        ; 30 LEs               ; 0 LEs                  ; Yes        ; |fir_filter_pipelined_l3_reduced|fir_filter_parallel_reduced_pipelined_stream:impl|fir_filter_parallel_reduced_pipelined:impl|output_pipe[1][8]     ;
; 4:1                ; 15 bits   ; 30 LEs        ; 30 LEs               ; 0 LEs                  ; Yes        ; |fir_filter_pipelined_l3_reduced|fir_filter_parallel_reduced_pipelined_stream:impl|fir_filter_parallel_reduced_pipelined:impl|output_pipe[2][11]    ;
; 4:1                ; 48 bits   ; 96 LEs        ; 96 LEs               ; 0 LEs                  ; No         ; |fir_filter_pipelined_l3_reduced|fir_filter_parallel_reduced_pipelined_stream:impl|fir_filter_parallel_reduced_pipelined:impl|history_next[0][0][0] ;
; 6:1                ; 16 bits   ; 64 LEs        ; 32 LEs               ; 32 LEs                 ; Yes        ; |fir_filter_pipelined_l3_reduced|fir_filter_parallel_reduced_pipelined_stream:impl|output_fifo[12][7]                                               ;
; 6:1                ; 16 bits   ; 64 LEs        ; 32 LEs               ; 32 LEs                 ; Yes        ; |fir_filter_pipelined_l3_reduced|fir_filter_parallel_reduced_pipelined_stream:impl|output_fifo[0][15]                                               ;
; 6:1                ; 16 bits   ; 64 LEs        ; 32 LEs               ; 32 LEs                 ; Yes        ; |fir_filter_pipelined_l3_reduced|fir_filter_parallel_reduced_pipelined_stream:impl|output_fifo[1][15]                                               ;
; 6:1                ; 16 bits   ; 64 LEs        ; 32 LEs               ; 32 LEs                 ; Yes        ; |fir_filter_pipelined_l3_reduced|fir_filter_parallel_reduced_pipelined_stream:impl|output_fifo[2][15]                                               ;
; 6:1                ; 16 bits   ; 64 LEs        ; 32 LEs               ; 32 LEs                 ; Yes        ; |fir_filter_pipelined_l3_reduced|fir_filter_parallel_reduced_pipelined_stream:impl|output_fifo[3][8]                                                ;
; 6:1                ; 16 bits   ; 64 LEs        ; 32 LEs               ; 32 LEs                 ; Yes        ; |fir_filter_pipelined_l3_reduced|fir_filter_parallel_reduced_pipelined_stream:impl|output_fifo[4][15]                                               ;
; 6:1                ; 16 bits   ; 64 LEs        ; 32 LEs               ; 32 LEs                 ; Yes        ; |fir_filter_pipelined_l3_reduced|fir_filter_parallel_reduced_pipelined_stream:impl|output_fifo[5][13]                                               ;
; 6:1                ; 16 bits   ; 64 LEs        ; 32 LEs               ; 32 LEs                 ; Yes        ; |fir_filter_pipelined_l3_reduced|fir_filter_parallel_reduced_pipelined_stream:impl|output_fifo[6][15]                                               ;
; 6:1                ; 16 bits   ; 64 LEs        ; 32 LEs               ; 32 LEs                 ; Yes        ; |fir_filter_pipelined_l3_reduced|fir_filter_parallel_reduced_pipelined_stream:impl|output_fifo[7][10]                                               ;
; 6:1                ; 16 bits   ; 64 LEs        ; 32 LEs               ; 32 LEs                 ; Yes        ; |fir_filter_pipelined_l3_reduced|fir_filter_parallel_reduced_pipelined_stream:impl|output_fifo[8][7]                                                ;
; 6:1                ; 16 bits   ; 64 LEs        ; 32 LEs               ; 32 LEs                 ; Yes        ; |fir_filter_pipelined_l3_reduced|fir_filter_parallel_reduced_pipelined_stream:impl|output_fifo[9][4]                                                ;
; 6:1                ; 16 bits   ; 64 LEs        ; 32 LEs               ; 32 LEs                 ; Yes        ; |fir_filter_pipelined_l3_reduced|fir_filter_parallel_reduced_pipelined_stream:impl|output_fifo[10][15]                                              ;
; 6:1                ; 16 bits   ; 64 LEs        ; 32 LEs               ; 32 LEs                 ; Yes        ; |fir_filter_pipelined_l3_reduced|fir_filter_parallel_reduced_pipelined_stream:impl|output_fifo[11][13]                                              ;
+--------------------+-----------+---------------+----------------------+------------------------+------------+-----------------------------------------------------------------------------------------------------------------------------------------------------+


+-------------------------------------------------------------------------------------------------+
; Parameter Settings for User Entity Instance: Top-level Entity: |fir_filter_pipelined_l3_reduced ;
+----------------+-------+------------------------------------------------------------------------+
; Parameter Name ; Value ; Type                                                                   ;
+----------------+-------+------------------------------------------------------------------------+
; SAMPLE_WIDTH   ; 16    ; Signed Integer                                                         ;
+----------------+-------+------------------------------------------------------------------------+
Note: In order to hide this table in the UI and the text report file, please set the "Show Parameter Settings in Synthesis Report" option in "Analysis and Synthesis Settings -> More Settings" to "Off".


+------------------------------------------------------------------------------------------------+
; Parameter Settings for User Entity Instance: fir_filter_parallel_reduced_pipelined_stream:impl ;
+-----------------+-------+----------------------------------------------------------------------+
; Parameter Name  ; Value ; Type                                                                 ;
+-----------------+-------+----------------------------------------------------------------------+
; SAMPLE_WIDTH    ; 16    ; Signed Integer                                                       ;
; PARALLELISM     ; 3     ; Signed Integer                                                       ;
; OUTPUT_PIPELINE ; 1     ; Unsigned Binary                                                      ;
+-----------------+-------+----------------------------------------------------------------------+
Note: In order to hide this table in the UI and the text report file, please set the "Show Parameter Settings in Synthesis Report" option in "Analysis and Synthesis Settings -> More Settings" to "Off".


+-------------------------------------------------------------------------------------------------------------------------------------------+
; Parameter Settings for User Entity Instance: fir_filter_parallel_reduced_pipelined_stream:impl|fir_filter_parallel_reduced_pipelined:impl ;
+-----------------+-------+-----------------------------------------------------------------------------------------------------------------+
; Parameter Name  ; Value ; Type                                                                                                            ;
+-----------------+-------+-----------------------------------------------------------------------------------------------------------------+
; SAMPLE_WIDTH    ; 16    ; Signed Integer                                                                                                  ;
; PARALLELISM     ; 3     ; Signed Integer                                                                                                  ;
; OUTPUT_PIPELINE ; 1     ; Unsigned Binary                                                                                                 ;
+-----------------+-------+-----------------------------------------------------------------------------------------------------------------+
Note: In order to hide this table in the UI and the text report file, please set the "Show Parameter Settings in Synthesis Report" option in "Analysis and Synthesis Settings -> More Settings" to "Off".


+-----------------------------------------------------+
; Post-Synthesis Netlist Statistics for Top Partition ;
+-----------------------+-----------------------------+
; Type                  ; Count                       ;
+-----------------------+-----------------------------+
; arriav_ff             ; 24304                       ;
;     CLR               ; 61                          ;
;     CLR SCLR          ; 224                         ;
;     ENA CLR           ; 23974                       ;
;     ENA CLR SCLR      ; 45                          ;
; arriav_lcell_comb     ; 11542                       ;
;     arith             ; 7332                        ;
;         1 data inputs ; 180                         ;
;         2 data inputs ; 6882                        ;
;         3 data inputs ; 84                          ;
;         4 data inputs ; 105                         ;
;         5 data inputs ; 81                          ;
;     normal            ; 3796                        ;
;         1 data inputs ; 1                           ;
;         2 data inputs ; 2                           ;
;         3 data inputs ; 3327                        ;
;         4 data inputs ; 10                          ;
;         5 data inputs ; 226                         ;
;         6 data inputs ; 230                         ;
;     shared            ; 414                         ;
;         3 data inputs ; 414                         ;
; arriav_mac            ; 159                         ;
; boundary_port         ; 36                          ;
;                       ;                             ;
; Max LUT depth         ; 6.60                        ;
; Average LUT depth     ; 2.67                        ;
+-----------------------+-----------------------------+


+-------------------------------+
; Elapsed Time Per Partition    ;
+----------------+--------------+
; Partition Name ; Elapsed Time ;
+----------------+--------------+
; Top            ; 00:01:07     ;
+----------------+--------------+


+-------------------------------+
; Analysis & Synthesis Messages ;
+-------------------------------+
Info: *******************************************************************
Info: Running Quartus Prime Analysis & Synthesis
    Info: Version 21.1.0 Build 842 10/21/2021 SJ Lite Edition
    Info: Processing started: Thu Mar 26 12:13:28 2026
Info: Command: quartus_map --read_settings_files=on --write_settings_files=off fir_filter_opt_project -c fir_filter_pipelined_l3_reduced
Info (20032): Parallel compilation is enabled and will use up to 4 processors
Info (12021): Found 1 design units, including 0 entities, in source file rtl/include/fir_coeffs_pkg.sv
    Info (12022): Found design unit 1: fir_coeffs_pkg (SystemVerilog) File: C:/Mac/Home/Desktop/avlsi-fir-filter-design/fir-filter-hardware-optimized/rtl/include/fir_coeffs_pkg.sv Line: 1
Info (12021): Found 1 design units, including 1 entities, in source file rtl/src/fir_filter.sv
    Info (12023): Found entity 1: fir_filter File: C:/Mac/Home/Desktop/avlsi-fir-filter-design/fir-filter-hardware-optimized/rtl/src/fir_filter.sv Line: 3
Info (12021): Found 1 design units, including 1 entities, in source file rtl/src/fir_filter_pipelined.sv
    Info (12023): Found entity 1: fir_filter_pipelined File: C:/Mac/Home/Desktop/avlsi-fir-filter-design/fir-filter-hardware-optimized/rtl/src/fir_filter_pipelined.sv Line: 3
Info (12021): Found 1 design units, including 1 entities, in source file rtl/src/fir_filter_symmetric.sv
    Info (12023): Found entity 1: fir_filter_symmetric File: C:/Mac/Home/Desktop/avlsi-fir-filter-design/fir-filter-hardware-optimized/rtl/src/fir_filter_symmetric.sv Line: 3
Info (12021): Found 1 design units, including 1 entities, in source file rtl/src/fir_filter_pipelined_symmetric.sv
    Info (12023): Found entity 1: fir_filter_pipelined_symmetric File: C:/Mac/Home/Desktop/avlsi-fir-filter-design/fir-filter-hardware-optimized/rtl/src/fir_filter_pipelined_symmetric.sv Line: 3
Info (12021): Found 2 design units, including 2 entities, in source file rtl/src/fir_filter_parallel.sv
    Info (12023): Found entity 1: fir_filter_parallel File: C:/Mac/Home/Desktop/avlsi-fir-filter-design/fir-filter-hardware-optimized/rtl/src/fir_filter_parallel.sv Line: 3
    Info (12023): Found entity 2: fir_filter_parallel_stream File: C:/Mac/Home/Desktop/avlsi-fir-filter-design/fir-filter-hardware-optimized/rtl/src/fir_filter_parallel.sv Line: 171
Info (12021): Found 2 design units, including 2 entities, in source file rtl/src/fir_filter_parallel_reduced.sv
    Info (12023): Found entity 1: fir_filter_parallel_reduced File: C:/Mac/Home/Desktop/avlsi-fir-filter-design/fir-filter-hardware-optimized/rtl/src/fir_filter_parallel_reduced.sv Line: 3
    Info (12023): Found entity 2: fir_filter_parallel_reduced_stream File: C:/Mac/Home/Desktop/avlsi-fir-filter-design/fir-filter-hardware-optimized/rtl/src/fir_filter_parallel_reduced.sv Line: 220
Info (12021): Found 2 design units, including 2 entities, in source file rtl/src/fir_filter_parallel_reduced_pipelined.sv
    Info (12023): Found entity 1: fir_filter_parallel_reduced_pipelined File: C:/Mac/Home/Desktop/avlsi-fir-filter-design/fir-filter-hardware-optimized/rtl/src/fir_filter_parallel_reduced_pipelined.sv Line: 3
    Info (12023): Found entity 2: fir_filter_parallel_reduced_pipelined_stream File: C:/Mac/Home/Desktop/avlsi-fir-filter-design/fir-filter-hardware-optimized/rtl/src/fir_filter_parallel_reduced_pipelined.sv Line: 379
Info (12021): Found 1 design units, including 1 entities, in source file rtl/src/fir_filter_l2.sv
    Info (12023): Found entity 1: fir_filter_l2 File: C:/Mac/Home/Desktop/avlsi-fir-filter-design/fir-filter-hardware-optimized/rtl/src/fir_filter_l2.sv Line: 3
Info (12021): Found 1 design units, including 1 entities, in source file rtl/src/fir_filter_l2_reduced.sv
    Info (12023): Found entity 1: fir_filter_l2_reduced File: C:/Mac/Home/Desktop/avlsi-fir-filter-design/fir-filter-hardware-optimized/rtl/src/fir_filter_l2_reduced.sv Line: 3
Info (12021): Found 1 design units, including 1 entities, in source file rtl/src/fir_filter_l3.sv
    Info (12023): Found entity 1: fir_filter_l3 File: C:/Mac/Home/Desktop/avlsi-fir-filter-design/fir-filter-hardware-optimized/rtl/src/fir_filter_l3.sv Line: 3
Info (12021): Found 1 design units, including 1 entities, in source file rtl/src/fir_filter_l3_reduced.sv
    Info (12023): Found entity 1: fir_filter_l3_reduced File: C:/Mac/Home/Desktop/avlsi-fir-filter-design/fir-filter-hardware-optimized/rtl/src/fir_filter_l3_reduced.sv Line: 3
Info (12021): Found 1 design units, including 1 entities, in source file rtl/src/fir_filter_pipelined_l3.sv
    Info (12023): Found entity 1: fir_filter_pipelined_l3 File: C:/Mac/Home/Desktop/avlsi-fir-filter-design/fir-filter-hardware-optimized/rtl/src/fir_filter_pipelined_l3.sv Line: 3
Info (12021): Found 1 design units, including 1 entities, in source file rtl/src/fir_filter_pipelined_l3_reduced.sv
    Info (12023): Found entity 1: fir_filter_pipelined_l3_reduced File: C:/Mac/Home/Desktop/avlsi-fir-filter-design/fir-filter-hardware-optimized/rtl/src/fir_filter_pipelined_l3_reduced.sv Line: 3
Info (12127): Elaborating entity "fir_filter_pipelined_l3_reduced" for the top level hierarchy
Info (12128): Elaborating entity "fir_filter_parallel_reduced_pipelined_stream" for hierarchy "fir_filter_parallel_reduced_pipelined_stream:impl" File: C:/Mac/Home/Desktop/avlsi-fir-filter-design/fir-filter-hardware-optimized/rtl/src/fir_filter_pipelined_l3_reduced.sv Line: 26
Info (12128): Elaborating entity "fir_filter_parallel_reduced_pipelined" for hierarchy "fir_filter_parallel_reduced_pipelined_stream:impl|fir_filter_parallel_reduced_pipelined:impl" File: C:/Mac/Home/Desktop/avlsi-fir-filter-design/fir-filter-hardware-optimized/rtl/src/fir_filter_parallel_reduced_pipelined.sv Line: 489
Info (10008): Verilog HDL or VHDL information: EDA Netlist Writer cannot regroup multidimensional array "history" into its bus
Info (10008): Verilog HDL or VHDL information: EDA Netlist Writer cannot regroup multidimensional array "history_next" into its bus
Info (10008): Verilog HDL or VHDL information: EDA Netlist Writer cannot regroup multidimensional array "product_terms_next" into its bus
Info (10008): Verilog HDL or VHDL information: EDA Netlist Writer cannot regroup multidimensional array "product_terms_pipe" into its bus
Info (10008): Verilog HDL or VHDL information: EDA Netlist Writer cannot regroup multidimensional array "partial_sums1_next" into its bus
Info (10008): Verilog HDL or VHDL information: EDA Netlist Writer cannot regroup multidimensional array "partial_sums1_pipe" into its bus
Info (10008): Verilog HDL or VHDL information: EDA Netlist Writer cannot regroup multidimensional array "partial_sums2_next" into its bus
Info (10008): Verilog HDL or VHDL information: EDA Netlist Writer cannot regroup multidimensional array "partial_sums2_pipe" into its bus
Info (10008): Verilog HDL or VHDL information: EDA Netlist Writer cannot regroup multidimensional array "partial_sums3_next" into its bus
Info (10008): Verilog HDL or VHDL information: EDA Netlist Writer cannot regroup multidimensional array "partial_sums3_pipe" into its bus
Info (10008): Verilog HDL or VHDL information: EDA Netlist Writer cannot regroup multidimensional array "partial_sums4_next" into its bus
Info (10008): Verilog HDL or VHDL information: EDA Netlist Writer cannot regroup multidimensional array "partial_sums4_pipe" into its bus
Info (286030): Timing-Driven Synthesis is running
Info (17049): 13854 registers lost all their fanouts during netlist optimizations.
Info (16010): Generating hard_block partition "hard_block:auto_generated_inst"
    Info (16011): Adding 0 node(s), including 0 DDIO, 0 PLL, 0 transceiver and 0 LCELL
Info (21057): Implemented 28781 device resources after synthesis - the final resource count might be different
    Info (21058): Implemented 19 input pins
    Info (21059): Implemented 17 output pins
    Info (21061): Implemented 28586 logic cells
    Info (21062): Implemented 159 DSP elements
Info: Quartus Prime Analysis & Synthesis was successful. 0 errors, 0 warnings
    Info: Peak virtual memory: 13812 megabytes
    Info: Processing ended: Thu Mar 26 12:15:33 2026
    Info: Elapsed time: 00:02:05
    Info: Total CPU time (on all processors): 00:02:31


