Fitter report for fir_filter
Tue Mar 24 22:11:46 2026
Quartus Prime Version 21.1.0 Build 842 10/21/2021 SJ Lite Edition


---------------------
; Table of Contents ;
---------------------
  1. Legal Notice
  2. Fitter Summary
  3. Fitter Settings
  4. Parallel Compilation
  5. Fitter Netlist Optimizations
  6. Incremental Compilation Preservation Summary
  7. Incremental Compilation Partition Settings
  8. Incremental Compilation Placement Preservation
  9. Pin-Out File
 10. Fitter Resource Usage Summary
 11. Fitter Partition Statistics
 12. Input Pins
 13. Output Pins
 14. I/O Bank Usage
 15. All Package Pins
 16. I/O Assignment Warnings
 17. Fitter Resource Utilization by Entity
 18. Delay Chain Summary
 19. Pad To Core Delay Chain Fanout
 20. Control Signals
 21. Global & Other Fast Signals
 22. Non-Global High Fan-Out Signals
 23. Fitter DSP Block Usage Summary
 24. DSP Block Details
 25. Routing Usage Summary
 26. I/O Rules Summary
 27. I/O Rules Details
 28. I/O Rules Matrix
 29. Fitter Device Options
 30. Operating Settings and Conditions
 31. Estimated Delay Added for Hold Timing Summary
 32. Estimated Delay Added for Hold Timing Details
 33. Fitter Messages
 34. Fitter Suppressed Messages



----------------
; Legal Notice ;
----------------
Copyright (C) 2021  Intel Corporation. All rights reserved.
Your use of Intel Corporation's design tools, logic functions 
and other software and tools, and any partner logic 
functions, and any output files from any of the foregoing 
(including device programming or simulation files), and any 
associated documentation or information are expressly subject 
to the terms and conditions of the Intel Program License 
Subscription Agreement, the Intel Quartus Prime License Agreement,
the Intel FPGA IP License Agreement, or other applicable license
agreement, including, without limitation, that your use is for
the sole purpose of programming logic devices manufactured by
Intel and sold by Intel or its authorized distributors.  Please
refer to the applicable agreement for further details, at
https://fpgasoftware.intel.com/eula.



+-------------------------------------------------------------------------------+
; Fitter Summary                                                                ;
+---------------------------------+---------------------------------------------+
; Fitter Status                   ; Successful - Tue Mar 24 22:11:45 2026       ;
; Quartus Prime Version           ; 21.1.0 Build 842 10/21/2021 SJ Lite Edition ;
; Revision Name                   ; fir_filter                                  ;
; Top-level Entity Name           ; fir_filter                                  ;
; Family                          ; Cyclone V                                   ;
; Device                          ; 5CGXFC9E6F35C7                              ;
; Timing Models                   ; Final                                       ;
; Logic utilization (in ALMs)     ; 3,449 / 113,560 ( 3 % )                     ;
; Total registers                 ; 3393                                        ;
; Total pins                      ; 36 / 616 ( 6 % )                            ;
; Total virtual pins              ; 0                                           ;
; Total block memory bits         ; 0 / 12,492,800 ( 0 % )                      ;
; Total RAM Blocks                ; 0 / 1,220 ( 0 % )                           ;
; Total DSP Blocks                ; 205 / 342 ( 60 % )                          ;
; Total HSSI RX PCSs              ; 0 / 12 ( 0 % )                              ;
; Total HSSI PMA RX Deserializers ; 0 / 12 ( 0 % )                              ;
; Total HSSI TX PCSs              ; 0 / 12 ( 0 % )                              ;
; Total HSSI PMA TX Serializers   ; 0 / 12 ( 0 % )                              ;
; Total PLLs                      ; 0 / 20 ( 0 % )                              ;
; Total DLLs                      ; 0 / 4 ( 0 % )                               ;
+---------------------------------+---------------------------------------------+


+----------------------------------------------------------------------------------------------------------------------------------------------------+
; Fitter Settings                                                                                                                                    ;
+--------------------------------------------------------------------+---------------------------------------+---------------------------------------+
; Option                                                             ; Setting                               ; Default Value                         ;
+--------------------------------------------------------------------+---------------------------------------+---------------------------------------+
; Device                                                             ; 5CGXFC9E6F35C7                        ;                                       ;
; Maximum processors allowed for parallel compilation                ; 4                                     ;                                       ;
; Use smart compilation                                              ; Off                                   ; Off                                   ;
; Enable parallel Assembler and Timing Analyzer during compilation   ; On                                    ; On                                    ;
; Enable compact report table                                        ; Off                                   ; Off                                   ;
; Router Timing Optimization Level                                   ; Normal                                ; Normal                                ;
; Perform Clocking Topology Analysis During Routing                  ; Off                                   ; Off                                   ;
; Placement Effort Multiplier                                        ; 1.0                                   ; 1.0                                   ;
; Device initialization clock source                                 ; INIT_INTOSC                           ; INIT_INTOSC                           ;
; Optimize Hold Timing                                               ; All Paths                             ; All Paths                             ;
; Optimize Multi-Corner Timing                                       ; On                                    ; On                                    ;
; Auto RAM to MLAB Conversion                                        ; On                                    ; On                                    ;
; Equivalent RAM and MLAB Power Up                                   ; Auto                                  ; Auto                                  ;
; Equivalent RAM and MLAB Paused Read Capabilities                   ; Care                                  ; Care                                  ;
; Power Optimization During Fitting                                  ; Normal compilation                    ; Normal compilation                    ;
; SSN Optimization                                                   ; Off                                   ; Off                                   ;
; Optimize Timing                                                    ; Normal compilation                    ; Normal compilation                    ;
; Optimize Timing for ECOs                                           ; Off                                   ; Off                                   ;
; Regenerate Full Fit Report During ECO Compiles                     ; Off                                   ; Off                                   ;
; Optimize IOC Register Placement for Timing                         ; Normal                                ; Normal                                ;
; Final Placement Optimizations                                      ; Automatically                         ; Automatically                         ;
; Fitter Aggressive Routability Optimizations                        ; Automatically                         ; Automatically                         ;
; Fitter Initial Placement Seed                                      ; 1                                     ; 1                                     ;
; Periphery to Core Placement and Routing Optimization               ; Off                                   ; Off                                   ;
; Weak Pull-Up Resistor                                              ; Off                                   ; Off                                   ;
; Enable Bus-Hold Circuitry                                          ; Off                                   ; Off                                   ;
; Auto Packed Registers                                              ; Auto                                  ; Auto                                  ;
; Auto Delay Chains                                                  ; On                                    ; On                                    ;
; Auto Delay Chains for High Fanout Input Pins                       ; Off                                   ; Off                                   ;
; Treat Bidirectional Pin as Output Pin                              ; Off                                   ; Off                                   ;
; Perform Physical Synthesis for Combinational Logic for Fitting     ; Off                                   ; Off                                   ;
; Perform Physical Synthesis for Combinational Logic for Performance ; Off                                   ; Off                                   ;
; Perform Register Duplication for Performance                       ; Off                                   ; Off                                   ;
; Perform Register Retiming for Performance                          ; Off                                   ; Off                                   ;
; Perform Asynchronous Signal Pipelining                             ; Off                                   ; Off                                   ;
; Fitter Effort                                                      ; Auto Fit                              ; Auto Fit                              ;
; Physical Synthesis Effort Level                                    ; Normal                                ; Normal                                ;
; Logic Cell Insertion - Logic Duplication                           ; Auto                                  ; Auto                                  ;
; Auto Register Duplication                                          ; Auto                                  ; Auto                                  ;
; Auto Global Clock                                                  ; On                                    ; On                                    ;
; Auto Global Register Control Signals                               ; On                                    ; On                                    ;
; Reserve all unused pins                                            ; As input tri-stated with weak pull-up ; As input tri-stated with weak pull-up ;
; Synchronizer Identification                                        ; Auto                                  ; Auto                                  ;
; Enable Beneficial Skew Optimization                                ; On                                    ; On                                    ;
; Optimize Design for Metastability                                  ; On                                    ; On                                    ;
; Active Serial clock source                                         ; FREQ_100MHz                           ; FREQ_100MHz                           ;
; Force Fitter to Avoid Periphery Placement Warnings                 ; Off                                   ; Off                                   ;
; Clamping Diode                                                     ; Off                                   ; Off                                   ;
; Enable input tri-state on active configuration pins in user mode   ; Off                                   ; Off                                   ;
; Advanced Physical Optimization                                     ; On                                    ; On                                    ;
+--------------------------------------------------------------------+---------------------------------------+---------------------------------------+


+------------------------------------------+
; Parallel Compilation                     ;
+----------------------------+-------------+
; Processors                 ; Number      ;
+----------------------------+-------------+
; Number detected on machine ; 4           ;
; Maximum allowed            ; 4           ;
;                            ;             ;
; Average used               ; 1.24        ;
; Maximum used               ; 4           ;
;                            ;             ;
; Usage by Processor         ; % Time Used ;
;     Processor 1            ; 100.0%      ;
;     Processor 2            ;   8.3%      ;
;     Processor 3            ;   7.7%      ;
;     Processor 4            ;   7.7%      ;
+----------------------------+-------------+


+------------------------------------------------------------------------------------------------------------------------------------------------------------------+
; Fitter Netlist Optimizations                                                                                                                                     ;
+--------------------+---------+-----------+----------------------------+-----------+----------------+------------------+------------------+-----------------------+
; Node               ; Action  ; Operation ; Reason                     ; Node Port ; Node Port Name ; Destination Node ; Destination Port ; Destination Port Name ;
+--------------------+---------+-----------+----------------------------+-----------+----------------+------------------+------------------+-----------------------+
; clk~inputCLKENA0   ; Created ; Placement ; Fitter Periphery Placement ;           ;                ;                  ;                  ;                       ;
; rst_n~inputCLKENA0 ; Created ; Placement ; Fitter Periphery Placement ;           ;                ;                  ;                  ;                       ;
+--------------------+---------+-----------+----------------------------+-----------+----------------+------------------+------------------+-----------------------+


+----------------------------------------------------------------------------------------------------+
; Incremental Compilation Preservation Summary                                                       ;
+---------------------+----------------------+----------------------------+--------------------------+
; Type                ; Total [A + B]        ; From Design Partitions [A] ; From Rapid Recompile [B] ;
+---------------------+----------------------+----------------------------+--------------------------+
; Placement (by node) ;                      ;                            ;                          ;
;     -- Requested    ; 0.00 % ( 0 / 10413 ) ; 0.00 % ( 0 / 10413 )       ; 0.00 % ( 0 / 10413 )     ;
;     -- Achieved     ; 0.00 % ( 0 / 10413 ) ; 0.00 % ( 0 / 10413 )       ; 0.00 % ( 0 / 10413 )     ;
;                     ;                      ;                            ;                          ;
; Routing (by net)    ;                      ;                            ;                          ;
;     -- Requested    ; 0.00 % ( 0 / 0 )     ; 0.00 % ( 0 / 0 )           ; 0.00 % ( 0 / 0 )         ;
;     -- Achieved     ; 0.00 % ( 0 / 0 )     ; 0.00 % ( 0 / 0 )           ; 0.00 % ( 0 / 0 )         ;
+---------------------+----------------------+----------------------------+--------------------------+


+----------------------------------------------------------------------------------------------------------------------------------------------------------------------------------------+
; Incremental Compilation Partition Settings                                                                                                                                             ;
+--------------------------------+----------------+-------------------+-------------------------+------------------------+------------------------------+--------------------------------+
; Partition Name                 ; Partition Type ; Netlist Type Used ; Preservation Level Used ; Netlist Type Requested ; Preservation Level Requested ; Contents                       ;
+--------------------------------+----------------+-------------------+-------------------------+------------------------+------------------------------+--------------------------------+
; Top                            ; User-created   ; Source File       ; N/A                     ; Source File            ; N/A                          ;                                ;
; hard_block:auto_generated_inst ; Auto-generated ; Source File       ; N/A                     ; Source File            ; N/A                          ; hard_block:auto_generated_inst ;
+--------------------------------+----------------+-------------------+-------------------------+------------------------+------------------------------+--------------------------------+


+------------------------------------------------------------------------------------------------------------------------------------+
; Incremental Compilation Placement Preservation                                                                                     ;
+--------------------------------+-----------------------+-------------------------+-------------------+---------------------+-------+
; Partition Name                 ; Preservation Achieved ; Preservation Level Used ; Netlist Type Used ; Preservation Method ; Notes ;
+--------------------------------+-----------------------+-------------------------+-------------------+---------------------+-------+
; Top                            ; 0.00 % ( 0 / 10413 )  ; N/A                     ; Source File       ; N/A                 ;       ;
; hard_block:auto_generated_inst ; 0.00 % ( 0 / 0 )      ; N/A                     ; Source File       ; N/A                 ;       ;
+--------------------------------+-----------------------+-------------------------+-------------------+---------------------+-------+


+--------------+
; Pin-Out File ;
+--------------+
The pin-out file can be found in C:/Mac/Home/Desktop/avlsi-fir-filter-design/fir-filter-hardware-optimized/output_files/fir_filter.pin.


+---------------------------------------------------------------------------------------------+
; Fitter Resource Usage Summary                                                               ;
+-------------------------------------------------------------+-----------------------+-------+
; Resource                                                    ; Usage                 ; %     ;
+-------------------------------------------------------------+-----------------------+-------+
; Logic utilization (ALMs needed / total ALMs on device)      ; 3,449 / 113,560       ; 3 %   ;
; ALMs needed [=A-B+C]                                        ; 3,449                 ;       ;
;     [A] ALMs used in final placement [=a+b+c+d]             ; 4,654 / 113,560       ; 4 %   ;
;         [a] ALMs used for LUT logic and registers           ; 417                   ;       ;
;         [b] ALMs used for LUT logic                         ; 2,957                 ;       ;
;         [c] ALMs used for registers                         ; 1,280                 ;       ;
;         [d] ALMs used for memory (up to half of total ALMs) ; 0                     ;       ;
;     [B] Estimate of ALMs recoverable by dense packing       ; 1,278 / 113,560       ; 1 %   ;
;     [C] Estimate of ALMs unavailable [=a+b+c+d]             ; 73 / 113,560          ; < 1 % ;
;         [a] Due to location constrained logic               ; 0                     ;       ;
;         [b] Due to LAB-wide signal conflicts                ; 0                     ;       ;
;         [c] Due to LAB input limits                         ; 73                    ;       ;
;         [d] Due to virtual I/Os                             ; 0                     ;       ;
;                                                             ;                       ;       ;
; Difficulty packing design                                   ; Low                   ;       ;
;                                                             ;                       ;       ;
; Total LABs:  partially or completely used                   ; 919 / 11,356          ; 8 %   ;
;     -- Logic LABs                                           ; 919                   ;       ;
;     -- Memory LABs (up to half of total LABs)               ; 0                     ;       ;
;                                                             ;                       ;       ;
; Combinational ALUT usage for logic                          ; 6,741                 ;       ;
;     -- 7 input functions                                    ; 0                     ;       ;
;     -- 6 input functions                                    ; 16                    ;       ;
;     -- 5 input functions                                    ; 9                     ;       ;
;     -- 4 input functions                                    ; 59                    ;       ;
;     -- <=3 input functions                                  ; 6,657                 ;       ;
; Combinational ALUT usage for route-throughs                 ; 423                   ;       ;
;                                                             ;                       ;       ;
; Dedicated logic registers                                   ; 3,393                 ;       ;
;     -- By type:                                             ;                       ;       ;
;         -- Primary logic registers                          ; 3,393 / 227,120       ; 1 %   ;
;         -- Secondary logic registers                        ; 0 / 227,120           ; 0 %   ;
;     -- By function:                                         ;                       ;       ;
;         -- Design implementation registers                  ; 3,393                 ;       ;
;         -- Routing optimization registers                   ; 0                     ;       ;
;                                                             ;                       ;       ;
; Virtual pins                                                ; 0                     ;       ;
; I/O pins                                                    ; 36 / 616              ; 6 %   ;
;     -- Clock pins                                           ; 4 / 16                ; 25 %  ;
;     -- Dedicated input pins                                 ; 0 / 35                ; 0 %   ;
;                                                             ;                       ;       ;
; M10K blocks                                                 ; 0 / 1,220             ; 0 %   ;
; Total MLAB memory bits                                      ; 0                     ;       ;
; Total block memory bits                                     ; 0 / 12,492,800        ; 0 %   ;
; Total block memory implementation bits                      ; 0 / 12,492,800        ; 0 %   ;
;                                                             ;                       ;       ;
; Total DSP Blocks                                            ; 205 / 342             ; 60 %  ;
;                                                             ;                       ;       ;
; Fractional PLLs                                             ; 0 / 8                 ; 0 %   ;
; Global signals                                              ; 2                     ;       ;
;     -- Global clocks                                        ; 2 / 16                ; 13 %  ;
;     -- Quadrant clocks                                      ; 0 / 88                ; 0 %   ;
;     -- Horizontal periphery clocks                          ; 0 / 24                ; 0 %   ;
; SERDES Transmitters                                         ; 0 / 140               ; 0 %   ;
; SERDES Receivers                                            ; 0 / 140               ; 0 %   ;
; JTAGs                                                       ; 0 / 1                 ; 0 %   ;
; ASMI blocks                                                 ; 0 / 1                 ; 0 %   ;
; CRC blocks                                                  ; 0 / 1                 ; 0 %   ;
; Remote update blocks                                        ; 0 / 1                 ; 0 %   ;
; Oscillator blocks                                           ; 0 / 1                 ; 0 %   ;
; Hard IPs                                                    ; 0 / 2                 ; 0 %   ;
; Standard RX PCSs                                            ; 0 / 12                ; 0 %   ;
; HSSI PMA RX Deserializers                                   ; 0 / 12                ; 0 %   ;
; Standard TX PCSs                                            ; 0 / 12                ; 0 %   ;
; HSSI PMA TX Serializers                                     ; 0 / 12                ; 0 %   ;
; Channel PLLs                                                ; 0 / 12                ; 0 %   ;
; Impedance control blocks                                    ; 0 / 3                 ; 0 %   ;
; Hard Memory Controllers                                     ; 0 / 2                 ; 0 %   ;
; Average interconnect usage (total/H/V)                      ; 4.4% / 3.7% / 6.8%    ;       ;
; Peak interconnect usage (total/H/V)                         ; 23.9% / 22.6% / 32.2% ;       ;
; Maximum fan-out                                             ; 6804                  ;       ;
; Highest non-global fan-out                                  ; 6804                  ;       ;
; Total fan-out                                               ; 40816                 ;       ;
; Average fan-out                                             ; 3.77                  ;       ;
+-------------------------------------------------------------+-----------------------+-------+


+----------------------------------------------------------------------------------------------------------------------+
; Fitter Partition Statistics                                                                                          ;
+-------------------------------------------------------------+-----------------------+--------------------------------+
; Statistic                                                   ; Top                   ; hard_block:auto_generated_inst ;
+-------------------------------------------------------------+-----------------------+--------------------------------+
; Logic utilization (ALMs needed / total ALMs on device)      ; 3449 / 113560 ( 3 % ) ; 0 / 113560 ( 0 % )             ;
; ALMs needed [=A-B+C]                                        ; 3449                  ; 0                              ;
;     [A] ALMs used in final placement [=a+b+c+d]             ; 4654 / 113560 ( 4 % ) ; 0 / 113560 ( 0 % )             ;
;         [a] ALMs used for LUT logic and registers           ; 417                   ; 0                              ;
;         [b] ALMs used for LUT logic                         ; 2957                  ; 0                              ;
;         [c] ALMs used for registers                         ; 1280                  ; 0                              ;
;         [d] ALMs used for memory (up to half of total ALMs) ; 0                     ; 0                              ;
;     [B] Estimate of ALMs recoverable by dense packing       ; 1278 / 113560 ( 1 % ) ; 0 / 113560 ( 0 % )             ;
;     [C] Estimate of ALMs unavailable [=a+b+c+d]             ; 73 / 113560 ( < 1 % ) ; 0 / 113560 ( 0 % )             ;
;         [a] Due to location constrained logic               ; 0                     ; 0                              ;
;         [b] Due to LAB-wide signal conflicts                ; 0                     ; 0                              ;
;         [c] Due to LAB input limits                         ; 73                    ; 0                              ;
;         [d] Due to virtual I/Os                             ; 0                     ; 0                              ;
;                                                             ;                       ;                                ;
; Difficulty packing design                                   ; Low                   ; Low                            ;
;                                                             ;                       ;                                ;
; Total LABs:  partially or completely used                   ; 919 / 11356 ( 8 % )   ; 0 / 11356 ( 0 % )              ;
;     -- Logic LABs                                           ; 919                   ; 0                              ;
;     -- Memory LABs (up to half of total LABs)               ; 0                     ; 0                              ;
;                                                             ;                       ;                                ;
; Combinational ALUT usage for logic                          ; 6741                  ; 0                              ;
;     -- 7 input functions                                    ; 0                     ; 0                              ;
;     -- 6 input functions                                    ; 16                    ; 0                              ;
;     -- 5 input functions                                    ; 9                     ; 0                              ;
;     -- 4 input functions                                    ; 59                    ; 0                              ;
;     -- <=3 input functions                                  ; 6657                  ; 0                              ;
; Combinational ALUT usage for route-throughs                 ; 423                   ; 0                              ;
; Memory ALUT usage                                           ; 0                     ; 0                              ;
;     -- 64-address deep                                      ; 0                     ; 0                              ;
;     -- 32-address deep                                      ; 0                     ; 0                              ;
;                                                             ;                       ;                                ;
; Dedicated logic registers                                   ; 0                     ; 0                              ;
;     -- By type:                                             ;                       ;                                ;
;         -- Primary logic registers                          ; 3393 / 227120 ( 1 % ) ; 0 / 227120 ( 0 % )             ;
;         -- Secondary logic registers                        ; 0 / 227120 ( 0 % )    ; 0 / 227120 ( 0 % )             ;
;     -- By function:                                         ;                       ;                                ;
;         -- Design implementation registers                  ; 3393                  ; 0                              ;
;         -- Routing optimization registers                   ; 0                     ; 0                              ;
;                                                             ;                       ;                                ;
;                                                             ;                       ;                                ;
; Virtual pins                                                ; 0                     ; 0                              ;
; I/O pins                                                    ; 36                    ; 0                              ;
; I/O registers                                               ; 0                     ; 0                              ;
; Total block memory bits                                     ; 0                     ; 0                              ;
; Total block memory implementation bits                      ; 0                     ; 0                              ;
; DSP block                                                   ; 205 / 342 ( 59 % )    ; 0 / 342 ( 0 % )                ;
; Clock enable block                                          ; 2 / 128 ( 1 % )       ; 0 / 128 ( 0 % )                ;
;                                                             ;                       ;                                ;
; Connections                                                 ;                       ;                                ;
;     -- Input Connections                                    ; 0                     ; 0                              ;
;     -- Registered Input Connections                         ; 0                     ; 0                              ;
;     -- Output Connections                                   ; 0                     ; 0                              ;
;     -- Registered Output Connections                        ; 0                     ; 0                              ;
;                                                             ;                       ;                                ;
; Internal Connections                                        ;                       ;                                ;
;     -- Total Connections                                    ; 44488                 ; 0                              ;
;     -- Registered Connections                               ; 6890                  ; 0                              ;
;                                                             ;                       ;                                ;
; External Connections                                        ;                       ;                                ;
;     -- Top                                                  ; 0                     ; 0                              ;
;     -- hard_block:auto_generated_inst                       ; 0                     ; 0                              ;
;                                                             ;                       ;                                ;
; Partition Interface                                         ;                       ;                                ;
;     -- Input Ports                                          ; 19                    ; 0                              ;
;     -- Output Ports                                         ; 17                    ; 0                              ;
;     -- Bidir Ports                                          ; 0                     ; 0                              ;
;                                                             ;                       ;                                ;
; Registered Ports                                            ;                       ;                                ;
;     -- Registered Input Ports                               ; 0                     ; 0                              ;
;     -- Registered Output Ports                              ; 0                     ; 0                              ;
;                                                             ;                       ;                                ;
; Port Connectivity                                           ;                       ;                                ;
;     -- Input Ports driven by GND                            ; 0                     ; 0                              ;
;     -- Output Ports driven by GND                           ; 0                     ; 0                              ;
;     -- Input Ports driven by VCC                            ; 0                     ; 0                              ;
;     -- Output Ports driven by VCC                           ; 0                     ; 0                              ;
;     -- Input Ports with no Source                           ; 0                     ; 0                              ;
;     -- Output Ports with no Source                          ; 0                     ; 0                              ;
;     -- Input Ports with no Fanout                           ; 0                     ; 0                              ;
;     -- Output Ports with no Fanout                          ; 0                     ; 0                              ;
+-------------------------------------------------------------+-----------------------+--------------------------------+


+----------------------------------------------------------------------------------------------------------------------------------------------------------------------------------------------------------------------------------------------------------------------------------------------+
; Input Pins                                                                                                                                                                                                                                                                                   ;
+---------------+-------+----------+--------------+--------------+--------------+-----------------------+--------------------+--------+----------------+-----------------+----------+--------------+--------------+-------------+---------------------------+----------------------+-----------+
; Name          ; Pin # ; I/O Bank ; X coordinate ; Y coordinate ; Z coordinate ; Combinational Fan-Out ; Registered Fan-Out ; Global ; Input Register ; PCI I/O Enabled ; Bus Hold ; Weak Pull Up ; I/O Standard ; Termination ; Termination Control Block ; Location assigned by ; Slew Rate ;
+---------------+-------+----------+--------------+--------------+--------------+-----------------------+--------------------+--------+----------------+-----------------+----------+--------------+--------------+-------------+---------------------------+----------------------+-----------+
; clk           ; AC17  ; 3B       ; 46           ; 0            ; 17           ; 3393                  ; 0                  ; yes    ; no             ; no              ; no       ; Off          ; 2.5 V        ; Off         ; --                        ; Fitter               ; no        ;
; rst_n         ; V27   ; 5B       ; 121          ; 51           ; 60           ; 3393                  ; 0                  ; yes    ; no             ; no              ; no       ; Off          ; 2.5 V        ; Off         ; --                        ; Fitter               ; no        ;
; sample_in[0]  ; N31   ; 6A       ; 121          ; 77           ; 54           ; 2                     ; 0                  ; no     ; no             ; no              ; no       ; Off          ; 2.5 V        ; Off         ; --                        ; Fitter               ; no        ;
; sample_in[10] ; T32   ; 6A       ; 121          ; 67           ; 94           ; 2                     ; 0                  ; no     ; no             ; no              ; no       ; Off          ; 2.5 V        ; Off         ; --                        ; Fitter               ; no        ;
; sample_in[11] ; R32   ; 6A       ; 121          ; 74           ; 43           ; 2                     ; 0                  ; no     ; no             ; no              ; no       ; Off          ; 2.5 V        ; Off         ; --                        ; Fitter               ; no        ;
; sample_in[12] ; K34   ; 6A       ; 121          ; 70           ; 37           ; 2                     ; 0                  ; no     ; no             ; no              ; no       ; Off          ; 2.5 V        ; Off         ; --                        ; Fitter               ; no        ;
; sample_in[13] ; L33   ; 6A       ; 121          ; 72           ; 37           ; 2                     ; 0                  ; no     ; no             ; no              ; no       ; Off          ; 2.5 V        ; Off         ; --                        ; Fitter               ; no        ;
; sample_in[14] ; M33   ; 6A       ; 121          ; 69           ; 54           ; 2                     ; 0                  ; no     ; no             ; no              ; no       ; Off          ; 2.5 V        ; Off         ; --                        ; Fitter               ; no        ;
; sample_in[15] ; N34   ; 6A       ; 121          ; 72           ; 20           ; 15                    ; 0                  ; no     ; no             ; no              ; no       ; Off          ; 2.5 V        ; Off         ; --                        ; Fitter               ; no        ;
; sample_in[1]  ; R33   ; 6A       ; 121          ; 74           ; 60           ; 2                     ; 0                  ; no     ; no             ; no              ; no       ; Off          ; 2.5 V        ; Off         ; --                        ; Fitter               ; no        ;
; sample_in[2]  ; AH23  ; 4A       ; 98           ; 0            ; 57           ; 2                     ; 0                  ; no     ; no             ; no              ; no       ; Off          ; 2.5 V        ; Off         ; --                        ; Fitter               ; no        ;
; sample_in[3]  ; N32   ; 6A       ; 121          ; 77           ; 37           ; 2                     ; 0                  ; no     ; no             ; no              ; no       ; Off          ; 2.5 V        ; Off         ; --                        ; Fitter               ; no        ;
; sample_in[4]  ; K32   ; 6A       ; 121          ; 74           ; 94           ; 2                     ; 0                  ; no     ; no             ; no              ; no       ; Off          ; 2.5 V        ; Off         ; --                        ; Fitter               ; no        ;
; sample_in[5]  ; L32   ; 6A       ; 121          ; 72           ; 54           ; 2                     ; 0                  ; no     ; no             ; no              ; no       ; Off          ; 2.5 V        ; Off         ; --                        ; Fitter               ; no        ;
; sample_in[6]  ; G20   ; 7A       ; 82           ; 115          ; 57           ; 2                     ; 0                  ; no     ; no             ; no              ; no       ; Off          ; 2.5 V        ; Off         ; --                        ; Fitter               ; no        ;
; sample_in[7]  ; B26   ; 7A       ; 77           ; 115          ; 34           ; 2                     ; 0                  ; no     ; no             ; no              ; no       ; Off          ; 2.5 V        ; Off         ; --                        ; Fitter               ; no        ;
; sample_in[8]  ; T25   ; 6A       ; 121          ; 77           ; 3            ; 2                     ; 0                  ; no     ; no             ; no              ; no       ; Off          ; 2.5 V        ; Off         ; --                        ; Fitter               ; no        ;
; sample_in[9]  ; K33   ; 6A       ; 121          ; 74           ; 77           ; 2                     ; 0                  ; no     ; no             ; no              ; no       ; Off          ; 2.5 V        ; Off         ; --                        ; Fitter               ; no        ;
; sample_valid  ; C21   ; 7A       ; 69           ; 115          ; 0            ; 6804                  ; 0                  ; no     ; no             ; no              ; no       ; Off          ; 2.5 V        ; Off         ; --                        ; Fitter               ; no        ;
+---------------+-------+----------+--------------+--------------+--------------+-----------------------+--------------------+--------+----------------+-----------------+----------+--------------+--------------+-------------+---------------------------+----------------------+-----------+


+-------------------------------------------------------------------------------------------------------------------------------------------------------------------------------------------------------------------------------------------------------------------------------------------------------------------------------------------------------------------------------------------------------------------------------------------------------------------------------------------------------+
; Output Pins                                                                                                                                                                                                                                                                                                                                                                                                                                                                                           ;
+------------------+-------+----------+--------------+--------------+--------------+-----------------+------------------------+-----------+-----------------+------------+---------------+----------+--------------+--------------+------------------+-----------------------------------+---------------------------+----------------------------+-----------------------------+---------------------+-----------------------------+----------------------+----------------------+---------------------+
; Name             ; Pin # ; I/O Bank ; X coordinate ; Y coordinate ; Z coordinate ; Output Register ; Output Enable Register ; Slew Rate ; PCI I/O Enabled ; Open Drain ; TRI Primitive ; Bus Hold ; Weak Pull Up ; I/O Standard ; Current Strength ; Termination                       ; Termination Control Block ; Output Buffer Pre-emphasis ; Voltage Output Differential ; Output Buffer Delay ; Output Buffer Delay Control ; Location assigned by ; Output Enable Source ; Output Enable Group ;
+------------------+-------+----------+--------------+--------------+--------------+-----------------+------------------------+-----------+-----------------+------------+---------------+----------+--------------+--------------+------------------+-----------------------------------+---------------------------+----------------------------+-----------------------------+---------------------+-----------------------------+----------------------+----------------------+---------------------+
; sample_out[0]    ; B19   ; 7A       ; 65           ; 115          ; 57           ; no              ; no                     ; 1         ; no              ; no         ; no            ; no       ; Off          ; 2.5 V        ; Default          ; Series 50 Ohm without Calibration ; --                        ; no                         ; no                          ; 0                   ; Off                         ; Fitter               ; -                    ; -                   ;
; sample_out[10]   ; B21   ; 7A       ; 69           ; 115          ; 17           ; no              ; no                     ; 1         ; no              ; no         ; no            ; no       ; Off          ; 2.5 V        ; Default          ; Series 50 Ohm without Calibration ; --                        ; no                         ; no                          ; 0                   ; Off                         ; Fitter               ; -                    ; -                   ;
; sample_out[11]   ; B23   ; 7A       ; 71           ; 115          ; 34           ; no              ; no                     ; 1         ; no              ; no         ; no            ; no       ; Off          ; 2.5 V        ; Default          ; Series 50 Ohm without Calibration ; --                        ; no                         ; no                          ; 0                   ; Off                         ; Fitter               ; -                    ; -                   ;
; sample_out[12]   ; F18   ; 8A       ; 54           ; 115          ; 17           ; no              ; no                     ; 1         ; no              ; no         ; no            ; no       ; Off          ; 2.5 V        ; Default          ; Series 50 Ohm without Calibration ; --                        ; no                         ; no                          ; 0                   ; Off                         ; Fitter               ; -                    ; -                   ;
; sample_out[13]   ; B20   ; 7A       ; 65           ; 115          ; 40           ; no              ; no                     ; 1         ; no              ; no         ; no            ; no       ; Off          ; 2.5 V        ; Default          ; Series 50 Ohm without Calibration ; --                        ; no                         ; no                          ; 0                   ; Off                         ; Fitter               ; -                    ; -                   ;
; sample_out[14]   ; C18   ; 8A       ; 54           ; 115          ; 34           ; no              ; no                     ; 1         ; no              ; no         ; no            ; no       ; Off          ; 2.5 V        ; Default          ; Series 50 Ohm without Calibration ; --                        ; no                         ; no                          ; 0                   ; Off                         ; Fitter               ; -                    ; -                   ;
; sample_out[15]   ; T28   ; 6A       ; 121          ; 69           ; 20           ; no              ; no                     ; 1         ; no              ; no         ; no            ; no       ; Off          ; 2.5 V        ; Default          ; Series 50 Ohm without Calibration ; --                        ; no                         ; no                          ; 0                   ; Off                         ; Fitter               ; -                    ; -                   ;
; sample_out[1]    ; T31   ; 6A       ; 121          ; 67           ; 43           ; no              ; no                     ; 1         ; no              ; no         ; no            ; no       ; Off          ; 2.5 V        ; Default          ; Series 50 Ohm without Calibration ; --                        ; no                         ; no                          ; 0                   ; Off                         ; Fitter               ; -                    ; -                   ;
; sample_out[2]    ; D19   ; 7A       ; 67           ; 115          ; 51           ; no              ; no                     ; 1         ; no              ; no         ; no            ; no       ; Off          ; 2.5 V        ; Default          ; Series 50 Ohm without Calibration ; --                        ; no                         ; no                          ; 0                   ; Off                         ; Fitter               ; -                    ; -                   ;
; sample_out[3]    ; M34   ; 6A       ; 121          ; 69           ; 37           ; no              ; no                     ; 1         ; no              ; no         ; no            ; no       ; Off          ; 2.5 V        ; Default          ; Series 50 Ohm without Calibration ; --                        ; no                         ; no                          ; 0                   ; Off                         ; Fitter               ; -                    ; -                   ;
; sample_out[4]    ; A20   ; 7A       ; 65           ; 115          ; 91           ; no              ; no                     ; 1         ; no              ; no         ; no            ; no       ; Off          ; 2.5 V        ; Default          ; Series 50 Ohm without Calibration ; --                        ; no                         ; no                          ; 0                   ; Off                         ; Fitter               ; -                    ; -                   ;
; sample_out[5]    ; N33   ; 6A       ; 121          ; 72           ; 3            ; no              ; no                     ; 1         ; no              ; no         ; no            ; no       ; Off          ; 2.5 V        ; Default          ; Series 50 Ohm without Calibration ; --                        ; no                         ; no                          ; 0                   ; Off                         ; Fitter               ; -                    ; -                   ;
; sample_out[6]    ; T33   ; 6A       ; 121          ; 67           ; 77           ; no              ; no                     ; 1         ; no              ; no         ; no            ; no       ; Off          ; 2.5 V        ; Default          ; Series 50 Ohm without Calibration ; --                        ; no                         ; no                          ; 0                   ; Off                         ; Fitter               ; -                    ; -                   ;
; sample_out[7]    ; C17   ; 8A       ; 54           ; 115          ; 51           ; no              ; no                     ; 1         ; no              ; no         ; no            ; no       ; Off          ; 2.5 V        ; Default          ; Series 50 Ohm without Calibration ; --                        ; no                         ; no                          ; 0                   ; Off                         ; Fitter               ; -                    ; -                   ;
; sample_out[8]    ; T30   ; 6A       ; 121          ; 67           ; 60           ; no              ; no                     ; 1         ; no              ; no         ; no            ; no       ; Off          ; 2.5 V        ; Default          ; Series 50 Ohm without Calibration ; --                        ; no                         ; no                          ; 0                   ; Off                         ; Fitter               ; -                    ; -                   ;
; sample_out[9]    ; J34   ; 6A       ; 121          ; 70           ; 54           ; no              ; no                     ; 1         ; no              ; no         ; no            ; no       ; Off          ; 2.5 V        ; Default          ; Series 50 Ohm without Calibration ; --                        ; no                         ; no                          ; 0                   ; Off                         ; Fitter               ; -                    ; -                   ;
; sample_out_valid ; AN5   ; 3A       ; 18           ; 0            ; 34           ; no              ; no                     ; 1         ; no              ; no         ; no            ; no       ; Off          ; 2.5 V        ; Default          ; Series 50 Ohm without Calibration ; --                        ; no                         ; no                          ; 0                   ; Off                         ; Fitter               ; -                    ; -                   ;
+------------------+-------+----------+--------------+--------------+--------------+-----------------+------------------------+-----------+-----------------+------------+---------------+----------+--------------+--------------+------------------+-----------------------------------+---------------------------+----------------------------+-----------------------------+---------------------+-----------------------------+----------------------+----------------------+---------------------+


+----------------------------------------------------------------------------+
; I/O Bank Usage                                                             ;
+----------+------------------+---------------+--------------+---------------+
; I/O Bank ; Usage            ; VCCIO Voltage ; VREF Voltage ; VCCPD Voltage ;
+----------+------------------+---------------+--------------+---------------+
; B3L      ; 0 / 14 ( 0 % )   ; --            ; --           ; --            ;
; B2L      ; 0 / 14 ( 0 % )   ; --            ; --           ; --            ;
; B1L      ; 0 / 14 ( 0 % )   ; --            ; --           ; --            ;
; B0L      ; 0 / 14 ( 0 % )   ; --            ; --           ; --            ;
; 3A       ; 1 / 48 ( 2 % )   ; 2.5V          ; --           ; 2.5V          ;
; 3B       ; 1 / 48 ( 2 % )   ; 2.5V          ; --           ; 2.5V          ;
; 4A       ; 1 / 96 ( 1 % )   ; 2.5V          ; --           ; 2.5V          ;
; 5A       ; 0 / 48 ( 0 % )   ; 2.5V          ; --           ; 2.5V          ;
; 5B       ; 1 / 48 ( 2 % )   ; 2.5V          ; --           ; 2.5V          ;
; 6A       ; 20 / 80 ( 25 % ) ; 2.5V          ; --           ; 2.5V          ;
; 7A       ; 9 / 96 ( 9 % )   ; 2.5V          ; --           ; 2.5V          ;
; 8A       ; 3 / 96 ( 3 % )   ; 2.5V          ; --           ; 2.5V          ;
+----------+------------------+---------------+--------------+---------------+


+-----------------------------------------------------------------------------------------------------------------------------------------------------------------------------+
; All Package Pins                                                                                                                                                            ;
+----------+------------+----------+---------------------------------+--------+--------------+---------------------+--------------+-----------------+----------+--------------+
; Location ; Pad Number ; I/O Bank ; Pin Name/Usage                  ; Dir.   ; I/O Standard ; Voltage             ; I/O Type     ; User Assignment ; Bus Hold ; Weak Pull Up ;
+----------+------------+----------+---------------------------------+--------+--------------+---------------------+--------------+-----------------+----------+--------------+
; A2       ; 604        ; 8A       ; RESERVED_INPUT_WITH_WEAK_PULLUP ;        ;              ;                     ; Column I/O   ;                 ; no       ; On           ;
; A3       ; 594        ; 8A       ; RESERVED_INPUT_WITH_WEAK_PULLUP ;        ;              ;                     ; Column I/O   ;                 ; no       ; On           ;
; A4       ;            ;          ; GND                             ; gnd    ;              ;                     ; --           ;                 ; --       ; --           ;
; A5       ; 582        ; 8A       ; RESERVED_INPUT_WITH_WEAK_PULLUP ;        ;              ;                     ; Column I/O   ;                 ; no       ; On           ;
; A6       ; 566        ; 8A       ; RESERVED_INPUT_WITH_WEAK_PULLUP ;        ;              ;                     ; Column I/O   ;                 ; no       ; On           ;
; A7       ; 564        ; 8A       ; RESERVED_INPUT_WITH_WEAK_PULLUP ;        ;              ;                     ; Column I/O   ;                 ; no       ; On           ;
; A8       ; 569        ; 8A       ; RESERVED_INPUT_WITH_WEAK_PULLUP ;        ;              ;                     ; Column I/O   ;                 ; no       ; On           ;
; A9       ;            ;          ; GND                             ; gnd    ;              ;                     ; --           ;                 ; --       ; --           ;
; A10      ; 562        ; 8A       ; RESERVED_INPUT_WITH_WEAK_PULLUP ;        ;              ;                     ; Column I/O   ;                 ; no       ; On           ;
; A11      ; 550        ; 8A       ; RESERVED_INPUT_WITH_WEAK_PULLUP ;        ;              ;                     ; Column I/O   ;                 ; no       ; On           ;
; A12      ; 548        ; 8A       ; RESERVED_INPUT_WITH_WEAK_PULLUP ;        ;              ;                     ; Column I/O   ;                 ; no       ; On           ;
; A13      ; 554        ; 8A       ; RESERVED_INPUT_WITH_WEAK_PULLUP ;        ;              ;                     ; Column I/O   ;                 ; no       ; On           ;
; A14      ;            ; 8A       ; VCCIO8A                         ; power  ;              ; 2.5V                ; --           ;                 ; --       ; --           ;
; A15      ; 546        ; 8A       ; RESERVED_INPUT_WITH_WEAK_PULLUP ;        ;              ;                     ; Column I/O   ;                 ; no       ; On           ;
; A16      ; 542        ; 8A       ; RESERVED_INPUT_WITH_WEAK_PULLUP ;        ;              ;                     ; Column I/O   ;                 ; no       ; On           ;
; A17      ; 540        ; 8A       ; RESERVED_INPUT_WITH_WEAK_PULLUP ;        ;              ;                     ; Column I/O   ;                 ; no       ; On           ;
; A18      ; 538        ; 8A       ; RESERVED_INPUT_WITH_WEAK_PULLUP ;        ;              ;                     ; Column I/O   ;                 ; no       ; On           ;
; A19      ;            ;          ; GND                             ; gnd    ;              ;                     ; --           ;                 ; --       ; --           ;
; A20      ; 530        ; 7A       ; sample_out[4]                   ; output ; 2.5 V        ;                     ; Column I/O   ; N               ; no       ; Off          ;
; A21      ; 528        ; 7A       ; RESERVED_INPUT_WITH_WEAK_PULLUP ;        ;              ;                     ; Column I/O   ;                 ; no       ; On           ;
; A22      ; 522        ; 7A       ; RESERVED_INPUT_WITH_WEAK_PULLUP ;        ;              ;                     ; Column I/O   ;                 ; no       ; On           ;
; A23      ; 520        ; 7A       ; RESERVED_INPUT_WITH_WEAK_PULLUP ;        ;              ;                     ; Column I/O   ;                 ; no       ; On           ;
; A24      ;            ; 7A       ; VCCIO7A                         ; power  ;              ; 2.5V                ; --           ;                 ; --       ; --           ;
; A25      ; 514        ; 7A       ; RESERVED_INPUT_WITH_WEAK_PULLUP ;        ;              ;                     ; Column I/O   ;                 ; no       ; On           ;
; A26      ; 512        ; 7A       ; RESERVED_INPUT_WITH_WEAK_PULLUP ;        ;              ;                     ; Column I/O   ;                 ; no       ; On           ;
; A27      ; 502        ; 7A       ; RESERVED_INPUT_WITH_WEAK_PULLUP ;        ;              ;                     ; Column I/O   ;                 ; no       ; On           ;
; A28      ; 500        ; 7A       ; RESERVED_INPUT_WITH_WEAK_PULLUP ;        ;              ;                     ; Column I/O   ;                 ; no       ; On           ;
; A29      ;            ;          ; GND                             ; gnd    ;              ;                     ; --           ;                 ; --       ; --           ;
; A30      ;            ;          ; NC                              ;        ;              ;                     ; --           ;                 ; --       ; --           ;
; A31      ;            ;          ; NC                              ;        ;              ;                     ; --           ;                 ; --       ; --           ;
; A32      ;            ;          ; NC                              ;        ;              ;                     ; --           ;                 ; --       ; --           ;
; A33      ;            ;          ; NC                              ;        ;              ;                     ; --           ;                 ; --       ; --           ;
; AA1      ; 37         ; B1L      ; GND                             ;        ;              ;                     ; --           ;                 ; --       ; --           ;
; AA2      ; 36         ; B1L      ; GND                             ;        ;              ;                     ; --           ;                 ; --       ; --           ;
; AA3      ;            ;          ; GND                             ; gnd    ;              ;                     ; --           ;                 ; --       ; --           ;
; AA4      ;            ;          ; GND                             ; gnd    ;              ;                     ; --           ;                 ; --       ; --           ;
; AA5      ;            ;          ; GND                             ; gnd    ;              ;                     ; --           ;                 ; --       ; --           ;
; AA6      ;            ;          ; GND                             ; gnd    ;              ;                     ; --           ;                 ; --       ; --           ;
; AA7      ;            ; --       ; VCCL_GXBL                       ; power  ;              ; 1.1V                ; --           ;                 ; --       ; --           ;
; AA8      ;            ;          ; GND                             ; gnd    ;              ;                     ; --           ;                 ; --       ; --           ;
; AA9      ;            ; --       ; VCCE_GXBL                       ; power  ;              ; 1.1V                ; --           ;                 ; --       ; --           ;
; AA10     ;            ;          ; GND                             ; gnd    ;              ;                     ; --           ;                 ; --       ; --           ;
; AA11     ; 54         ; B0L      ; GND                             ;        ;              ;                     ; Row I/O      ;                 ; --       ; --           ;
; AA12     ;            ;          ; GND                             ; gnd    ;              ;                     ; --           ;                 ; --       ; --           ;
; AA13     ;            ; --       ; VCC                             ; power  ;              ; 1.1V                ; --           ;                 ; --       ; --           ;
; AA14     ;            ;          ; GND                             ; gnd    ;              ;                     ; --           ;                 ; --       ; --           ;
; AA15     ; 112        ; 3A       ; RESERVED_INPUT_WITH_WEAK_PULLUP ;        ;              ;                     ; Column I/O   ;                 ; no       ; On           ;
; AA16     ; 136        ; 3B       ; RESERVED_INPUT_WITH_WEAK_PULLUP ;        ;              ;                     ; Column I/O   ;                 ; no       ; On           ;
; AA17     ; 150        ; 3B       ; RESERVED_INPUT_WITH_WEAK_PULLUP ;        ;              ;                     ; Column I/O   ;                 ; no       ; On           ;
; AA18     ; 152        ; 3B       ; RESERVED_INPUT_WITH_WEAK_PULLUP ;        ;              ;                     ; Column I/O   ;                 ; no       ; On           ;
; AA19     ;            ;          ; GND                             ; gnd    ;              ;                     ; --           ;                 ; --       ; --           ;
; AA20     ; 214        ; 4A       ; RESERVED_INPUT_WITH_WEAK_PULLUP ;        ;              ;                     ; Column I/O   ;                 ; no       ; On           ;
; AA21     ; 267        ; 5A       ; RESERVED_INPUT_WITH_WEAK_PULLUP ;        ;              ;                     ; Row I/O      ;                 ; no       ; On           ;
; AA22     ; 269        ; 5A       ; RESERVED_INPUT_WITH_WEAK_PULLUP ;        ;              ;                     ; Row I/O      ;                 ; no       ; On           ;
; AA23     ; 282        ; 5A       ; RESERVED_INPUT_WITH_WEAK_PULLUP ;        ;              ;                     ; Row I/O      ;                 ; no       ; On           ;
; AA24     ;            ; 5A       ; VCCIO5A                         ; power  ;              ; 2.5V                ; --           ;                 ; --       ; --           ;
; AA25     ; 276        ; 5A       ; RESERVED_INPUT_WITH_WEAK_PULLUP ;        ;              ;                     ; Row I/O      ;                 ; no       ; On           ;
; AA26     ;            ; 5A       ; VCCPD5A                         ; power  ;              ; 2.5V                ; --           ;                 ; --       ; --           ;
; AA27     ; 290        ; 5A       ; RESERVED_INPUT_WITH_WEAK_PULLUP ;        ;              ;                     ; Row I/O      ;                 ; no       ; On           ;
; AA28     ; 292        ; 5A       ; RESERVED_INPUT_WITH_WEAK_PULLUP ;        ;              ;                     ; Row I/O      ;                 ; no       ; On           ;
; AA29     ;            ;          ; GND                             ; gnd    ;              ;                     ; --           ;                 ; --       ; --           ;
; AA30     ; 288        ; 5A       ; RESERVED_INPUT_WITH_WEAK_PULLUP ;        ;              ;                     ; Row I/O      ;                 ; no       ; On           ;
; AA31     ; 323        ; 5B       ; RESERVED_INPUT_WITH_WEAK_PULLUP ;        ;              ;                     ; Row I/O      ;                 ; no       ; On           ;
; AA32     ; 306        ; 5B       ; RESERVED_INPUT_WITH_WEAK_PULLUP ;        ;              ;                     ; Row I/O      ;                 ; no       ; On           ;
; AA33     ; 357        ; 6A       ; RESERVED_INPUT_WITH_WEAK_PULLUP ;        ;              ;                     ; Row I/O      ;                 ; no       ; On           ;
; AA34     ;            ;          ; GND                             ; gnd    ;              ;                     ; --           ;                 ; --       ; --           ;
; AB1      ;            ;          ; GND                             ; gnd    ;              ;                     ; --           ;                 ; --       ; --           ;
; AB2      ;            ;          ; GND                             ; gnd    ;              ;                     ; --           ;                 ; --       ; --           ;
; AB3      ; 38         ; B1L      ; GXB_NC                          ;        ;              ;                     ; --           ;                 ; --       ; --           ;
; AB4      ; 39         ; B1L      ; GXB_NC                          ;        ;              ;                     ; --           ;                 ; --       ; --           ;
; AB5      ;            ;          ; GND                             ; gnd    ;              ;                     ; --           ;                 ; --       ; --           ;
; AB6      ;            ;          ; GND                             ; gnd    ;              ;                     ; --           ;                 ; --       ; --           ;
; AB7      ;            ;          ; GND                             ; gnd    ;              ;                     ; --           ;                 ; --       ; --           ;
; AB8      ;            ; --       ; VCCH_GXBL                       ; power  ;              ; 2.5V                ; --           ;                 ; --       ; --           ;
; AB9      ;            ;          ; GND                             ; gnd    ;              ;                     ; --           ;                 ; --       ; --           ;
; AB10     ; 55         ; B0L      ; GND                             ;        ;              ;                     ; Row I/O      ;                 ; --       ; --           ;
; AB11     ;            ;          ; GND                             ; gnd    ;              ;                     ; --           ;                 ; --       ; --           ;
; AB12     ;            ;          ; GND                             ; gnd    ;              ;                     ; --           ;                 ; --       ; --           ;
; AB13     ; 86         ; 3A       ; RESERVED_INPUT_WITH_WEAK_PULLUP ;        ;              ;                     ; Column I/O   ;                 ; no       ; On           ;
; AB14     ; 88         ; 3A       ; RESERVED_INPUT_WITH_WEAK_PULLUP ;        ;              ;                     ; Column I/O   ;                 ; no       ; On           ;
; AB15     ; 110        ; 3A       ; RESERVED_INPUT_WITH_WEAK_PULLUP ;        ;              ;                     ; Column I/O   ;                 ; no       ; On           ;
; AB16     ; 134        ; 3B       ; RESERVED_INPUT_WITH_WEAK_PULLUP ;        ;              ;                     ; Column I/O   ;                 ; no       ; On           ;
; AB17     ;            ; 3B       ; VCCIO3B                         ; power  ;              ; 2.5V                ; --           ;                 ; --       ; --           ;
; AB18     ; 158        ; 3B       ; RESERVED_INPUT_WITH_WEAK_PULLUP ;        ;              ;                     ; Column I/O   ;                 ; no       ; On           ;
; AB19     ; 168        ; 4A       ; RESERVED_INPUT_WITH_WEAK_PULLUP ;        ;              ;                     ; Column I/O   ;                 ; no       ; On           ;
; AB20     ; 206        ; 4A       ; RESERVED_INPUT_WITH_WEAK_PULLUP ;        ;              ;                     ; Column I/O   ;                 ; no       ; On           ;
; AB21     ; 208        ; 4A       ; RESERVED_INPUT_WITH_WEAK_PULLUP ;        ;              ;                     ; Column I/O   ;                 ; no       ; On           ;
; AB22     ;            ;          ; GND                             ; gnd    ;              ;                     ; --           ;                 ; --       ; --           ;
; AB23     ; 265        ; 5A       ; RESERVED_INPUT_WITH_WEAK_PULLUP ;        ;              ;                     ; Row I/O      ;                 ; no       ; On           ;
; AB24     ; 263        ; 5A       ; RESERVED_INPUT_WITH_WEAK_PULLUP ;        ;              ;                     ; Row I/O      ;                 ; no       ; On           ;
; AB25     ; 274        ; 5A       ; RESERVED_INPUT_WITH_WEAK_PULLUP ;        ;              ;                     ; Row I/O      ;                 ; no       ; On           ;
; AB26     ;            ; 5A       ; VCCPD5A                         ; power  ;              ; 2.5V                ; --           ;                 ; --       ; --           ;
; AB27     ;            ; 5A       ; VCCIO5A                         ; power  ;              ; 2.5V                ; --           ;                 ; --       ; --           ;
; AB28     ; 278        ; 5A       ; RESERVED_INPUT_WITH_WEAK_PULLUP ;        ;              ;                     ; Row I/O      ;                 ; no       ; On           ;
; AB29     ; 280        ; 5A       ; RESERVED_INPUT_WITH_WEAK_PULLUP ;        ;              ;                     ; Row I/O      ;                 ; no       ; On           ;
; AB30     ; 286        ; 5A       ; RESERVED_INPUT_WITH_WEAK_PULLUP ;        ;              ;                     ; Row I/O      ;                 ; no       ; On           ;
; AB31     ; 325        ; 5B       ; RESERVED_INPUT_WITH_WEAK_PULLUP ;        ;              ;                     ; Row I/O      ;                 ; no       ; On           ;
; AB32     ;            ;          ; GND                             ; gnd    ;              ;                     ; --           ;                 ; --       ; --           ;
; AB33     ; 351        ; 5B       ; RESERVED_INPUT_WITH_WEAK_PULLUP ;        ;              ;                     ; Row I/O      ;                 ; no       ; On           ;
; AB34     ; 353        ; 5B       ; RESERVED_INPUT_WITH_WEAK_PULLUP ;        ;              ;                     ; Row I/O      ;                 ; no       ; On           ;
; AC1      ; 41         ; B1L      ; GND                             ;        ;              ;                     ; --           ;                 ; --       ; --           ;
; AC2      ; 40         ; B1L      ; GND                             ;        ;              ;                     ; --           ;                 ; --       ; --           ;
; AC3      ;            ;          ; GND                             ; gnd    ;              ;                     ; --           ;                 ; --       ; --           ;
; AC4      ;            ;          ; GND                             ; gnd    ;              ;                     ; --           ;                 ; --       ; --           ;
; AC5      ;            ;          ; GND                             ; gnd    ;              ;                     ; --           ;                 ; --       ; --           ;
; AC6      ;            ;          ; GND                             ; gnd    ;              ;                     ; --           ;                 ; --       ; --           ;
; AC7      ;            ; --       ; VCCL_GXBL                       ; power  ;              ; 1.1V                ; --           ;                 ; --       ; --           ;
; AC8      ;            ;          ; GND                             ; gnd    ;              ;                     ; --           ;                 ; --       ; --           ;
; AC9      ;            ; --       ; VCCE_GXBL                       ; power  ;              ; 1.1V                ; --           ;                 ; --       ; --           ;
; AC10     ;            ;          ; GND                             ; gnd    ;              ;                     ; --           ;                 ; --       ; --           ;
; AC11     ;            ; --       ; VCCA_FPLL                       ; power  ;              ; 2.5V                ; --           ;                 ; --       ; --           ;
; AC12     ; 78         ; 3A       ; RESERVED_INPUT_WITH_WEAK_PULLUP ;        ;              ;                     ; Column I/O   ;                 ; no       ; On           ;
; AC13     ; 80         ; 3A       ; RESERVED_INPUT_WITH_WEAK_PULLUP ;        ;              ;                     ; Column I/O   ;                 ; no       ; On           ;
; AC14     ; 102        ; 3A       ; RESERVED_INPUT_WITH_WEAK_PULLUP ;        ;              ;                     ; Column I/O   ;                 ; no       ; On           ;
; AC15     ;            ;          ; GND                             ; gnd    ;              ;                     ; --           ;                 ; --       ; --           ;
; AC16     ; 128        ; 3B       ; RESERVED_INPUT_WITH_WEAK_PULLUP ;        ;              ;                     ; Column I/O   ;                 ; no       ; On           ;
; AC17     ; 142        ; 3B       ; clk                             ; input  ; 2.5 V        ;                     ; Column I/O   ; N               ; no       ; Off          ;
; AC18     ; 160        ; 3B       ; RESERVED_INPUT_WITH_WEAK_PULLUP ;        ;              ;                     ; Column I/O   ;                 ; no       ; On           ;
; AC19     ; 166        ; 4A       ; RESERVED_INPUT_WITH_WEAK_PULLUP ;        ;              ;                     ; Column I/O   ;                 ; no       ; On           ;
; AC20     ;            ; 4A       ; VCCIO4A                         ; power  ;              ; 2.5V                ; --           ;                 ; --       ; --           ;
; AC21     ; 232        ; 4A       ; RESERVED_INPUT_WITH_WEAK_PULLUP ;        ;              ;                     ; Column I/O   ;                 ; no       ; On           ;
; AC22     ; 248        ; 4A       ; RESERVED_INPUT_WITH_WEAK_PULLUP ;        ;              ;                     ; Column I/O   ;                 ; no       ; On           ;
; AC23     ; 259        ; 5A       ; RESERVED_INPUT_WITH_WEAK_PULLUP ;        ;              ;                     ; Row I/O      ;                 ; no       ; On           ;
; AC24     ; 261        ; 5A       ; RESERVED_INPUT_WITH_WEAK_PULLUP ;        ;              ;                     ; Row I/O      ;                 ; no       ; On           ;
; AC25     ;            ;          ; GND                             ; gnd    ;              ;                     ; --           ;                 ; --       ; --           ;
; AC26     ; 264        ; 5A       ; RESERVED_INPUT_WITH_WEAK_PULLUP ;        ;              ;                     ; Row I/O      ;                 ; no       ; On           ;
; AC27     ; 262        ; 5A       ; RESERVED_INPUT_WITH_WEAK_PULLUP ;        ;              ;                     ; Row I/O      ;                 ; no       ; On           ;
; AC28     ; 270        ; 5A       ; RESERVED_INPUT_WITH_WEAK_PULLUP ;        ;              ;                     ; Row I/O      ;                 ; no       ; On           ;
; AC29     ; 272        ; 5A       ; RESERVED_INPUT_WITH_WEAK_PULLUP ;        ;              ;                     ; Row I/O      ;                 ; no       ; On           ;
; AC30     ;            ; 5B       ; VCCIO5B                         ; power  ;              ; 2.5V                ; --           ;                 ; --       ; --           ;
; AC31     ; 318        ; 5B       ; RESERVED_INPUT_WITH_WEAK_PULLUP ;        ;              ;                     ; Row I/O      ;                 ; no       ; On           ;
; AC32     ; 320        ; 5B       ; RESERVED_INPUT_WITH_WEAK_PULLUP ;        ;              ;                     ; Row I/O      ;                 ; no       ; On           ;
; AC33     ; 342        ; 5B       ; RESERVED_INPUT_WITH_WEAK_PULLUP ;        ;              ;                     ; Row I/O      ;                 ; no       ; On           ;
; AC34     ; 344        ; 5B       ; RESERVED_INPUT_WITH_WEAK_PULLUP ;        ;              ;                     ; Row I/O      ;                 ; no       ; On           ;
; AD1      ;            ;          ; GND                             ; gnd    ;              ;                     ; --           ;                 ; --       ; --           ;
; AD2      ;            ;          ; GND                             ; gnd    ;              ;                     ; --           ;                 ; --       ; --           ;
; AD3      ; 42         ; B0L      ; GXB_NC                          ;        ;              ;                     ; --           ;                 ; --       ; --           ;
; AD4      ; 43         ; B0L      ; GXB_NC                          ;        ;              ;                     ; --           ;                 ; --       ; --           ;
; AD5      ;            ;          ; GND                             ; gnd    ;              ;                     ; --           ;                 ; --       ; --           ;
; AD6      ;            ;          ; GND                             ; gnd    ;              ;                     ; --           ;                 ; --       ; --           ;
; AD7      ;            ;          ; GND                             ; gnd    ;              ;                     ; --           ;                 ; --       ; --           ;
; AD8      ;            ; --       ; VCCE_GXBL                       ; power  ;              ; 1.1V                ; --           ;                 ; --       ; --           ;
; AD9      ;            ;          ; GND                             ; gnd    ;              ;                     ; --           ;                 ; --       ; --           ;
; AD10     ;            ;          ; GND                             ; gnd    ;              ;                     ; --           ;                 ; --       ; --           ;
; AD11     ; 66         ; 3A       ; RESERVED_INPUT_WITH_WEAK_PULLUP ;        ;              ;                     ; Column I/O   ;                 ; no       ; On           ;
; AD12     ; 68         ; 3A       ; RESERVED_INPUT_WITH_WEAK_PULLUP ;        ;              ;                     ; Column I/O   ;                 ; no       ; On           ;
; AD13     ;            ; 3A       ; VCCIO3A                         ; power  ;              ; 2.5V                ; --           ;                 ; --       ; --           ;
; AD14     ; 96         ; 3A       ; RESERVED_INPUT_WITH_WEAK_PULLUP ;        ;              ;                     ; Column I/O   ;                 ; no       ; On           ;
; AD15     ; 104        ; 3A       ; RESERVED_INPUT_WITH_WEAK_PULLUP ;        ;              ;                     ; Column I/O   ;                 ; no       ; On           ;
; AD16     ; 126        ; 3B       ; RESERVED_INPUT_WITH_WEAK_PULLUP ;        ;              ;                     ; Column I/O   ;                 ; no       ; On           ;
; AD17     ; 144        ; 3B       ; RESERVED_INPUT_WITH_WEAK_PULLUP ;        ;              ;                     ; Column I/O   ;                 ; no       ; On           ;
; AD18     ;            ;          ; GND                             ; gnd    ;              ;                     ; --           ;                 ; --       ; --           ;
; AD19     ; 184        ; 4A       ; RESERVED_INPUT_WITH_WEAK_PULLUP ;        ;              ;                     ; Column I/O   ;                 ; no       ; On           ;
; AD20     ; 192        ; 4A       ; RESERVED_INPUT_WITH_WEAK_PULLUP ;        ;              ;                     ; Column I/O   ;                 ; no       ; On           ;
; AD21     ; 230        ; 4A       ; RESERVED_INPUT_WITH_WEAK_PULLUP ;        ;              ;                     ; Column I/O   ;                 ; no       ; On           ;
; AD22     ; 246        ; 4A       ; RESERVED_INPUT_WITH_WEAK_PULLUP ;        ;              ;                     ; Column I/O   ;                 ; no       ; On           ;
; AD23     ;            ; 4A       ; VCCIO4A                         ; power  ;              ; 2.5V                ; --           ;                 ; --       ; --           ;
; AD24     ; 258        ; 5A       ; RESERVED_INPUT_WITH_WEAK_PULLUP ;        ;              ;                     ; Row I/O      ;                 ; no       ; On           ;
; AD25     ; 260        ; 5A       ; RESERVED_INPUT_WITH_WEAK_PULLUP ;        ;              ;                     ; Row I/O      ;                 ; no       ; On           ;
; AD26     ;            ; --       ; VCCA_FPLL                       ; power  ;              ; 2.5V                ; --           ;                 ; --       ; --           ;
; AD27     ;            ; --       ; VCCPGM                          ; power  ;              ; 1.8V/2.5V/3.0V/3.3V ; --           ;                 ; --       ; --           ;
; AD28     ;            ;          ; GND                             ; gnd    ;              ;                     ; --           ;                 ; --       ; --           ;
; AD29     ; 268        ; 5A       ; RESERVED_INPUT_WITH_WEAK_PULLUP ;        ;              ;                     ; Row I/O      ;                 ; no       ; On           ;
; AD30     ; 309        ; 5B       ; RESERVED_INPUT_WITH_WEAK_PULLUP ;        ;              ;                     ; Row I/O      ;                 ; no       ; On           ;
; AD31     ; 331        ; 5B       ; RESERVED_INPUT_WITH_WEAK_PULLUP ;        ;              ;                     ; Row I/O      ;                 ; no       ; On           ;
; AD32     ; 333        ; 5B       ; RESERVED_INPUT_WITH_WEAK_PULLUP ;        ;              ;                     ; Row I/O      ;                 ; no       ; On           ;
; AD33     ;            ; 5B       ; VCCIO5B                         ; power  ;              ; 2.5V                ; --           ;                 ; --       ; --           ;
; AD34     ; 349        ; 5B       ; RESERVED_INPUT_WITH_WEAK_PULLUP ;        ;              ;                     ; Row I/O      ;                 ; no       ; On           ;
; AE1      ; 45         ; B0L      ; GND                             ;        ;              ;                     ; --           ;                 ; --       ; --           ;
; AE2      ; 44         ; B0L      ; GND                             ;        ;              ;                     ; --           ;                 ; --       ; --           ;
; AE3      ;            ;          ; GND                             ; gnd    ;              ;                     ; --           ;                 ; --       ; --           ;
; AE4      ;            ;          ; GND                             ; gnd    ;              ;                     ; --           ;                 ; --       ; --           ;
; AE5      ;            ;          ; GND                             ; gnd    ;              ;                     ; --           ;                 ; --       ; --           ;
; AE6      ;            ;          ; GND                             ; gnd    ;              ;                     ; --           ;                 ; --       ; --           ;
; AE7      ;            ;          ; GND                             ; gnd    ;              ;                     ; --           ;                 ; --       ; --           ;
; AE8      ;            ;          ; GND                             ; gnd    ;              ;                     ; --           ;                 ; --       ; --           ;
; AE9      ;            ;          ; GND                             ; gnd    ;              ;                     ; --           ;                 ; --       ; --           ;
; AE10     ; 62         ; 3A       ; #TDI                            ; input  ;              ;                     ; --           ;                 ; --       ; --           ;
; AE11     ;            ;          ; GND                             ; gnd    ;              ;                     ; --           ;                 ; --       ; --           ;
; AE12     ;            ; --       ; VCC_AUX                         ; power  ;              ; 2.5V                ; --           ;                 ; --       ; --           ;
; AE13     ;            ; 3A       ; VCCPD3A                         ; power  ;              ; 2.5V                ; --           ;                 ; --       ; --           ;
; AE14     ; 94         ; 3A       ; RESERVED_INPUT_WITH_WEAK_PULLUP ;        ;              ;                     ; Column I/O   ;                 ; no       ; On           ;
; AE15     ;            ; 3A       ; VCCPD3A                         ; power  ;              ; 2.5V                ; --           ;                 ; --       ; --           ;
; AE16     ;            ; 3B       ; VCCIO3B                         ; power  ;              ; 2.5V                ; --           ;                 ; --       ; --           ;
; AE17     ;            ; 3B, 4A   ; VCCPD3B4A                       ; power  ;              ; 2.5V                ; --           ;                 ; --       ; --           ;
; AE18     ;            ; --       ; VCC_AUX                         ; power  ;              ; 2.5V                ; --           ;                 ; --       ; --           ;
; AE19     ; 182        ; 4A       ; RESERVED_INPUT_WITH_WEAK_PULLUP ;        ;              ;                     ; Column I/O   ;                 ; no       ; On           ;
; AE20     ; 190        ; 4A       ; RESERVED_INPUT_WITH_WEAK_PULLUP ;        ;              ;                     ; Column I/O   ;                 ; no       ; On           ;
; AE21     ;            ;          ; GND                             ; gnd    ;              ;                     ; --           ;                 ; --       ; --           ;
; AE22     ;            ; 3B, 4A   ; VCCPD3B4A                       ; power  ;              ; 2.5V                ; --           ;                 ; --       ; --           ;
; AE23     ; 240        ; 4A       ; RESERVED_INPUT_WITH_WEAK_PULLUP ;        ;              ;                     ; Column I/O   ;                 ; no       ; On           ;
; AE24     ;            ; --       ; VCC_AUX                         ; power  ;              ; 2.5V                ; --           ;                 ; --       ; --           ;
; AE25     ; 254        ; 4A       ; RESERVED_INPUT_WITH_WEAK_PULLUP ;        ;              ;                     ; Column I/O   ;                 ; no       ; On           ;
; AE26     ;            ; 5A       ; VCCIO5A                         ; power  ;              ; 2.5V                ; --           ;                 ; --       ; --           ;
; AE27     ;            ; 5A       ; VREFB5AN0                       ; power  ;              ;                     ; --           ;                 ; --       ; --           ;
; AE28     ; 279        ; 5A       ; RESERVED_INPUT_WITH_WEAK_PULLUP ;        ;              ;                     ; Row I/O      ;                 ; no       ; On           ;
; AE29     ; 266        ; 5A       ; RESERVED_INPUT_WITH_WEAK_PULLUP ;        ;              ;                     ; Row I/O      ;                 ; no       ; On           ;
; AE30     ; 307        ; 5B       ; RESERVED_INPUT_WITH_WEAK_PULLUP ;        ;              ;                     ; Row I/O      ;                 ; no       ; On           ;
; AE31     ;            ;          ; GND                             ; gnd    ;              ;                     ; --           ;                 ; --       ; --           ;
; AE32     ; 335        ; 5B       ; RESERVED_INPUT_WITH_WEAK_PULLUP ;        ;              ;                     ; Row I/O      ;                 ; no       ; On           ;
; AE33     ; 345        ; 5B       ; RESERVED_INPUT_WITH_WEAK_PULLUP ;        ;              ;                     ; Row I/O      ;                 ; no       ; On           ;
; AE34     ; 347        ; 5B       ; RESERVED_INPUT_WITH_WEAK_PULLUP ;        ;              ;                     ; Row I/O      ;                 ; no       ; On           ;
; AF1      ;            ;          ; GND                             ; gnd    ;              ;                     ; --           ;                 ; --       ; --           ;
; AF2      ;            ;          ; GND                             ; gnd    ;              ;                     ; --           ;                 ; --       ; --           ;
; AF3      ; 46         ; B0L      ; GXB_NC                          ;        ;              ;                     ; --           ;                 ; --       ; --           ;
; AF4      ; 47         ; B0L      ; GXB_NC                          ;        ;              ;                     ; --           ;                 ; --       ; --           ;
; AF5      ;            ;          ; GND                             ; gnd    ;              ;                     ; --           ;                 ; --       ; --           ;
; AF6      ;            ;          ; GND                             ; gnd    ;              ;                     ; --           ;                 ; --       ; --           ;
; AF7      ;            ;          ; GND                             ; gnd    ;              ;                     ; --           ;                 ; --       ; --           ;
; AF8      ;            ;          ; NC                              ;        ;              ;                     ; --           ;                 ; --       ; --           ;
; AF9      ;            ; 3A       ; VCCIO3A                         ; power  ;              ; 2.5V                ; --           ;                 ; --       ; --           ;
; AF10     ; 64         ; 3A       ; ^DCLK                           ;        ;              ;                     ; Weak Pull Up ;                 ; --       ; On           ;
; AF11     ; 56         ; 3A       ; #TDO                            ; output ;              ;                     ; --           ;                 ; --       ; --           ;
; AF12     ;            ; --       ; VCCPGM                          ; power  ;              ; 1.8V/2.5V/3.0V/3.3V ; --           ;                 ; --       ; --           ;
; AF13     ; 76         ; 3A       ; RESERVED_INPUT_WITH_WEAK_PULLUP ;        ;              ;                     ; Column I/O   ;                 ; no       ; On           ;
; AF14     ;            ;          ; GND                             ; gnd    ;              ;                     ; --           ;                 ; --       ; --           ;
; AF15     ;            ; 3B, 4A   ; VCCPD3B4A                       ; power  ;              ; 2.5V                ; --           ;                 ; --       ; --           ;
; AF16     ;            ; 3B, 4A   ; VCCPD3B4A                       ; power  ;              ; 2.5V                ; --           ;                 ; --       ; --           ;
; AF17     ;            ;          ; DNU                             ;        ;              ;                     ; --           ;                 ; --       ; --           ;
; AF18     ; 176        ; 4A       ; RESERVED_INPUT_WITH_WEAK_PULLUP ;        ;              ;                     ; Column I/O   ;                 ; no       ; On           ;
; AF19     ;            ; 4A       ; VCCIO4A                         ; power  ;              ; 2.5V                ; --           ;                 ; --       ; --           ;
; AF20     ;            ; 3B, 4A   ; VCCPD3B4A                       ; power  ;              ; 2.5V                ; --           ;                 ; --       ; --           ;
; AF21     ;            ; 3B, 4A   ; VCCPD3B4A                       ; power  ;              ; 2.5V                ; --           ;                 ; --       ; --           ;
; AF22     ; 224        ; 4A       ; RESERVED_INPUT_WITH_WEAK_PULLUP ;        ;              ;                     ; Column I/O   ;                 ; no       ; On           ;
; AF23     ; 238        ; 4A       ; RESERVED_INPUT_WITH_WEAK_PULLUP ;        ;              ;                     ; Column I/O   ;                 ; no       ; On           ;
; AF24     ;            ;          ; GND                             ; gnd    ;              ;                     ; --           ;                 ; --       ; --           ;
; AF25     ; 256        ; 4A       ; RESERVED_INPUT_WITH_WEAK_PULLUP ;        ;              ;                     ; Column I/O   ;                 ; no       ; On           ;
; AF26     ; 277        ; 5A       ; RESERVED_INPUT_WITH_WEAK_PULLUP ;        ;              ;                     ; Row I/O      ;                 ; no       ; On           ;
; AF27     ; 275        ; 5A       ; RESERVED_INPUT_WITH_WEAK_PULLUP ;        ;              ;                     ; Row I/O      ;                 ; no       ; On           ;
; AF28     ; 281        ; 5A       ; RESERVED_INPUT_WITH_WEAK_PULLUP ;        ;              ;                     ; Row I/O      ;                 ; no       ; On           ;
; AF29     ;            ; 5A       ; VCCIO5A                         ; power  ;              ; 2.5V                ; --           ;                 ; --       ; --           ;
; AF30     ; 296        ; 5A       ; RESERVED_INPUT_WITH_WEAK_PULLUP ;        ;              ;                     ; Row I/O      ;                 ; no       ; On           ;
; AF31     ; 317        ; 5B       ; RESERVED_INPUT_WITH_WEAK_PULLUP ;        ;              ;                     ; Row I/O      ;                 ; no       ; On           ;
; AF32     ; 337        ; 5B       ; RESERVED_INPUT_WITH_WEAK_PULLUP ;        ;              ;                     ; Row I/O      ;                 ; no       ; On           ;
; AF33     ; 343        ; 5B       ; RESERVED_INPUT_WITH_WEAK_PULLUP ;        ;              ;                     ; Row I/O      ;                 ; no       ; On           ;
; AF34     ;            ;          ; GND                             ; gnd    ;              ;                     ; --           ;                 ; --       ; --           ;
; AG1      ; 49         ; B0L      ; GND                             ;        ;              ;                     ; --           ;                 ; --       ; --           ;
; AG2      ; 48         ; B0L      ; GND                             ;        ;              ;                     ; --           ;                 ; --       ; --           ;
; AG3      ;            ;          ; GND                             ; gnd    ;              ;                     ; --           ;                 ; --       ; --           ;
; AG4      ;            ;          ; GND                             ; gnd    ;              ;                     ; --           ;                 ; --       ; --           ;
; AG5      ;            ;          ; GND                             ; gnd    ;              ;                     ; --           ;                 ; --       ; --           ;
; AG6      ;            ;          ; GND                             ; gnd    ;              ;                     ; --           ;                 ; --       ; --           ;
; AG7      ;            ;          ; GND                             ; gnd    ;              ;                     ; --           ;                 ; --       ; --           ;
; AG8      ;            ;          ; NC                              ;        ;              ;                     ; --           ;                 ; --       ; --           ;
; AG9      ;            ;          ; DNU                             ;        ;              ;                     ; --           ;                 ; --       ; --           ;
; AG10     ; 57         ; 3A       ; ^nCSO, DATA4                    ;        ;              ;                     ; Weak Pull Up ;                 ; --       ; On           ;
; AG11     ; 58         ; 3A       ; #TMS                            ; input  ;              ;                     ; --           ;                 ; --       ; --           ;
; AG12     ;            ; 3A       ; VCCIO3A                         ; power  ;              ; 2.5V                ; --           ;                 ; --       ; --           ;
; AG13     ; 74         ; 3A       ; RESERVED_INPUT_WITH_WEAK_PULLUP ;        ;              ;                     ; Column I/O   ;                 ; no       ; On           ;
; AG14     ; 101        ; 3A       ; RESERVED_INPUT_WITH_WEAK_PULLUP ;        ;              ;                     ; Column I/O   ;                 ; no       ; On           ;
; AG15     ; 118        ; 3B       ; RESERVED_INPUT_WITH_WEAK_PULLUP ;        ;              ;                     ; Column I/O   ;                 ; no       ; On           ;
; AG16     ; 120        ; 3B       ; RESERVED_INPUT_WITH_WEAK_PULLUP ;        ;              ;                     ; Column I/O   ;                 ; no       ; On           ;
; AG17     ;            ;          ; GND                             ; gnd    ;              ;                     ; --           ;                 ; --       ; --           ;
; AG18     ; 174        ; 4A       ; RESERVED_INPUT_WITH_WEAK_PULLUP ;        ;              ;                     ; Column I/O   ;                 ; no       ; On           ;
; AG19     ; 173        ; 4A       ; RESERVED_INPUT_WITH_WEAK_PULLUP ;        ;              ;                     ; Column I/O   ;                 ; no       ; On           ;
; AG20     ;            ; 4A       ; VREFB4AN0                       ; power  ;              ;                     ; --           ;                 ; --       ; --           ;
; AG21     ; 222        ; 4A       ; RESERVED_INPUT_WITH_WEAK_PULLUP ;        ;              ;                     ; Column I/O   ;                 ; no       ; On           ;
; AG22     ;            ; 4A       ; VCCIO4A                         ; power  ;              ; 2.5V                ; --           ;                 ; --       ; --           ;
; AG23     ; 229        ; 4A       ; RESERVED_INPUT_WITH_WEAK_PULLUP ;        ;              ;                     ; Column I/O   ;                 ; no       ; On           ;
; AG24     ; 245        ; 4A       ; RESERVED_INPUT_WITH_WEAK_PULLUP ;        ;              ;                     ; Column I/O   ;                 ; no       ; On           ;
; AG25     ; 253        ; 4A       ; RESERVED_INPUT_WITH_WEAK_PULLUP ;        ;              ;                     ; Column I/O   ;                 ; no       ; On           ;
; AG26     ; 251        ; 4A       ; RESERVED_INPUT_WITH_WEAK_PULLUP ;        ;              ;                     ; Column I/O   ;                 ; no       ; On           ;
; AG27     ;            ;          ; GND                             ; gnd    ;              ;                     ; --           ;                 ; --       ; --           ;
; AG28     ; 283        ; 5A       ; RESERVED_INPUT_WITH_WEAK_PULLUP ;        ;              ;                     ; Row I/O      ;                 ; no       ; On           ;
; AG29     ; 287        ; 5A       ; RESERVED_INPUT_WITH_WEAK_PULLUP ;        ;              ;                     ; Row I/O      ;                 ; no       ; On           ;
; AG30     ; 294        ; 5A       ; RESERVED_INPUT_WITH_WEAK_PULLUP ;        ;              ;                     ; Row I/O      ;                 ; no       ; On           ;
; AG31     ; 315        ; 5B       ; RESERVED_INPUT_WITH_WEAK_PULLUP ;        ;              ;                     ; Row I/O      ;                 ; no       ; On           ;
; AG32     ;            ; 5B       ; VCCIO5B                         ; power  ;              ; 2.5V                ; --           ;                 ; --       ; --           ;
; AG33     ; 329        ; 5B       ; RESERVED_INPUT_WITH_WEAK_PULLUP ;        ;              ;                     ; Row I/O      ;                 ; no       ; On           ;
; AG34     ; 339        ; 5B       ; RESERVED_INPUT_WITH_WEAK_PULLUP ;        ;              ;                     ; Row I/O      ;                 ; no       ; On           ;
; AH1      ;            ;          ; GND                             ; gnd    ;              ;                     ; --           ;                 ; --       ; --           ;
; AH2      ;            ;          ; GND                             ; gnd    ;              ;                     ; --           ;                 ; --       ; --           ;
; AH3      ; 50         ; B0L      ; GXB_NC                          ;        ;              ;                     ; --           ;                 ; --       ; --           ;
; AH4      ; 51         ; B0L      ; GXB_NC                          ;        ;              ;                     ; --           ;                 ; --       ; --           ;
; AH5      ;            ;          ; GND                             ; gnd    ;              ;                     ; --           ;                 ; --       ; --           ;
; AH6      ;            ;          ; NC                              ;        ;              ;                     ; --           ;                 ; --       ; --           ;
; AH7      ;            ;          ; NC                              ;        ;              ;                     ; --           ;                 ; --       ; --           ;
; AH8      ; 61         ; 3A       ; ^AS_DATA2, DATA2                ;        ;              ;                     ; Weak Pull Up ;                 ; --       ; On           ;
; AH9      ; 65         ; 3A       ; ^AS_DATA0, ASDO, DATA0          ;        ;              ;                     ; Weak Pull Up ;                 ; --       ; On           ;
; AH10     ;            ;          ; GND                             ; gnd    ;              ;                     ; --           ;                 ; --       ; --           ;
; AH11     ;            ; 3A       ; VREFB3AN0                       ; power  ;              ;                     ; --           ;                 ; --       ; --           ;
; AH12     ; 72         ; 3A       ; RESERVED_INPUT_WITH_WEAK_PULLUP ;        ;              ;                     ; Column I/O   ;                 ; no       ; On           ;
; AH13     ; 93         ; 3A       ; RESERVED_INPUT_WITH_WEAK_PULLUP ;        ;              ;                     ; Column I/O   ;                 ; no       ; On           ;
; AH14     ; 99         ; 3A       ; RESERVED_INPUT_WITH_WEAK_PULLUP ;        ;              ;                     ; Column I/O   ;                 ; no       ; On           ;
; AH15     ;            ; 3B       ; VCCIO3B                         ; power  ;              ; 2.5V                ; --           ;                 ; --       ; --           ;
; AH16     ; 141        ; 3B       ; RESERVED_INPUT_WITH_WEAK_PULLUP ;        ;              ;                     ; Column I/O   ;                 ; no       ; On           ;
; AH17     ; 157        ; 3B       ; RESERVED_INPUT_WITH_WEAK_PULLUP ;        ;              ;                     ; Column I/O   ;                 ; no       ; On           ;
; AH18     ;            ; 3B       ; VREFB3BN0                       ; power  ;              ;                     ; --           ;                 ; --       ; --           ;
; AH19     ; 171        ; 4A       ; RESERVED_INPUT_WITH_WEAK_PULLUP ;        ;              ;                     ; Column I/O   ;                 ; no       ; On           ;
; AH20     ;            ;          ; GND                             ; gnd    ;              ;                     ; --           ;                 ; --       ; --           ;
; AH21     ; 203        ; 4A       ; RESERVED_INPUT_WITH_WEAK_PULLUP ;        ;              ;                     ; Column I/O   ;                 ; no       ; On           ;
; AH22     ; 205        ; 4A       ; RESERVED_INPUT_WITH_WEAK_PULLUP ;        ;              ;                     ; Column I/O   ;                 ; no       ; On           ;
; AH23     ; 227        ; 4A       ; sample_in[2]                    ; input  ; 2.5 V        ;                     ; Column I/O   ; N               ; no       ; Off          ;
; AH24     ; 243        ; 4A       ; RESERVED_INPUT_WITH_WEAK_PULLUP ;        ;              ;                     ; Column I/O   ;                 ; no       ; On           ;
; AH25     ;            ; 4A       ; VCCIO4A                         ; power  ;              ; 2.5V                ; --           ;                 ; --       ; --           ;
; AH26     ; 252        ; 4A       ; RESERVED_INPUT_WITH_WEAK_PULLUP ;        ;              ;                     ; Column I/O   ;                 ; no       ; On           ;
; AH27     ; 257        ; 4A       ; RESERVED_INPUT_WITH_WEAK_PULLUP ;        ;              ;                     ; Column I/O   ;                 ; no       ; On           ;
; AH28     ; 285        ; 5A       ; RESERVED_INPUT_WITH_WEAK_PULLUP ;        ;              ;                     ; Row I/O      ;                 ; no       ; On           ;
; AH29     ; 289        ; 5A       ; RESERVED_INPUT_WITH_WEAK_PULLUP ;        ;              ;                     ; Row I/O      ;                 ; no       ; On           ;
; AH30     ;            ;          ; GND                             ; gnd    ;              ;                     ; --           ;                 ; --       ; --           ;
; AH31     ; 302        ; 5A       ; RESERVED_INPUT_WITH_WEAK_PULLUP ;        ;              ;                     ; Row I/O      ;                 ; no       ; On           ;
; AH32     ; 311        ; 5B       ; RESERVED_INPUT_WITH_WEAK_PULLUP ;        ;              ;                     ; Row I/O      ;                 ; no       ; On           ;
; AH33     ; 327        ; 5B       ; RESERVED_INPUT_WITH_WEAK_PULLUP ;        ;              ;                     ; Row I/O      ;                 ; no       ; On           ;
; AH34     ; 341        ; 5B       ; RESERVED_INPUT_WITH_WEAK_PULLUP ;        ;              ;                     ; Row I/O      ;                 ; no       ; On           ;
; AJ1      ; 53         ; B0L      ; GND                             ;        ;              ;                     ; --           ;                 ; --       ; --           ;
; AJ2      ; 52         ; B0L      ; GND                             ;        ;              ;                     ; --           ;                 ; --       ; --           ;
; AJ3      ;            ;          ; GND                             ; gnd    ;              ;                     ; --           ;                 ; --       ; --           ;
; AJ4      ;            ;          ; GND                             ; gnd    ;              ;                     ; --           ;                 ; --       ; --           ;
; AJ5      ;            ;          ; GND                             ; gnd    ;              ;                     ; --           ;                 ; --       ; --           ;
; AJ6      ; 59         ; 3A       ; ^AS_DATA3, DATA3                ;        ;              ;                     ; Weak Pull Up ;                 ; --       ; On           ;
; AJ7      ; 63         ; 3A       ; ^AS_DATA1, DATA1                ;        ;              ;                     ; Weak Pull Up ;                 ; --       ; On           ;
; AJ8      ;            ; 3A       ; VCCIO3A                         ; power  ;              ; 2.5V                ; --           ;                 ; --       ; --           ;
; AJ9      ; 81         ; 3A       ; RESERVED_INPUT_WITH_WEAK_PULLUP ;        ;              ;                     ; Column I/O   ;                 ; no       ; On           ;
; AJ10     ; 85         ; 3A       ; RESERVED_INPUT_WITH_WEAK_PULLUP ;        ;              ;                     ; Column I/O   ;                 ; no       ; On           ;
; AJ11     ; 70         ; 3A       ; RESERVED_INPUT_WITH_WEAK_PULLUP ;        ;              ;                     ; Column I/O   ;                 ; no       ; On           ;
; AJ12     ; 91         ; 3A       ; RESERVED_INPUT_WITH_WEAK_PULLUP ;        ;              ;                     ; Column I/O   ;                 ; no       ; On           ;
; AJ13     ;            ;          ; GND                             ; gnd    ;              ;                     ; --           ;                 ; --       ; --           ;
; AJ14     ; 109        ; 3A       ; RESERVED_INPUT_WITH_WEAK_PULLUP ;        ;              ;                     ; Column I/O   ;                 ; no       ; On           ;
; AJ15     ; 125        ; 3B       ; RESERVED_INPUT_WITH_WEAK_PULLUP ;        ;              ;                     ; Column I/O   ;                 ; no       ; On           ;
; AJ16     ; 139        ; 3B       ; RESERVED_INPUT_WITH_WEAK_PULLUP ;        ;              ;                     ; Column I/O   ;                 ; no       ; On           ;
; AJ17     ; 155        ; 3B       ; RESERVED_INPUT_WITH_WEAK_PULLUP ;        ;              ;                     ; Column I/O   ;                 ; no       ; On           ;
; AJ18     ;            ; 4A       ; VCCIO4A                         ; power  ;              ; 2.5V                ; --           ;                 ; --       ; --           ;
; AJ19     ; 172        ; 4A       ; RESERVED_INPUT_WITH_WEAK_PULLUP ;        ;              ;                     ; Column I/O   ;                 ; no       ; On           ;
; AJ20     ; 200        ; 4A       ; RESERVED_INPUT_WITH_WEAK_PULLUP ;        ;              ;                     ; Column I/O   ;                 ; no       ; On           ;
; AJ21     ; 199        ; 4A       ; RESERVED_INPUT_WITH_WEAK_PULLUP ;        ;              ;                     ; Column I/O   ;                 ; no       ; On           ;
; AJ22     ; 201        ; 4A       ; RESERVED_INPUT_WITH_WEAK_PULLUP ;        ;              ;                     ; Column I/O   ;                 ; no       ; On           ;
; AJ23     ;            ;          ; GND                             ; gnd    ;              ;                     ; --           ;                 ; --       ; --           ;
; AJ24     ; 221        ; 4A       ; RESERVED_INPUT_WITH_WEAK_PULLUP ;        ;              ;                     ; Column I/O   ;                 ; no       ; On           ;
; AJ25     ; 237        ; 4A       ; RESERVED_INPUT_WITH_WEAK_PULLUP ;        ;              ;                     ; Column I/O   ;                 ; no       ; On           ;
; AJ26     ; 250        ; 4A       ; RESERVED_INPUT_WITH_WEAK_PULLUP ;        ;              ;                     ; Column I/O   ;                 ; no       ; On           ;
; AJ27     ; 255        ; 4A       ; RESERVED_INPUT_WITH_WEAK_PULLUP ;        ;              ;                     ; Column I/O   ;                 ; no       ; On           ;
; AJ28     ;            ; 4A       ; VCCIO4A                         ; power  ;              ; 2.5V                ; --           ;                 ; --       ; --           ;
; AJ29     ; 244        ; 4A       ; RESERVED_INPUT_WITH_WEAK_PULLUP ;        ;              ;                     ; Column I/O   ;                 ; no       ; On           ;
; AJ30     ; 293        ; 5A       ; RESERVED_INPUT_WITH_WEAK_PULLUP ;        ;              ;                     ; Row I/O      ;                 ; no       ; On           ;
; AJ31     ; 304        ; 5A       ; RESERVED_INPUT_WITH_WEAK_PULLUP ;        ;              ;                     ; Row I/O      ;                 ; no       ; On           ;
; AJ32     ; 313        ; 5B       ; RESERVED_INPUT_WITH_WEAK_PULLUP ;        ;              ;                     ; Row I/O      ;                 ; no       ; On           ;
; AJ33     ;            ;          ; GND                             ; gnd    ;              ;                     ; --           ;                 ; --       ; --           ;
; AJ34     ; 328        ; 5B       ; RESERVED_INPUT_WITH_WEAK_PULLUP ;        ;              ;                     ; Row I/O      ;                 ; no       ; On           ;
; AK1      ;            ;          ; GND                             ; gnd    ;              ;                     ; --           ;                 ; --       ; --           ;
; AK2      ;            ;          ; GND                             ; gnd    ;              ;                     ; --           ;                 ; --       ; --           ;
; AK3      ;            ;          ; GND                             ; gnd    ;              ;                     ; --           ;                 ; --       ; --           ;
; AK4      ;            ;          ; NC                              ;        ;              ;                     ; --           ;                 ; --       ; --           ;
; AK5      ; 60         ; 3A       ; #TCK                            ; input  ;              ;                     ; --           ;                 ; --       ; --           ;
; AK6      ;            ;          ; GND                             ; gnd    ;              ;                     ; --           ;                 ; --       ; --           ;
; AK7      ; 73         ; 3A       ; RESERVED_INPUT_WITH_WEAK_PULLUP ;        ;              ;                     ; Column I/O   ;                 ; no       ; On           ;
; AK8      ; 77         ; 3A       ; RESERVED_INPUT_WITH_WEAK_PULLUP ;        ;              ;                     ; Column I/O   ;                 ; no       ; On           ;
; AK9      ; 79         ; 3A       ; RESERVED_INPUT_WITH_WEAK_PULLUP ;        ;              ;                     ; Column I/O   ;                 ; no       ; On           ;
; AK10     ; 83         ; 3A       ; RESERVED_INPUT_WITH_WEAK_PULLUP ;        ;              ;                     ; Column I/O   ;                 ; no       ; On           ;
; AK11     ;            ; 3A       ; VCCIO3A                         ; power  ;              ; 2.5V                ; --           ;                 ; --       ; --           ;
; AK12     ; 111        ; 3A       ; RESERVED_INPUT_WITH_WEAK_PULLUP ;        ;              ;                     ; Column I/O   ;                 ; no       ; On           ;
; AK13     ; 113        ; 3A       ; RESERVED_INPUT_WITH_WEAK_PULLUP ;        ;              ;                     ; Column I/O   ;                 ; no       ; On           ;
; AK14     ; 107        ; 3A       ; RESERVED_INPUT_WITH_WEAK_PULLUP ;        ;              ;                     ; Column I/O   ;                 ; no       ; On           ;
; AK15     ; 123        ; 3B       ; RESERVED_INPUT_WITH_WEAK_PULLUP ;        ;              ;                     ; Column I/O   ;                 ; no       ; On           ;
; AK16     ;            ;          ; GND                             ; gnd    ;              ;                     ; --           ;                 ; --       ; --           ;
; AK17     ; 153        ; 3B       ; RESERVED_INPUT_WITH_WEAK_PULLUP ;        ;              ;                     ; Column I/O   ;                 ; no       ; On           ;
; AK18     ; 161        ; 3B       ; RESERVED_INPUT_WITH_WEAK_PULLUP ;        ;              ;                     ; Column I/O   ;                 ; no       ; On           ;
; AK19     ; 170        ; 4A       ; RESERVED_INPUT_WITH_WEAK_PULLUP ;        ;              ;                     ; Column I/O   ;                 ; no       ; On           ;
; AK20     ; 198        ; 4A       ; RESERVED_INPUT_WITH_WEAK_PULLUP ;        ;              ;                     ; Column I/O   ;                 ; no       ; On           ;
; AK21     ;            ; 4A       ; VCCIO4A                         ; power  ;              ; 2.5V                ; --           ;                 ; --       ; --           ;
; AK22     ; 196        ; 4A       ; RESERVED_INPUT_WITH_WEAK_PULLUP ;        ;              ;                     ; Column I/O   ;                 ; no       ; On           ;
; AK23     ; 213        ; 4A       ; RESERVED_INPUT_WITH_WEAK_PULLUP ;        ;              ;                     ; Column I/O   ;                 ; no       ; On           ;
; AK24     ; 219        ; 4A       ; RESERVED_INPUT_WITH_WEAK_PULLUP ;        ;              ;                     ; Column I/O   ;                 ; no       ; On           ;
; AK25     ; 235        ; 4A       ; RESERVED_INPUT_WITH_WEAK_PULLUP ;        ;              ;                     ; Column I/O   ;                 ; no       ; On           ;
; AK26     ;            ;          ; GND                             ; gnd    ;              ;                     ; --           ;                 ; --       ; --           ;
; AK27     ; 234        ; 4A       ; RESERVED_INPUT_WITH_WEAK_PULLUP ;        ;              ;                     ; Column I/O   ;                 ; no       ; On           ;
; AK28     ; 236        ; 4A       ; RESERVED_INPUT_WITH_WEAK_PULLUP ;        ;              ;                     ; Column I/O   ;                 ; no       ; On           ;
; AK29     ; 242        ; 4A       ; RESERVED_INPUT_WITH_WEAK_PULLUP ;        ;              ;                     ; Column I/O   ;                 ; no       ; On           ;
; AK30     ; 291        ; 5A       ; RESERVED_INPUT_WITH_WEAK_PULLUP ;        ;              ;                     ; Row I/O      ;                 ; no       ; On           ;
; AK31     ;            ; 5A       ; VCCIO5A                         ; power  ;              ; 2.5V                ; --           ;                 ; --       ; --           ;
; AK32     ; 301        ; 5A       ; RESERVED_INPUT_WITH_WEAK_PULLUP ;        ;              ;                     ; Row I/O      ;                 ; no       ; On           ;
; AK33     ; 305        ; 5A       ; RESERVED_INPUT_WITH_WEAK_PULLUP ;        ;              ;                     ; Row I/O      ;                 ; no       ; On           ;
; AK34     ; 326        ; 5B       ; RESERVED_INPUT_WITH_WEAK_PULLUP ;        ;              ;                     ; Row I/O      ;                 ; no       ; On           ;
; AL1      ;            ;          ; NC                              ;        ;              ;                     ; --           ;                 ; --       ; --           ;
; AL2      ;            ;          ; NC                              ;        ;              ;                     ; --           ;                 ; --       ; --           ;
; AL3      ;            ;          ; NC                              ;        ;              ;                     ; --           ;                 ; --       ; --           ;
; AL4      ;            ;          ; NC                              ;        ;              ;                     ; --           ;                 ; --       ; --           ;
; AL5      ;            ;          ; GND                             ; gnd    ;              ;                     ; --           ;                 ; --       ; --           ;
; AL6      ; 84         ; 3A       ; RESERVED_INPUT_WITH_WEAK_PULLUP ;        ;              ;                     ; Column I/O   ;                 ; no       ; On           ;
; AL7      ; 71         ; 3A       ; RESERVED_INPUT_WITH_WEAK_PULLUP ;        ;              ;                     ; Column I/O   ;                 ; no       ; On           ;
; AL8      ; 75         ; 3A       ; RESERVED_INPUT_WITH_WEAK_PULLUP ;        ;              ;                     ; Column I/O   ;                 ; no       ; On           ;
; AL9      ;            ;          ; GND                             ; gnd    ;              ;                     ; --           ;                 ; --       ; --           ;
; AL10     ; 108        ; 3A       ; RESERVED_INPUT_WITH_WEAK_PULLUP ;        ;              ;                     ; Column I/O   ;                 ; no       ; On           ;
; AL11     ; 116        ; 3B       ; RESERVED_INPUT_WITH_WEAK_PULLUP ;        ;              ;                     ; Column I/O   ;                 ; no       ; On           ;
; AL12     ; 129        ; 3B       ; RESERVED_INPUT_WITH_WEAK_PULLUP ;        ;              ;                     ; Column I/O   ;                 ; no       ; On           ;
; AL13     ; 127        ; 3B       ; RESERVED_INPUT_WITH_WEAK_PULLUP ;        ;              ;                     ; Column I/O   ;                 ; no       ; On           ;
; AL14     ;            ; 3B       ; VCCIO3B                         ; power  ;              ; 2.5V                ; --           ;                 ; --       ; --           ;
; AL15     ; 117        ; 3B       ; RESERVED_INPUT_WITH_WEAK_PULLUP ;        ;              ;                     ; Column I/O   ;                 ; no       ; On           ;
; AL16     ; 140        ; 3B       ; RESERVED_INPUT_WITH_WEAK_PULLUP ;        ;              ;                     ; Column I/O   ;                 ; no       ; On           ;
; AL17     ; 151        ; 3B       ; RESERVED_INPUT_WITH_WEAK_PULLUP ;        ;              ;                     ; Column I/O   ;                 ; no       ; On           ;
; AL18     ; 159        ; 3B       ; RESERVED_INPUT_WITH_WEAK_PULLUP ;        ;              ;                     ; Column I/O   ;                 ; no       ; On           ;
; AL19     ;            ;          ; GND                             ; gnd    ;              ;                     ; --           ;                 ; --       ; --           ;
; AL20     ; 181        ; 4A       ; RESERVED_INPUT_WITH_WEAK_PULLUP ;        ;              ;                     ; Column I/O   ;                 ; no       ; On           ;
; AL21     ; 177        ; 4A       ; RESERVED_INPUT_WITH_WEAK_PULLUP ;        ;              ;                     ; Column I/O   ;                 ; no       ; On           ;
; AL22     ; 194        ; 4A       ; RESERVED_INPUT_WITH_WEAK_PULLUP ;        ;              ;                     ; Column I/O   ;                 ; no       ; On           ;
; AL23     ; 211        ; 4A       ; RESERVED_INPUT_WITH_WEAK_PULLUP ;        ;              ;                     ; Column I/O   ;                 ; no       ; On           ;
; AL24     ;            ; 4A       ; VCCIO4A                         ; power  ;              ; 2.5V                ; --           ;                 ; --       ; --           ;
; AL25     ; 212        ; 4A       ; RESERVED_INPUT_WITH_WEAK_PULLUP ;        ;              ;                     ; Column I/O   ;                 ; no       ; On           ;
; AL26     ; 217        ; 4A       ; RESERVED_INPUT_WITH_WEAK_PULLUP ;        ;              ;                     ; Column I/O   ;                 ; no       ; On           ;
; AL27     ; 225        ; 4A       ; RESERVED_INPUT_WITH_WEAK_PULLUP ;        ;              ;                     ; Column I/O   ;                 ; no       ; On           ;
; AL28     ; 223        ; 4A       ; RESERVED_INPUT_WITH_WEAK_PULLUP ;        ;              ;                     ; Column I/O   ;                 ; no       ; On           ;
; AL29     ;            ;          ; GND                             ; gnd    ;              ;                     ; --           ;                 ; --       ; --           ;
; AL30     ; 241        ; 4A       ; RESERVED_INPUT_WITH_WEAK_PULLUP ;        ;              ;                     ; Column I/O   ;                 ; no       ; On           ;
; AL31     ; 249        ; 4A       ; RESERVED_INPUT_WITH_WEAK_PULLUP ;        ;              ;                     ; Column I/O   ;                 ; no       ; On           ;
; AL32     ; 299        ; 5A       ; RESERVED_INPUT_WITH_WEAK_PULLUP ;        ;              ;                     ; Row I/O      ;                 ; no       ; On           ;
; AL33     ; 303        ; 5A       ; RESERVED_INPUT_WITH_WEAK_PULLUP ;        ;              ;                     ; Row I/O      ;                 ; no       ; On           ;
; AL34     ;            ;          ; GND                             ; gnd    ;              ;                     ; --           ;                 ; --       ; --           ;
; AM1      ;            ;          ; NC                              ;        ;              ;                     ; --           ;                 ; --       ; --           ;
; AM2      ;            ;          ; NC                              ;        ;              ;                     ; --           ;                 ; --       ; --           ;
; AM3      ;            ;          ; GND                             ; gnd    ;              ;                     ; --           ;                 ; --       ; --           ;
; AM4      ; 67         ; 3A       ; RESERVED_INPUT_WITH_WEAK_PULLUP ;        ;              ;                     ; Column I/O   ;                 ; no       ; On           ;
; AM5      ; 69         ; 3A       ; RESERVED_INPUT_WITH_WEAK_PULLUP ;        ;              ;                     ; Column I/O   ;                 ; no       ; On           ;
; AM6      ; 82         ; 3A       ; RESERVED_INPUT_WITH_WEAK_PULLUP ;        ;              ;                     ; Column I/O   ;                 ; no       ; On           ;
; AM7      ;            ; 3A       ; VCCIO3A                         ; power  ;              ; 2.5V                ; --           ;                 ; --       ; --           ;
; AM8      ; 100        ; 3A       ; RESERVED_INPUT_WITH_WEAK_PULLUP ;        ;              ;                     ; Column I/O   ;                 ; no       ; On           ;
; AM9      ; 105        ; 3A       ; RESERVED_INPUT_WITH_WEAK_PULLUP ;        ;              ;                     ; Column I/O   ;                 ; no       ; On           ;
; AM10     ; 106        ; 3A       ; RESERVED_INPUT_WITH_WEAK_PULLUP ;        ;              ;                     ; Column I/O   ;                 ; no       ; On           ;
; AM11     ; 114        ; 3B       ; RESERVED_INPUT_WITH_WEAK_PULLUP ;        ;              ;                     ; Column I/O   ;                 ; no       ; On           ;
; AM12     ;            ;          ; GND                             ; gnd    ;              ;                     ; --           ;                 ; --       ; --           ;
; AM13     ; 137        ; 3B       ; RESERVED_INPUT_WITH_WEAK_PULLUP ;        ;              ;                     ; Column I/O   ;                 ; no       ; On           ;
; AM14     ; 133        ; 3B       ; RESERVED_INPUT_WITH_WEAK_PULLUP ;        ;              ;                     ; Column I/O   ;                 ; no       ; On           ;
; AM15     ; 115        ; 3B       ; RESERVED_INPUT_WITH_WEAK_PULLUP ;        ;              ;                     ; Column I/O   ;                 ; no       ; On           ;
; AM16     ; 138        ; 3B       ; RESERVED_INPUT_WITH_WEAK_PULLUP ;        ;              ;                     ; Column I/O   ;                 ; no       ; On           ;
; AM17     ;            ; 3B       ; VCCIO3B                         ; power  ;              ; 2.5V                ; --           ;                 ; --       ; --           ;
; AM18     ; 156        ; 3B       ; RESERVED_INPUT_WITH_WEAK_PULLUP ;        ;              ;                     ; Column I/O   ;                 ; no       ; On           ;
; AM19     ; 165        ; 4A       ; RESERVED_INPUT_WITH_WEAK_PULLUP ;        ;              ;                     ; Column I/O   ;                 ; no       ; On           ;
; AM20     ; 179        ; 4A       ; RESERVED_INPUT_WITH_WEAK_PULLUP ;        ;              ;                     ; Column I/O   ;                 ; no       ; On           ;
; AM21     ; 175        ; 4A       ; RESERVED_INPUT_WITH_WEAK_PULLUP ;        ;              ;                     ; Column I/O   ;                 ; no       ; On           ;
; AM22     ;            ;          ; GND                             ; gnd    ;              ;                     ; --           ;                 ; --       ; --           ;
; AM23     ; 185        ; 4A       ; RESERVED_INPUT_WITH_WEAK_PULLUP ;        ;              ;                     ; Column I/O   ;                 ; no       ; On           ;
; AM24     ; 193        ; 4A       ; RESERVED_INPUT_WITH_WEAK_PULLUP ;        ;              ;                     ; Column I/O   ;                 ; no       ; On           ;
; AM25     ; 210        ; 4A       ; RESERVED_INPUT_WITH_WEAK_PULLUP ;        ;              ;                     ; Column I/O   ;                 ; no       ; On           ;
; AM26     ; 215        ; 4A       ; RESERVED_INPUT_WITH_WEAK_PULLUP ;        ;              ;                     ; Column I/O   ;                 ; no       ; On           ;
; AM27     ;            ; 4A       ; VCCIO4A                         ; power  ;              ; 2.5V                ; --           ;                 ; --       ; --           ;
; AM28     ; 209        ; 4A       ; RESERVED_INPUT_WITH_WEAK_PULLUP ;        ;              ;                     ; Column I/O   ;                 ; no       ; On           ;
; AM29     ; 233        ; 4A       ; RESERVED_INPUT_WITH_WEAK_PULLUP ;        ;              ;                     ; Column I/O   ;                 ; no       ; On           ;
; AM30     ; 239        ; 4A       ; RESERVED_INPUT_WITH_WEAK_PULLUP ;        ;              ;                     ; Column I/O   ;                 ; no       ; On           ;
; AM31     ; 247        ; 4A       ; RESERVED_INPUT_WITH_WEAK_PULLUP ;        ;              ;                     ; Column I/O   ;                 ; no       ; On           ;
; AM32     ;            ;          ; GND                             ; gnd    ;              ;                     ; --           ;                 ; --       ; --           ;
; AM33     ; 297        ; 5A       ; RESERVED_INPUT_WITH_WEAK_PULLUP ;        ;              ;                     ; Row I/O      ;                 ; no       ; On           ;
; AM34     ; 321        ; 5B       ; RESERVED_INPUT_WITH_WEAK_PULLUP ;        ;              ;                     ; Row I/O      ;                 ; no       ; On           ;
; AN1      ;            ;          ; NC                              ;        ;              ;                     ; --           ;                 ; --       ; --           ;
; AN2      ;            ;          ; NC                              ;        ;              ;                     ; --           ;                 ; --       ; --           ;
; AN3      ;            ;          ; NC                              ;        ;              ;                     ; --           ;                 ; --       ; --           ;
; AN4      ; 87         ; 3A       ; RESERVED_INPUT_WITH_WEAK_PULLUP ;        ;              ;                     ; Column I/O   ;                 ; no       ; On           ;
; AN5      ; 89         ; 3A       ; sample_out_valid                ; output ; 2.5 V        ;                     ; Column I/O   ; N               ; no       ; Off          ;
; AN6      ;            ;          ; GND                             ; gnd    ;              ;                     ; --           ;                 ; --       ; --           ;
; AN7      ; 97         ; 3A       ; RESERVED_INPUT_WITH_WEAK_PULLUP ;        ;              ;                     ; Column I/O   ;                 ; no       ; On           ;
; AN8      ; 98         ; 3A       ; RESERVED_INPUT_WITH_WEAK_PULLUP ;        ;              ;                     ; Column I/O   ;                 ; no       ; On           ;
; AN9      ; 103        ; 3A       ; RESERVED_INPUT_WITH_WEAK_PULLUP ;        ;              ;                     ; Column I/O   ;                 ; no       ; On           ;
; AN10     ;            ; 3B       ; VCCIO3B                         ; power  ;              ; 2.5V                ; --           ;                 ; --       ; --           ;
; AN11     ; 124        ; 3B       ; RESERVED_INPUT_WITH_WEAK_PULLUP ;        ;              ;                     ; Column I/O   ;                 ; no       ; On           ;
; AN12     ; 132        ; 3B       ; RESERVED_INPUT_WITH_WEAK_PULLUP ;        ;              ;                     ; Column I/O   ;                 ; no       ; On           ;
; AN13     ; 135        ; 3B       ; RESERVED_INPUT_WITH_WEAK_PULLUP ;        ;              ;                     ; Column I/O   ;                 ; no       ; On           ;
; AN14     ; 131        ; 3B       ; RESERVED_INPUT_WITH_WEAK_PULLUP ;        ;              ;                     ; Column I/O   ;                 ; no       ; On           ;
; AN15     ;            ;          ; GND                             ; gnd    ;              ;                     ; --           ;                 ; --       ; --           ;
; AN16     ; 148        ; 3B       ; RESERVED_INPUT_WITH_WEAK_PULLUP ;        ;              ;                     ; Column I/O   ;                 ; no       ; On           ;
; AN17     ; 149        ; 3B       ; RESERVED_INPUT_WITH_WEAK_PULLUP ;        ;              ;                     ; Column I/O   ;                 ; no       ; On           ;
; AN18     ; 154        ; 3B       ; RESERVED_INPUT_WITH_WEAK_PULLUP ;        ;              ;                     ; Column I/O   ;                 ; no       ; On           ;
; AN19     ; 163        ; 4A       ; RESERVED_INPUT_WITH_WEAK_PULLUP ;        ;              ;                     ; Column I/O   ;                 ; no       ; On           ;
; AN20     ;            ; 4A       ; VCCIO4A                         ; power  ;              ; 2.5V                ; --           ;                 ; --       ; --           ;
; AN21     ; 169        ; 4A       ; RESERVED_INPUT_WITH_WEAK_PULLUP ;        ;              ;                     ; Column I/O   ;                 ; no       ; On           ;
; AN22     ; 180        ; 4A       ; RESERVED_INPUT_WITH_WEAK_PULLUP ;        ;              ;                     ; Column I/O   ;                 ; no       ; On           ;
; AN23     ; 183        ; 4A       ; RESERVED_INPUT_WITH_WEAK_PULLUP ;        ;              ;                     ; Column I/O   ;                 ; no       ; On           ;
; AN24     ; 191        ; 4A       ; RESERVED_INPUT_WITH_WEAK_PULLUP ;        ;              ;                     ; Column I/O   ;                 ; no       ; On           ;
; AN25     ;            ;          ; GND                             ; gnd    ;              ;                     ; --           ;                 ; --       ; --           ;
; AN26     ; 188        ; 4A       ; RESERVED_INPUT_WITH_WEAK_PULLUP ;        ;              ;                     ; Column I/O   ;                 ; no       ; On           ;
; AN27     ; 197        ; 4A       ; RESERVED_INPUT_WITH_WEAK_PULLUP ;        ;              ;                     ; Column I/O   ;                 ; no       ; On           ;
; AN28     ; 207        ; 4A       ; RESERVED_INPUT_WITH_WEAK_PULLUP ;        ;              ;                     ; Column I/O   ;                 ; no       ; On           ;
; AN29     ; 231        ; 4A       ; RESERVED_INPUT_WITH_WEAK_PULLUP ;        ;              ;                     ; Column I/O   ;                 ; no       ; On           ;
; AN30     ;            ; 4A       ; VCCIO4A                         ; power  ;              ; 2.5V                ; --           ;                 ; --       ; --           ;
; AN31     ; 220        ; 4A       ; RESERVED_INPUT_WITH_WEAK_PULLUP ;        ;              ;                     ; Column I/O   ;                 ; no       ; On           ;
; AN32     ; 228        ; 4A       ; RESERVED_INPUT_WITH_WEAK_PULLUP ;        ;              ;                     ; Column I/O   ;                 ; no       ; On           ;
; AN33     ; 295        ; 5A       ; RESERVED_INPUT_WITH_WEAK_PULLUP ;        ;              ;                     ; Row I/O      ;                 ; no       ; On           ;
; AN34     ; 319        ; 5B       ; RESERVED_INPUT_WITH_WEAK_PULLUP ;        ;              ;                     ; Row I/O      ;                 ; no       ; On           ;
; AP2      ;            ;          ; GND                             ; gnd    ;              ;                     ; --           ;                 ; --       ; --           ;
; AP3      ;            ;          ; NC                              ;        ;              ;                     ; --           ;                 ; --       ; --           ;
; AP4      ;            ;          ; GND                             ; gnd    ;              ;                     ; --           ;                 ; --       ; --           ;
; AP5      ; 90         ; 3A       ; RESERVED_INPUT_WITH_WEAK_PULLUP ;        ;              ;                     ; Column I/O   ;                 ; no       ; On           ;
; AP6      ; 92         ; 3A       ; RESERVED_INPUT_WITH_WEAK_PULLUP ;        ;              ;                     ; Column I/O   ;                 ; no       ; On           ;
; AP7      ; 95         ; 3A       ; RESERVED_INPUT_WITH_WEAK_PULLUP ;        ;              ;                     ; Column I/O   ;                 ; no       ; On           ;
; AP8      ;            ;          ; GND                             ; gnd    ;              ;                     ; --           ;                 ; --       ; --           ;
; AP9      ; 119        ; 3B       ; RESERVED_INPUT_WITH_WEAK_PULLUP ;        ;              ;                     ; Column I/O   ;                 ; no       ; On           ;
; AP10     ; 121        ; 3B       ; RESERVED_INPUT_WITH_WEAK_PULLUP ;        ;              ;                     ; Column I/O   ;                 ; no       ; On           ;
; AP11     ; 122        ; 3B       ; RESERVED_INPUT_WITH_WEAK_PULLUP ;        ;              ;                     ; Column I/O   ;                 ; no       ; On           ;
; AP12     ; 130        ; 3B       ; RESERVED_INPUT_WITH_WEAK_PULLUP ;        ;              ;                     ; Column I/O   ;                 ; no       ; On           ;
; AP13     ;            ;          ; GND                             ; gnd    ;              ;                     ; --           ;                 ; --       ; --           ;
; AP14     ; 143        ; 3B       ; RESERVED_INPUT_WITH_WEAK_PULLUP ;        ;              ;                     ; Column I/O   ;                 ; no       ; On           ;
; AP15     ; 145        ; 3B       ; RESERVED_INPUT_WITH_WEAK_PULLUP ;        ;              ;                     ; Column I/O   ;                 ; no       ; On           ;
; AP16     ; 146        ; 3B       ; RESERVED_INPUT_WITH_WEAK_PULLUP ;        ;              ;                     ; Column I/O   ;                 ; no       ; On           ;
; AP17     ; 147        ; 3B       ; RESERVED_INPUT_WITH_WEAK_PULLUP ;        ;              ;                     ; Column I/O   ;                 ; no       ; On           ;
; AP18     ;            ;          ; GND                             ; gnd    ;              ;                     ; --           ;                 ; --       ; --           ;
; AP19     ; 162        ; 4A       ; RESERVED_INPUT_WITH_WEAK_PULLUP ;        ;              ;                     ; Column I/O   ;                 ; no       ; On           ;
; AP20     ; 164        ; 4A       ; RESERVED_INPUT_WITH_WEAK_PULLUP ;        ;              ;                     ; Column I/O   ;                 ; no       ; On           ;
; AP21     ; 167        ; 4A       ; RESERVED_INPUT_WITH_WEAK_PULLUP ;        ;              ;                     ; Column I/O   ;                 ; no       ; On           ;
; AP22     ; 178        ; 4A       ; RESERVED_INPUT_WITH_WEAK_PULLUP ;        ;              ;                     ; Column I/O   ;                 ; no       ; On           ;
; AP23     ;            ;          ; GND                             ; gnd    ;              ;                     ; --           ;                 ; --       ; --           ;
; AP24     ; 187        ; 4A       ; RESERVED_INPUT_WITH_WEAK_PULLUP ;        ;              ;                     ; Column I/O   ;                 ; no       ; On           ;
; AP25     ; 189        ; 4A       ; RESERVED_INPUT_WITH_WEAK_PULLUP ;        ;              ;                     ; Column I/O   ;                 ; no       ; On           ;
; AP26     ; 186        ; 4A       ; RESERVED_INPUT_WITH_WEAK_PULLUP ;        ;              ;                     ; Column I/O   ;                 ; no       ; On           ;
; AP27     ; 195        ; 4A       ; RESERVED_INPUT_WITH_WEAK_PULLUP ;        ;              ;                     ; Column I/O   ;                 ; no       ; On           ;
; AP28     ;            ;          ; GND                             ; gnd    ;              ;                     ; --           ;                 ; --       ; --           ;
; AP29     ; 202        ; 4A       ; RESERVED_INPUT_WITH_WEAK_PULLUP ;        ;              ;                     ; Column I/O   ;                 ; no       ; On           ;
; AP30     ; 204        ; 4A       ; RESERVED_INPUT_WITH_WEAK_PULLUP ;        ;              ;                     ; Column I/O   ;                 ; no       ; On           ;
; AP31     ; 218        ; 4A       ; RESERVED_INPUT_WITH_WEAK_PULLUP ;        ;              ;                     ; Column I/O   ;                 ; no       ; On           ;
; AP32     ; 226        ; 4A       ; RESERVED_INPUT_WITH_WEAK_PULLUP ;        ;              ;                     ; Column I/O   ;                 ; no       ; On           ;
; AP33     ;            ;          ; GND                             ; gnd    ;              ;                     ; --           ;                 ; --       ; --           ;
; B1       ; 610        ; 8A       ; RESERVED_INPUT_WITH_WEAK_PULLUP ;        ;              ;                     ; Column I/O   ;                 ; no       ; On           ;
; B2       ;            ;          ; GND                             ; gnd    ;              ;                     ; --           ;                 ; --       ; --           ;
; B3       ; 606        ; 8A       ; RESERVED_INPUT_WITH_WEAK_PULLUP ;        ;              ;                     ; Column I/O   ;                 ; no       ; On           ;
; B4       ; 592        ; 8A       ; RESERVED_INPUT_WITH_WEAK_PULLUP ;        ;              ;                     ; Column I/O   ;                 ; no       ; On           ;
; B5       ; 580        ; 8A       ; RESERVED_INPUT_WITH_WEAK_PULLUP ;        ;              ;                     ; Column I/O   ;                 ; no       ; On           ;
; B6       ; 586        ; 8A       ; RESERVED_INPUT_WITH_WEAK_PULLUP ;        ;              ;                     ; Column I/O   ;                 ; no       ; On           ;
; B7       ;            ; 8A       ; VCCIO8A                         ; power  ;              ; 2.5V                ; --           ;                 ; --       ; --           ;
; B8       ; 567        ; 8A       ; RESERVED_INPUT_WITH_WEAK_PULLUP ;        ;              ;                     ; Column I/O   ;                 ; no       ; On           ;
; B9       ; 574        ; 8A       ; RESERVED_INPUT_WITH_WEAK_PULLUP ;        ;              ;                     ; Column I/O   ;                 ; no       ; On           ;
; B10      ; 560        ; 8A       ; RESERVED_INPUT_WITH_WEAK_PULLUP ;        ;              ;                     ; Column I/O   ;                 ; no       ; On           ;
; B11      ; 570        ; 8A       ; RESERVED_INPUT_WITH_WEAK_PULLUP ;        ;              ;                     ; Column I/O   ;                 ; no       ; On           ;
; B12      ;            ; 8A       ; VCCIO8A                         ; power  ;              ; 2.5V                ; --           ;                 ; --       ; --           ;
; B13      ; 552        ; 8A       ; RESERVED_INPUT_WITH_WEAK_PULLUP ;        ;              ;                     ; Column I/O   ;                 ; no       ; On           ;
; B14      ; 558        ; 8A       ; RESERVED_INPUT_WITH_WEAK_PULLUP ;        ;              ;                     ; Column I/O   ;                 ; no       ; On           ;
; B15      ; 544        ; 8A       ; RESERVED_INPUT_WITH_WEAK_PULLUP ;        ;              ;                     ; Column I/O   ;                 ; no       ; On           ;
; B16      ; 545        ; 8A       ; RESERVED_INPUT_WITH_WEAK_PULLUP ;        ;              ;                     ; Column I/O   ;                 ; no       ; On           ;
; B17      ;            ; 8A       ; VCCIO8A                         ; power  ;              ; 2.5V                ; --           ;                 ; --       ; --           ;
; B18      ; 536        ; 8A       ; RESERVED_INPUT_WITH_WEAK_PULLUP ;        ;              ;                     ; Column I/O   ;                 ; no       ; On           ;
; B19      ; 529        ; 7A       ; sample_out[0]                   ; output ; 2.5 V        ;                     ; Column I/O   ; N               ; no       ; Off          ;
; B20      ; 527        ; 7A       ; sample_out[13]                  ; output ; 2.5 V        ;                     ; Column I/O   ; N               ; no       ; Off          ;
; B21      ; 521        ; 7A       ; sample_out[10]                  ; output ; 2.5 V        ;                     ; Column I/O   ; N               ; no       ; Off          ;
; B22      ;            ;          ; GND                             ; gnd    ;              ;                     ; --           ;                 ; --       ; --           ;
; B23      ; 516        ; 7A       ; sample_out[11]                  ; output ; 2.5 V        ;                     ; Column I/O   ; N               ; no       ; Off          ;
; B24      ; 518        ; 7A       ; RESERVED_INPUT_WITH_WEAK_PULLUP ;        ;              ;                     ; Column I/O   ;                 ; no       ; On           ;
; B25      ; 506        ; 7A       ; RESERVED_INPUT_WITH_WEAK_PULLUP ;        ;              ;                     ; Column I/O   ;                 ; no       ; On           ;
; B26      ; 504        ; 7A       ; sample_in[7]                    ; input  ; 2.5 V        ;                     ; Column I/O   ; N               ; no       ; Off          ;
; B27      ;            ; 7A       ; VCCIO7A                         ; power  ;              ; 2.5V                ; --           ;                 ; --       ; --           ;
; B28      ; 480        ; 7A       ; RESERVED_INPUT_WITH_WEAK_PULLUP ;        ;              ;                     ; Column I/O   ;                 ; no       ; On           ;
; B29      ; 482        ; 7A       ; RESERVED_INPUT_WITH_WEAK_PULLUP ;        ;              ;                     ; Column I/O   ;                 ; no       ; On           ;
; B30      ; 466        ; 7A       ; RESERVED_INPUT_WITH_WEAK_PULLUP ;        ;              ;                     ; Column I/O   ;                 ; no       ; On           ;
; B31      ; 464        ; 7A       ; RESERVED_INPUT_WITH_WEAK_PULLUP ;        ;              ;                     ; Column I/O   ;                 ; no       ; On           ;
; B32      ;            ;          ; GND                             ; gnd    ;              ;                     ; --           ;                 ; --       ; --           ;
; B33      ;            ;          ; NC                              ;        ;              ;                     ; --           ;                 ; --       ; --           ;
; B34      ;            ;          ; GND                             ; gnd    ;              ;                     ; --           ;                 ; --       ; --           ;
; C1       ; 608        ; 8A       ; RESERVED_INPUT_WITH_WEAK_PULLUP ;        ;              ;                     ; Column I/O   ;                 ; no       ; On           ;
; C2       ;            ;          ; NC                              ;        ;              ;                     ; --           ;                 ; --       ; --           ;
; C3       ;            ;          ; GND                             ; gnd    ;              ;                     ; --           ;                 ; --       ; --           ;
; C4       ;            ;          ; GND                             ; gnd    ;              ;                     ; --           ;                 ; --       ; --           ;
; C5       ;            ;          ; GND                             ; gnd    ;              ;                     ; --           ;                 ; --       ; --           ;
; C6       ; 584        ; 8A       ; RESERVED_INPUT_WITH_WEAK_PULLUP ;        ;              ;                     ; Column I/O   ;                 ; no       ; On           ;
; C7       ; 602        ; 8A       ; RESERVED_INPUT_WITH_WEAK_PULLUP ;        ;              ;                     ; Column I/O   ;                 ; no       ; On           ;
; C8       ; 600        ; 8A       ; RESERVED_INPUT_WITH_WEAK_PULLUP ;        ;              ;                     ; Column I/O   ;                 ; no       ; On           ;
; C9       ; 572        ; 8A       ; RESERVED_INPUT_WITH_WEAK_PULLUP ;        ;              ;                     ; Column I/O   ;                 ; no       ; On           ;
; C10      ;            ; 8A       ; VCCIO8A                         ; power  ;              ; 2.5V                ; --           ;                 ; --       ; --           ;
; C11      ; 568        ; 8A       ; RESERVED_INPUT_WITH_WEAK_PULLUP ;        ;              ;                     ; Column I/O   ;                 ; no       ; On           ;
; C12      ; 578        ; 8A       ; RESERVED_INPUT_WITH_WEAK_PULLUP ;        ;              ;                     ; Column I/O   ;                 ; no       ; On           ;
; C13      ; 576        ; 8A       ; RESERVED_INPUT_WITH_WEAK_PULLUP ;        ;              ;                     ; Column I/O   ;                 ; no       ; On           ;
; C14      ; 556        ; 8A       ; RESERVED_INPUT_WITH_WEAK_PULLUP ;        ;              ;                     ; Column I/O   ;                 ; no       ; On           ;
; C15      ;            ;          ; GND                             ; gnd    ;              ;                     ; --           ;                 ; --       ; --           ;
; C16      ; 543        ; 8A       ; RESERVED_INPUT_WITH_WEAK_PULLUP ;        ;              ;                     ; Column I/O   ;                 ; no       ; On           ;
; C17      ; 534        ; 8A       ; sample_out[7]                   ; output ; 2.5 V        ;                     ; Column I/O   ; N               ; no       ; Off          ;
; C18      ; 532        ; 8A       ; sample_out[14]                  ; output ; 2.5 V        ;                     ; Column I/O   ; N               ; no       ; Off          ;
; C19      ;            ;          ; NC                              ;        ;              ;                     ; --           ;                 ; --       ; --           ;
; C20      ;            ; 7A       ; VCCIO7A                         ; power  ;              ; 2.5V                ; --           ;                 ; --       ; --           ;
; C21      ; 519        ; 7A       ; sample_valid                    ; input  ; 2.5 V        ;                     ; Column I/O   ; N               ; no       ; Off          ;
; C22      ; 508        ; 7A       ; RESERVED_INPUT_WITH_WEAK_PULLUP ;        ;              ;                     ; Column I/O   ;                 ; no       ; On           ;
; C23      ; 505        ; 7A       ; RESERVED_INPUT_WITH_WEAK_PULLUP ;        ;              ;                     ; Column I/O   ;                 ; no       ; On           ;
; C24      ; 498        ; 7A       ; RESERVED_INPUT_WITH_WEAK_PULLUP ;        ;              ;                     ; Column I/O   ;                 ; no       ; On           ;
; C25      ;            ;          ; GND                             ; gnd    ;              ;                     ; --           ;                 ; --       ; --           ;
; C26      ; 494        ; 7A       ; RESERVED_INPUT_WITH_WEAK_PULLUP ;        ;              ;                     ; Column I/O   ;                 ; no       ; On           ;
; C27      ; 490        ; 7A       ; RESERVED_INPUT_WITH_WEAK_PULLUP ;        ;              ;                     ; Column I/O   ;                 ; no       ; On           ;
; C28      ; 474        ; 7A       ; RESERVED_INPUT_WITH_WEAK_PULLUP ;        ;              ;                     ; Column I/O   ;                 ; no       ; On           ;
; C29      ; 472        ; 7A       ; RESERVED_INPUT_WITH_WEAK_PULLUP ;        ;              ;                     ; Column I/O   ;                 ; no       ; On           ;
; C30      ;            ; 7A       ; VCCIO7A                         ; power  ;              ; 2.5V                ; --           ;                 ; --       ; --           ;
; C31      ; 458        ; 7A       ; RESERVED_INPUT_WITH_WEAK_PULLUP ;        ;              ;                     ; Column I/O   ;                 ; no       ; On           ;
; C32      ; 456        ; 7A       ; RESERVED_INPUT_WITH_WEAK_PULLUP ;        ;              ;                     ; Column I/O   ;                 ; no       ; On           ;
; C33      ;            ;          ; NC                              ;        ;              ;                     ; --           ;                 ; --       ; --           ;
; C34      ;            ;          ; NC                              ;        ;              ;                     ; --           ;                 ; --       ; --           ;
; D1       ;            ;          ; GND                             ; gnd    ;              ;                     ; --           ;                 ; --       ; --           ;
; D2       ;            ;          ; GND                             ; gnd    ;              ;                     ; --           ;                 ; --       ; --           ;
; D3       ;            ;          ; DNU                             ;        ;              ;                     ; --           ;                 ; --       ; --           ;
; D4       ;            ;          ; DNU                             ;        ;              ;                     ; --           ;                 ; --       ; --           ;
; D5       ;            ;          ; GND                             ; gnd    ;              ;                     ; --           ;                 ; --       ; --           ;
; D6       ;            ;          ; NC                              ;        ;              ;                     ; --           ;                 ; --       ; --           ;
; D7       ; 622        ; 8A       ; RESERVED_INPUT_WITH_WEAK_PULLUP ;        ;              ;                     ; Column I/O   ;                 ; no       ; On           ;
; D8       ;            ;          ; GND                             ; gnd    ;              ;                     ; --           ;                 ; --       ; --           ;
; D9       ; 618        ; 8A       ; RESERVED_INPUT_WITH_WEAK_PULLUP ;        ;              ;                     ; Column I/O   ;                 ; no       ; On           ;
; D10      ; 598        ; 8A       ; RESERVED_INPUT_WITH_WEAK_PULLUP ;        ;              ;                     ; Column I/O   ;                 ; no       ; On           ;
; D11      ; 596        ; 8A       ; RESERVED_INPUT_WITH_WEAK_PULLUP ;        ;              ;                     ; Column I/O   ;                 ; no       ; On           ;
; D12      ; 609        ; 8A       ; RESERVED_INPUT_WITH_WEAK_PULLUP ;        ;              ;                     ; Column I/O   ;                 ; no       ; On           ;
; D13      ;            ; 8A       ; VCCIO8A                         ; power  ;              ; 2.5V                ; --           ;                 ; --       ; --           ;
; D14      ; 585        ; 8A       ; RESERVED_INPUT_WITH_WEAK_PULLUP ;        ;              ;                     ; Column I/O   ;                 ; no       ; On           ;
; D15      ; 577        ; 8A       ; RESERVED_INPUT_WITH_WEAK_PULLUP ;        ;              ;                     ; Column I/O   ;                 ; no       ; On           ;
; D16      ; 561        ; 8A       ; RESERVED_INPUT_WITH_WEAK_PULLUP ;        ;              ;                     ; Column I/O   ;                 ; no       ; On           ;
; D17      ; 559        ; 8A       ; RESERVED_INPUT_WITH_WEAK_PULLUP ;        ;              ;                     ; Column I/O   ;                 ; no       ; On           ;
; D18      ;            ;          ; GND                             ; gnd    ;              ;                     ; --           ;                 ; --       ; --           ;
; D19      ; 526        ; 7A       ; sample_out[2]                   ; output ; 2.5 V        ;                     ; Column I/O   ; N               ; no       ; Off          ;
; D20      ; 513        ; 7A       ; RESERVED_INPUT_WITH_WEAK_PULLUP ;        ;              ;                     ; Column I/O   ;                 ; no       ; On           ;
; D21      ; 510        ; 7A       ; RESERVED_INPUT_WITH_WEAK_PULLUP ;        ;              ;                     ; Column I/O   ;                 ; no       ; On           ;
; D22      ; 503        ; 7A       ; RESERVED_INPUT_WITH_WEAK_PULLUP ;        ;              ;                     ; Column I/O   ;                 ; no       ; On           ;
; D23      ;            ; 7A       ; VCCIO7A                         ; power  ;              ; 2.5V                ; --           ;                 ; --       ; --           ;
; D24      ; 496        ; 7A       ; RESERVED_INPUT_WITH_WEAK_PULLUP ;        ;              ;                     ; Column I/O   ;                 ; no       ; On           ;
; D25      ; 492        ; 7A       ; RESERVED_INPUT_WITH_WEAK_PULLUP ;        ;              ;                     ; Column I/O   ;                 ; no       ; On           ;
; D26      ; 478        ; 7A       ; RESERVED_INPUT_WITH_WEAK_PULLUP ;        ;              ;                     ; Column I/O   ;                 ; no       ; On           ;
; D27      ; 488        ; 7A       ; RESERVED_INPUT_WITH_WEAK_PULLUP ;        ;              ;                     ; Column I/O   ;                 ; no       ; On           ;
; D28      ;            ;          ; GND                             ; gnd    ;              ;                     ; --           ;                 ; --       ; --           ;
; D29      ; 457        ; 7A       ; RESERVED_INPUT_WITH_WEAK_PULLUP ;        ;              ;                     ; Column I/O   ;                 ; no       ; On           ;
; D30      ; 455        ; 7A       ; RESERVED_INPUT_WITH_WEAK_PULLUP ;        ;              ;                     ; Column I/O   ;                 ; no       ; On           ;
; D31      ;            ;          ; NC                              ;        ;              ;                     ; --           ;                 ; --       ; --           ;
; D32      ;            ;          ; NC                              ;        ;              ;                     ; --           ;                 ; --       ; --           ;
; D33      ;            ;          ; GND                             ; gnd    ;              ;                     ; --           ;                 ; --       ; --           ;
; D34      ;            ;          ; NC                              ;        ;              ;                     ; --           ;                 ; --       ; --           ;
; E1       ;            ;          ; RREF                            ;        ;              ;                     ; --           ;                 ; --       ; --           ;
; E2       ;            ;          ; GND                             ; gnd    ;              ;                     ; --           ;                 ; --       ; --           ;
; E3       ;            ;          ; GND                             ; gnd    ;              ;                     ; --           ;                 ; --       ; --           ;
; E4       ;            ;          ; GND                             ; gnd    ;              ;                     ; --           ;                 ; --       ; --           ;
; E5       ;            ;          ; GND                             ; gnd    ;              ;                     ; --           ;                 ; --       ; --           ;
; E6       ;            ; 8A       ; VCCIO8A                         ; power  ;              ; 2.5V                ; --           ;                 ; --       ; --           ;
; E7       ; 620        ; 8A       ; RESERVED_INPUT_WITH_WEAK_PULLUP ;        ;              ;                     ; Column I/O   ;                 ; no       ; On           ;
; E8       ; 626        ; 8A       ; RESERVED_INPUT_WITH_WEAK_PULLUP ;        ;              ;                     ; Column I/O   ;                 ; no       ; On           ;
; E9       ; 616        ; 8A       ; RESERVED_INPUT_WITH_WEAK_PULLUP ;        ;              ;                     ; Column I/O   ;                 ; no       ; On           ;
; E10      ; 614        ; 8A       ; RESERVED_INPUT_WITH_WEAK_PULLUP ;        ;              ;                     ; Column I/O   ;                 ; no       ; On           ;
; E11      ;            ;          ; GND                             ; gnd    ;              ;                     ; --           ;                 ; --       ; --           ;
; E12      ; 607        ; 8A       ; RESERVED_INPUT_WITH_WEAK_PULLUP ;        ;              ;                     ; Column I/O   ;                 ; no       ; On           ;
; E13      ; 590        ; 8A       ; RESERVED_INPUT_WITH_WEAK_PULLUP ;        ;              ;                     ; Column I/O   ;                 ; no       ; On           ;
; E14      ; 583        ; 8A       ; RESERVED_INPUT_WITH_WEAK_PULLUP ;        ;              ;                     ; Column I/O   ;                 ; no       ; On           ;
; E15      ; 575        ; 8A       ; RESERVED_INPUT_WITH_WEAK_PULLUP ;        ;              ;                     ; Column I/O   ;                 ; no       ; On           ;
; E16      ;            ; 8A       ; VCCIO8A                         ; power  ;              ; 2.5V                ; --           ;                 ; --       ; --           ;
; E17      ; 537        ; 8A       ; RESERVED_INPUT_WITH_WEAK_PULLUP ;        ;              ;                     ; Column I/O   ;                 ; no       ; On           ;
; E18      ; 535        ; 8A       ; RESERVED_INPUT_WITH_WEAK_PULLUP ;        ;              ;                     ; Column I/O   ;                 ; no       ; On           ;
; E19      ; 524        ; 7A       ; RESERVED_INPUT_WITH_WEAK_PULLUP ;        ;              ;                     ; Column I/O   ;                 ; no       ; On           ;
; E20      ; 511        ; 7A       ; RESERVED_INPUT_WITH_WEAK_PULLUP ;        ;              ;                     ; Column I/O   ;                 ; no       ; On           ;
; E21      ;            ;          ; GND                             ; gnd    ;              ;                     ; --           ;                 ; --       ; --           ;
; E22      ; 484        ; 7A       ; RESERVED_INPUT_WITH_WEAK_PULLUP ;        ;              ;                     ; Column I/O   ;                 ; no       ; On           ;
; E23      ; 486        ; 7A       ; RESERVED_INPUT_WITH_WEAK_PULLUP ;        ;              ;                     ; Column I/O   ;                 ; no       ; On           ;
; E24      ; 468        ; 7A       ; RESERVED_INPUT_WITH_WEAK_PULLUP ;        ;              ;                     ; Column I/O   ;                 ; no       ; On           ;
; E25      ; 470        ; 7A       ; RESERVED_INPUT_WITH_WEAK_PULLUP ;        ;              ;                     ; Column I/O   ;                 ; no       ; On           ;
; E26      ;            ; 7A       ; VCCIO7A                         ; power  ;              ; 2.5V                ; --           ;                 ; --       ; --           ;
; E27      ; 476        ; 7A       ; RESERVED_INPUT_WITH_WEAK_PULLUP ;        ;              ;                     ; Column I/O   ;                 ; no       ; On           ;
; E28      ; 462        ; 7A       ; RESERVED_INPUT_WITH_WEAK_PULLUP ;        ;              ;                     ; Column I/O   ;                 ; no       ; On           ;
; E29      ; 460        ; 7A       ; RESERVED_INPUT_WITH_WEAK_PULLUP ;        ;              ;                     ; Column I/O   ;                 ; no       ; On           ;
; E30      ; 450        ; 7A       ; RESERVED_INPUT_WITH_WEAK_PULLUP ;        ;              ;                     ; Column I/O   ;                 ; no       ; On           ;
; E31      ;            ;          ; GND                             ; gnd    ;              ;                     ; --           ;                 ; --       ; --           ;
; E32      ;            ;          ; NC                              ;        ;              ;                     ; --           ;                 ; --       ; --           ;
; E33      ;            ;          ; NC                              ;        ;              ;                     ; --           ;                 ; --       ; --           ;
; E34      ;            ;          ; NC                              ;        ;              ;                     ; --           ;                 ; --       ; --           ;
; F1       ;            ;          ; GND                             ; gnd    ;              ;                     ; --           ;                 ; --       ; --           ;
; F2       ;            ;          ; GND                             ; gnd    ;              ;                     ; --           ;                 ; --       ; --           ;
; F3       ; 2          ; B3L      ; GXB_NC                          ;        ;              ;                     ; --           ;                 ; --       ; --           ;
; F4       ; 3          ; B3L      ; GXB_NC                          ;        ;              ;                     ; --           ;                 ; --       ; --           ;
; F5       ;            ;          ; GND                             ; gnd    ;              ;                     ; --           ;                 ; --       ; --           ;
; F6       ; 632        ; 9A       ; ^MSEL2                          ;        ;              ;                     ; --           ;                 ; --       ; --           ;
; F7       ; 631        ; 9A       ; ^nCE                            ;        ;              ;                     ; --           ;                 ; --       ; --           ;
; F8       ; 624        ; 8A       ; RESERVED_INPUT_WITH_WEAK_PULLUP ;        ;              ;                     ; Column I/O   ;                 ; no       ; On           ;
; F9       ;            ; 8A       ; VCCIO8A                         ; power  ;              ; 2.5V                ; --           ;                 ; --       ; --           ;
; F10      ; 612        ; 8A       ; RESERVED_INPUT_WITH_WEAK_PULLUP ;        ;              ;                     ; Column I/O   ;                 ; no       ; On           ;
; F11      ; 617        ; 8A       ; RESERVED_INPUT_WITH_WEAK_PULLUP ;        ;              ;                     ; Column I/O   ;                 ; no       ; On           ;
; F12      ; 615        ; 8A       ; RESERVED_INPUT_WITH_WEAK_PULLUP ;        ;              ;                     ; Column I/O   ;                 ; no       ; On           ;
; F13      ; 588        ; 8A       ; RESERVED_INPUT_WITH_WEAK_PULLUP ;        ;              ;                     ; Column I/O   ;                 ; no       ; On           ;
; F14      ;            ;          ; GND                             ; gnd    ;              ;                     ; --           ;                 ; --       ; --           ;
; F15      ; 563        ; 8A       ; RESERVED_INPUT_WITH_WEAK_PULLUP ;        ;              ;                     ; Column I/O   ;                 ; no       ; On           ;
; F16      ; 553        ; 8A       ; RESERVED_INPUT_WITH_WEAK_PULLUP ;        ;              ;                     ; Column I/O   ;                 ; no       ; On           ;
; F17      ; 551        ; 8A       ; RESERVED_INPUT_WITH_WEAK_PULLUP ;        ;              ;                     ; Column I/O   ;                 ; no       ; On           ;
; F18      ; 533        ; 8A       ; sample_out[12]                  ; output ; 2.5 V        ;                     ; Column I/O   ; N               ; no       ; Off          ;
; F19      ;            ; 7A       ; VCCIO7A                         ; power  ;              ; 2.5V                ; --           ;                 ; --       ; --           ;
; F20      ; 495        ; 7A       ; RESERVED_INPUT_WITH_WEAK_PULLUP ;        ;              ;                     ; Column I/O   ;                 ; no       ; On           ;
; F21      ; 487        ; 7A       ; RESERVED_INPUT_WITH_WEAK_PULLUP ;        ;              ;                     ; Column I/O   ;                 ; no       ; On           ;
; F22      ; 473        ; 7A       ; RESERVED_INPUT_WITH_WEAK_PULLUP ;        ;              ;                     ; Column I/O   ;                 ; no       ; On           ;
; F23      ; 471        ; 7A       ; RESERVED_INPUT_WITH_WEAK_PULLUP ;        ;              ;                     ; Column I/O   ;                 ; no       ; On           ;
; F24      ;            ;          ; GND                             ; gnd    ;              ;                     ; --           ;                 ; --       ; --           ;
; F25      ; 441        ; 7A       ; RESERVED_INPUT_WITH_WEAK_PULLUP ;        ;              ;                     ; Column I/O   ;                 ; no       ; On           ;
; F26      ; 444        ; 7A       ; RESERVED_INPUT_WITH_WEAK_PULLUP ;        ;              ;                     ; Column I/O   ;                 ; no       ; On           ;
; F27      ; 452        ; 7A       ; RESERVED_INPUT_WITH_WEAK_PULLUP ;        ;              ;                     ; Column I/O   ;                 ; no       ; On           ;
; F28      ; 454        ; 7A       ; RESERVED_INPUT_WITH_WEAK_PULLUP ;        ;              ;                     ; Column I/O   ;                 ; no       ; On           ;
; F29      ;            ; 7A       ; VCCIO7A                         ; power  ;              ; 2.5V                ; --           ;                 ; --       ; --           ;
; F30      ; 448        ; 7A       ; RESERVED_INPUT_WITH_WEAK_PULLUP ;        ;              ;                     ; Column I/O   ;                 ; no       ; On           ;
; F31      ;            ;          ; NC                              ;        ;              ;                     ; --           ;                 ; --       ; --           ;
; F32      ;            ;          ; NC                              ;        ;              ;                     ; --           ;                 ; --       ; --           ;
; F33      ;            ;          ; NC                              ;        ;              ;                     ; --           ;                 ; --       ; --           ;
; F34      ;            ;          ; GND                             ; gnd    ;              ;                     ; --           ;                 ; --       ; --           ;
; G1       ; 5          ; B3L      ; GND                             ;        ;              ;                     ; --           ;                 ; --       ; --           ;
; G2       ; 4          ; B3L      ; GND                             ;        ;              ;                     ; --           ;                 ; --       ; --           ;
; G3       ;            ;          ; GND                             ; gnd    ;              ;                     ; --           ;                 ; --       ; --           ;
; G4       ;            ;          ; GND                             ; gnd    ;              ;                     ; --           ;                 ; --       ; --           ;
; G5       ;            ;          ; GND                             ; gnd    ;              ;                     ; --           ;                 ; --       ; --           ;
; G6       ;            ;          ; NC                              ;        ;              ;                     ; --           ;                 ; --       ; --           ;
; G7       ;            ;          ; GND                             ; gnd    ;              ;                     ; --           ;                 ; --       ; --           ;
; G8       ; 634        ; 9A       ; ^nCONFIG                        ;        ;              ;                     ; --           ;                 ; --       ; --           ;
; G9       ; 630        ; 9A       ; ^nSTATUS                        ;        ;              ;                     ; --           ;                 ; --       ; --           ;
; G10      ; 628        ; 9A       ; ^CONF_DONE                      ;        ;              ;                     ; --           ;                 ; --       ; --           ;
; G11      ; 625        ; 8A       ; RESERVED_INPUT_WITH_WEAK_PULLUP ;        ;              ;                     ; Column I/O   ;                 ; no       ; On           ;
; G12      ;            ; 8A       ; VCCIO8A                         ; power  ;              ; 2.5V                ; --           ;                 ; --       ; --           ;
; G13      ; 599        ; 8A       ; RESERVED_INPUT_WITH_WEAK_PULLUP ;        ;              ;                     ; Column I/O   ;                 ; no       ; On           ;
; G14      ; 593        ; 8A       ; RESERVED_INPUT_WITH_WEAK_PULLUP ;        ;              ;                     ; Column I/O   ;                 ; no       ; On           ;
; G15      ; 565        ; 8A       ; RESERVED_INPUT_WITH_WEAK_PULLUP ;        ;              ;                     ; Column I/O   ;                 ; no       ; On           ;
; G16      ;            ; 8A       ; VREFB8AN0                       ; power  ;              ;                     ; --           ;                 ; --       ; --           ;
; G17      ;            ;          ; GND                             ; gnd    ;              ;                     ; --           ;                 ; --       ; --           ;
; G18      ; 531        ; 8A       ; RESERVED_INPUT_WITH_WEAK_PULLUP ;        ;              ;                     ; Column I/O   ;                 ; no       ; On           ;
; G19      ;            ; 7A       ; VREFB7AN0                       ; power  ;              ;                     ; --           ;                 ; --       ; --           ;
; G20      ; 497        ; 7A       ; sample_in[6]                    ; input  ; 2.5 V        ;                     ; Column I/O   ; N               ; no       ; Off          ;
; G21      ; 489        ; 7A       ; RESERVED_INPUT_WITH_WEAK_PULLUP ;        ;              ;                     ; Column I/O   ;                 ; no       ; On           ;
; G22      ;            ; 7A       ; VCCIO7A                         ; power  ;              ; 2.5V                ; --           ;                 ; --       ; --           ;
; G23      ; 465        ; 7A       ; RESERVED_INPUT_WITH_WEAK_PULLUP ;        ;              ;                     ; Column I/O   ;                 ; no       ; On           ;
; G24      ; 447        ; 7A       ; RESERVED_INPUT_WITH_WEAK_PULLUP ;        ;              ;                     ; Column I/O   ;                 ; no       ; On           ;
; G25      ; 439        ; 7A       ; RESERVED_INPUT_WITH_WEAK_PULLUP ;        ;              ;                     ; Column I/O   ;                 ; no       ; On           ;
; G26      ; 446        ; 7A       ; RESERVED_INPUT_WITH_WEAK_PULLUP ;        ;              ;                     ; Column I/O   ;                 ; no       ; On           ;
; G27      ;            ;          ; GND                             ; gnd    ;              ;                     ; --           ;                 ; --       ; --           ;
; G28      ; 440        ; 7A       ; RESERVED_INPUT_WITH_WEAK_PULLUP ;        ;              ;                     ; Column I/O   ;                 ; no       ; On           ;
; G29      ; 442        ; 7A       ; RESERVED_INPUT_WITH_WEAK_PULLUP ;        ;              ;                     ; Column I/O   ;                 ; no       ; On           ;
; G30      ; 421        ; 6A       ; RESERVED_INPUT_WITH_WEAK_PULLUP ;        ;              ;                     ; Row I/O      ;                 ; no       ; On           ;
; G31      ; 419        ; 6A       ; RESERVED_INPUT_WITH_WEAK_PULLUP ;        ;              ;                     ; Row I/O      ;                 ; no       ; On           ;
; G32      ;            ; 6A       ; VCCIO6A                         ; power  ;              ; 2.5V                ; --           ;                 ; --       ; --           ;
; G33      ; 401        ; 6A       ; RESERVED_INPUT_WITH_WEAK_PULLUP ;        ;              ;                     ; Row I/O      ;                 ; no       ; On           ;
; G34      ; 399        ; 6A       ; RESERVED_INPUT_WITH_WEAK_PULLUP ;        ;              ;                     ; Row I/O      ;                 ; no       ; On           ;
; H1       ;            ;          ; GND                             ; gnd    ;              ;                     ; --           ;                 ; --       ; --           ;
; H2       ;            ;          ; GND                             ; gnd    ;              ;                     ; --           ;                 ; --       ; --           ;
; H3       ; 6          ; B3L      ; GXB_NC                          ;        ;              ;                     ; --           ;                 ; --       ; --           ;
; H4       ; 7          ; B3L      ; GXB_NC                          ;        ;              ;                     ; --           ;                 ; --       ; --           ;
; H5       ;            ;          ; GND                             ; gnd    ;              ;                     ; --           ;                 ; --       ; --           ;
; H6       ;            ;          ; NC                              ;        ;              ;                     ; --           ;                 ; --       ; --           ;
; H7       ; 635        ; 9A       ; ^MSEL4                          ;        ;              ;                     ; --           ;                 ; --       ; --           ;
; H8       ; 636        ; 9A       ; ^GND                            ;        ;              ;                     ; --           ;                 ; --       ; --           ;
; H9       ;            ; --       ; VCCBAT                          ; power  ;              ; 1.2V                ; --           ;                 ; --       ; --           ;
; H10      ;            ;          ; GND                             ; gnd    ;              ;                     ; --           ;                 ; --       ; --           ;
; H11      ;            ; --       ; VCCPGM                          ; power  ;              ; 1.8V/2.5V/3.0V/3.3V ; --           ;                 ; --       ; --           ;
; H12      ; 623        ; 8A       ; RESERVED_INPUT_WITH_WEAK_PULLUP ;        ;              ;                     ; Column I/O   ;                 ; no       ; On           ;
; H13      ; 601        ; 8A       ; RESERVED_INPUT_WITH_WEAK_PULLUP ;        ;              ;                     ; Column I/O   ;                 ; no       ; On           ;
; H14      ; 591        ; 8A       ; RESERVED_INPUT_WITH_WEAK_PULLUP ;        ;              ;                     ; Column I/O   ;                 ; no       ; On           ;
; H15      ;            ; 8A       ; VCCIO8A                         ; power  ;              ; 2.5V                ; --           ;                 ; --       ; --           ;
; H16      ; 549        ; 8A       ; RESERVED_INPUT_WITH_WEAK_PULLUP ;        ;              ;                     ; Column I/O   ;                 ; no       ; On           ;
; H17      ; 547        ; 8A       ; RESERVED_INPUT_WITH_WEAK_PULLUP ;        ;              ;                     ; Column I/O   ;                 ; no       ; On           ;
; H18      ; 517        ; 7A       ; RESERVED_INPUT_WITH_WEAK_PULLUP ;        ;              ;                     ; Column I/O   ;                 ; no       ; On           ;
; H19      ; 515        ; 7A       ; RESERVED_INPUT_WITH_WEAK_PULLUP ;        ;              ;                     ; Column I/O   ;                 ; no       ; On           ;
; H20      ;            ;          ; GND                             ; gnd    ;              ;                     ; --           ;                 ; --       ; --           ;
; H21      ; 481        ; 7A       ; RESERVED_INPUT_WITH_WEAK_PULLUP ;        ;              ;                     ; Column I/O   ;                 ; no       ; On           ;
; H22      ; 479        ; 7A       ; RESERVED_INPUT_WITH_WEAK_PULLUP ;        ;              ;                     ; Column I/O   ;                 ; no       ; On           ;
; H23      ; 463        ; 7A       ; RESERVED_INPUT_WITH_WEAK_PULLUP ;        ;              ;                     ; Column I/O   ;                 ; no       ; On           ;
; H24      ; 449        ; 7A       ; RESERVED_INPUT_WITH_WEAK_PULLUP ;        ;              ;                     ; Column I/O   ;                 ; no       ; On           ;
; H25      ;            ; 7A       ; VCCIO7A                         ; power  ;              ; 2.5V                ; --           ;                 ; --       ; --           ;
; H26      ; 438        ; 7A       ; RESERVED_INPUT_WITH_WEAK_PULLUP ;        ;              ;                     ; Column I/O   ;                 ; no       ; On           ;
; H27      ; 436        ; 7A       ; RESERVED_INPUT_WITH_WEAK_PULLUP ;        ;              ;                     ; Column I/O   ;                 ; no       ; On           ;
; H28      ; 429        ; 6A       ; RESERVED_INPUT_WITH_WEAK_PULLUP ;        ;              ;                     ; Row I/O      ;                 ; no       ; On           ;
; H29      ; 427        ; 6A       ; RESERVED_INPUT_WITH_WEAK_PULLUP ;        ;              ;                     ; Row I/O      ;                 ; no       ; On           ;
; H30      ;            ;          ; GND                             ; gnd    ;              ;                     ; --           ;                 ; --       ; --           ;
; H31      ; 413        ; 6A       ; RESERVED_INPUT_WITH_WEAK_PULLUP ;        ;              ;                     ; Row I/O      ;                 ; no       ; On           ;
; H32      ; 409        ; 6A       ; RESERVED_INPUT_WITH_WEAK_PULLUP ;        ;              ;                     ; Row I/O      ;                 ; no       ; On           ;
; H33      ; 393        ; 6A       ; RESERVED_INPUT_WITH_WEAK_PULLUP ;        ;              ;                     ; Row I/O      ;                 ; no       ; On           ;
; H34      ; 391        ; 6A       ; RESERVED_INPUT_WITH_WEAK_PULLUP ;        ;              ;                     ; Row I/O      ;                 ; no       ; On           ;
; J1       ; 9          ; B3L      ; GND                             ;        ;              ;                     ; --           ;                 ; --       ; --           ;
; J2       ; 8          ; B3L      ; GND                             ;        ;              ;                     ; --           ;                 ; --       ; --           ;
; J3       ;            ;          ; GND                             ; gnd    ;              ;                     ; --           ;                 ; --       ; --           ;
; J4       ;            ;          ; GND                             ; gnd    ;              ;                     ; --           ;                 ; --       ; --           ;
; J5       ;            ;          ; GND                             ; gnd    ;              ;                     ; --           ;                 ; --       ; --           ;
; J6       ;            ;          ; NC                              ;        ;              ;                     ; --           ;                 ; --       ; --           ;
; J7       ;            ;          ; NC                              ;        ;              ;                     ; --           ;                 ; --       ; --           ;
; J8       ;            ;          ; NC                              ;        ;              ;                     ; --           ;                 ; --       ; --           ;
; J9       ;            ;          ; NC                              ;        ;              ;                     ; --           ;                 ; --       ; --           ;
; J10      ;            ; --       ; VCC_AUX                         ; power  ;              ; 2.5V                ; --           ;                 ; --       ; --           ;
; J11      ; 629        ; 9A       ; ^MSEL1                          ;        ;              ;                     ; --           ;                 ; --       ; --           ;
; J12      ; 627        ; 9A       ; ^MSEL0                          ;        ;              ;                     ; --           ;                 ; --       ; --           ;
; J13      ;            ;          ; GND                             ; gnd    ;              ;                     ; --           ;                 ; --       ; --           ;
; J14      ;            ; 7A, 8A   ; VCCPD7A8A                       ; power  ;              ; 2.5V                ; --           ;                 ; --       ; --           ;
; J15      ; 579        ; 8A       ; RESERVED_INPUT_WITH_WEAK_PULLUP ;        ;              ;                     ; Column I/O   ;                 ; no       ; On           ;
; J16      ;            ; 7A, 8A   ; VCCPD7A8A                       ; power  ;              ; 2.5V                ; --           ;                 ; --       ; --           ;
; J17      ;            ;          ; DNU                             ;        ;              ;                     ; --           ;                 ; --       ; --           ;
; J18      ;            ; 7A       ; VCCIO7A                         ; power  ;              ; 2.5V                ; --           ;                 ; --       ; --           ;
; J19      ;            ; 7A, 8A   ; VCCPD7A8A                       ; power  ;              ; 2.5V                ; --           ;                 ; --       ; --           ;
; J20      ; 499        ; 7A       ; RESERVED_INPUT_WITH_WEAK_PULLUP ;        ;              ;                     ; Column I/O   ;                 ; no       ; On           ;
; J21      ;            ; 7A, 8A   ; VCCPD7A8A                       ; power  ;              ; 2.5V                ; --           ;                 ; --       ; --           ;
; J22      ;            ; 7A, 8A   ; VCCPD7A8A                       ; power  ;              ; 2.5V                ; --           ;                 ; --       ; --           ;
; J23      ;            ;          ; GND                             ; gnd    ;              ;                     ; --           ;                 ; --       ; --           ;
; J24      ;            ;          ; DNU                             ;        ;              ;                     ; --           ;                 ; --       ; --           ;
; J25      ; 437        ; 7A       ; RESERVED_INPUT_WITH_WEAK_PULLUP ;        ;              ;                     ; Column I/O   ;                 ; no       ; On           ;
; J26      ; 434        ; 7A       ; ^GND                            ;        ;              ;                     ; --           ;                 ; --       ; --           ;
; J27      ;            ;          ; NC                              ;        ;              ;                     ; --           ;                 ; --       ; --           ;
; J28      ;            ; 6A       ; VCCIO6A                         ; power  ;              ; 2.5V                ; --           ;                 ; --       ; --           ;
; J29      ; 425        ; 6A       ; RESERVED_INPUT_WITH_WEAK_PULLUP ;        ;              ;                     ; Row I/O      ;                 ; no       ; On           ;
; J30      ; 423        ; 6A       ; RESERVED_INPUT_WITH_WEAK_PULLUP ;        ;              ;                     ; Row I/O      ;                 ; no       ; On           ;
; J31      ; 411        ; 6A       ; RESERVED_INPUT_WITH_WEAK_PULLUP ;        ;              ;                     ; Row I/O      ;                 ; no       ; On           ;
; J32      ; 407        ; 6A       ; RESERVED_INPUT_WITH_WEAK_PULLUP ;        ;              ;                     ; Row I/O      ;                 ; no       ; On           ;
; J33      ;            ;          ; GND                             ; gnd    ;              ;                     ; --           ;                 ; --       ; --           ;
; J34      ; 381        ; 6A       ; sample_out[9]                   ; output ; 2.5 V        ;                     ; Row I/O      ; N               ; no       ; Off          ;
; K1       ;            ;          ; GND                             ; gnd    ;              ;                     ; --           ;                 ; --       ; --           ;
; K2       ;            ;          ; GND                             ; gnd    ;              ;                     ; --           ;                 ; --       ; --           ;
; K3       ; 10         ; B3L      ; GXB_NC                          ;        ;              ;                     ; --           ;                 ; --       ; --           ;
; K4       ; 11         ; B3L      ; GXB_NC                          ;        ;              ;                     ; --           ;                 ; --       ; --           ;
; K5       ;            ;          ; GND                             ; gnd    ;              ;                     ; --           ;                 ; --       ; --           ;
; K6       ;            ;          ; GND                             ; gnd    ;              ;                     ; --           ;                 ; --       ; --           ;
; K7       ;            ;          ; GND                             ; gnd    ;              ;                     ; --           ;                 ; --       ; --           ;
; K8       ;            ;          ; GND                             ; gnd    ;              ;                     ; --           ;                 ; --       ; --           ;
; K9       ;            ;          ; NC                              ;        ;              ;                     ; --           ;                 ; --       ; --           ;
; K10      ; 633        ; 9A       ; ^MSEL3                          ;        ;              ;                     ; --           ;                 ; --       ; --           ;
; K11      ;            ; 8A       ; VCCIO8A                         ; power  ;              ; 2.5V                ; --           ;                 ; --       ; --           ;
; K12      ; 621        ; 8A       ; RESERVED_INPUT_WITH_WEAK_PULLUP ;        ;              ;                     ; Column I/O   ;                 ; no       ; On           ;
; K13      ; 613        ; 8A       ; RESERVED_INPUT_WITH_WEAK_PULLUP ;        ;              ;                     ; Column I/O   ;                 ; no       ; On           ;
; K14      ; 581        ; 8A       ; RESERVED_INPUT_WITH_WEAK_PULLUP ;        ;              ;                     ; Column I/O   ;                 ; no       ; On           ;
; K15      ;            ; 7A, 8A   ; VCCPD7A8A                       ; power  ;              ; 2.5V                ; --           ;                 ; --       ; --           ;
; K16      ;            ;          ; GND                             ; gnd    ;              ;                     ; --           ;                 ; --       ; --           ;
; K17      ;            ; 7A, 8A   ; VCCPD7A8A                       ; power  ;              ; 2.5V                ; --           ;                 ; --       ; --           ;
; K18      ;            ; --       ; VCC_AUX                         ; power  ;              ; 2.5V                ; --           ;                 ; --       ; --           ;
; K19      ; 501        ; 7A       ; RESERVED_INPUT_WITH_WEAK_PULLUP ;        ;              ;                     ; Column I/O   ;                 ; no       ; On           ;
; K20      ;            ; 7A, 8A   ; VCCPD7A8A                       ; power  ;              ; 2.5V                ; --           ;                 ; --       ; --           ;
; K21      ;            ; 7A       ; VCCIO7A                         ; power  ;              ; 2.5V                ; --           ;                 ; --       ; --           ;
; K22      ; 469        ; 7A       ; RESERVED_INPUT_WITH_WEAK_PULLUP ;        ;              ;                     ; Column I/O   ;                 ; no       ; On           ;
; K23      ; 461        ; 7A       ; RESERVED_INPUT_WITH_WEAK_PULLUP ;        ;              ;                     ; Column I/O   ;                 ; no       ; On           ;
; K24      ;            ; --       ; VCC_AUX                         ; power  ;              ; 2.5V                ; --           ;                 ; --       ; --           ;
; K25      ; 435        ; 7A       ; RESERVED_INPUT_WITH_WEAK_PULLUP ;        ;              ;                     ; Column I/O   ;                 ; no       ; On           ;
; K26      ;            ;          ; GND                             ; gnd    ;              ;                     ; --           ;                 ; --       ; --           ;
; K27      ;            ;          ; NC                              ;        ;              ;                     ; --           ;                 ; --       ; --           ;
; K28      ; 433        ; 6A       ; RESERVED_INPUT_WITH_WEAK_PULLUP ;        ;              ;                     ; Row I/O      ;                 ; no       ; On           ;
; K29      ; 431        ; 6A       ; RESERVED_INPUT_WITH_WEAK_PULLUP ;        ;              ;                     ; Row I/O      ;                 ; no       ; On           ;
; K30      ; 408        ; 6A       ; RESERVED_INPUT_WITH_WEAK_PULLUP ;        ;              ;                     ; Row I/O      ;                 ; no       ; On           ;
; K31      ;            ; 6A       ; VCCIO6A                         ; power  ;              ; 2.5V                ; --           ;                 ; --       ; --           ;
; K32      ; 389        ; 6A       ; sample_in[4]                    ; input  ; 2.5 V        ;                     ; Row I/O      ; N               ; no       ; Off          ;
; K33      ; 387        ; 6A       ; sample_in[9]                    ; input  ; 2.5 V        ;                     ; Row I/O      ; N               ; no       ; Off          ;
; K34      ; 379        ; 6A       ; sample_in[12]                   ; input  ; 2.5 V        ;                     ; Row I/O      ; N               ; no       ; Off          ;
; L1       ; 13         ; B3L      ; GND                             ;        ;              ;                     ; --           ;                 ; --       ; --           ;
; L2       ; 12         ; B3L      ; GND                             ;        ;              ;                     ; --           ;                 ; --       ; --           ;
; L3       ;            ;          ; GND                             ; gnd    ;              ;                     ; --           ;                 ; --       ; --           ;
; L4       ;            ;          ; GND                             ; gnd    ;              ;                     ; --           ;                 ; --       ; --           ;
; L5       ;            ;          ; GND                             ; gnd    ;              ;                     ; --           ;                 ; --       ; --           ;
; L6       ;            ;          ; GND                             ; gnd    ;              ;                     ; --           ;                 ; --       ; --           ;
; L7       ;            ;          ; GND                             ; gnd    ;              ;                     ; --           ;                 ; --       ; --           ;
; L8       ;            ;          ; GND                             ; gnd    ;              ;                     ; --           ;                 ; --       ; --           ;
; L9       ;            ;          ; GND                             ; gnd    ;              ;                     ; --           ;                 ; --       ; --           ;
; L10      ;            ;          ; NC                              ;        ;              ;                     ; --           ;                 ; --       ; --           ;
; L11      ; 619        ; 8A       ; RESERVED_INPUT_WITH_WEAK_PULLUP ;        ;              ;                     ; Column I/O   ;                 ; no       ; On           ;
; L12      ; 611        ; 8A       ; RESERVED_INPUT_WITH_WEAK_PULLUP ;        ;              ;                     ; Column I/O   ;                 ; no       ; On           ;
; L13      ; 597        ; 8A       ; RESERVED_INPUT_WITH_WEAK_PULLUP ;        ;              ;                     ; Column I/O   ;                 ; no       ; On           ;
; L14      ;            ;          ; GND                             ; gnd    ;              ;                     ; --           ;                 ; --       ; --           ;
; L15      ; 573        ; 8A       ; RESERVED_INPUT_WITH_WEAK_PULLUP ;        ;              ;                     ; Column I/O   ;                 ; no       ; On           ;
; L16      ; 571        ; 8A       ; RESERVED_INPUT_WITH_WEAK_PULLUP ;        ;              ;                     ; Column I/O   ;                 ; no       ; On           ;
; L17      ; 541        ; 8A       ; RESERVED_INPUT_WITH_WEAK_PULLUP ;        ;              ;                     ; Column I/O   ;                 ; no       ; On           ;
; L18      ; 525        ; 7A       ; RESERVED_INPUT_WITH_WEAK_PULLUP ;        ;              ;                     ; Column I/O   ;                 ; no       ; On           ;
; L19      ;            ;          ; GND                             ; gnd    ;              ;                     ; --           ;                 ; --       ; --           ;
; L20      ; 485        ; 7A       ; RESERVED_INPUT_WITH_WEAK_PULLUP ;        ;              ;                     ; Column I/O   ;                 ; no       ; On           ;
; L21      ; 483        ; 7A       ; RESERVED_INPUT_WITH_WEAK_PULLUP ;        ;              ;                     ; Column I/O   ;                 ; no       ; On           ;
; L22      ; 467        ; 7A       ; RESERVED_INPUT_WITH_WEAK_PULLUP ;        ;              ;                     ; Column I/O   ;                 ; no       ; On           ;
; L23      ; 459        ; 7A       ; RESERVED_INPUT_WITH_WEAK_PULLUP ;        ;              ;                     ; Column I/O   ;                 ; no       ; On           ;
; L24      ;            ;          ; GND                             ; gnd    ;              ;                     ; --           ;                 ; --       ; --           ;
; L25      ; 453        ; 7A       ; RESERVED_INPUT_WITH_WEAK_PULLUP ;        ;              ;                     ; Column I/O   ;                 ; no       ; On           ;
; L26      ;            ;          ; NC                              ;        ;              ;                     ; --           ;                 ; --       ; --           ;
; L27      ; 432        ; 6A       ; RESERVED_INPUT_WITH_WEAK_PULLUP ;        ;              ;                     ; Row I/O      ;                 ; no       ; On           ;
; L28      ; 430        ; 6A       ; RESERVED_INPUT_WITH_WEAK_PULLUP ;        ;              ;                     ; Row I/O      ;                 ; no       ; On           ;
; L29      ;            ;          ; GND                             ; gnd    ;              ;                     ; --           ;                 ; --       ; --           ;
; L30      ; 406        ; 6A       ; RESERVED_INPUT_WITH_WEAK_PULLUP ;        ;              ;                     ; Row I/O      ;                 ; no       ; On           ;
; L31      ; 405        ; 6A       ; RESERVED_INPUT_WITH_WEAK_PULLUP ;        ;              ;                     ; Row I/O      ;                 ; no       ; On           ;
; L32      ; 385        ; 6A       ; sample_in[5]                    ; input  ; 2.5 V        ;                     ; Row I/O      ; N               ; no       ; Off          ;
; L33      ; 383        ; 6A       ; sample_in[13]                   ; input  ; 2.5 V        ;                     ; Row I/O      ; N               ; no       ; Off          ;
; L34      ;            ;          ; GND                             ; gnd    ;              ;                     ; --           ;                 ; --       ; --           ;
; M1       ;            ;          ; GND                             ; gnd    ;              ;                     ; --           ;                 ; --       ; --           ;
; M2       ;            ;          ; GND                             ; gnd    ;              ;                     ; --           ;                 ; --       ; --           ;
; M3       ; 14         ; B2L      ; GXB_NC                          ;        ;              ;                     ; --           ;                 ; --       ; --           ;
; M4       ; 15         ; B2L      ; GXB_NC                          ;        ;              ;                     ; --           ;                 ; --       ; --           ;
; M5       ;            ;          ; GND                             ; gnd    ;              ;                     ; --           ;                 ; --       ; --           ;
; M6       ;            ;          ; GND                             ; gnd    ;              ;                     ; --           ;                 ; --       ; --           ;
; M7       ;            ;          ; GND                             ; gnd    ;              ;                     ; --           ;                 ; --       ; --           ;
; M8       ;            ; --       ; VCCE_GXBL                       ; power  ;              ; 1.1V                ; --           ;                 ; --       ; --           ;
; M9       ;            ;          ; GND                             ; gnd    ;              ;                     ; --           ;                 ; --       ; --           ;
; M10      ;            ;          ; GND                             ; gnd    ;              ;                     ; --           ;                 ; --       ; --           ;
; M11      ;            ; --       ; VCCA_FPLL                       ; power  ;              ; 2.5V                ; --           ;                 ; --       ; --           ;
; M12      ;            ;          ; GND                             ; gnd    ;              ;                     ; --           ;                 ; --       ; --           ;
; M13      ; 595        ; 8A       ; RESERVED_INPUT_WITH_WEAK_PULLUP ;        ;              ;                     ; Column I/O   ;                 ; no       ; On           ;
; M14      ; 557        ; 8A       ; RESERVED_INPUT_WITH_WEAK_PULLUP ;        ;              ;                     ; Column I/O   ;                 ; no       ; On           ;
; M15      ; 555        ; 8A       ; RESERVED_INPUT_WITH_WEAK_PULLUP ;        ;              ;                     ; Column I/O   ;                 ; no       ; On           ;
; M16      ; 539        ; 8A       ; RESERVED_INPUT_WITH_WEAK_PULLUP ;        ;              ;                     ; Column I/O   ;                 ; no       ; On           ;
; M17      ;            ;          ; GND                             ; gnd    ;              ;                     ; --           ;                 ; --       ; --           ;
; M18      ; 523        ; 7A       ; RESERVED_INPUT_WITH_WEAK_PULLUP ;        ;              ;                     ; Column I/O   ;                 ; no       ; On           ;
; M19      ; 509        ; 7A       ; RESERVED_INPUT_WITH_WEAK_PULLUP ;        ;              ;                     ; Column I/O   ;                 ; no       ; On           ;
; M20      ; 507        ; 7A       ; RESERVED_INPUT_WITH_WEAK_PULLUP ;        ;              ;                     ; Column I/O   ;                 ; no       ; On           ;
; M21      ; 493        ; 7A       ; RESERVED_INPUT_WITH_WEAK_PULLUP ;        ;              ;                     ; Column I/O   ;                 ; no       ; On           ;
; M22      ;            ;          ; GND                             ; gnd    ;              ;                     ; --           ;                 ; --       ; --           ;
; M23      ; 475        ; 7A       ; RESERVED_INPUT_WITH_WEAK_PULLUP ;        ;              ;                     ; Column I/O   ;                 ; no       ; On           ;
; M24      ; 443        ; 7A       ; RESERVED_INPUT_WITH_WEAK_PULLUP ;        ;              ;                     ; Column I/O   ;                 ; no       ; On           ;
; M25      ; 451        ; 7A       ; RESERVED_INPUT_WITH_WEAK_PULLUP ;        ;              ;                     ; Column I/O   ;                 ; no       ; On           ;
; M26      ;            ; --       ; VCCA_FPLL                       ; power  ;              ; 2.5V                ; --           ;                 ; --       ; --           ;
; M27      ;            ; 6A       ; VCCIO6A                         ; power  ;              ; 2.5V                ; --           ;                 ; --       ; --           ;
; M28      ; 416        ; 6A       ; RESERVED_INPUT_WITH_WEAK_PULLUP ;        ;              ;                     ; Row I/O      ;                 ; no       ; On           ;
; M29      ; 422        ; 6A       ; RESERVED_INPUT_WITH_WEAK_PULLUP ;        ;              ;                     ; Row I/O      ;                 ; no       ; On           ;
; M30      ; 424        ; 6A       ; RESERVED_INPUT_WITH_WEAK_PULLUP ;        ;              ;                     ; Row I/O      ;                 ; no       ; On           ;
; M31      ; 403        ; 6A       ; RESERVED_INPUT_WITH_WEAK_PULLUP ;        ;              ;                     ; Row I/O      ;                 ; no       ; On           ;
; M32      ;            ;          ; GND                             ; gnd    ;              ;                     ; --           ;                 ; --       ; --           ;
; M33      ; 377        ; 6A       ; sample_in[14]                   ; input  ; 2.5 V        ;                     ; Row I/O      ; N               ; no       ; Off          ;
; M34      ; 375        ; 6A       ; sample_out[3]                   ; output ; 2.5 V        ;                     ; Row I/O      ; N               ; no       ; Off          ;
; N1       ; 17         ; B2L      ; GND                             ;        ;              ;                     ; --           ;                 ; --       ; --           ;
; N2       ; 16         ; B2L      ; GND                             ;        ;              ;                     ; --           ;                 ; --       ; --           ;
; N3       ;            ;          ; GND                             ; gnd    ;              ;                     ; --           ;                 ; --       ; --           ;
; N4       ;            ;          ; GND                             ; gnd    ;              ;                     ; --           ;                 ; --       ; --           ;
; N5       ;            ;          ; GND                             ; gnd    ;              ;                     ; --           ;                 ; --       ; --           ;
; N6       ;            ;          ; GND                             ; gnd    ;              ;                     ; --           ;                 ; --       ; --           ;
; N7       ;            ; --       ; VCCL_GXBL                       ; power  ;              ; 1.1V                ; --           ;                 ; --       ; --           ;
; N8       ;            ;          ; GND                             ; gnd    ;              ;                     ; --           ;                 ; --       ; --           ;
; N9       ;            ; --       ; VCCH_GXBL                       ; power  ;              ; 2.5V                ; --           ;                 ; --       ; --           ;
; N10      ;            ;          ; GND                             ; gnd    ;              ;                     ; --           ;                 ; --       ; --           ;
; N11      ;            ;          ; GND                             ; gnd    ;              ;                     ; --           ;                 ; --       ; --           ;
; N12      ; 605        ; 8A       ; RESERVED_INPUT_WITH_WEAK_PULLUP ;        ;              ;                     ; Column I/O   ;                 ; no       ; On           ;
; N13      ; 603        ; 8A       ; RESERVED_INPUT_WITH_WEAK_PULLUP ;        ;              ;                     ; Column I/O   ;                 ; no       ; On           ;
; N14      ; 589        ; 8A       ; RESERVED_INPUT_WITH_WEAK_PULLUP ;        ;              ;                     ; Column I/O   ;                 ; no       ; On           ;
; N15      ;            ; --       ; VCC                             ; power  ;              ; 1.1V                ; --           ;                 ; --       ; --           ;
; N16      ;            ;          ; GND                             ; gnd    ;              ;                     ; --           ;                 ; --       ; --           ;
; N17      ;            ; --       ; VCC                             ; power  ;              ; 1.1V                ; --           ;                 ; --       ; --           ;
; N18      ;            ;          ; GND                             ; gnd    ;              ;                     ; --           ;                 ; --       ; --           ;
; N19      ;            ; --       ; VCC                             ; power  ;              ; 1.1V                ; --           ;                 ; --       ; --           ;
; N20      ;            ;          ; GND                             ; gnd    ;              ;                     ; --           ;                 ; --       ; --           ;
; N21      ;            ; --       ; VCC                             ; power  ;              ; 1.1V                ; --           ;                 ; --       ; --           ;
; N22      ; 491        ; 7A       ; RESERVED_INPUT_WITH_WEAK_PULLUP ;        ;              ;                     ; Column I/O   ;                 ; no       ; On           ;
; N23      ; 477        ; 7A       ; RESERVED_INPUT_WITH_WEAK_PULLUP ;        ;              ;                     ; Column I/O   ;                 ; no       ; On           ;
; N24      ; 445        ; 7A       ; RESERVED_INPUT_WITH_WEAK_PULLUP ;        ;              ;                     ; Column I/O   ;                 ; no       ; On           ;
; N25      ;            ;          ; GND                             ; gnd    ;              ;                     ; --           ;                 ; --       ; --           ;
; N26      ;            ; 6A       ; VCCPD6A                         ; power  ;              ; 2.5V                ; --           ;                 ; --       ; --           ;
; N27      ; 420        ; 6A       ; RESERVED_INPUT_WITH_WEAK_PULLUP ;        ;              ;                     ; Row I/O      ;                 ; no       ; On           ;
; N28      ; 414        ; 6A       ; RESERVED_INPUT_WITH_WEAK_PULLUP ;        ;              ;                     ; Row I/O      ;                 ; no       ; On           ;
; N29      ; 417        ; 6A       ; RESERVED_INPUT_WITH_WEAK_PULLUP ;        ;              ;                     ; Row I/O      ;                 ; no       ; On           ;
; N30      ;            ; 6A       ; VCCIO6A                         ; power  ;              ; 2.5V                ; --           ;                 ; --       ; --           ;
; N31      ; 397        ; 6A       ; sample_in[0]                    ; input  ; 2.5 V        ;                     ; Row I/O      ; N               ; no       ; Off          ;
; N32      ; 395        ; 6A       ; sample_in[3]                    ; input  ; 2.5 V        ;                     ; Row I/O      ; N               ; no       ; Off          ;
; N33      ; 382        ; 6A       ; sample_out[5]                   ; output ; 2.5 V        ;                     ; Row I/O      ; N               ; no       ; Off          ;
; N34      ; 384        ; 6A       ; sample_in[15]                   ; input  ; 2.5 V        ;                     ; Row I/O      ; N               ; no       ; Off          ;
; P1       ;            ;          ; GND                             ; gnd    ;              ;                     ; --           ;                 ; --       ; --           ;
; P2       ;            ;          ; GND                             ; gnd    ;              ;                     ; --           ;                 ; --       ; --           ;
; P3       ; 18         ; B2L      ; GXB_NC                          ;        ;              ;                     ; --           ;                 ; --       ; --           ;
; P4       ; 19         ; B2L      ; GXB_NC                          ;        ;              ;                     ; --           ;                 ; --       ; --           ;
; P5       ;            ;          ; GND                             ; gnd    ;              ;                     ; --           ;                 ; --       ; --           ;
; P6       ;            ;          ; GND                             ; gnd    ;              ;                     ; --           ;                 ; --       ; --           ;
; P7       ;            ;          ; GND                             ; gnd    ;              ;                     ; --           ;                 ; --       ; --           ;
; P8       ;            ; --       ; VCCE_GXBL                       ; power  ;              ; 1.1V                ; --           ;                 ; --       ; --           ;
; P9       ;            ;          ; GND                             ; gnd    ;              ;                     ; --           ;                 ; --       ; --           ;
; P10      ; 0          ; B3L      ; GND                             ;        ;              ;                     ; Row I/O      ;                 ; --       ; --           ;
; P11      ;            ;          ; GND                             ; gnd    ;              ;                     ; --           ;                 ; --       ; --           ;
; P12      ;            ; --       ; VCC                             ; power  ;              ; 1.1V                ; --           ;                 ; --       ; --           ;
; P13      ;            ;          ; GND                             ; gnd    ;              ;                     ; --           ;                 ; --       ; --           ;
; P14      ; 587        ; 8A       ; RESERVED_INPUT_WITH_WEAK_PULLUP ;        ;              ;                     ; Column I/O   ;                 ; no       ; On           ;
; P15      ;            ;          ; GND                             ; gnd    ;              ;                     ; --           ;                 ; --       ; --           ;
; P16      ;            ; --       ; VCC                             ; power  ;              ; 1.1V                ; --           ;                 ; --       ; --           ;
; P17      ;            ;          ; GND                             ; gnd    ;              ;                     ; --           ;                 ; --       ; --           ;
; P18      ;            ; --       ; VCC                             ; power  ;              ; 1.1V                ; --           ;                 ; --       ; --           ;
; P19      ;            ;          ; GND                             ; gnd    ;              ;                     ; --           ;                 ; --       ; --           ;
; P20      ;            ; --       ; VCC                             ; power  ;              ; 1.1V                ; --           ;                 ; --       ; --           ;
; P21      ;            ;          ; GND                             ; gnd    ;              ;                     ; --           ;                 ; --       ; --           ;
; P22      ;            ; --       ; VCC                             ; power  ;              ; 1.1V                ; --           ;                 ; --       ; --           ;
; P23      ;            ; 6A       ; VCCIO6A                         ; power  ;              ; 2.5V                ; --           ;                 ; --       ; --           ;
; P24      ; 426        ; 6A       ; RESERVED_INPUT_WITH_WEAK_PULLUP ;        ;              ;                     ; Row I/O      ;                 ; no       ; On           ;
; P25      ; 428        ; 6A       ; RESERVED_INPUT_WITH_WEAK_PULLUP ;        ;              ;                     ; Row I/O      ;                 ; no       ; On           ;
; P26      ;            ; 6A       ; VCCPD6A                         ; power  ;              ; 2.5V                ; --           ;                 ; --       ; --           ;
; P27      ; 418        ; 6A       ; RESERVED_INPUT_WITH_WEAK_PULLUP ;        ;              ;                     ; Row I/O      ;                 ; no       ; On           ;
; P28      ;            ;          ; GND                             ; gnd    ;              ;                     ; --           ;                 ; --       ; --           ;
; P29      ;            ; 6A       ; VREFB6AN0                       ; power  ;              ;                     ; --           ;                 ; --       ; --           ;
; P30      ; 415        ; 6A       ; RESERVED_INPUT_WITH_WEAK_PULLUP ;        ;              ;                     ; Row I/O      ;                 ; no       ; On           ;
; P31      ; 400        ; 6A       ; RESERVED_INPUT_WITH_WEAK_PULLUP ;        ;              ;                     ; Row I/O      ;                 ; no       ; On           ;
; P32      ; 398        ; 6A       ; RESERVED_INPUT_WITH_WEAK_PULLUP ;        ;              ;                     ; Row I/O      ;                 ; no       ; On           ;
; P33      ;            ; 6A       ; VCCIO6A                         ; power  ;              ; 2.5V                ; --           ;                 ; --       ; --           ;
; P34      ; 368        ; 6A       ; RESERVED_INPUT_WITH_WEAK_PULLUP ;        ;              ;                     ; Row I/O      ;                 ; no       ; On           ;
; R1       ; 21         ; B2L      ; GND                             ;        ;              ;                     ; --           ;                 ; --       ; --           ;
; R2       ; 20         ; B2L      ; GND                             ;        ;              ;                     ; --           ;                 ; --       ; --           ;
; R3       ;            ;          ; GND                             ; gnd    ;              ;                     ; --           ;                 ; --       ; --           ;
; R4       ;            ;          ; GND                             ; gnd    ;              ;                     ; --           ;                 ; --       ; --           ;
; R5       ;            ;          ; GND                             ; gnd    ;              ;                     ; --           ;                 ; --       ; --           ;
; R6       ;            ;          ; GND                             ; gnd    ;              ;                     ; --           ;                 ; --       ; --           ;
; R7       ;            ; --       ; VCCL_GXBL                       ; power  ;              ; 1.1V                ; --           ;                 ; --       ; --           ;
; R8       ;            ;          ; GND                             ; gnd    ;              ;                     ; --           ;                 ; --       ; --           ;
; R9       ;            ; --       ; VCCE_GXBL                       ; power  ;              ; 1.1V                ; --           ;                 ; --       ; --           ;
; R10      ;            ;          ; GND                             ; gnd    ;              ;                     ; --           ;                 ; --       ; --           ;
; R11      ; 1          ; B3L      ; GND                             ;        ;              ;                     ; Row I/O      ;                 ; --       ; --           ;
; R12      ;            ;          ; GND                             ; gnd    ;              ;                     ; --           ;                 ; --       ; --           ;
; R13      ;            ; --       ; VCC                             ; power  ;              ; 1.1V                ; --           ;                 ; --       ; --           ;
; R14      ;            ;          ; GND                             ; gnd    ;              ;                     ; --           ;                 ; --       ; --           ;
; R15      ;            ; --       ; VCC                             ; power  ;              ; 1.1V                ; --           ;                 ; --       ; --           ;
; R16      ;            ;          ; GND                             ; gnd    ;              ;                     ; --           ;                 ; --       ; --           ;
; R17      ;            ; --       ; VCC                             ; power  ;              ; 1.1V                ; --           ;                 ; --       ; --           ;
; R18      ;            ;          ; GND                             ; gnd    ;              ;                     ; --           ;                 ; --       ; --           ;
; R19      ;            ; --       ; VCC                             ; power  ;              ; 1.1V                ; --           ;                 ; --       ; --           ;
; R20      ;            ;          ; GND                             ; gnd    ;              ;                     ; --           ;                 ; --       ; --           ;
; R21      ;            ; --       ; VCC                             ; power  ;              ; 1.1V                ; --           ;                 ; --       ; --           ;
; R22      ;            ;          ; GND                             ; gnd    ;              ;                     ; --           ;                 ; --       ; --           ;
; R23      ; 410        ; 6A       ; RESERVED_INPUT_WITH_WEAK_PULLUP ;        ;              ;                     ; Row I/O      ;                 ; no       ; On           ;
; R24      ; 412        ; 6A       ; RESERVED_INPUT_WITH_WEAK_PULLUP ;        ;              ;                     ; Row I/O      ;                 ; no       ; On           ;
; R25      ; 396        ; 6A       ; RESERVED_INPUT_WITH_WEAK_PULLUP ;        ;              ;                     ; Row I/O      ;                 ; no       ; On           ;
; R26      ;            ; 6A       ; VCCIO6A                         ; power  ;              ; 2.5V                ; --           ;                 ; --       ; --           ;
; R27      ; 390        ; 6A       ; RESERVED_INPUT_WITH_WEAK_PULLUP ;        ;              ;                     ; Row I/O      ;                 ; no       ; On           ;
; R28      ; 392        ; 6A       ; RESERVED_INPUT_WITH_WEAK_PULLUP ;        ;              ;                     ; Row I/O      ;                 ; no       ; On           ;
; R29      ; 404        ; 6A       ; RESERVED_INPUT_WITH_WEAK_PULLUP ;        ;              ;                     ; Row I/O      ;                 ; no       ; On           ;
; R30      ; 402        ; 6A       ; RESERVED_INPUT_WITH_WEAK_PULLUP ;        ;              ;                     ; Row I/O      ;                 ; no       ; On           ;
; R31      ;            ;          ; GND                             ; gnd    ;              ;                     ; --           ;                 ; --       ; --           ;
; R32      ; 386        ; 6A       ; sample_in[11]                   ; input  ; 2.5 V        ;                     ; Row I/O      ; N               ; no       ; Off          ;
; R33      ; 388        ; 6A       ; sample_in[1]                    ; input  ; 2.5 V        ;                     ; Row I/O      ; N               ; no       ; Off          ;
; R34      ; 366        ; 6A       ; RESERVED_INPUT_WITH_WEAK_PULLUP ;        ;              ;                     ; Row I/O      ;                 ; no       ; On           ;
; T1       ;            ;          ; GND                             ; gnd    ;              ;                     ; --           ;                 ; --       ; --           ;
; T2       ;            ;          ; GND                             ; gnd    ;              ;                     ; --           ;                 ; --       ; --           ;
; T3       ; 22         ; B2L      ; GXB_NC                          ;        ;              ;                     ; --           ;                 ; --       ; --           ;
; T4       ; 23         ; B2L      ; GXB_NC                          ;        ;              ;                     ; --           ;                 ; --       ; --           ;
; T5       ;            ;          ; GND                             ; gnd    ;              ;                     ; --           ;                 ; --       ; --           ;
; T6       ;            ;          ; GND                             ; gnd    ;              ;                     ; --           ;                 ; --       ; --           ;
; T7       ;            ;          ; GND                             ; gnd    ;              ;                     ; --           ;                 ; --       ; --           ;
; T8       ;            ; --       ; VCCH_GXBL                       ; power  ;              ; 2.5V                ; --           ;                 ; --       ; --           ;
; T9       ;            ;          ; GND                             ; gnd    ;              ;                     ; --           ;                 ; --       ; --           ;
; T10      ; 27         ; B2L      ; GND                             ;        ;              ;                     ; Row I/O      ;                 ; --       ; --           ;
; T11      ;            ;          ; GND                             ; gnd    ;              ;                     ; --           ;                 ; --       ; --           ;
; T12      ;            ; --       ; VCC                             ; power  ;              ; 1.1V                ; --           ;                 ; --       ; --           ;
; T13      ;            ;          ; GND                             ; gnd    ;              ;                     ; --           ;                 ; --       ; --           ;
; T14      ;            ; --       ; VCC                             ; power  ;              ; 1.1V                ; --           ;                 ; --       ; --           ;
; T15      ;            ;          ; GND                             ; gnd    ;              ;                     ; --           ;                 ; --       ; --           ;
; T16      ;            ; --       ; VCC                             ; power  ;              ; 1.1V                ; --           ;                 ; --       ; --           ;
; T17      ;            ;          ; GND                             ; gnd    ;              ;                     ; --           ;                 ; --       ; --           ;
; T18      ;            ; --       ; VCC                             ; power  ;              ; 1.1V                ; --           ;                 ; --       ; --           ;
; T19      ;            ;          ; GND                             ; gnd    ;              ;                     ; --           ;                 ; --       ; --           ;
; T20      ;            ; --       ; VCC                             ; power  ;              ; 1.1V                ; --           ;                 ; --       ; --           ;
; T21      ;            ;          ; GND                             ; gnd    ;              ;                     ; --           ;                 ; --       ; --           ;
; T22      ;            ; --       ; VCC                             ; power  ;              ; 1.1V                ; --           ;                 ; --       ; --           ;
; T23      ; 380        ; 6A       ; RESERVED_INPUT_WITH_WEAK_PULLUP ;        ;              ;                     ; Row I/O      ;                 ; no       ; On           ;
; T24      ;            ;          ; GND                             ; gnd    ;              ;                     ; --           ;                 ; --       ; --           ;
; T25      ; 394        ; 6A       ; sample_in[8]                    ; input  ; 2.5 V        ;                     ; Row I/O      ; N               ; no       ; Off          ;
; T26      ;            ; 6A       ; VCCPD6A                         ; power  ;              ; 2.5V                ; --           ;                 ; --       ; --           ;
; T27      ; 374        ; 6A       ; RESERVED_INPUT_WITH_WEAK_PULLUP ;        ;              ;                     ; Row I/O      ;                 ; no       ; On           ;
; T28      ; 376        ; 6A       ; sample_out[15]                  ; output ; 2.5 V        ;                     ; Row I/O      ; N               ; no       ; Off          ;
; T29      ;            ; 6A       ; VCCIO6A                         ; power  ;              ; 2.5V                ; --           ;                 ; --       ; --           ;
; T30      ; 372        ; 6A       ; sample_out[8]                   ; output ; 2.5 V        ;                     ; Row I/O      ; N               ; no       ; Off          ;
; T31      ; 370        ; 6A       ; sample_out[1]                   ; output ; 2.5 V        ;                     ; Row I/O      ; N               ; no       ; Off          ;
; T32      ; 373        ; 6A       ; sample_in[10]                   ; input  ; 2.5 V        ;                     ; Row I/O      ; N               ; no       ; Off          ;
; T33      ; 371        ; 6A       ; sample_out[6]                   ; output ; 2.5 V        ;                     ; Row I/O      ; N               ; no       ; Off          ;
; T34      ;            ;          ; GND                             ; gnd    ;              ;                     ; --           ;                 ; --       ; --           ;
; U1       ; 25         ; B2L      ; GND                             ;        ;              ;                     ; --           ;                 ; --       ; --           ;
; U2       ; 24         ; B2L      ; GND                             ;        ;              ;                     ; --           ;                 ; --       ; --           ;
; U3       ;            ;          ; GND                             ; gnd    ;              ;                     ; --           ;                 ; --       ; --           ;
; U4       ;            ;          ; GND                             ; gnd    ;              ;                     ; --           ;                 ; --       ; --           ;
; U5       ;            ;          ; GND                             ; gnd    ;              ;                     ; --           ;                 ; --       ; --           ;
; U6       ;            ;          ; GND                             ; gnd    ;              ;                     ; --           ;                 ; --       ; --           ;
; U7       ;            ; --       ; VCCL_GXBL                       ; power  ;              ; 1.1V                ; --           ;                 ; --       ; --           ;
; U8       ;            ;          ; GND                             ; gnd    ;              ;                     ; --           ;                 ; --       ; --           ;
; U9       ;            ; --       ; VCCE_GXBL                       ; power  ;              ; 1.1V                ; --           ;                 ; --       ; --           ;
; U10      ;            ;          ; GND                             ; gnd    ;              ;                     ; --           ;                 ; --       ; --           ;
; U11      ; 26         ; B2L      ; GND                             ;        ;              ;                     ; Row I/O      ;                 ; --       ; --           ;
; U12      ;            ;          ; GND                             ; gnd    ;              ;                     ; --           ;                 ; --       ; --           ;
; U13      ;            ; --       ; VCC                             ; power  ;              ; 1.1V                ; --           ;                 ; --       ; --           ;
; U14      ;            ;          ; GND                             ; gnd    ;              ;                     ; --           ;                 ; --       ; --           ;
; U15      ;            ; --       ; VCC                             ; power  ;              ; 1.1V                ; --           ;                 ; --       ; --           ;
; U16      ;            ;          ; GND                             ; gnd    ;              ;                     ; --           ;                 ; --       ; --           ;
; U17      ;            ; --       ; VCC                             ; power  ;              ; 1.1V                ; --           ;                 ; --       ; --           ;
; U18      ;            ;          ; GND                             ; gnd    ;              ;                     ; --           ;                 ; --       ; --           ;
; U19      ;            ; --       ; VCC                             ; power  ;              ; 1.1V                ; --           ;                 ; --       ; --           ;
; U20      ;            ;          ; GND                             ; gnd    ;              ;                     ; --           ;                 ; --       ; --           ;
; U21      ;            ; --       ; VCC                             ; power  ;              ; 1.1V                ; --           ;                 ; --       ; --           ;
; U22      ;            ;          ; GND                             ; gnd    ;              ;                     ; --           ;                 ; --       ; --           ;
; U23      ; 378        ; 6A       ; RESERVED_INPUT_WITH_WEAK_PULLUP ;        ;              ;                     ; Row I/O      ;                 ; no       ; On           ;
; U24      ; 362        ; 6A       ; RESERVED_INPUT_WITH_WEAK_PULLUP ;        ;              ;                     ; Row I/O      ;                 ; no       ; On           ;
; U25      ; 364        ; 6A       ; RESERVED_INPUT_WITH_WEAK_PULLUP ;        ;              ;                     ; Row I/O      ;                 ; no       ; On           ;
; U26      ;            ; 6A       ; VCCPD6A                         ; power  ;              ; 2.5V                ; --           ;                 ; --       ; --           ;
; U27      ;            ;          ; GND                             ; gnd    ;              ;                     ; --           ;                 ; --       ; --           ;
; U28      ; 358        ; 6A       ; RESERVED_INPUT_WITH_WEAK_PULLUP ;        ;              ;                     ; Row I/O      ;                 ; no       ; On           ;
; U29      ; 360        ; 6A       ; RESERVED_INPUT_WITH_WEAK_PULLUP ;        ;              ;                     ; Row I/O      ;                 ; no       ; On           ;
; U30      ; 356        ; 6A       ; RESERVED_INPUT_WITH_WEAK_PULLUP ;        ;              ;                     ; Row I/O      ;                 ; no       ; On           ;
; U31      ; 354        ; 6A       ; RESERVED_INPUT_WITH_WEAK_PULLUP ;        ;              ;                     ; Row I/O      ;                 ; no       ; On           ;
; U32      ;            ; 6A       ; VCCIO6A                         ; power  ;              ; 2.5V                ; --           ;                 ; --       ; --           ;
; U33      ; 369        ; 6A       ; RESERVED_INPUT_WITH_WEAK_PULLUP ;        ;              ;                     ; Row I/O      ;                 ; no       ; On           ;
; U34      ; 367        ; 6A       ; RESERVED_INPUT_WITH_WEAK_PULLUP ;        ;              ;                     ; Row I/O      ;                 ; no       ; On           ;
; V1       ;            ;          ; GND                             ; gnd    ;              ;                     ; --           ;                 ; --       ; --           ;
; V2       ;            ;          ; GND                             ; gnd    ;              ;                     ; --           ;                 ; --       ; --           ;
; V3       ; 30         ; B1L      ; GXB_NC                          ;        ;              ;                     ; --           ;                 ; --       ; --           ;
; V4       ; 31         ; B1L      ; GXB_NC                          ;        ;              ;                     ; --           ;                 ; --       ; --           ;
; V5       ;            ;          ; GND                             ; gnd    ;              ;                     ; --           ;                 ; --       ; --           ;
; V6       ;            ;          ; GND                             ; gnd    ;              ;                     ; --           ;                 ; --       ; --           ;
; V7       ;            ;          ; GND                             ; gnd    ;              ;                     ; --           ;                 ; --       ; --           ;
; V8       ;            ; --       ; VCCE_GXBL                       ; power  ;              ; 1.1V                ; --           ;                 ; --       ; --           ;
; V9       ;            ;          ; GND                             ; gnd    ;              ;                     ; --           ;                 ; --       ; --           ;
; V10      ; 28         ; B1L      ; GND                             ;        ;              ;                     ; Row I/O      ;                 ; --       ; --           ;
; V11      ;            ;          ; GND                             ; gnd    ;              ;                     ; --           ;                 ; --       ; --           ;
; V12      ;            ; --       ; VCC                             ; power  ;              ; 1.1V                ; --           ;                 ; --       ; --           ;
; V13      ;            ;          ; GND                             ; gnd    ;              ;                     ; --           ;                 ; --       ; --           ;
; V14      ;            ; --       ; VCC                             ; power  ;              ; 1.1V                ; --           ;                 ; --       ; --           ;
; V15      ;            ;          ; GND                             ; gnd    ;              ;                     ; --           ;                 ; --       ; --           ;
; V16      ;            ; --       ; VCC                             ; power  ;              ; 1.1V                ; --           ;                 ; --       ; --           ;
; V17      ;            ;          ; GND                             ; gnd    ;              ;                     ; --           ;                 ; --       ; --           ;
; V18      ;            ; --       ; VCC                             ; power  ;              ; 1.1V                ; --           ;                 ; --       ; --           ;
; V19      ;            ;          ; GND                             ; gnd    ;              ;                     ; --           ;                 ; --       ; --           ;
; V20      ;            ; --       ; VCC                             ; power  ;              ; 1.1V                ; --           ;                 ; --       ; --           ;
; V21      ;            ;          ; GND                             ; gnd    ;              ;                     ; --           ;                 ; --       ; --           ;
; V22      ;            ; --       ; VCC                             ; power  ;              ; 1.1V                ; --           ;                 ; --       ; --           ;
; V23      ; 348        ; 5B       ; RESERVED_INPUT_WITH_WEAK_PULLUP ;        ;              ;                     ; Row I/O      ;                 ; no       ; On           ;
; V24      ; 346        ; 5B       ; RESERVED_INPUT_WITH_WEAK_PULLUP ;        ;              ;                     ; Row I/O      ;                 ; no       ; On           ;
; V25      ;            ; 5B       ; VCCIO5B                         ; power  ;              ; 2.5V                ; --           ;                 ; --       ; --           ;
; V26      ;            ; 5B       ; VCCPD5B                         ; power  ;              ; 2.5V                ; --           ;                 ; --       ; --           ;
; V27      ; 340        ; 5B       ; rst_n                           ; input  ; 2.5 V        ;                     ; Row I/O      ; N               ; no       ; Off          ;
; V28      ; 338        ; 5B       ; RESERVED_INPUT_WITH_WEAK_PULLUP ;        ;              ;                     ; Row I/O      ;                 ; no       ; On           ;
; V29      ;            ; 5B       ; VREFB5BN0                       ; power  ;              ;                     ; --           ;                 ; --       ; --           ;
; V30      ;            ;          ; GND                             ; gnd    ;              ;                     ; --           ;                 ; --       ; --           ;
; V31      ; 336        ; 5B       ; RESERVED_INPUT_WITH_WEAK_PULLUP ;        ;              ;                     ; Row I/O      ;                 ; no       ; On           ;
; V32      ; 352        ; 5B       ; RESERVED_INPUT_WITH_WEAK_PULLUP ;        ;              ;                     ; Row I/O      ;                 ; no       ; On           ;
; V33      ; 363        ; 6A       ; RESERVED_INPUT_WITH_WEAK_PULLUP ;        ;              ;                     ; Row I/O      ;                 ; no       ; On           ;
; V34      ; 365        ; 6A       ; RESERVED_INPUT_WITH_WEAK_PULLUP ;        ;              ;                     ; Row I/O      ;                 ; no       ; On           ;
; W1       ; 33         ; B1L      ; GND                             ;        ;              ;                     ; --           ;                 ; --       ; --           ;
; W2       ; 32         ; B1L      ; GND                             ;        ;              ;                     ; --           ;                 ; --       ; --           ;
; W3       ;            ;          ; GND                             ; gnd    ;              ;                     ; --           ;                 ; --       ; --           ;
; W4       ;            ;          ; GND                             ; gnd    ;              ;                     ; --           ;                 ; --       ; --           ;
; W5       ;            ;          ; GND                             ; gnd    ;              ;                     ; --           ;                 ; --       ; --           ;
; W6       ;            ;          ; GND                             ; gnd    ;              ;                     ; --           ;                 ; --       ; --           ;
; W7       ;            ; --       ; VCCL_GXBL                       ; power  ;              ; 1.1V                ; --           ;                 ; --       ; --           ;
; W8       ;            ;          ; GND                             ; gnd    ;              ;                     ; --           ;                 ; --       ; --           ;
; W9       ;            ; --       ; VCCH_GXBL                       ; power  ;              ; 2.5V                ; --           ;                 ; --       ; --           ;
; W10      ;            ;          ; GND                             ; gnd    ;              ;                     ; --           ;                 ; --       ; --           ;
; W11      ; 29         ; B1L      ; GND                             ;        ;              ;                     ; Row I/O      ;                 ; --       ; --           ;
; W12      ;            ;          ; GND                             ; gnd    ;              ;                     ; --           ;                 ; --       ; --           ;
; W13      ;            ; --       ; VCC                             ; power  ;              ; 1.1V                ; --           ;                 ; --       ; --           ;
; W14      ;            ;          ; GND                             ; gnd    ;              ;                     ; --           ;                 ; --       ; --           ;
; W15      ;            ; --       ; VCC                             ; power  ;              ; 1.1V                ; --           ;                 ; --       ; --           ;
; W16      ;            ;          ; GND                             ; gnd    ;              ;                     ; --           ;                 ; --       ; --           ;
; W17      ;            ; --       ; VCC                             ; power  ;              ; 1.1V                ; --           ;                 ; --       ; --           ;
; W18      ;            ;          ; GND                             ; gnd    ;              ;                     ; --           ;                 ; --       ; --           ;
; W19      ;            ; --       ; VCC                             ; power  ;              ; 1.1V                ; --           ;                 ; --       ; --           ;
; W20      ;            ;          ; GND                             ; gnd    ;              ;                     ; --           ;                 ; --       ; --           ;
; W21      ;            ; --       ; VCC                             ; power  ;              ; 1.1V                ; --           ;                 ; --       ; --           ;
; W22      ;            ;          ; GND                             ; gnd    ;              ;                     ; --           ;                 ; --       ; --           ;
; W23      ;            ;          ; GND                             ; gnd    ;              ;                     ; --           ;                 ; --       ; --           ;
; W24      ; 300        ; 5A       ; RESERVED_INPUT_WITH_WEAK_PULLUP ;        ;              ;                     ; Row I/O      ;                 ; no       ; On           ;
; W25      ;            ; 5B       ; VCCPD5B                         ; power  ;              ; 2.5V                ; --           ;                 ; --       ; --           ;
; W26      ; 322        ; 5B       ; RESERVED_INPUT_WITH_WEAK_PULLUP ;        ;              ;                     ; Row I/O      ;                 ; no       ; On           ;
; W27      ; 324        ; 5B       ; RESERVED_INPUT_WITH_WEAK_PULLUP ;        ;              ;                     ; Row I/O      ;                 ; no       ; On           ;
; W28      ;            ; 5B       ; VCCIO5B                         ; power  ;              ; 2.5V                ; --           ;                 ; --       ; --           ;
; W29      ; 330        ; 5B       ; RESERVED_INPUT_WITH_WEAK_PULLUP ;        ;              ;                     ; Row I/O      ;                 ; no       ; On           ;
; W30      ; 332        ; 5B       ; RESERVED_INPUT_WITH_WEAK_PULLUP ;        ;              ;                     ; Row I/O      ;                 ; no       ; On           ;
; W31      ; 334        ; 5B       ; RESERVED_INPUT_WITH_WEAK_PULLUP ;        ;              ;                     ; Row I/O      ;                 ; no       ; On           ;
; W32      ; 350        ; 5B       ; RESERVED_INPUT_WITH_WEAK_PULLUP ;        ;              ;                     ; Row I/O      ;                 ; no       ; On           ;
; W33      ;            ;          ; GND                             ; gnd    ;              ;                     ; --           ;                 ; --       ; --           ;
; W34      ; 361        ; 6A       ; RESERVED_INPUT_WITH_WEAK_PULLUP ;        ;              ;                     ; Row I/O      ;                 ; no       ; On           ;
; Y1       ;            ;          ; GND                             ; gnd    ;              ;                     ; --           ;                 ; --       ; --           ;
; Y2       ;            ;          ; GND                             ; gnd    ;              ;                     ; --           ;                 ; --       ; --           ;
; Y3       ; 34         ; B1L      ; GXB_NC                          ;        ;              ;                     ; --           ;                 ; --       ; --           ;
; Y4       ; 35         ; B1L      ; GXB_NC                          ;        ;              ;                     ; --           ;                 ; --       ; --           ;
; Y5       ;            ;          ; GND                             ; gnd    ;              ;                     ; --           ;                 ; --       ; --           ;
; Y6       ;            ;          ; GND                             ; gnd    ;              ;                     ; --           ;                 ; --       ; --           ;
; Y7       ;            ;          ; GND                             ; gnd    ;              ;                     ; --           ;                 ; --       ; --           ;
; Y8       ;            ; --       ; VCCE_GXBL                       ; power  ;              ; 1.1V                ; --           ;                 ; --       ; --           ;
; Y9       ;            ;          ; GND                             ; gnd    ;              ;                     ; --           ;                 ; --       ; --           ;
; Y10      ;            ;          ; GND                             ; gnd    ;              ;                     ; --           ;                 ; --       ; --           ;
; Y11      ;            ;          ; GND                             ; gnd    ;              ;                     ; --           ;                 ; --       ; --           ;
; Y12      ;            ; --       ; VCC                             ; power  ;              ; 1.1V                ; --           ;                 ; --       ; --           ;
; Y13      ;            ;          ; GND                             ; gnd    ;              ;                     ; --           ;                 ; --       ; --           ;
; Y14      ;            ; --       ; VCC                             ; power  ;              ; 1.1V                ; --           ;                 ; --       ; --           ;
; Y15      ;            ;          ; GND                             ; gnd    ;              ;                     ; --           ;                 ; --       ; --           ;
; Y16      ;            ; --       ; VCC                             ; power  ;              ; 1.1V                ; --           ;                 ; --       ; --           ;
; Y17      ;            ;          ; GND                             ; gnd    ;              ;                     ; --           ;                 ; --       ; --           ;
; Y18      ;            ; --       ; VCC                             ; power  ;              ; 1.1V                ; --           ;                 ; --       ; --           ;
; Y19      ;            ;          ; GND                             ; gnd    ;              ;                     ; --           ;                 ; --       ; --           ;
; Y20      ; 216        ; 4A       ; RESERVED_INPUT_WITH_WEAK_PULLUP ;        ;              ;                     ; Column I/O   ;                 ; no       ; On           ;
; Y21      ;            ;          ; GND                             ; gnd    ;              ;                     ; --           ;                 ; --       ; --           ;
; Y22      ; 284        ; 5A       ; RESERVED_INPUT_WITH_WEAK_PULLUP ;        ;              ;                     ; Row I/O      ;                 ; no       ; On           ;
; Y23      ; 298        ; 5A       ; RESERVED_INPUT_WITH_WEAK_PULLUP ;        ;              ;                     ; Row I/O      ;                 ; no       ; On           ;
; Y24      ; 271        ; 5A       ; RESERVED_INPUT_WITH_WEAK_PULLUP ;        ;              ;                     ; Row I/O      ;                 ; no       ; On           ;
; Y25      ; 273        ; 5A       ; RESERVED_INPUT_WITH_WEAK_PULLUP ;        ;              ;                     ; Row I/O      ;                 ; no       ; On           ;
; Y26      ;            ; 5A       ; VCCIO5A                         ; power  ;              ; 2.5V                ; --           ;                 ; --       ; --           ;
; Y27      ; 312        ; 5B       ; RESERVED_INPUT_WITH_WEAK_PULLUP ;        ;              ;                     ; Row I/O      ;                 ; no       ; On           ;
; Y28      ; 310        ; 5B       ; RESERVED_INPUT_WITH_WEAK_PULLUP ;        ;              ;                     ; Row I/O      ;                 ; no       ; On           ;
; Y29      ; 314        ; 5B       ; RESERVED_INPUT_WITH_WEAK_PULLUP ;        ;              ;                     ; Row I/O      ;                 ; no       ; On           ;
; Y30      ; 316        ; 5B       ; RESERVED_INPUT_WITH_WEAK_PULLUP ;        ;              ;                     ; Row I/O      ;                 ; no       ; On           ;
; Y31      ;            ; 5B       ; VCCIO5B                         ; power  ;              ; 2.5V                ; --           ;                 ; --       ; --           ;
; Y32      ; 308        ; 5B       ; RESERVED_INPUT_WITH_WEAK_PULLUP ;        ;              ;                     ; Row I/O      ;                 ; no       ; On           ;
; Y33      ; 355        ; 6A       ; RESERVED_INPUT_WITH_WEAK_PULLUP ;        ;              ;                     ; Row I/O      ;                 ; no       ; On           ;
; Y34      ; 359        ; 6A       ; RESERVED_INPUT_WITH_WEAK_PULLUP ;        ;              ;                     ; Row I/O      ;                 ; no       ; On           ;
+----------+------------+----------+---------------------------------+--------+--------------+---------------------+--------------+-----------------+----------+--------------+
Note: Pin directions (input, output or bidir) are based on device operating in user mode.


+--------------------------------------------------+
; I/O Assignment Warnings                          ;
+------------------+-------------------------------+
; Pin Name         ; Reason                        ;
+------------------+-------------------------------+
; sample_out_valid ; Incomplete set of assignments ;
; sample_out[0]    ; Incomplete set of assignments ;
; sample_out[1]    ; Incomplete set of assignments ;
; sample_out[2]    ; Incomplete set of assignments ;
; sample_out[3]    ; Incomplete set of assignments ;
; sample_out[4]    ; Incomplete set of assignments ;
; sample_out[5]    ; Incomplete set of assignments ;
; sample_out[6]    ; Incomplete set of assignments ;
; sample_out[7]    ; Incomplete set of assignments ;
; sample_out[8]    ; Incomplete set of assignments ;
; sample_out[9]    ; Incomplete set of assignments ;
; sample_out[10]   ; Incomplete set of assignments ;
; sample_out[11]   ; Incomplete set of assignments ;
; sample_out[12]   ; Incomplete set of assignments ;
; sample_out[13]   ; Incomplete set of assignments ;
; sample_out[14]   ; Incomplete set of assignments ;
; sample_out[15]   ; Incomplete set of assignments ;
; sample_valid     ; Incomplete set of assignments ;
; clk              ; Incomplete set of assignments ;
; rst_n            ; Incomplete set of assignments ;
; sample_in[15]    ; Incomplete set of assignments ;
; sample_in[14]    ; Incomplete set of assignments ;
; sample_in[0]     ; Incomplete set of assignments ;
; sample_in[1]     ; Incomplete set of assignments ;
; sample_in[2]     ; Incomplete set of assignments ;
; sample_in[3]     ; Incomplete set of assignments ;
; sample_in[4]     ; Incomplete set of assignments ;
; sample_in[5]     ; Incomplete set of assignments ;
; sample_in[6]     ; Incomplete set of assignments ;
; sample_in[7]     ; Incomplete set of assignments ;
; sample_in[8]     ; Incomplete set of assignments ;
; sample_in[9]     ; Incomplete set of assignments ;
; sample_in[10]    ; Incomplete set of assignments ;
; sample_in[11]    ; Incomplete set of assignments ;
; sample_in[12]    ; Incomplete set of assignments ;
; sample_in[13]    ; Incomplete set of assignments ;
; sample_out_valid ; Missing location assignment   ;
; sample_out[0]    ; Missing location assignment   ;
; sample_out[1]    ; Missing location assignment   ;
; sample_out[2]    ; Missing location assignment   ;
; sample_out[3]    ; Missing location assignment   ;
; sample_out[4]    ; Missing location assignment   ;
; sample_out[5]    ; Missing location assignment   ;
; sample_out[6]    ; Missing location assignment   ;
; sample_out[7]    ; Missing location assignment   ;
; sample_out[8]    ; Missing location assignment   ;
; sample_out[9]    ; Missing location assignment   ;
; sample_out[10]   ; Missing location assignment   ;
; sample_out[11]   ; Missing location assignment   ;
; sample_out[12]   ; Missing location assignment   ;
; sample_out[13]   ; Missing location assignment   ;
; sample_out[14]   ; Missing location assignment   ;
; sample_out[15]   ; Missing location assignment   ;
; sample_valid     ; Missing location assignment   ;
; clk              ; Missing location assignment   ;
; rst_n            ; Missing location assignment   ;
; sample_in[15]    ; Missing location assignment   ;
; sample_in[14]    ; Missing location assignment   ;
; sample_in[0]     ; Missing location assignment   ;
; sample_in[1]     ; Missing location assignment   ;
; sample_in[2]     ; Missing location assignment   ;
; sample_in[3]     ; Missing location assignment   ;
; sample_in[4]     ; Missing location assignment   ;
; sample_in[5]     ; Missing location assignment   ;
; sample_in[6]     ; Missing location assignment   ;
; sample_in[7]     ; Missing location assignment   ;
; sample_in[8]     ; Missing location assignment   ;
; sample_in[9]     ; Missing location assignment   ;
; sample_in[10]    ; Missing location assignment   ;
; sample_in[11]    ; Missing location assignment   ;
; sample_in[12]    ; Missing location assignment   ;
; sample_in[13]    ; Missing location assignment   ;
+------------------+-------------------------------+


+----------------------------------------------------------------------------------------------------------------------------------------------------------------------------------------------------------------------------------------------------------------------------------------------------------------------------------------------------------------------------------------+
; Fitter Resource Utilization by Entity                                                                                                                                                                                                                                                                                                                                                  ;
+----------------------------+----------------------+----------------------------------+---------------------------------------------------+----------------------------------+----------------------+---------------------+---------------------------+---------------+-------------------+-------+------------+------+--------------+---------------------+-------------+--------------+
; Compilation Hierarchy Node ; ALMs needed [=A-B+C] ; [A] ALMs used in final placement ; [B] Estimate of ALMs recoverable by dense packing ; [C] Estimate of ALMs unavailable ; ALMs used for memory ; Combinational ALUTs ; Dedicated Logic Registers ; I/O Registers ; Block Memory Bits ; M10Ks ; DSP Blocks ; Pins ; Virtual Pins ; Full Hierarchy Name ; Entity Name ; Library Name ;
+----------------------------+----------------------+----------------------------------+---------------------------------------------------+----------------------------------+----------------------+---------------------+---------------------------+---------------+-------------------+-------+------------+------+--------------+---------------------+-------------+--------------+
; |fir_filter                ; 3449.0 (3449.0)      ; 4653.5 (4653.5)                  ; 1277.0 (1277.0)                                   ; 72.5 (72.5)                      ; 0.0 (0.0)            ; 6741 (6741)         ; 3393 (3393)               ; 0 (0)         ; 0                 ; 0     ; 205        ; 36   ; 0            ; |fir_filter         ; fir_filter  ; work         ;
+----------------------------+----------------------+----------------------------------+---------------------------------------------------+----------------------------------+----------------------+---------------------+---------------------------+---------------+-------------------+-------+------------+------+--------------+---------------------+-------------+--------------+
Note: For table entries with two numbers listed, the numbers in parentheses indicate the number of resources of the given type used by the specific entity alone. The numbers listed outside of parentheses indicate the total resources of the given type used by the specific entity and all of its sub-entities in the hierarchy.


+---------------------------------------------------------------------------------------------------------------------------------+
; Delay Chain Summary                                                                                                             ;
+------------------+----------+----+------+------+----+------+-------+--------+------------------------+--------------------------+
; Name             ; Pin Type ; D1 ; D3_0 ; D3_1 ; D4 ; D5   ; D5 OE ; D5 OCT ; T11 (Postamble Gating) ; T11 (Postamble Ungating) ;
+------------------+----------+----+------+------+----+------+-------+--------+------------------------+--------------------------+
; sample_out_valid ; Output   ; -- ; --   ; --   ; -- ; (0)  ; (31)  ; --     ; --                     ; --                       ;
; sample_out[0]    ; Output   ; -- ; --   ; --   ; -- ; (0)  ; (31)  ; --     ; --                     ; --                       ;
; sample_out[1]    ; Output   ; -- ; --   ; --   ; -- ; (0)  ; (31)  ; --     ; --                     ; --                       ;
; sample_out[2]    ; Output   ; -- ; --   ; --   ; -- ; (0)  ; (31)  ; --     ; --                     ; --                       ;
; sample_out[3]    ; Output   ; -- ; --   ; --   ; -- ; (0)  ; (31)  ; --     ; --                     ; --                       ;
; sample_out[4]    ; Output   ; -- ; --   ; --   ; -- ; (0)  ; (31)  ; --     ; --                     ; --                       ;
; sample_out[5]    ; Output   ; -- ; --   ; --   ; -- ; (0)  ; (31)  ; --     ; --                     ; --                       ;
; sample_out[6]    ; Output   ; -- ; --   ; --   ; -- ; (0)  ; (31)  ; --     ; --                     ; --                       ;
; sample_out[7]    ; Output   ; -- ; --   ; --   ; -- ; (0)  ; (31)  ; --     ; --                     ; --                       ;
; sample_out[8]    ; Output   ; -- ; --   ; --   ; -- ; (0)  ; (31)  ; --     ; --                     ; --                       ;
; sample_out[9]    ; Output   ; -- ; --   ; --   ; -- ; (0)  ; (31)  ; --     ; --                     ; --                       ;
; sample_out[10]   ; Output   ; -- ; --   ; --   ; -- ; (0)  ; (31)  ; --     ; --                     ; --                       ;
; sample_out[11]   ; Output   ; -- ; --   ; --   ; -- ; (0)  ; (31)  ; --     ; --                     ; --                       ;
; sample_out[12]   ; Output   ; -- ; --   ; --   ; -- ; (0)  ; (31)  ; --     ; --                     ; --                       ;
; sample_out[13]   ; Output   ; -- ; --   ; --   ; -- ; (0)  ; (31)  ; --     ; --                     ; --                       ;
; sample_out[14]   ; Output   ; -- ; --   ; --   ; -- ; (0)  ; (31)  ; --     ; --                     ; --                       ;
; sample_out[15]   ; Output   ; -- ; --   ; --   ; -- ; (0)  ; (31)  ; --     ; --                     ; --                       ;
; sample_valid     ; Input    ; -- ; --   ; (0)  ; -- ; --   ; --    ; --     ; --                     ; --                       ;
; clk              ; Input    ; -- ; (0)  ; --   ; -- ; --   ; --    ; --     ; --                     ; --                       ;
; rst_n            ; Input    ; -- ; (0)  ; --   ; -- ; --   ; --    ; --     ; --                     ; --                       ;
; sample_in[15]    ; Input    ; -- ; (0)  ; --   ; -- ; --   ; --    ; --     ; --                     ; --                       ;
; sample_in[14]    ; Input    ; -- ; --   ; (0)  ; -- ; --   ; --    ; --     ; --                     ; --                       ;
; sample_in[0]     ; Input    ; -- ; --   ; (0)  ; -- ; --   ; --    ; --     ; --                     ; --                       ;
; sample_in[1]     ; Input    ; -- ; (0)  ; --   ; -- ; --   ; --    ; --     ; --                     ; --                       ;
; sample_in[2]     ; Input    ; -- ; --   ; (0)  ; -- ; --   ; --    ; --     ; --                     ; --                       ;
; sample_in[3]     ; Input    ; -- ; --   ; (0)  ; -- ; --   ; --    ; --     ; --                     ; --                       ;
; sample_in[4]     ; Input    ; -- ; --   ; (0)  ; -- ; --   ; --    ; --     ; --                     ; --                       ;
; sample_in[5]     ; Input    ; -- ; --   ; (0)  ; -- ; --   ; --    ; --     ; --                     ; --                       ;
; sample_in[6]     ; Input    ; -- ; --   ; (0)  ; -- ; --   ; --    ; --     ; --                     ; --                       ;
; sample_in[7]     ; Input    ; -- ; (0)  ; --   ; -- ; --   ; --    ; --     ; --                     ; --                       ;
; sample_in[8]     ; Input    ; -- ; --   ; (0)  ; -- ; --   ; --    ; --     ; --                     ; --                       ;
; sample_in[9]     ; Input    ; -- ; --   ; (0)  ; -- ; --   ; --    ; --     ; --                     ; --                       ;
; sample_in[10]    ; Input    ; -- ; --   ; (0)  ; -- ; --   ; --    ; --     ; --                     ; --                       ;
; sample_in[11]    ; Input    ; -- ; --   ; (0)  ; -- ; --   ; --    ; --     ; --                     ; --                       ;
; sample_in[12]    ; Input    ; -- ; --   ; (0)  ; -- ; --   ; --    ; --     ; --                     ; --                       ;
; sample_in[13]    ; Input    ; -- ; --   ; (0)  ; -- ; --   ; --    ; --     ; --                     ; --                       ;
+------------------+----------+----+------+------+----+------+-------+--------+------------------------+--------------------------+


+--------------------------------------------------------------------+
; Pad To Core Delay Chain Fanout                                     ;
+--------------------------------------+-------------------+---------+
; Source Pin / Fanout                  ; Pad To Core Index ; Setting ;
+--------------------------------------+-------------------+---------+
; sample_valid                         ;                   ;         ;
;      - sample_out_valid~reg0         ; 1                 ; 0       ;
;      - sample_out[9]~reg0            ; 1                 ; 0       ;
;      - sample_out[10]~reg0           ; 1                 ; 0       ;
;      - sample_out[11]~reg0           ; 1                 ; 0       ;
;      - sample_out[12]~reg0           ; 1                 ; 0       ;
;      - sample_out[13]~reg0           ; 1                 ; 0       ;
;      - sample_out[14]~reg0           ; 1                 ; 0       ;
;      - sample_out[0]~reg0            ; 1                 ; 0       ;
;      - sample_out[1]~reg0            ; 1                 ; 0       ;
;      - sample_out[2]~reg0            ; 1                 ; 0       ;
;      - sample_out[3]~reg0            ; 1                 ; 0       ;
;      - sample_out[4]~reg0            ; 1                 ; 0       ;
;      - sample_out[5]~reg0            ; 1                 ; 0       ;
;      - sample_out[6]~reg0            ; 1                 ; 0       ;
;      - sample_out[7]~reg0            ; 1                 ; 0       ;
;      - sample_out[8]~reg0            ; 1                 ; 0       ;
;      - sample_out[15]~reg0           ; 1                 ; 0       ;
;      - Add110~113                    ; 1                 ; 0       ;
;      - Add110~109                    ; 1                 ; 0       ;
;      - Add110~105                    ; 1                 ; 0       ;
;      - Add110~101                    ; 1                 ; 0       ;
;      - Add110~97                     ; 1                 ; 0       ;
;      - Add110~93                     ; 1                 ; 0       ;
;      - Add110~89                     ; 1                 ; 0       ;
;      - Add110~85                     ; 1                 ; 0       ;
;      - Add110~81                     ; 1                 ; 0       ;
;      - Add110~77                     ; 1                 ; 0       ;
;      - Add110~73                     ; 1                 ; 0       ;
;      - Add110~69                     ; 1                 ; 0       ;
;      - Add110~65                     ; 1                 ; 0       ;
;      - Add110~61                     ; 1                 ; 0       ;
;      - Add110~9                      ; 1                 ; 0       ;
;      - Add110~13                     ; 1                 ; 0       ;
;      - Add110~17                     ; 1                 ; 0       ;
;      - Add110~21                     ; 1                 ; 0       ;
;      - Add110~25                     ; 1                 ; 0       ;
;      - Add110~29                     ; 1                 ; 0       ;
;      - Add110~33                     ; 1                 ; 0       ;
;      - Add110~37                     ; 1                 ; 0       ;
;      - Add110~41                     ; 1                 ; 0       ;
;      - Add110~45                     ; 1                 ; 0       ;
;      - Add110~49                     ; 1                 ; 0       ;
;      - Add110~53                     ; 1                 ; 0       ;
;      - Add110~57                     ; 1                 ; 0       ;
;      - Add110~5                      ; 1                 ; 0       ;
;      - Add110~1                      ; 1                 ; 0       ;
;      - Add217~245                    ; 1                 ; 0       ;
;      - Add217~237                    ; 1                 ; 0       ;
;      - Add217~229                    ; 1                 ; 0       ;
;      - Add217~221                    ; 1                 ; 0       ;
;      - Add217~213                    ; 1                 ; 0       ;
;      - Add217~205                    ; 1                 ; 0       ;
;      - Add217~197                    ; 1                 ; 0       ;
;      - Add217~189                    ; 1                 ; 0       ;
;      - Add217~181                    ; 1                 ; 0       ;
;      - Add217~173                    ; 1                 ; 0       ;
;      - Add217~165                    ; 1                 ; 0       ;
;      - Add217~157                    ; 1                 ; 0       ;
;      - Add217~149                    ; 1                 ; 0       ;
;      - Add217~141                    ; 1                 ; 0       ;
;      - Add217~81                     ; 1                 ; 0       ;
;      - Add217~89                     ; 1                 ; 0       ;
;      - Add217~93                     ; 1                 ; 0       ;
;      - Add217~97                     ; 1                 ; 0       ;
;      - Add217~101                    ; 1                 ; 0       ;
;      - Add217~105                    ; 1                 ; 0       ;
;      - Add217~109                    ; 1                 ; 0       ;
;      - Add217~113                    ; 1                 ; 0       ;
;      - Add217~117                    ; 1                 ; 0       ;
;      - Add217~121                    ; 1                 ; 0       ;
;      - Add217~125                    ; 1                 ; 0       ;
;      - Add217~129                    ; 1                 ; 0       ;
;      - Add217~133                    ; 1                 ; 0       ;
;      - Add217~137                    ; 1                 ; 0       ;
;      - Add217~77                     ; 1                 ; 0       ;
;      - Add217~5                      ; 1                 ; 0       ;
;      - Add164~69                     ; 1                 ; 0       ;
;      - Add164~65                     ; 1                 ; 0       ;
;      - Add164~61                     ; 1                 ; 0       ;
;      - Add164~57                     ; 1                 ; 0       ;
;      - Add164~53                     ; 1                 ; 0       ;
;      - Add164~49                     ; 1                 ; 0       ;
;      - Add164~45                     ; 1                 ; 0       ;
;      - Add164~41                     ; 1                 ; 0       ;
;      - Add164~37                     ; 1                 ; 0       ;
;      - Add164~13                     ; 1                 ; 0       ;
;      - Add164~17                     ; 1                 ; 0       ;
;      - Add164~21                     ; 1                 ; 0       ;
;      - Add164~25                     ; 1                 ; 0       ;
;      - Add164~29                     ; 1                 ; 0       ;
;      - Add164~33                     ; 1                 ; 0       ;
;      - Add164~9                      ; 1                 ; 0       ;
;      - Add164~1                      ; 1                 ; 0       ;
;      - Add164~5                      ; 1                 ; 0       ;
;      - Add50~69                      ; 1                 ; 0       ;
;      - Add50~65                      ; 1                 ; 0       ;
;      - Add50~61                      ; 1                 ; 0       ;
;      - Add50~57                      ; 1                 ; 0       ;
;      - Add50~53                      ; 1                 ; 0       ;
;      - Add50~49                      ; 1                 ; 0       ;
;      - Add50~45                      ; 1                 ; 0       ;
;      - Add50~41                      ; 1                 ; 0       ;
;      - Add50~37                      ; 1                 ; 0       ;
;      - Add50~13                      ; 1                 ; 0       ;
;      - Add50~17                      ; 1                 ; 0       ;
;      - Add50~21                      ; 1                 ; 0       ;
;      - Add50~25                      ; 1                 ; 0       ;
;      - Add50~29                      ; 1                 ; 0       ;
;      - Add50~33                      ; 1                 ; 0       ;
;      - Add50~9                       ; 1                 ; 0       ;
;      - Add50~1                       ; 1                 ; 0       ;
;      - Add50~5                       ; 1                 ; 0       ;
;      - Add191~69                     ; 1                 ; 0       ;
;      - Add191~65                     ; 1                 ; 0       ;
;      - Add191~61                     ; 1                 ; 0       ;
;      - Add191~57                     ; 1                 ; 0       ;
;      - Add191~53                     ; 1                 ; 0       ;
;      - Add191~49                     ; 1                 ; 0       ;
;      - Add191~45                     ; 1                 ; 0       ;
;      - Add191~41                     ; 1                 ; 0       ;
;      - Add191~37                     ; 1                 ; 0       ;
;      - Add191~33                     ; 1                 ; 0       ;
;      - Add191~29                     ; 1                 ; 0       ;
;      - Add191~25                     ; 1                 ; 0       ;
;      - Add191~21                     ; 1                 ; 0       ;
;      - Add191~17                     ; 1                 ; 0       ;
;      - Add191~13                     ; 1                 ; 0       ;
;      - Add191~9                      ; 1                 ; 0       ;
;      - Add191~1                      ; 1                 ; 0       ;
;      - Add191~5                      ; 1                 ; 0       ;
;      - Add23~69                      ; 1                 ; 0       ;
;      - Add23~65                      ; 1                 ; 0       ;
;      - Add23~61                      ; 1                 ; 0       ;
;      - Add23~57                      ; 1                 ; 0       ;
;      - Add23~53                      ; 1                 ; 0       ;
;      - Add23~49                      ; 1                 ; 0       ;
;      - Add23~45                      ; 1                 ; 0       ;
;      - Add23~41                      ; 1                 ; 0       ;
;      - Add23~37                      ; 1                 ; 0       ;
;      - Add23~33                      ; 1                 ; 0       ;
;      - Add23~29                      ; 1                 ; 0       ;
;      - Add23~25                      ; 1                 ; 0       ;
;      - Add23~21                      ; 1                 ; 0       ;
;      - Add23~17                      ; 1                 ; 0       ;
;      - Add23~13                      ; 1                 ; 0       ;
;      - Add23~9                       ; 1                 ; 0       ;
;      - Add23~1                       ; 1                 ; 0       ;
;      - Add23~5                       ; 1                 ; 0       ;
;      - delay_line[209][15]           ; 1                 ; 0       ;
;      - delay_line[210][15]           ; 1                 ; 0       ;
;      - delay_line[208][15]           ; 1                 ; 0       ;
;      - delay_line_next[209][15]~0    ; 1                 ; 0       ;
;      - delay_line[0][15]             ; 1                 ; 0       ;
;      - delay_line[160][15]           ; 1                 ; 0       ;
;      - delay_line[161][15]           ; 1                 ; 0       ;
;      - delay_line[48][15]            ; 1                 ; 0       ;
;      - delay_line[49][15]            ; 1                 ; 0       ;
;      - delay_line[185][15]           ; 1                 ; 0       ;
;      - delay_line[186][15]           ; 1                 ; 0       ;
;      - delay_line[209][14]           ; 1                 ; 0       ;
;      - delay_line[210][14]           ; 1                 ; 0       ;
;      - delay_line[23][15]            ; 1                 ; 0       ;
;      - delay_line[24][15]            ; 1                 ; 0       ;
;      - delay_line[49][0]             ; 1                 ; 0       ;
;      - delay_line[50][0]             ; 1                 ; 0       ;
;      - delay_line_next[50][0]~1      ; 1                 ; 0       ;
;      - delay_line[49][1]             ; 1                 ; 0       ;
;      - delay_line[50][1]             ; 1                 ; 0       ;
;      - delay_line_next[50][1]~2      ; 1                 ; 0       ;
;      - delay_line[49][2]             ; 1                 ; 0       ;
;      - delay_line[50][2]             ; 1                 ; 0       ;
;      - delay_line_next[50][2]~3      ; 1                 ; 0       ;
;      - delay_line[49][3]             ; 1                 ; 0       ;
;      - delay_line[50][3]             ; 1                 ; 0       ;
;      - delay_line_next[50][3]~4      ; 1                 ; 0       ;
;      - delay_line[49][4]             ; 1                 ; 0       ;
;      - delay_line[50][4]             ; 1                 ; 0       ;
;      - delay_line_next[50][4]~5      ; 1                 ; 0       ;
;      - delay_line[49][5]             ; 1                 ; 0       ;
;      - delay_line[50][5]             ; 1                 ; 0       ;
;      - delay_line_next[50][5]~6      ; 1                 ; 0       ;
;      - delay_line[49][6]             ; 1                 ; 0       ;
;      - delay_line[50][6]             ; 1                 ; 0       ;
;      - delay_line_next[50][6]~7      ; 1                 ; 0       ;
;      - delay_line[49][7]             ; 1                 ; 0       ;
;      - delay_line[50][7]             ; 1                 ; 0       ;
;      - delay_line_next[50][7]~8      ; 1                 ; 0       ;
;      - delay_line[49][8]             ; 1                 ; 0       ;
;      - delay_line[50][8]             ; 1                 ; 0       ;
;      - delay_line_next[50][8]~9      ; 1                 ; 0       ;
;      - delay_line[49][9]             ; 1                 ; 0       ;
;      - delay_line[50][9]             ; 1                 ; 0       ;
;      - delay_line_next[50][9]~10     ; 1                 ; 0       ;
;      - delay_line[49][10]            ; 1                 ; 0       ;
;      - delay_line[50][10]            ; 1                 ; 0       ;
;      - delay_line_next[50][10]~11    ; 1                 ; 0       ;
;      - delay_line[49][11]            ; 1                 ; 0       ;
;      - delay_line[50][11]            ; 1                 ; 0       ;
;      - delay_line_next[50][11]~12    ; 1                 ; 0       ;
;      - delay_line[49][12]            ; 1                 ; 0       ;
;      - delay_line[50][12]            ; 1                 ; 0       ;
;      - delay_line_next[50][12]~13    ; 1                 ; 0       ;
;      - delay_line[49][13]            ; 1                 ; 0       ;
;      - delay_line[50][13]            ; 1                 ; 0       ;
;      - delay_line_next[50][13]~14    ; 1                 ; 0       ;
;      - delay_line[49][14]            ; 1                 ; 0       ;
;      - delay_line[50][14]            ; 1                 ; 0       ;
;      - delay_line_next[50][14]~15    ; 1                 ; 0       ;
;      - delay_line[50][15]            ; 1                 ; 0       ;
;      - delay_line_next[50][15]~16    ; 1                 ; 0       ;
;      - delay_line[40][0]             ; 1                 ; 0       ;
;      - delay_line[41][0]             ; 1                 ; 0       ;
;      - delay_line_next[41][0]~17     ; 1                 ; 0       ;
;      - delay_line[40][1]             ; 1                 ; 0       ;
;      - delay_line[41][1]             ; 1                 ; 0       ;
;      - delay_line_next[41][1]~18     ; 1                 ; 0       ;
;      - delay_line[40][2]             ; 1                 ; 0       ;
;      - delay_line[41][2]             ; 1                 ; 0       ;
;      - delay_line_next[41][2]~19     ; 1                 ; 0       ;
;      - delay_line[40][3]             ; 1                 ; 0       ;
;      - delay_line[41][3]             ; 1                 ; 0       ;
;      - delay_line_next[41][3]~20     ; 1                 ; 0       ;
;      - delay_line[40][4]             ; 1                 ; 0       ;
;      - delay_line[41][4]             ; 1                 ; 0       ;
;      - delay_line_next[41][4]~21     ; 1                 ; 0       ;
;      - delay_line[40][5]             ; 1                 ; 0       ;
;      - delay_line[41][5]             ; 1                 ; 0       ;
;      - delay_line_next[41][5]~22     ; 1                 ; 0       ;
;      - delay_line[40][6]             ; 1                 ; 0       ;
;      - delay_line[41][6]             ; 1                 ; 0       ;
;      - delay_line_next[41][6]~23     ; 1                 ; 0       ;
;      - delay_line[40][7]             ; 1                 ; 0       ;
;      - delay_line[41][7]             ; 1                 ; 0       ;
;      - delay_line_next[41][7]~24     ; 1                 ; 0       ;
;      - delay_line[40][8]             ; 1                 ; 0       ;
;      - delay_line[41][8]             ; 1                 ; 0       ;
;      - delay_line_next[41][8]~25     ; 1                 ; 0       ;
;      - delay_line[40][9]             ; 1                 ; 0       ;
;      - delay_line[41][9]             ; 1                 ; 0       ;
;      - delay_line_next[41][9]~26     ; 1                 ; 0       ;
;      - delay_line[40][10]            ; 1                 ; 0       ;
;      - delay_line[41][10]            ; 1                 ; 0       ;
;      - delay_line_next[41][10]~27    ; 1                 ; 0       ;
;      - delay_line[40][11]            ; 1                 ; 0       ;
;      - delay_line[41][11]            ; 1                 ; 0       ;
;      - delay_line_next[41][11]~28    ; 1                 ; 0       ;
;      - delay_line[40][12]            ; 1                 ; 0       ;
;      - delay_line[41][12]            ; 1                 ; 0       ;
;      - delay_line_next[41][12]~29    ; 1                 ; 0       ;
;      - delay_line[40][13]            ; 1                 ; 0       ;
;      - delay_line[41][13]            ; 1                 ; 0       ;
;      - delay_line_next[41][13]~30    ; 1                 ; 0       ;
;      - delay_line[40][14]            ; 1                 ; 0       ;
;      - delay_line[41][14]            ; 1                 ; 0       ;
;      - delay_line_next[41][14]~31    ; 1                 ; 0       ;
;      - delay_line[40][15]            ; 1                 ; 0       ;
;      - delay_line[41][15]            ; 1                 ; 0       ;
;      - delay_line_next[41][15]~32    ; 1                 ; 0       ;
;      - delay_line[187][0]            ; 1                 ; 0       ;
;      - delay_line[188][0]            ; 1                 ; 0       ;
;      - delay_line_next[188][0]~33    ; 1                 ; 0       ;
;      - delay_line[187][1]            ; 1                 ; 0       ;
;      - delay_line[188][1]            ; 1                 ; 0       ;
;      - delay_line_next[188][1]~34    ; 1                 ; 0       ;
;      - delay_line[187][2]            ; 1                 ; 0       ;
;      - delay_line[188][2]            ; 1                 ; 0       ;
;      - delay_line_next[188][2]~35    ; 1                 ; 0       ;
;      - delay_line[187][3]            ; 1                 ; 0       ;
;      - delay_line[188][3]            ; 1                 ; 0       ;
;      - delay_line_next[188][3]~36    ; 1                 ; 0       ;
;      - delay_line[187][4]            ; 1                 ; 0       ;
;      - delay_line[188][4]            ; 1                 ; 0       ;
;      - delay_line_next[188][4]~37    ; 1                 ; 0       ;
;      - delay_line[187][5]            ; 1                 ; 0       ;
;      - delay_line[188][5]            ; 1                 ; 0       ;
;      - delay_line_next[188][5]~38    ; 1                 ; 0       ;
;      - delay_line[187][6]            ; 1                 ; 0       ;
;      - delay_line[188][6]            ; 1                 ; 0       ;
;      - delay_line_next[188][6]~39    ; 1                 ; 0       ;
;      - delay_line[187][7]            ; 1                 ; 0       ;
;      - delay_line[188][7]            ; 1                 ; 0       ;
;      - delay_line_next[188][7]~40    ; 1                 ; 0       ;
;      - delay_line[187][8]            ; 1                 ; 0       ;
;      - delay_line[188][8]            ; 1                 ; 0       ;
;      - delay_line_next[188][8]~41    ; 1                 ; 0       ;
;      - delay_line[187][9]            ; 1                 ; 0       ;
;      - delay_line[188][9]            ; 1                 ; 0       ;
;      - delay_line_next[188][9]~42    ; 1                 ; 0       ;
;      - delay_line[187][10]           ; 1                 ; 0       ;
;      - delay_line[188][10]           ; 1                 ; 0       ;
;      - delay_line_next[188][10]~43   ; 1                 ; 0       ;
;      - delay_line[187][11]           ; 1                 ; 0       ;
;      - delay_line[188][11]           ; 1                 ; 0       ;
;      - delay_line_next[188][11]~44   ; 1                 ; 0       ;
;      - delay_line[187][12]           ; 1                 ; 0       ;
;      - delay_line[188][12]           ; 1                 ; 0       ;
;      - delay_line_next[188][12]~45   ; 1                 ; 0       ;
;      - delay_line[187][13]           ; 1                 ; 0       ;
;      - delay_line[188][13]           ; 1                 ; 0       ;
;      - delay_line_next[188][13]~46   ; 1                 ; 0       ;
;      - delay_line[187][14]           ; 1                 ; 0       ;
;      - delay_line[188][14]           ; 1                 ; 0       ;
;      - delay_line_next[188][14]~47   ; 1                 ; 0       ;
;      - delay_line[187][15]           ; 1                 ; 0       ;
;      - delay_line[188][15]           ; 1                 ; 0       ;
;      - delay_line_next[188][15]~48   ; 1                 ; 0       ;
;      - delay_line[186][0]            ; 1                 ; 0       ;
;      - delay_line_next[187][0]~49    ; 1                 ; 0       ;
;      - delay_line[186][1]            ; 1                 ; 0       ;
;      - delay_line_next[187][1]~50    ; 1                 ; 0       ;
;      - delay_line[186][2]            ; 1                 ; 0       ;
;      - delay_line_next[187][2]~51    ; 1                 ; 0       ;
;      - delay_line[186][3]            ; 1                 ; 0       ;
;      - delay_line_next[187][3]~52    ; 1                 ; 0       ;
;      - delay_line[186][4]            ; 1                 ; 0       ;
;      - delay_line_next[187][4]~53    ; 1                 ; 0       ;
;      - delay_line[186][5]            ; 1                 ; 0       ;
;      - delay_line_next[187][5]~54    ; 1                 ; 0       ;
;      - delay_line[186][6]            ; 1                 ; 0       ;
;      - delay_line_next[187][6]~55    ; 1                 ; 0       ;
;      - delay_line[186][7]            ; 1                 ; 0       ;
;      - delay_line_next[187][7]~56    ; 1                 ; 0       ;
;      - delay_line[186][8]            ; 1                 ; 0       ;
;      - delay_line_next[187][8]~57    ; 1                 ; 0       ;
;      - delay_line[186][9]            ; 1                 ; 0       ;
;      - delay_line_next[187][9]~58    ; 1                 ; 0       ;
;      - delay_line[186][10]           ; 1                 ; 0       ;
;      - delay_line_next[187][10]~59   ; 1                 ; 0       ;
;      - delay_line[186][11]           ; 1                 ; 0       ;
;      - delay_line_next[187][11]~60   ; 1                 ; 0       ;
;      - delay_line[186][12]           ; 1                 ; 0       ;
;      - delay_line_next[187][12]~61   ; 1                 ; 0       ;
;      - delay_line[186][13]           ; 1                 ; 0       ;
;      - delay_line_next[187][13]~62   ; 1                 ; 0       ;
;      - delay_line[186][14]           ; 1                 ; 0       ;
;      - delay_line_next[187][14]~63   ; 1                 ; 0       ;
;      - delay_line_next[187][15]~64   ; 1                 ; 0       ;
;      - delay_line[183][0]            ; 1                 ; 0       ;
;      - delay_line[184][0]            ; 1                 ; 0       ;
;      - delay_line_next[184][0]~65    ; 1                 ; 0       ;
;      - delay_line[183][1]            ; 1                 ; 0       ;
;      - delay_line[184][1]            ; 1                 ; 0       ;
;      - delay_line_next[184][1]~66    ; 1                 ; 0       ;
;      - delay_line[183][2]            ; 1                 ; 0       ;
;      - delay_line[184][2]            ; 1                 ; 0       ;
;      - delay_line_next[184][2]~67    ; 1                 ; 0       ;
;      - delay_line[183][3]            ; 1                 ; 0       ;
;      - delay_line[184][3]            ; 1                 ; 0       ;
;      - delay_line_next[184][3]~68    ; 1                 ; 0       ;
;      - delay_line[183][4]            ; 1                 ; 0       ;
;      - delay_line[184][4]            ; 1                 ; 0       ;
;      - delay_line_next[184][4]~69    ; 1                 ; 0       ;
;      - delay_line[183][5]            ; 1                 ; 0       ;
;      - delay_line[184][5]            ; 1                 ; 0       ;
;      - delay_line_next[184][5]~70    ; 1                 ; 0       ;
;      - delay_line[183][6]            ; 1                 ; 0       ;
;      - delay_line[184][6]            ; 1                 ; 0       ;
;      - delay_line_next[184][6]~71    ; 1                 ; 0       ;
;      - delay_line[183][7]            ; 1                 ; 0       ;
;      - delay_line[184][7]            ; 1                 ; 0       ;
;      - delay_line_next[184][7]~72    ; 1                 ; 0       ;
;      - delay_line[183][8]            ; 1                 ; 0       ;
;      - delay_line[184][8]            ; 1                 ; 0       ;
;      - delay_line_next[184][8]~73    ; 1                 ; 0       ;
;      - delay_line[183][9]            ; 1                 ; 0       ;
;      - delay_line[184][9]            ; 1                 ; 0       ;
;      - delay_line_next[184][9]~74    ; 1                 ; 0       ;
;      - delay_line[183][10]           ; 1                 ; 0       ;
;      - delay_line[184][10]           ; 1                 ; 0       ;
;      - delay_line_next[184][10]~75   ; 1                 ; 0       ;
;      - delay_line[183][11]           ; 1                 ; 0       ;
;      - delay_line[184][11]           ; 1                 ; 0       ;
;      - delay_line_next[184][11]~76   ; 1                 ; 0       ;
;      - delay_line[183][12]           ; 1                 ; 0       ;
;      - delay_line[184][12]           ; 1                 ; 0       ;
;      - delay_line_next[184][12]~77   ; 1                 ; 0       ;
;      - delay_line[183][13]           ; 1                 ; 0       ;
;      - delay_line[184][13]           ; 1                 ; 0       ;
;      - delay_line_next[184][13]~78   ; 1                 ; 0       ;
;      - delay_line[183][14]           ; 1                 ; 0       ;
;      - delay_line[184][14]           ; 1                 ; 0       ;
;      - delay_line_next[184][14]~79   ; 1                 ; 0       ;
;      - delay_line[183][15]           ; 1                 ; 0       ;
;      - delay_line[184][15]           ; 1                 ; 0       ;
;      - delay_line_next[184][15]~80   ; 1                 ; 0       ;
;      - delay_line[182][0]            ; 1                 ; 0       ;
;      - delay_line_next[183][0]~81    ; 1                 ; 0       ;
;      - delay_line[182][1]            ; 1                 ; 0       ;
;      - delay_line_next[183][1]~82    ; 1                 ; 0       ;
;      - delay_line[182][2]            ; 1                 ; 0       ;
;      - delay_line_next[183][2]~83    ; 1                 ; 0       ;
;      - delay_line[182][3]            ; 1                 ; 0       ;
;      - delay_line_next[183][3]~84    ; 1                 ; 0       ;
;      - delay_line[182][4]            ; 1                 ; 0       ;
;      - delay_line_next[183][4]~85    ; 1                 ; 0       ;
;      - delay_line[182][5]            ; 1                 ; 0       ;
;      - delay_line_next[183][5]~86    ; 1                 ; 0       ;
;      - delay_line[182][6]            ; 1                 ; 0       ;
;      - delay_line_next[183][6]~87    ; 1                 ; 0       ;
;      - delay_line[182][7]            ; 1                 ; 0       ;
;      - delay_line_next[183][7]~88    ; 1                 ; 0       ;
;      - delay_line[182][8]            ; 1                 ; 0       ;
;      - delay_line_next[183][8]~89    ; 1                 ; 0       ;
;      - delay_line[182][9]            ; 1                 ; 0       ;
;      - delay_line_next[183][9]~90    ; 1                 ; 0       ;
;      - delay_line[182][10]           ; 1                 ; 0       ;
;      - delay_line_next[183][10]~91   ; 1                 ; 0       ;
;      - delay_line[182][11]           ; 1                 ; 0       ;
;      - delay_line_next[183][11]~92   ; 1                 ; 0       ;
;      - delay_line[182][12]           ; 1                 ; 0       ;
;      - delay_line_next[183][12]~93   ; 1                 ; 0       ;
;      - delay_line[182][13]           ; 1                 ; 0       ;
;      - delay_line_next[183][13]~94   ; 1                 ; 0       ;
;      - delay_line[182][14]           ; 1                 ; 0       ;
;      - delay_line_next[183][14]~95   ; 1                 ; 0       ;
;      - delay_line[182][15]           ; 1                 ; 0       ;
;      - delay_line_next[183][15]~96   ; 1                 ; 0       ;
;      - delay_line[20][0]             ; 1                 ; 0       ;
;      - delay_line[21][0]             ; 1                 ; 0       ;
;      - delay_line_next[21][0]~97     ; 1                 ; 0       ;
;      - delay_line[20][1]             ; 1                 ; 0       ;
;      - delay_line[21][1]             ; 1                 ; 0       ;
;      - delay_line_next[21][1]~98     ; 1                 ; 0       ;
;      - delay_line[20][2]             ; 1                 ; 0       ;
;      - delay_line[21][2]             ; 1                 ; 0       ;
;      - delay_line_next[21][2]~99     ; 1                 ; 0       ;
;      - delay_line[20][3]             ; 1                 ; 0       ;
;      - delay_line[21][3]             ; 1                 ; 0       ;
;      - delay_line_next[21][3]~100    ; 1                 ; 0       ;
;      - delay_line[20][4]             ; 1                 ; 0       ;
;      - delay_line[21][4]             ; 1                 ; 0       ;
;      - delay_line_next[21][4]~101    ; 1                 ; 0       ;
;      - delay_line[20][5]             ; 1                 ; 0       ;
;      - delay_line[21][5]             ; 1                 ; 0       ;
;      - delay_line_next[21][5]~102    ; 1                 ; 0       ;
;      - delay_line[20][6]             ; 1                 ; 0       ;
;      - delay_line[21][6]             ; 1                 ; 0       ;
;      - delay_line_next[21][6]~103    ; 1                 ; 0       ;
;      - delay_line[20][7]             ; 1                 ; 0       ;
;      - delay_line[21][7]             ; 1                 ; 0       ;
;      - delay_line_next[21][7]~104    ; 1                 ; 0       ;
;      - delay_line[20][8]             ; 1                 ; 0       ;
;      - delay_line[21][8]             ; 1                 ; 0       ;
;      - delay_line_next[21][8]~105    ; 1                 ; 0       ;
;      - delay_line[20][9]             ; 1                 ; 0       ;
;      - delay_line[21][9]             ; 1                 ; 0       ;
;      - delay_line_next[21][9]~106    ; 1                 ; 0       ;
;      - delay_line[20][10]            ; 1                 ; 0       ;
;      - delay_line[21][10]            ; 1                 ; 0       ;
;      - delay_line_next[21][10]~107   ; 1                 ; 0       ;
;      - delay_line[20][11]            ; 1                 ; 0       ;
;      - delay_line[21][11]            ; 1                 ; 0       ;
;      - delay_line_next[21][11]~108   ; 1                 ; 0       ;
;      - delay_line[20][12]            ; 1                 ; 0       ;
;      - delay_line[21][12]            ; 1                 ; 0       ;
;      - delay_line_next[21][12]~109   ; 1                 ; 0       ;
;      - delay_line[20][13]            ; 1                 ; 0       ;
;      - delay_line[21][13]            ; 1                 ; 0       ;
;      - delay_line_next[21][13]~110   ; 1                 ; 0       ;
;      - delay_line[20][14]            ; 1                 ; 0       ;
;      - delay_line[21][14]            ; 1                 ; 0       ;
;      - delay_line_next[21][14]~111   ; 1                 ; 0       ;
;      - delay_line[20][15]            ; 1                 ; 0       ;
;      - delay_line[21][15]            ; 1                 ; 0       ;
;      - delay_line_next[21][15]~112   ; 1                 ; 0       ;
;      - delay_line[12][0]             ; 1                 ; 0       ;
;      - delay_line[13][0]             ; 1                 ; 0       ;
;      - delay_line_next[13][0]~113    ; 1                 ; 0       ;
;      - delay_line[12][1]             ; 1                 ; 0       ;
;      - delay_line[13][1]             ; 1                 ; 0       ;
;      - delay_line_next[13][1]~114    ; 1                 ; 0       ;
;      - delay_line[12][2]             ; 1                 ; 0       ;
;      - delay_line[13][2]             ; 1                 ; 0       ;
;      - delay_line_next[13][2]~115    ; 1                 ; 0       ;
;      - delay_line[12][3]             ; 1                 ; 0       ;
;      - delay_line[13][3]             ; 1                 ; 0       ;
;      - delay_line_next[13][3]~116    ; 1                 ; 0       ;
;      - delay_line[12][4]             ; 1                 ; 0       ;
;      - delay_line[13][4]             ; 1                 ; 0       ;
;      - delay_line_next[13][4]~117    ; 1                 ; 0       ;
;      - delay_line[12][5]             ; 1                 ; 0       ;
;      - delay_line[13][5]             ; 1                 ; 0       ;
;      - delay_line_next[13][5]~118    ; 1                 ; 0       ;
;      - delay_line[12][6]             ; 1                 ; 0       ;
;      - delay_line[13][6]             ; 1                 ; 0       ;
;      - delay_line_next[13][6]~119    ; 1                 ; 0       ;
;      - delay_line[12][7]             ; 1                 ; 0       ;
;      - delay_line[13][7]             ; 1                 ; 0       ;
;      - delay_line_next[13][7]~120    ; 1                 ; 0       ;
;      - delay_line[12][8]             ; 1                 ; 0       ;
;      - delay_line[13][8]             ; 1                 ; 0       ;
;      - delay_line_next[13][8]~121    ; 1                 ; 0       ;
;      - delay_line[12][9]             ; 1                 ; 0       ;
;      - delay_line[13][9]             ; 1                 ; 0       ;
;      - delay_line_next[13][9]~122    ; 1                 ; 0       ;
;      - delay_line[12][10]            ; 1                 ; 0       ;
;      - delay_line[13][10]            ; 1                 ; 0       ;
;      - delay_line_next[13][10]~123   ; 1                 ; 0       ;
;      - delay_line[12][11]            ; 1                 ; 0       ;
;      - delay_line[13][11]            ; 1                 ; 0       ;
;      - delay_line_next[13][11]~124   ; 1                 ; 0       ;
;      - delay_line[12][12]            ; 1                 ; 0       ;
;      - delay_line[13][12]            ; 1                 ; 0       ;
;      - delay_line_next[13][12]~125   ; 1                 ; 0       ;
;      - delay_line[12][13]            ; 1                 ; 0       ;
;      - delay_line[13][13]            ; 1                 ; 0       ;
;      - delay_line_next[13][13]~126   ; 1                 ; 0       ;
;      - delay_line[12][14]            ; 1                 ; 0       ;
;      - delay_line[13][14]            ; 1                 ; 0       ;
;      - delay_line_next[13][14]~127   ; 1                 ; 0       ;
;      - delay_line[12][15]            ; 1                 ; 0       ;
;      - delay_line[13][15]            ; 1                 ; 0       ;
;      - delay_line_next[13][15]~128   ; 1                 ; 0       ;
;      - delay_line[11][0]             ; 1                 ; 0       ;
;      - delay_line_next[12][0]~129    ; 1                 ; 0       ;
;      - delay_line[11][1]             ; 1                 ; 0       ;
;      - delay_line_next[12][1]~130    ; 1                 ; 0       ;
;      - delay_line[11][2]             ; 1                 ; 0       ;
;      - delay_line_next[12][2]~131    ; 1                 ; 0       ;
;      - delay_line[11][3]             ; 1                 ; 0       ;
;      - delay_line_next[12][3]~132    ; 1                 ; 0       ;
;      - delay_line[11][4]             ; 1                 ; 0       ;
;      - delay_line_next[12][4]~133    ; 1                 ; 0       ;
;      - delay_line[11][5]             ; 1                 ; 0       ;
;      - delay_line_next[12][5]~134    ; 1                 ; 0       ;
;      - delay_line[11][6]             ; 1                 ; 0       ;
;      - delay_line_next[12][6]~135    ; 1                 ; 0       ;
;      - delay_line[11][7]             ; 1                 ; 0       ;
;      - delay_line_next[12][7]~136    ; 1                 ; 0       ;
;      - delay_line[11][8]             ; 1                 ; 0       ;
;      - delay_line_next[12][8]~137    ; 1                 ; 0       ;
;      - delay_line[11][9]             ; 1                 ; 0       ;
;      - delay_line_next[12][9]~138    ; 1                 ; 0       ;
;      - delay_line[11][10]            ; 1                 ; 0       ;
;      - delay_line_next[12][10]~139   ; 1                 ; 0       ;
;      - delay_line[11][11]            ; 1                 ; 0       ;
;      - delay_line_next[12][11]~140   ; 1                 ; 0       ;
;      - delay_line[11][12]            ; 1                 ; 0       ;
;      - delay_line_next[12][12]~141   ; 1                 ; 0       ;
;      - delay_line[11][13]            ; 1                 ; 0       ;
;      - delay_line_next[12][13]~142   ; 1                 ; 0       ;
;      - delay_line[11][14]            ; 1                 ; 0       ;
;      - delay_line_next[12][14]~143   ; 1                 ; 0       ;
;      - delay_line[11][15]            ; 1                 ; 0       ;
;      - delay_line_next[12][15]~144   ; 1                 ; 0       ;
;      - delay_line[27][0]             ; 1                 ; 0       ;
;      - delay_line[28][0]             ; 1                 ; 0       ;
;      - delay_line_next[28][0]~145    ; 1                 ; 0       ;
;      - delay_line[27][1]             ; 1                 ; 0       ;
;      - delay_line[28][1]             ; 1                 ; 0       ;
;      - delay_line_next[28][1]~146    ; 1                 ; 0       ;
;      - delay_line[27][2]             ; 1                 ; 0       ;
;      - delay_line[28][2]             ; 1                 ; 0       ;
;      - delay_line_next[28][2]~147    ; 1                 ; 0       ;
;      - delay_line[27][3]             ; 1                 ; 0       ;
;      - delay_line[28][3]             ; 1                 ; 0       ;
;      - delay_line_next[28][3]~148    ; 1                 ; 0       ;
;      - delay_line[27][4]             ; 1                 ; 0       ;
;      - delay_line[28][4]             ; 1                 ; 0       ;
;      - delay_line_next[28][4]~149    ; 1                 ; 0       ;
;      - delay_line[27][5]             ; 1                 ; 0       ;
;      - delay_line[28][5]             ; 1                 ; 0       ;
;      - delay_line_next[28][5]~150    ; 1                 ; 0       ;
;      - delay_line[27][6]             ; 1                 ; 0       ;
;      - delay_line[28][6]             ; 1                 ; 0       ;
;      - delay_line_next[28][6]~151    ; 1                 ; 0       ;
;      - delay_line[27][7]             ; 1                 ; 0       ;
;      - delay_line[28][7]             ; 1                 ; 0       ;
;      - delay_line_next[28][7]~152    ; 1                 ; 0       ;
;      - delay_line[27][8]             ; 1                 ; 0       ;
;      - delay_line[28][8]             ; 1                 ; 0       ;
;      - delay_line_next[28][8]~153    ; 1                 ; 0       ;
;      - delay_line[27][9]             ; 1                 ; 0       ;
;      - delay_line[28][9]             ; 1                 ; 0       ;
;      - delay_line_next[28][9]~154    ; 1                 ; 0       ;
;      - delay_line[27][10]            ; 1                 ; 0       ;
;      - delay_line[28][10]            ; 1                 ; 0       ;
;      - delay_line_next[28][10]~155   ; 1                 ; 0       ;
;      - delay_line[27][11]            ; 1                 ; 0       ;
;      - delay_line[28][11]            ; 1                 ; 0       ;
;      - delay_line_next[28][11]~156   ; 1                 ; 0       ;
;      - delay_line[27][12]            ; 1                 ; 0       ;
;      - delay_line[28][12]            ; 1                 ; 0       ;
;      - delay_line_next[28][12]~157   ; 1                 ; 0       ;
;      - delay_line[27][13]            ; 1                 ; 0       ;
;      - delay_line[28][13]            ; 1                 ; 0       ;
;      - delay_line_next[28][13]~158   ; 1                 ; 0       ;
;      - delay_line[27][14]            ; 1                 ; 0       ;
;      - delay_line[28][14]            ; 1                 ; 0       ;
;      - delay_line_next[28][14]~159   ; 1                 ; 0       ;
;      - delay_line[27][15]            ; 1                 ; 0       ;
;      - delay_line[28][15]            ; 1                 ; 0       ;
;      - delay_line_next[28][15]~160   ; 1                 ; 0       ;
;      - delay_line[24][0]             ; 1                 ; 0       ;
;      - delay_line[25][0]             ; 1                 ; 0       ;
;      - delay_line_next[25][0]~161    ; 1                 ; 0       ;
;      - delay_line[24][1]             ; 1                 ; 0       ;
;      - delay_line[25][1]             ; 1                 ; 0       ;
;      - delay_line_next[25][1]~162    ; 1                 ; 0       ;
;      - delay_line[24][2]             ; 1                 ; 0       ;
;      - delay_line[25][2]             ; 1                 ; 0       ;
;      - delay_line_next[25][2]~163    ; 1                 ; 0       ;
;      - delay_line[24][3]             ; 1                 ; 0       ;
;      - delay_line[25][3]             ; 1                 ; 0       ;
;      - delay_line_next[25][3]~164    ; 1                 ; 0       ;
;      - delay_line[24][4]             ; 1                 ; 0       ;
;      - delay_line[25][4]             ; 1                 ; 0       ;
;      - delay_line_next[25][4]~165    ; 1                 ; 0       ;
;      - delay_line[24][5]             ; 1                 ; 0       ;
;      - delay_line[25][5]             ; 1                 ; 0       ;
;      - delay_line_next[25][5]~166    ; 1                 ; 0       ;
;      - delay_line[24][6]             ; 1                 ; 0       ;
;      - delay_line[25][6]             ; 1                 ; 0       ;
;      - delay_line_next[25][6]~167    ; 1                 ; 0       ;
;      - delay_line[24][7]             ; 1                 ; 0       ;
;      - delay_line[25][7]             ; 1                 ; 0       ;
;      - delay_line_next[25][7]~168    ; 1                 ; 0       ;
;      - delay_line[24][8]             ; 1                 ; 0       ;
;      - delay_line[25][8]             ; 1                 ; 0       ;
;      - delay_line_next[25][8]~169    ; 1                 ; 0       ;
;      - delay_line[24][9]             ; 1                 ; 0       ;
;      - delay_line[25][9]             ; 1                 ; 0       ;
;      - delay_line_next[25][9]~170    ; 1                 ; 0       ;
;      - delay_line[24][10]            ; 1                 ; 0       ;
;      - delay_line[25][10]            ; 1                 ; 0       ;
;      - delay_line_next[25][10]~171   ; 1                 ; 0       ;
;      - delay_line[24][11]            ; 1                 ; 0       ;
;      - delay_line[25][11]            ; 1                 ; 0       ;
;      - delay_line_next[25][11]~172   ; 1                 ; 0       ;
;      - delay_line[24][12]            ; 1                 ; 0       ;
;      - delay_line[25][12]            ; 1                 ; 0       ;
;      - delay_line_next[25][12]~173   ; 1                 ; 0       ;
;      - delay_line[24][13]            ; 1                 ; 0       ;
;      - delay_line[25][13]            ; 1                 ; 0       ;
;      - delay_line_next[25][13]~174   ; 1                 ; 0       ;
;      - delay_line[24][14]            ; 1                 ; 0       ;
;      - delay_line[25][14]            ; 1                 ; 0       ;
;      - delay_line_next[25][14]~175   ; 1                 ; 0       ;
;      - delay_line[25][15]            ; 1                 ; 0       ;
;      - delay_line_next[25][15]~176   ; 1                 ; 0       ;
;      - delay_line[19][0]             ; 1                 ; 0       ;
;      - delay_line_next[20][0]~177    ; 1                 ; 0       ;
;      - delay_line[19][1]             ; 1                 ; 0       ;
;      - delay_line_next[20][1]~178    ; 1                 ; 0       ;
;      - delay_line[19][2]             ; 1                 ; 0       ;
;      - delay_line_next[20][2]~179    ; 1                 ; 0       ;
;      - delay_line[19][3]             ; 1                 ; 0       ;
;      - delay_line_next[20][3]~180    ; 1                 ; 0       ;
;      - delay_line[19][4]             ; 1                 ; 0       ;
;      - delay_line_next[20][4]~181    ; 1                 ; 0       ;
;      - delay_line[19][5]             ; 1                 ; 0       ;
;      - delay_line_next[20][5]~182    ; 1                 ; 0       ;
;      - delay_line[19][6]             ; 1                 ; 0       ;
;      - delay_line_next[20][6]~183    ; 1                 ; 0       ;
;      - delay_line[19][7]             ; 1                 ; 0       ;
;      - delay_line_next[20][7]~184    ; 1                 ; 0       ;
;      - delay_line[19][8]             ; 1                 ; 0       ;
;      - delay_line_next[20][8]~185    ; 1                 ; 0       ;
;      - delay_line[19][9]             ; 1                 ; 0       ;
;      - delay_line_next[20][9]~186    ; 1                 ; 0       ;
;      - delay_line[19][10]            ; 1                 ; 0       ;
;      - delay_line_next[20][10]~187   ; 1                 ; 0       ;
;      - delay_line[19][11]            ; 1                 ; 0       ;
;      - delay_line_next[20][11]~188   ; 1                 ; 0       ;
;      - delay_line[19][12]            ; 1                 ; 0       ;
;      - delay_line_next[20][12]~189   ; 1                 ; 0       ;
;      - delay_line[19][13]            ; 1                 ; 0       ;
;      - delay_line_next[20][13]~190   ; 1                 ; 0       ;
;      - delay_line[19][14]            ; 1                 ; 0       ;
;      - delay_line_next[20][14]~191   ; 1                 ; 0       ;
;      - delay_line[19][15]            ; 1                 ; 0       ;
;      - delay_line_next[20][15]~192   ; 1                 ; 0       ;
;      - delay_line[18][0]             ; 1                 ; 0       ;
;      - delay_line_next[19][0]~193    ; 1                 ; 0       ;
;      - delay_line[18][1]             ; 1                 ; 0       ;
;      - delay_line_next[19][1]~194    ; 1                 ; 0       ;
;      - delay_line[18][2]             ; 1                 ; 0       ;
;      - delay_line_next[19][2]~195    ; 1                 ; 0       ;
;      - delay_line[18][3]             ; 1                 ; 0       ;
;      - delay_line_next[19][3]~196    ; 1                 ; 0       ;
;      - delay_line[18][4]             ; 1                 ; 0       ;
;      - delay_line_next[19][4]~197    ; 1                 ; 0       ;
;      - delay_line[18][5]             ; 1                 ; 0       ;
;      - delay_line_next[19][5]~198    ; 1                 ; 0       ;
;      - delay_line[18][6]             ; 1                 ; 0       ;
;      - delay_line_next[19][6]~199    ; 1                 ; 0       ;
;      - delay_line[18][7]             ; 1                 ; 0       ;
;      - delay_line_next[19][7]~200    ; 1                 ; 0       ;
;      - delay_line[18][8]             ; 1                 ; 0       ;
;      - delay_line_next[19][8]~201    ; 1                 ; 0       ;
;      - delay_line[18][9]             ; 1                 ; 0       ;
;      - delay_line_next[19][9]~202    ; 1                 ; 0       ;
;      - delay_line[18][10]            ; 1                 ; 0       ;
;      - delay_line_next[19][10]~203   ; 1                 ; 0       ;
;      - delay_line[18][11]            ; 1                 ; 0       ;
;      - delay_line_next[19][11]~204   ; 1                 ; 0       ;
;      - delay_line[18][12]            ; 1                 ; 0       ;
;      - delay_line_next[19][12]~205   ; 1                 ; 0       ;
;      - delay_line[18][13]            ; 1                 ; 0       ;
;      - delay_line_next[19][13]~206   ; 1                 ; 0       ;
;      - delay_line[18][14]            ; 1                 ; 0       ;
;      - delay_line_next[19][14]~207   ; 1                 ; 0       ;
;      - delay_line[18][15]            ; 1                 ; 0       ;
;      - delay_line_next[19][15]~208   ; 1                 ; 0       ;
;      - delay_line[161][0]            ; 1                 ; 0       ;
;      - delay_line[162][0]            ; 1                 ; 0       ;
;      - delay_line_next[162][0]~209   ; 1                 ; 0       ;
;      - delay_line[161][1]            ; 1                 ; 0       ;
;      - delay_line[162][1]            ; 1                 ; 0       ;
;      - delay_line_next[162][1]~210   ; 1                 ; 0       ;
;      - delay_line[161][2]            ; 1                 ; 0       ;
;      - delay_line[162][2]            ; 1                 ; 0       ;
;      - delay_line_next[162][2]~211   ; 1                 ; 0       ;
;      - delay_line[161][3]            ; 1                 ; 0       ;
;      - delay_line[162][3]            ; 1                 ; 0       ;
;      - delay_line_next[162][3]~212   ; 1                 ; 0       ;
;      - delay_line[161][4]            ; 1                 ; 0       ;
;      - delay_line[162][4]            ; 1                 ; 0       ;
;      - delay_line_next[162][4]~213   ; 1                 ; 0       ;
;      - delay_line[161][5]            ; 1                 ; 0       ;
;      - delay_line[162][5]            ; 1                 ; 0       ;
;      - delay_line_next[162][5]~214   ; 1                 ; 0       ;
;      - delay_line[161][6]            ; 1                 ; 0       ;
;      - delay_line[162][6]            ; 1                 ; 0       ;
;      - delay_line_next[162][6]~215   ; 1                 ; 0       ;
;      - delay_line[161][7]            ; 1                 ; 0       ;
;      - delay_line[162][7]            ; 1                 ; 0       ;
;      - delay_line_next[162][7]~216   ; 1                 ; 0       ;
;      - delay_line[161][8]            ; 1                 ; 0       ;
;      - delay_line[162][8]            ; 1                 ; 0       ;
;      - delay_line_next[162][8]~217   ; 1                 ; 0       ;
;      - delay_line[161][9]            ; 1                 ; 0       ;
;      - delay_line[162][9]            ; 1                 ; 0       ;
;      - delay_line_next[162][9]~218   ; 1                 ; 0       ;
;      - delay_line[161][10]           ; 1                 ; 0       ;
;      - delay_line[162][10]           ; 1                 ; 0       ;
;      - delay_line_next[162][10]~219  ; 1                 ; 0       ;
;      - delay_line[161][11]           ; 1                 ; 0       ;
;      - delay_line[162][11]           ; 1                 ; 0       ;
;      - delay_line_next[162][11]~220  ; 1                 ; 0       ;
;      - delay_line[161][12]           ; 1                 ; 0       ;
;      - delay_line[162][12]           ; 1                 ; 0       ;
;      - delay_line_next[162][12]~221  ; 1                 ; 0       ;
;      - delay_line[161][13]           ; 1                 ; 0       ;
;      - delay_line[162][13]           ; 1                 ; 0       ;
;      - delay_line_next[162][13]~222  ; 1                 ; 0       ;
;      - delay_line[161][14]           ; 1                 ; 0       ;
;      - delay_line[162][14]           ; 1                 ; 0       ;
;      - delay_line_next[162][14]~223  ; 1                 ; 0       ;
;      - delay_line[162][15]           ; 1                 ; 0       ;
;      - delay_line_next[162][15]~224  ; 1                 ; 0       ;
;      - delay_line[48][0]             ; 1                 ; 0       ;
;      - delay_line[47][0]             ; 1                 ; 0       ;
;      - delay_line_next[48][0]~225    ; 1                 ; 0       ;
;      - delay_line[48][1]             ; 1                 ; 0       ;
;      - delay_line[47][1]             ; 1                 ; 0       ;
;      - delay_line_next[48][1]~226    ; 1                 ; 0       ;
;      - delay_line[48][2]             ; 1                 ; 0       ;
;      - delay_line[47][2]             ; 1                 ; 0       ;
;      - delay_line_next[48][2]~227    ; 1                 ; 0       ;
;      - delay_line[48][3]             ; 1                 ; 0       ;
;      - delay_line[47][3]             ; 1                 ; 0       ;
;      - delay_line_next[48][3]~228    ; 1                 ; 0       ;
;      - delay_line[48][4]             ; 1                 ; 0       ;
;      - delay_line[47][4]             ; 1                 ; 0       ;
;      - delay_line_next[48][4]~229    ; 1                 ; 0       ;
;      - delay_line[48][5]             ; 1                 ; 0       ;
;      - delay_line[47][5]             ; 1                 ; 0       ;
;      - delay_line_next[48][5]~230    ; 1                 ; 0       ;
;      - delay_line[48][6]             ; 1                 ; 0       ;
;      - delay_line[47][6]             ; 1                 ; 0       ;
;      - delay_line_next[48][6]~231    ; 1                 ; 0       ;
;      - delay_line[48][7]             ; 1                 ; 0       ;
;      - delay_line[47][7]             ; 1                 ; 0       ;
;      - delay_line_next[48][7]~232    ; 1                 ; 0       ;
;      - delay_line[48][8]             ; 1                 ; 0       ;
;      - delay_line[47][8]             ; 1                 ; 0       ;
;      - delay_line_next[48][8]~233    ; 1                 ; 0       ;
;      - delay_line[48][9]             ; 1                 ; 0       ;
;      - delay_line[47][9]             ; 1                 ; 0       ;
;      - delay_line_next[48][9]~234    ; 1                 ; 0       ;
;      - delay_line[48][10]            ; 1                 ; 0       ;
;      - delay_line[47][10]            ; 1                 ; 0       ;
;      - delay_line_next[48][10]~235   ; 1                 ; 0       ;
;      - delay_line[48][11]            ; 1                 ; 0       ;
;      - delay_line[47][11]            ; 1                 ; 0       ;
;      - delay_line_next[48][11]~236   ; 1                 ; 0       ;
;      - delay_line[48][12]            ; 1                 ; 0       ;
;      - delay_line[47][12]            ; 1                 ; 0       ;
;      - delay_line_next[48][12]~237   ; 1                 ; 0       ;
;      - delay_line[48][13]            ; 1                 ; 0       ;
;      - delay_line[47][13]            ; 1                 ; 0       ;
;      - delay_line_next[48][13]~238   ; 1                 ; 0       ;
;      - delay_line[48][14]            ; 1                 ; 0       ;
;      - delay_line[47][14]            ; 1                 ; 0       ;
;      - delay_line_next[48][14]~239   ; 1                 ; 0       ;
;      - delay_line[47][15]            ; 1                 ; 0       ;
;      - delay_line_next[48][15]~240   ; 1                 ; 0       ;
;      - delay_line[17][0]             ; 1                 ; 0       ;
;      - delay_line_next[18][0]~241    ; 1                 ; 0       ;
;      - delay_line[17][1]             ; 1                 ; 0       ;
;      - delay_line_next[18][1]~242    ; 1                 ; 0       ;
;      - delay_line[17][2]             ; 1                 ; 0       ;
;      - delay_line_next[18][2]~243    ; 1                 ; 0       ;
;      - delay_line[17][3]             ; 1                 ; 0       ;
;      - delay_line_next[18][3]~244    ; 1                 ; 0       ;
;      - delay_line[17][4]             ; 1                 ; 0       ;
;      - delay_line_next[18][4]~245    ; 1                 ; 0       ;
;      - delay_line[17][5]             ; 1                 ; 0       ;
;      - delay_line_next[18][5]~246    ; 1                 ; 0       ;
;      - delay_line[17][6]             ; 1                 ; 0       ;
;      - delay_line_next[18][6]~247    ; 1                 ; 0       ;
;      - delay_line[17][7]             ; 1                 ; 0       ;
;      - delay_line_next[18][7]~248    ; 1                 ; 0       ;
;      - delay_line[17][8]             ; 1                 ; 0       ;
;      - delay_line_next[18][8]~249    ; 1                 ; 0       ;
;      - delay_line[17][9]             ; 1                 ; 0       ;
;      - delay_line_next[18][9]~250    ; 1                 ; 0       ;
;      - delay_line[17][10]            ; 1                 ; 0       ;
;      - delay_line_next[18][10]~251   ; 1                 ; 0       ;
;      - delay_line[17][11]            ; 1                 ; 0       ;
;      - delay_line_next[18][11]~252   ; 1                 ; 0       ;
;      - delay_line[17][12]            ; 1                 ; 0       ;
;      - delay_line_next[18][12]~253   ; 1                 ; 0       ;
;      - delay_line[17][13]            ; 1                 ; 0       ;
;      - delay_line_next[18][13]~254   ; 1                 ; 0       ;
;      - delay_line[17][14]            ; 1                 ; 0       ;
;      - delay_line_next[18][14]~255   ; 1                 ; 0       ;
;      - delay_line[17][15]            ; 1                 ; 0       ;
;      - delay_line_next[18][15]~256   ; 1                 ; 0       ;
;      - delay_line[16][0]             ; 1                 ; 0       ;
;      - delay_line_next[17][0]~257    ; 1                 ; 0       ;
;      - delay_line[16][1]             ; 1                 ; 0       ;
;      - delay_line_next[17][1]~258    ; 1                 ; 0       ;
;      - delay_line[16][2]             ; 1                 ; 0       ;
;      - delay_line_next[17][2]~259    ; 1                 ; 0       ;
;      - delay_line[16][3]             ; 1                 ; 0       ;
;      - delay_line_next[17][3]~260    ; 1                 ; 0       ;
;      - delay_line[16][4]             ; 1                 ; 0       ;
;      - delay_line_next[17][4]~261    ; 1                 ; 0       ;
;      - delay_line[16][5]             ; 1                 ; 0       ;
;      - delay_line_next[17][5]~262    ; 1                 ; 0       ;
;      - delay_line[16][6]             ; 1                 ; 0       ;
;      - delay_line_next[17][6]~263    ; 1                 ; 0       ;
;      - delay_line[16][7]             ; 1                 ; 0       ;
;      - delay_line_next[17][7]~264    ; 1                 ; 0       ;
;      - delay_line[16][8]             ; 1                 ; 0       ;
;      - delay_line_next[17][8]~265    ; 1                 ; 0       ;
;      - delay_line[16][9]             ; 1                 ; 0       ;
;      - delay_line_next[17][9]~266    ; 1                 ; 0       ;
;      - delay_line[16][10]            ; 1                 ; 0       ;
;      - delay_line_next[17][10]~267   ; 1                 ; 0       ;
;      - delay_line[16][11]            ; 1                 ; 0       ;
;      - delay_line_next[17][11]~268   ; 1                 ; 0       ;
;      - delay_line[16][12]            ; 1                 ; 0       ;
;      - delay_line_next[17][12]~269   ; 1                 ; 0       ;
;      - delay_line[16][13]            ; 1                 ; 0       ;
;      - delay_line_next[17][13]~270   ; 1                 ; 0       ;
;      - delay_line[16][14]            ; 1                 ; 0       ;
;      - delay_line_next[17][14]~271   ; 1                 ; 0       ;
;      - delay_line[16][15]            ; 1                 ; 0       ;
;      - delay_line_next[17][15]~272   ; 1                 ; 0       ;
;      - delay_line[15][0]             ; 1                 ; 0       ;
;      - delay_line_next[16][0]~273    ; 1                 ; 0       ;
;      - delay_line[15][1]             ; 1                 ; 0       ;
;      - delay_line_next[16][1]~274    ; 1                 ; 0       ;
;      - delay_line[15][2]             ; 1                 ; 0       ;
;      - delay_line_next[16][2]~275    ; 1                 ; 0       ;
;      - delay_line[15][3]             ; 1                 ; 0       ;
;      - delay_line_next[16][3]~276    ; 1                 ; 0       ;
;      - delay_line[15][4]             ; 1                 ; 0       ;
;      - delay_line_next[16][4]~277    ; 1                 ; 0       ;
;      - delay_line[15][5]             ; 1                 ; 0       ;
;      - delay_line_next[16][5]~278    ; 1                 ; 0       ;
;      - delay_line[15][6]             ; 1                 ; 0       ;
;      - delay_line_next[16][6]~279    ; 1                 ; 0       ;
;      - delay_line[15][7]             ; 1                 ; 0       ;
;      - delay_line_next[16][7]~280    ; 1                 ; 0       ;
;      - delay_line[15][8]             ; 1                 ; 0       ;
;      - delay_line_next[16][8]~281    ; 1                 ; 0       ;
;      - delay_line[15][9]             ; 1                 ; 0       ;
;      - delay_line_next[16][9]~282    ; 1                 ; 0       ;
;      - delay_line[15][10]            ; 1                 ; 0       ;
;      - delay_line_next[16][10]~283   ; 1                 ; 0       ;
;      - delay_line[15][11]            ; 1                 ; 0       ;
;      - delay_line_next[16][11]~284   ; 1                 ; 0       ;
;      - delay_line[15][12]            ; 1                 ; 0       ;
;      - delay_line_next[16][12]~285   ; 1                 ; 0       ;
;      - delay_line[15][13]            ; 1                 ; 0       ;
;      - delay_line_next[16][13]~286   ; 1                 ; 0       ;
;      - delay_line[15][14]            ; 1                 ; 0       ;
;      - delay_line_next[16][14]~287   ; 1                 ; 0       ;
;      - delay_line[15][15]            ; 1                 ; 0       ;
;      - delay_line_next[16][15]~288   ; 1                 ; 0       ;
;      - delay_line[14][0]             ; 1                 ; 0       ;
;      - delay_line_next[14][0]~289    ; 1                 ; 0       ;
;      - delay_line[14][1]             ; 1                 ; 0       ;
;      - delay_line_next[14][1]~290    ; 1                 ; 0       ;
;      - delay_line[14][2]             ; 1                 ; 0       ;
;      - delay_line_next[14][2]~291    ; 1                 ; 0       ;
;      - delay_line[14][3]             ; 1                 ; 0       ;
;      - delay_line_next[14][3]~292    ; 1                 ; 0       ;
;      - delay_line[14][4]             ; 1                 ; 0       ;
;      - delay_line_next[14][4]~293    ; 1                 ; 0       ;
;      - delay_line[14][5]             ; 1                 ; 0       ;
;      - delay_line_next[14][5]~294    ; 1                 ; 0       ;
;      - delay_line[14][6]             ; 1                 ; 0       ;
;      - delay_line_next[14][6]~295    ; 1                 ; 0       ;
;      - delay_line[14][7]             ; 1                 ; 0       ;
;      - delay_line_next[14][7]~296    ; 1                 ; 0       ;
;      - delay_line[14][8]             ; 1                 ; 0       ;
;      - delay_line_next[14][8]~297    ; 1                 ; 0       ;
;      - delay_line[14][9]             ; 1                 ; 0       ;
;      - delay_line_next[14][9]~298    ; 1                 ; 0       ;
;      - delay_line[14][10]            ; 1                 ; 0       ;
;      - delay_line_next[14][10]~299   ; 1                 ; 0       ;
;      - delay_line[14][11]            ; 1                 ; 0       ;
;      - delay_line_next[14][11]~300   ; 1                 ; 0       ;
;      - delay_line[14][12]            ; 1                 ; 0       ;
;      - delay_line_next[14][12]~301   ; 1                 ; 0       ;
;      - delay_line[14][13]            ; 1                 ; 0       ;
;      - delay_line_next[14][13]~302   ; 1                 ; 0       ;
;      - delay_line[14][14]            ; 1                 ; 0       ;
;      - delay_line_next[14][14]~303   ; 1                 ; 0       ;
;      - delay_line[14][15]            ; 1                 ; 0       ;
;      - delay_line_next[14][15]~304   ; 1                 ; 0       ;
;      - delay_line[9][0]              ; 1                 ; 0       ;
;      - delay_line[10][0]             ; 1                 ; 0       ;
;      - delay_line_next[10][0]~305    ; 1                 ; 0       ;
;      - delay_line[9][1]              ; 1                 ; 0       ;
;      - delay_line[10][1]             ; 1                 ; 0       ;
;      - delay_line_next[10][1]~306    ; 1                 ; 0       ;
;      - delay_line[9][2]              ; 1                 ; 0       ;
;      - delay_line[10][2]             ; 1                 ; 0       ;
;      - delay_line_next[10][2]~307    ; 1                 ; 0       ;
;      - delay_line[9][3]              ; 1                 ; 0       ;
;      - delay_line[10][3]             ; 1                 ; 0       ;
;      - delay_line_next[10][3]~308    ; 1                 ; 0       ;
;      - delay_line[9][4]              ; 1                 ; 0       ;
;      - delay_line[10][4]             ; 1                 ; 0       ;
;      - delay_line_next[10][4]~309    ; 1                 ; 0       ;
;      - delay_line[9][5]              ; 1                 ; 0       ;
;      - delay_line[10][5]             ; 1                 ; 0       ;
;      - delay_line_next[10][5]~310    ; 1                 ; 0       ;
;      - delay_line[9][6]              ; 1                 ; 0       ;
;      - delay_line[10][6]             ; 1                 ; 0       ;
;      - delay_line_next[10][6]~311    ; 1                 ; 0       ;
;      - delay_line[9][7]              ; 1                 ; 0       ;
;      - delay_line[10][7]             ; 1                 ; 0       ;
;      - delay_line_next[10][7]~312    ; 1                 ; 0       ;
;      - delay_line[9][8]              ; 1                 ; 0       ;
;      - delay_line[10][8]             ; 1                 ; 0       ;
;      - delay_line_next[10][8]~313    ; 1                 ; 0       ;
;      - delay_line[9][9]              ; 1                 ; 0       ;
;      - delay_line[10][9]             ; 1                 ; 0       ;
;      - delay_line_next[10][9]~314    ; 1                 ; 0       ;
;      - delay_line[9][10]             ; 1                 ; 0       ;
;      - delay_line[10][10]            ; 1                 ; 0       ;
;      - delay_line_next[10][10]~315   ; 1                 ; 0       ;
;      - delay_line[9][11]             ; 1                 ; 0       ;
;      - delay_line[10][11]            ; 1                 ; 0       ;
;      - delay_line_next[10][11]~316   ; 1                 ; 0       ;
;      - delay_line[9][12]             ; 1                 ; 0       ;
;      - delay_line[10][12]            ; 1                 ; 0       ;
;      - delay_line_next[10][12]~317   ; 1                 ; 0       ;
;      - delay_line[9][13]             ; 1                 ; 0       ;
;      - delay_line[10][13]            ; 1                 ; 0       ;
;      - delay_line_next[10][13]~318   ; 1                 ; 0       ;
;      - delay_line[9][14]             ; 1                 ; 0       ;
;      - delay_line[10][14]            ; 1                 ; 0       ;
;      - delay_line_next[10][14]~319   ; 1                 ; 0       ;
;      - delay_line[9][15]             ; 1                 ; 0       ;
;      - delay_line[10][15]            ; 1                 ; 0       ;
;      - delay_line_next[10][15]~320   ; 1                 ; 0       ;
;      - delay_line[7][0]              ; 1                 ; 0       ;
;      - delay_line[8][0]              ; 1                 ; 0       ;
;      - delay_line_next[8][0]~321     ; 1                 ; 0       ;
;      - delay_line[7][1]              ; 1                 ; 0       ;
;      - delay_line[8][1]              ; 1                 ; 0       ;
;      - delay_line_next[8][1]~322     ; 1                 ; 0       ;
;      - delay_line[7][2]              ; 1                 ; 0       ;
;      - delay_line[8][2]              ; 1                 ; 0       ;
;      - delay_line_next[8][2]~323     ; 1                 ; 0       ;
;      - delay_line[7][3]              ; 1                 ; 0       ;
;      - delay_line[8][3]              ; 1                 ; 0       ;
;      - delay_line_next[8][3]~324     ; 1                 ; 0       ;
;      - delay_line[7][4]              ; 1                 ; 0       ;
;      - delay_line[8][4]              ; 1                 ; 0       ;
;      - delay_line_next[8][4]~325     ; 1                 ; 0       ;
;      - delay_line[7][5]              ; 1                 ; 0       ;
;      - delay_line[8][5]              ; 1                 ; 0       ;
;      - delay_line_next[8][5]~326     ; 1                 ; 0       ;
;      - delay_line[7][6]              ; 1                 ; 0       ;
;      - delay_line[8][6]              ; 1                 ; 0       ;
;      - delay_line_next[8][6]~327     ; 1                 ; 0       ;
;      - delay_line[7][7]              ; 1                 ; 0       ;
;      - delay_line[8][7]              ; 1                 ; 0       ;
;      - delay_line_next[8][7]~328     ; 1                 ; 0       ;
;      - delay_line[7][8]              ; 1                 ; 0       ;
;      - delay_line[8][8]              ; 1                 ; 0       ;
;      - delay_line_next[8][8]~329     ; 1                 ; 0       ;
;      - delay_line[7][9]              ; 1                 ; 0       ;
;      - delay_line[8][9]              ; 1                 ; 0       ;
;      - delay_line_next[8][9]~330     ; 1                 ; 0       ;
;      - delay_line[7][10]             ; 1                 ; 0       ;
;      - delay_line[8][10]             ; 1                 ; 0       ;
;      - delay_line_next[8][10]~331    ; 1                 ; 0       ;
;      - delay_line[7][11]             ; 1                 ; 0       ;
;      - delay_line[8][11]             ; 1                 ; 0       ;
;      - delay_line_next[8][11]~332    ; 1                 ; 0       ;
;      - delay_line[7][12]             ; 1                 ; 0       ;
;      - delay_line[8][12]             ; 1                 ; 0       ;
;      - delay_line_next[8][12]~333    ; 1                 ; 0       ;
;      - delay_line[7][13]             ; 1                 ; 0       ;
;      - delay_line[8][13]             ; 1                 ; 0       ;
;      - delay_line_next[8][13]~334    ; 1                 ; 0       ;
;      - delay_line[7][14]             ; 1                 ; 0       ;
;      - delay_line[8][14]             ; 1                 ; 0       ;
;      - delay_line_next[8][14]~335    ; 1                 ; 0       ;
;      - delay_line[7][15]             ; 1                 ; 0       ;
;      - delay_line[8][15]             ; 1                 ; 0       ;
;      - delay_line_next[8][15]~336    ; 1                 ; 0       ;
;      - delay_line_next[15][0]~337    ; 1                 ; 0       ;
;      - delay_line_next[15][1]~338    ; 1                 ; 0       ;
;      - delay_line_next[15][2]~339    ; 1                 ; 0       ;
;      - delay_line_next[15][3]~340    ; 1                 ; 0       ;
;      - delay_line_next[15][4]~341    ; 1                 ; 0       ;
;      - delay_line_next[15][5]~342    ; 1                 ; 0       ;
;      - delay_line_next[15][6]~343    ; 1                 ; 0       ;
;      - delay_line_next[15][7]~344    ; 1                 ; 0       ;
;      - delay_line_next[15][8]~345    ; 1                 ; 0       ;
;      - delay_line_next[15][9]~346    ; 1                 ; 0       ;
;      - delay_line_next[15][10]~347   ; 1                 ; 0       ;
;      - delay_line_next[15][11]~348   ; 1                 ; 0       ;
;      - delay_line_next[15][12]~349   ; 1                 ; 0       ;
;      - delay_line_next[15][13]~350   ; 1                 ; 0       ;
;      - delay_line_next[15][14]~351   ; 1                 ; 0       ;
;      - delay_line_next[15][15]~352   ; 1                 ; 0       ;
;      - delay_line_next[9][0]~353     ; 1                 ; 0       ;
;      - delay_line_next[9][1]~354     ; 1                 ; 0       ;
;      - delay_line_next[9][2]~355     ; 1                 ; 0       ;
;      - delay_line_next[9][3]~356     ; 1                 ; 0       ;
;      - delay_line_next[9][4]~357     ; 1                 ; 0       ;
;      - delay_line_next[9][5]~358     ; 1                 ; 0       ;
;      - delay_line_next[9][6]~359     ; 1                 ; 0       ;
;      - delay_line_next[9][7]~360     ; 1                 ; 0       ;
;      - delay_line_next[9][8]~361     ; 1                 ; 0       ;
;      - delay_line_next[9][9]~362     ; 1                 ; 0       ;
;      - delay_line_next[9][10]~363    ; 1                 ; 0       ;
;      - delay_line_next[9][11]~364    ; 1                 ; 0       ;
;      - delay_line_next[9][12]~365    ; 1                 ; 0       ;
;      - delay_line_next[9][13]~366    ; 1                 ; 0       ;
;      - delay_line_next[9][14]~367    ; 1                 ; 0       ;
;      - delay_line_next[9][15]~368    ; 1                 ; 0       ;
;      - delay_line[1][0]              ; 1                 ; 0       ;
;      - delay_line[2][0]              ; 1                 ; 0       ;
;      - delay_line_next[2][0]~369     ; 1                 ; 0       ;
;      - delay_line[1][1]              ; 1                 ; 0       ;
;      - delay_line[2][1]              ; 1                 ; 0       ;
;      - delay_line_next[2][1]~370     ; 1                 ; 0       ;
;      - delay_line[1][2]              ; 1                 ; 0       ;
;      - delay_line[2][2]              ; 1                 ; 0       ;
;      - delay_line_next[2][2]~371     ; 1                 ; 0       ;
;      - delay_line[1][3]              ; 1                 ; 0       ;
;      - delay_line[2][3]              ; 1                 ; 0       ;
;      - delay_line_next[2][3]~372     ; 1                 ; 0       ;
;      - delay_line[1][4]              ; 1                 ; 0       ;
;      - delay_line[2][4]              ; 1                 ; 0       ;
;      - delay_line_next[2][4]~373     ; 1                 ; 0       ;
;      - delay_line[1][5]              ; 1                 ; 0       ;
;      - delay_line[2][5]              ; 1                 ; 0       ;
;      - delay_line_next[2][5]~374     ; 1                 ; 0       ;
;      - delay_line[1][6]              ; 1                 ; 0       ;
;      - delay_line[2][6]              ; 1                 ; 0       ;
;      - delay_line_next[2][6]~375     ; 1                 ; 0       ;
;      - delay_line[1][7]              ; 1                 ; 0       ;
;      - delay_line[2][7]              ; 1                 ; 0       ;
;      - delay_line_next[2][7]~376     ; 1                 ; 0       ;
;      - delay_line[1][8]              ; 1                 ; 0       ;
;      - delay_line[2][8]              ; 1                 ; 0       ;
;      - delay_line_next[2][8]~377     ; 1                 ; 0       ;
;      - delay_line[1][9]              ; 1                 ; 0       ;
;      - delay_line[2][9]              ; 1                 ; 0       ;
;      - delay_line_next[2][9]~378     ; 1                 ; 0       ;
;      - delay_line[1][10]             ; 1                 ; 0       ;
;      - delay_line[2][10]             ; 1                 ; 0       ;
;      - delay_line_next[2][10]~379    ; 1                 ; 0       ;
;      - delay_line[1][11]             ; 1                 ; 0       ;
;      - delay_line[2][11]             ; 1                 ; 0       ;
;      - delay_line_next[2][11]~380    ; 1                 ; 0       ;
;      - delay_line[1][12]             ; 1                 ; 0       ;
;      - delay_line[2][12]             ; 1                 ; 0       ;
;      - delay_line_next[2][12]~381    ; 1                 ; 0       ;
;      - delay_line[1][13]             ; 1                 ; 0       ;
;      - delay_line[2][13]             ; 1                 ; 0       ;
;      - delay_line_next[2][13]~382    ; 1                 ; 0       ;
;      - delay_line[1][14]             ; 1                 ; 0       ;
;      - delay_line[2][14]             ; 1                 ; 0       ;
;      - delay_line_next[2][14]~383    ; 1                 ; 0       ;
;      - delay_line[1][15]             ; 1                 ; 0       ;
;      - delay_line[2][15]             ; 1                 ; 0       ;
;      - delay_line_next[2][15]~384    ; 1                 ; 0       ;
;      - delay_line[171][0]            ; 1                 ; 0       ;
;      - delay_line[172][0]            ; 1                 ; 0       ;
;      - delay_line_next[172][0]~385   ; 1                 ; 0       ;
;      - delay_line[171][1]            ; 1                 ; 0       ;
;      - delay_line[172][1]            ; 1                 ; 0       ;
;      - delay_line_next[172][1]~386   ; 1                 ; 0       ;
;      - delay_line[171][2]            ; 1                 ; 0       ;
;      - delay_line[172][2]            ; 1                 ; 0       ;
;      - delay_line_next[172][2]~387   ; 1                 ; 0       ;
;      - delay_line[171][3]            ; 1                 ; 0       ;
;      - delay_line[172][3]            ; 1                 ; 0       ;
;      - delay_line_next[172][3]~388   ; 1                 ; 0       ;
;      - delay_line[171][4]            ; 1                 ; 0       ;
;      - delay_line[172][4]            ; 1                 ; 0       ;
;      - delay_line_next[172][4]~389   ; 1                 ; 0       ;
;      - delay_line[171][5]            ; 1                 ; 0       ;
;      - delay_line[172][5]            ; 1                 ; 0       ;
;      - delay_line_next[172][5]~390   ; 1                 ; 0       ;
;      - delay_line[171][6]            ; 1                 ; 0       ;
;      - delay_line[172][6]            ; 1                 ; 0       ;
;      - delay_line_next[172][6]~391   ; 1                 ; 0       ;
;      - delay_line[171][7]            ; 1                 ; 0       ;
;      - delay_line[172][7]            ; 1                 ; 0       ;
;      - delay_line_next[172][7]~392   ; 1                 ; 0       ;
;      - delay_line[171][8]            ; 1                 ; 0       ;
;      - delay_line[172][8]            ; 1                 ; 0       ;
;      - delay_line_next[172][8]~393   ; 1                 ; 0       ;
;      - delay_line[171][9]            ; 1                 ; 0       ;
;      - delay_line[172][9]            ; 1                 ; 0       ;
;      - delay_line_next[172][9]~394   ; 1                 ; 0       ;
;      - delay_line[171][10]           ; 1                 ; 0       ;
;      - delay_line[172][10]           ; 1                 ; 0       ;
;      - delay_line_next[172][10]~395  ; 1                 ; 0       ;
;      - delay_line[171][11]           ; 1                 ; 0       ;
;      - delay_line[172][11]           ; 1                 ; 0       ;
;      - delay_line_next[172][11]~396  ; 1                 ; 0       ;
;      - delay_line[171][12]           ; 1                 ; 0       ;
;      - delay_line[172][12]           ; 1                 ; 0       ;
;      - delay_line_next[172][12]~397  ; 1                 ; 0       ;
;      - delay_line[171][13]           ; 1                 ; 0       ;
;      - delay_line[172][13]           ; 1                 ; 0       ;
;      - delay_line_next[172][13]~398  ; 1                 ; 0       ;
;      - delay_line[171][14]           ; 1                 ; 0       ;
;      - delay_line[172][14]           ; 1                 ; 0       ;
;      - delay_line_next[172][14]~399  ; 1                 ; 0       ;
;      - delay_line[171][15]           ; 1                 ; 0       ;
;      - delay_line[172][15]           ; 1                 ; 0       ;
;      - delay_line_next[172][15]~400  ; 1                 ; 0       ;
;      - delay_line[166][0]            ; 1                 ; 0       ;
;      - delay_line[167][0]            ; 1                 ; 0       ;
;      - delay_line_next[167][0]~401   ; 1                 ; 0       ;
;      - delay_line[166][1]            ; 1                 ; 0       ;
;      - delay_line[167][1]            ; 1                 ; 0       ;
;      - delay_line_next[167][1]~402   ; 1                 ; 0       ;
;      - delay_line[166][2]            ; 1                 ; 0       ;
;      - delay_line[167][2]            ; 1                 ; 0       ;
;      - delay_line_next[167][2]~403   ; 1                 ; 0       ;
;      - delay_line[166][3]            ; 1                 ; 0       ;
;      - delay_line[167][3]            ; 1                 ; 0       ;
;      - delay_line_next[167][3]~404   ; 1                 ; 0       ;
;      - delay_line[166][4]            ; 1                 ; 0       ;
;      - delay_line[167][4]            ; 1                 ; 0       ;
;      - delay_line_next[167][4]~405   ; 1                 ; 0       ;
;      - delay_line[166][5]            ; 1                 ; 0       ;
;      - delay_line[167][5]            ; 1                 ; 0       ;
;      - delay_line_next[167][5]~406   ; 1                 ; 0       ;
;      - delay_line[166][6]            ; 1                 ; 0       ;
;      - delay_line[167][6]            ; 1                 ; 0       ;
;      - delay_line_next[167][6]~407   ; 1                 ; 0       ;
;      - delay_line[166][7]            ; 1                 ; 0       ;
;      - delay_line[167][7]            ; 1                 ; 0       ;
;      - delay_line_next[167][7]~408   ; 1                 ; 0       ;
;      - delay_line[166][8]            ; 1                 ; 0       ;
;      - delay_line[167][8]            ; 1                 ; 0       ;
;      - delay_line_next[167][8]~409   ; 1                 ; 0       ;
;      - delay_line[166][9]            ; 1                 ; 0       ;
;      - delay_line[167][9]            ; 1                 ; 0       ;
;      - delay_line_next[167][9]~410   ; 1                 ; 0       ;
;      - delay_line[166][10]           ; 1                 ; 0       ;
;      - delay_line[167][10]           ; 1                 ; 0       ;
;      - delay_line_next[167][10]~411  ; 1                 ; 0       ;
;      - delay_line[166][11]           ; 1                 ; 0       ;
;      - delay_line[167][11]           ; 1                 ; 0       ;
;      - delay_line_next[167][11]~412  ; 1                 ; 0       ;
;      - delay_line[166][12]           ; 1                 ; 0       ;
;      - delay_line[167][12]           ; 1                 ; 0       ;
;      - delay_line_next[167][12]~413  ; 1                 ; 0       ;
;      - delay_line[166][13]           ; 1                 ; 0       ;
;      - delay_line[167][13]           ; 1                 ; 0       ;
;      - delay_line_next[167][13]~414  ; 1                 ; 0       ;
;      - delay_line[166][14]           ; 1                 ; 0       ;
;      - delay_line[167][14]           ; 1                 ; 0       ;
;      - delay_line_next[167][14]~415  ; 1                 ; 0       ;
;      - delay_line[166][15]           ; 1                 ; 0       ;
;      - delay_line[167][15]           ; 1                 ; 0       ;
;      - delay_line_next[167][15]~416  ; 1                 ; 0       ;
;      - delay_line[156][0]            ; 1                 ; 0       ;
;      - delay_line[157][0]            ; 1                 ; 0       ;
;      - delay_line_next[157][0]~417   ; 1                 ; 0       ;
;      - delay_line[156][1]            ; 1                 ; 0       ;
;      - delay_line[157][1]            ; 1                 ; 0       ;
;      - delay_line_next[157][1]~418   ; 1                 ; 0       ;
;      - delay_line[156][2]            ; 1                 ; 0       ;
;      - delay_line[157][2]            ; 1                 ; 0       ;
;      - delay_line_next[157][2]~419   ; 1                 ; 0       ;
;      - delay_line[156][3]            ; 1                 ; 0       ;
;      - delay_line[157][3]            ; 1                 ; 0       ;
;      - delay_line_next[157][3]~420   ; 1                 ; 0       ;
;      - delay_line[156][4]            ; 1                 ; 0       ;
;      - delay_line[157][4]            ; 1                 ; 0       ;
;      - delay_line_next[157][4]~421   ; 1                 ; 0       ;
;      - delay_line[156][5]            ; 1                 ; 0       ;
;      - delay_line[157][5]            ; 1                 ; 0       ;
;      - delay_line_next[157][5]~422   ; 1                 ; 0       ;
;      - delay_line[156][6]            ; 1                 ; 0       ;
;      - delay_line[157][6]            ; 1                 ; 0       ;
;      - delay_line_next[157][6]~423   ; 1                 ; 0       ;
;      - delay_line[156][7]            ; 1                 ; 0       ;
;      - delay_line[157][7]            ; 1                 ; 0       ;
;      - delay_line_next[157][7]~424   ; 1                 ; 0       ;
;      - delay_line[156][8]            ; 1                 ; 0       ;
;      - delay_line[157][8]            ; 1                 ; 0       ;
;      - delay_line_next[157][8]~425   ; 1                 ; 0       ;
;      - delay_line[156][9]            ; 1                 ; 0       ;
;      - delay_line[157][9]            ; 1                 ; 0       ;
;      - delay_line_next[157][9]~426   ; 1                 ; 0       ;
;      - delay_line[156][10]           ; 1                 ; 0       ;
;      - delay_line[157][10]           ; 1                 ; 0       ;
;      - delay_line_next[157][10]~427  ; 1                 ; 0       ;
;      - delay_line[156][11]           ; 1                 ; 0       ;
;      - delay_line[157][11]           ; 1                 ; 0       ;
;      - delay_line_next[157][11]~428  ; 1                 ; 0       ;
;      - delay_line[156][12]           ; 1                 ; 0       ;
;      - delay_line[157][12]           ; 1                 ; 0       ;
;      - delay_line_next[157][12]~429  ; 1                 ; 0       ;
;      - delay_line[156][13]           ; 1                 ; 0       ;
;      - delay_line[157][13]           ; 1                 ; 0       ;
;      - delay_line_next[157][13]~430  ; 1                 ; 0       ;
;      - delay_line[156][14]           ; 1                 ; 0       ;
;      - delay_line[157][14]           ; 1                 ; 0       ;
;      - delay_line_next[157][14]~431  ; 1                 ; 0       ;
;      - delay_line[156][15]           ; 1                 ; 0       ;
;      - delay_line[157][15]           ; 1                 ; 0       ;
;      - delay_line_next[157][15]~432  ; 1                 ; 0       ;
;      - delay_line[52][0]             ; 1                 ; 0       ;
;      - delay_line[53][0]             ; 1                 ; 0       ;
;      - delay_line_next[53][0]~433    ; 1                 ; 0       ;
;      - delay_line[52][1]             ; 1                 ; 0       ;
;      - delay_line[53][1]             ; 1                 ; 0       ;
;      - delay_line_next[53][1]~434    ; 1                 ; 0       ;
;      - delay_line[52][2]             ; 1                 ; 0       ;
;      - delay_line[53][2]             ; 1                 ; 0       ;
;      - delay_line_next[53][2]~435    ; 1                 ; 0       ;
;      - delay_line[52][3]             ; 1                 ; 0       ;
;      - delay_line[53][3]             ; 1                 ; 0       ;
;      - delay_line_next[53][3]~436    ; 1                 ; 0       ;
;      - delay_line[52][4]             ; 1                 ; 0       ;
;      - delay_line[53][4]             ; 1                 ; 0       ;
;      - delay_line_next[53][4]~437    ; 1                 ; 0       ;
;      - delay_line[52][5]             ; 1                 ; 0       ;
;      - delay_line[53][5]             ; 1                 ; 0       ;
;      - delay_line_next[53][5]~438    ; 1                 ; 0       ;
;      - delay_line[52][6]             ; 1                 ; 0       ;
;      - delay_line[53][6]             ; 1                 ; 0       ;
;      - delay_line_next[53][6]~439    ; 1                 ; 0       ;
;      - delay_line[52][7]             ; 1                 ; 0       ;
;      - delay_line[53][7]             ; 1                 ; 0       ;
;      - delay_line_next[53][7]~440    ; 1                 ; 0       ;
;      - delay_line[52][8]             ; 1                 ; 0       ;
;      - delay_line[53][8]             ; 1                 ; 0       ;
;      - delay_line_next[53][8]~441    ; 1                 ; 0       ;
;      - delay_line[52][9]             ; 1                 ; 0       ;
;      - delay_line[53][9]             ; 1                 ; 0       ;
;      - delay_line_next[53][9]~442    ; 1                 ; 0       ;
;      - delay_line[52][10]            ; 1                 ; 0       ;
;      - delay_line[53][10]            ; 1                 ; 0       ;
;      - delay_line_next[53][10]~443   ; 1                 ; 0       ;
;      - delay_line[52][11]            ; 1                 ; 0       ;
;      - delay_line[53][11]            ; 1                 ; 0       ;
;      - delay_line_next[53][11]~444   ; 1                 ; 0       ;
;      - delay_line[52][12]            ; 1                 ; 0       ;
;      - delay_line[53][12]            ; 1                 ; 0       ;
;      - delay_line_next[53][12]~445   ; 1                 ; 0       ;
;      - delay_line[52][13]            ; 1                 ; 0       ;
;      - delay_line[53][13]            ; 1                 ; 0       ;
;      - delay_line_next[53][13]~446   ; 1                 ; 0       ;
;      - delay_line[52][14]            ; 1                 ; 0       ;
;      - delay_line[53][14]            ; 1                 ; 0       ;
;      - delay_line_next[53][14]~447   ; 1                 ; 0       ;
;      - delay_line[52][15]            ; 1                 ; 0       ;
;      - delay_line[53][15]            ; 1                 ; 0       ;
;      - delay_line_next[53][15]~448   ; 1                 ; 0       ;
;      - delay_line[42][0]             ; 1                 ; 0       ;
;      - delay_line[43][0]             ; 1                 ; 0       ;
;      - delay_line_next[43][0]~449    ; 1                 ; 0       ;
;      - delay_line[42][1]             ; 1                 ; 0       ;
;      - delay_line[43][1]             ; 1                 ; 0       ;
;      - delay_line_next[43][1]~450    ; 1                 ; 0       ;
;      - delay_line[42][2]             ; 1                 ; 0       ;
;      - delay_line[43][2]             ; 1                 ; 0       ;
;      - delay_line_next[43][2]~451    ; 1                 ; 0       ;
;      - delay_line[42][3]             ; 1                 ; 0       ;
;      - delay_line[43][3]             ; 1                 ; 0       ;
;      - delay_line_next[43][3]~452    ; 1                 ; 0       ;
;      - delay_line[42][4]             ; 1                 ; 0       ;
;      - delay_line[43][4]             ; 1                 ; 0       ;
;      - delay_line_next[43][4]~453    ; 1                 ; 0       ;
;      - delay_line[42][5]             ; 1                 ; 0       ;
;      - delay_line[43][5]             ; 1                 ; 0       ;
;      - delay_line_next[43][5]~454    ; 1                 ; 0       ;
;      - delay_line[42][6]             ; 1                 ; 0       ;
;      - delay_line[43][6]             ; 1                 ; 0       ;
;      - delay_line_next[43][6]~455    ; 1                 ; 0       ;
;      - delay_line[42][7]             ; 1                 ; 0       ;
;      - delay_line[43][7]             ; 1                 ; 0       ;
;      - delay_line_next[43][7]~456    ; 1                 ; 0       ;
;      - delay_line[42][8]             ; 1                 ; 0       ;
;      - delay_line[43][8]             ; 1                 ; 0       ;
;      - delay_line_next[43][8]~457    ; 1                 ; 0       ;
;      - delay_line[42][9]             ; 1                 ; 0       ;
;      - delay_line[43][9]             ; 1                 ; 0       ;
;      - delay_line_next[43][9]~458    ; 1                 ; 0       ;
;      - delay_line[42][10]            ; 1                 ; 0       ;
;      - delay_line[43][10]            ; 1                 ; 0       ;
;      - delay_line_next[43][10]~459   ; 1                 ; 0       ;
;      - delay_line[42][11]            ; 1                 ; 0       ;
;      - delay_line[43][11]            ; 1                 ; 0       ;
;      - delay_line_next[43][11]~460   ; 1                 ; 0       ;
;      - delay_line[42][12]            ; 1                 ; 0       ;
;      - delay_line[43][12]            ; 1                 ; 0       ;
;      - delay_line_next[43][12]~461   ; 1                 ; 0       ;
;      - delay_line[42][13]            ; 1                 ; 0       ;
;      - delay_line[43][13]            ; 1                 ; 0       ;
;      - delay_line_next[43][13]~462   ; 1                 ; 0       ;
;      - delay_line[42][14]            ; 1                 ; 0       ;
;      - delay_line[43][14]            ; 1                 ; 0       ;
;      - delay_line_next[43][14]~463   ; 1                 ; 0       ;
;      - delay_line[42][15]            ; 1                 ; 0       ;
;      - delay_line[43][15]            ; 1                 ; 0       ;
;      - delay_line_next[43][15]~464   ; 1                 ; 0       ;
;      - delay_line[37][0]             ; 1                 ; 0       ;
;      - delay_line[38][0]             ; 1                 ; 0       ;
;      - delay_line_next[38][0]~465    ; 1                 ; 0       ;
;      - delay_line[37][1]             ; 1                 ; 0       ;
;      - delay_line[38][1]             ; 1                 ; 0       ;
;      - delay_line_next[38][1]~466    ; 1                 ; 0       ;
;      - delay_line[37][2]             ; 1                 ; 0       ;
;      - delay_line[38][2]             ; 1                 ; 0       ;
;      - delay_line_next[38][2]~467    ; 1                 ; 0       ;
;      - delay_line[37][3]             ; 1                 ; 0       ;
;      - delay_line[38][3]             ; 1                 ; 0       ;
;      - delay_line_next[38][3]~468    ; 1                 ; 0       ;
;      - delay_line[37][4]             ; 1                 ; 0       ;
;      - delay_line[38][4]             ; 1                 ; 0       ;
;      - delay_line_next[38][4]~469    ; 1                 ; 0       ;
;      - delay_line[37][5]             ; 1                 ; 0       ;
;      - delay_line[38][5]             ; 1                 ; 0       ;
;      - delay_line_next[38][5]~470    ; 1                 ; 0       ;
;      - delay_line[37][6]             ; 1                 ; 0       ;
;      - delay_line[38][6]             ; 1                 ; 0       ;
;      - delay_line_next[38][6]~471    ; 1                 ; 0       ;
;      - delay_line[37][7]             ; 1                 ; 0       ;
;      - delay_line[38][7]             ; 1                 ; 0       ;
;      - delay_line_next[38][7]~472    ; 1                 ; 0       ;
;      - delay_line[37][8]             ; 1                 ; 0       ;
;      - delay_line[38][8]             ; 1                 ; 0       ;
;      - delay_line_next[38][8]~473    ; 1                 ; 0       ;
;      - delay_line[37][9]             ; 1                 ; 0       ;
;      - delay_line[38][9]             ; 1                 ; 0       ;
;      - delay_line_next[38][9]~474    ; 1                 ; 0       ;
;      - delay_line[37][10]            ; 1                 ; 0       ;
;      - delay_line[38][10]            ; 1                 ; 0       ;
;      - delay_line_next[38][10]~475   ; 1                 ; 0       ;
;      - delay_line[37][11]            ; 1                 ; 0       ;
;      - delay_line[38][11]            ; 1                 ; 0       ;
;      - delay_line_next[38][11]~476   ; 1                 ; 0       ;
;      - delay_line[37][12]            ; 1                 ; 0       ;
;      - delay_line[38][12]            ; 1                 ; 0       ;
;      - delay_line_next[38][12]~477   ; 1                 ; 0       ;
;      - delay_line[37][13]            ; 1                 ; 0       ;
;      - delay_line[38][13]            ; 1                 ; 0       ;
;      - delay_line_next[38][13]~478   ; 1                 ; 0       ;
;      - delay_line[37][14]            ; 1                 ; 0       ;
;      - delay_line[38][14]            ; 1                 ; 0       ;
;      - delay_line_next[38][14]~479   ; 1                 ; 0       ;
;      - delay_line[37][15]            ; 1                 ; 0       ;
;      - delay_line[38][15]            ; 1                 ; 0       ;
;      - delay_line_next[38][15]~480   ; 1                 ; 0       ;
;      - delay_line[193][0]            ; 1                 ; 0       ;
;      - delay_line[194][0]            ; 1                 ; 0       ;
;      - delay_line_next[194][0]~481   ; 1                 ; 0       ;
;      - delay_line[193][1]            ; 1                 ; 0       ;
;      - delay_line[194][1]            ; 1                 ; 0       ;
;      - delay_line_next[194][1]~482   ; 1                 ; 0       ;
;      - delay_line[193][2]            ; 1                 ; 0       ;
;      - delay_line[194][2]            ; 1                 ; 0       ;
;      - delay_line_next[194][2]~483   ; 1                 ; 0       ;
;      - delay_line[193][3]            ; 1                 ; 0       ;
;      - delay_line[194][3]            ; 1                 ; 0       ;
;      - delay_line_next[194][3]~484   ; 1                 ; 0       ;
;      - delay_line[193][4]            ; 1                 ; 0       ;
;      - delay_line[194][4]            ; 1                 ; 0       ;
;      - delay_line_next[194][4]~485   ; 1                 ; 0       ;
;      - delay_line[193][5]            ; 1                 ; 0       ;
;      - delay_line[194][5]            ; 1                 ; 0       ;
;      - delay_line_next[194][5]~486   ; 1                 ; 0       ;
;      - delay_line[193][6]            ; 1                 ; 0       ;
;      - delay_line[194][6]            ; 1                 ; 0       ;
;      - delay_line_next[194][6]~487   ; 1                 ; 0       ;
;      - delay_line[193][7]            ; 1                 ; 0       ;
;      - delay_line[194][7]            ; 1                 ; 0       ;
;      - delay_line_next[194][7]~488   ; 1                 ; 0       ;
;      - delay_line[193][8]            ; 1                 ; 0       ;
;      - delay_line[194][8]            ; 1                 ; 0       ;
;      - delay_line_next[194][8]~489   ; 1                 ; 0       ;
;      - delay_line[193][9]            ; 1                 ; 0       ;
;      - delay_line[194][9]            ; 1                 ; 0       ;
;      - delay_line_next[194][9]~490   ; 1                 ; 0       ;
;      - delay_line[193][10]           ; 1                 ; 0       ;
;      - delay_line[194][10]           ; 1                 ; 0       ;
;      - delay_line_next[194][10]~491  ; 1                 ; 0       ;
;      - delay_line[193][11]           ; 1                 ; 0       ;
;      - delay_line[194][11]           ; 1                 ; 0       ;
;      - delay_line_next[194][11]~492  ; 1                 ; 0       ;
;      - delay_line[193][12]           ; 1                 ; 0       ;
;      - delay_line[194][12]           ; 1                 ; 0       ;
;      - delay_line_next[194][12]~493  ; 1                 ; 0       ;
;      - delay_line[193][13]           ; 1                 ; 0       ;
;      - delay_line[194][13]           ; 1                 ; 0       ;
;      - delay_line_next[194][13]~494  ; 1                 ; 0       ;
;      - delay_line[193][14]           ; 1                 ; 0       ;
;      - delay_line[194][14]           ; 1                 ; 0       ;
;      - delay_line_next[194][14]~495  ; 1                 ; 0       ;
;      - delay_line[193][15]           ; 1                 ; 0       ;
;      - delay_line[194][15]           ; 1                 ; 0       ;
;      - delay_line_next[194][15]~496  ; 1                 ; 0       ;
;      - delay_line[192][0]            ; 1                 ; 0       ;
;      - delay_line_next[193][0]~497   ; 1                 ; 0       ;
;      - delay_line[192][1]            ; 1                 ; 0       ;
;      - delay_line_next[193][1]~498   ; 1                 ; 0       ;
;      - delay_line[192][2]            ; 1                 ; 0       ;
;      - delay_line_next[193][2]~499   ; 1                 ; 0       ;
;      - delay_line[192][3]            ; 1                 ; 0       ;
;      - delay_line_next[193][3]~500   ; 1                 ; 0       ;
;      - delay_line[192][4]            ; 1                 ; 0       ;
;      - delay_line_next[193][4]~501   ; 1                 ; 0       ;
;      - delay_line[192][5]            ; 1                 ; 0       ;
;      - delay_line_next[193][5]~502   ; 1                 ; 0       ;
;      - delay_line[192][6]            ; 1                 ; 0       ;
;      - delay_line_next[193][6]~503   ; 1                 ; 0       ;
;      - delay_line[192][7]            ; 1                 ; 0       ;
;      - delay_line_next[193][7]~504   ; 1                 ; 0       ;
;      - delay_line[192][8]            ; 1                 ; 0       ;
;      - delay_line_next[193][8]~505   ; 1                 ; 0       ;
;      - delay_line[192][9]            ; 1                 ; 0       ;
;      - delay_line_next[193][9]~506   ; 1                 ; 0       ;
;      - delay_line[192][10]           ; 1                 ; 0       ;
;      - delay_line_next[193][10]~507  ; 1                 ; 0       ;
;      - delay_line[192][11]           ; 1                 ; 0       ;
;      - delay_line_next[193][11]~508  ; 1                 ; 0       ;
;      - delay_line[192][12]           ; 1                 ; 0       ;
;      - delay_line_next[193][12]~509  ; 1                 ; 0       ;
;      - delay_line[192][13]           ; 1                 ; 0       ;
;      - delay_line_next[193][13]~510  ; 1                 ; 0       ;
;      - delay_line[192][14]           ; 1                 ; 0       ;
;      - delay_line_next[193][14]~511  ; 1                 ; 0       ;
;      - delay_line[192][15]           ; 1                 ; 0       ;
;      - delay_line_next[193][15]~512  ; 1                 ; 0       ;
;      - delay_line[191][0]            ; 1                 ; 0       ;
;      - delay_line_next[192][0]~513   ; 1                 ; 0       ;
;      - delay_line[191][1]            ; 1                 ; 0       ;
;      - delay_line_next[192][1]~514   ; 1                 ; 0       ;
;      - delay_line[191][2]            ; 1                 ; 0       ;
;      - delay_line_next[192][2]~515   ; 1                 ; 0       ;
;      - delay_line[191][3]            ; 1                 ; 0       ;
;      - delay_line_next[192][3]~516   ; 1                 ; 0       ;
;      - delay_line[191][4]            ; 1                 ; 0       ;
;      - delay_line_next[192][4]~517   ; 1                 ; 0       ;
;      - delay_line[191][5]            ; 1                 ; 0       ;
;      - delay_line_next[192][5]~518   ; 1                 ; 0       ;
;      - delay_line[191][6]            ; 1                 ; 0       ;
;      - delay_line_next[192][6]~519   ; 1                 ; 0       ;
;      - delay_line[191][7]            ; 1                 ; 0       ;
;      - delay_line_next[192][7]~520   ; 1                 ; 0       ;
;      - delay_line[191][8]            ; 1                 ; 0       ;
;      - delay_line_next[192][8]~521   ; 1                 ; 0       ;
;      - delay_line[191][9]            ; 1                 ; 0       ;
;      - delay_line_next[192][9]~522   ; 1                 ; 0       ;
;      - delay_line[191][10]           ; 1                 ; 0       ;
;      - delay_line_next[192][10]~523  ; 1                 ; 0       ;
;      - delay_line[191][11]           ; 1                 ; 0       ;
;      - delay_line_next[192][11]~524  ; 1                 ; 0       ;
;      - delay_line[191][12]           ; 1                 ; 0       ;
;      - delay_line_next[192][12]~525  ; 1                 ; 0       ;
;      - delay_line[191][13]           ; 1                 ; 0       ;
;      - delay_line_next[192][13]~526  ; 1                 ; 0       ;
;      - delay_line[191][14]           ; 1                 ; 0       ;
;      - delay_line_next[192][14]~527  ; 1                 ; 0       ;
;      - delay_line[191][15]           ; 1                 ; 0       ;
;      - delay_line_next[192][15]~528  ; 1                 ; 0       ;
;      - delay_line[3][0]              ; 1                 ; 0       ;
;      - delay_line_next[3][0]~529     ; 1                 ; 0       ;
;      - delay_line[3][1]              ; 1                 ; 0       ;
;      - delay_line_next[3][1]~530     ; 1                 ; 0       ;
;      - delay_line[3][2]              ; 1                 ; 0       ;
;      - delay_line_next[3][2]~531     ; 1                 ; 0       ;
;      - delay_line[3][3]              ; 1                 ; 0       ;
;      - delay_line_next[3][3]~532     ; 1                 ; 0       ;
;      - delay_line[3][4]              ; 1                 ; 0       ;
;      - delay_line_next[3][4]~533     ; 1                 ; 0       ;
;      - delay_line[3][5]              ; 1                 ; 0       ;
;      - delay_line_next[3][5]~534     ; 1                 ; 0       ;
;      - delay_line[3][6]              ; 1                 ; 0       ;
;      - delay_line_next[3][6]~535     ; 1                 ; 0       ;
;      - delay_line[3][7]              ; 1                 ; 0       ;
;      - delay_line_next[3][7]~536     ; 1                 ; 0       ;
;      - delay_line[3][8]              ; 1                 ; 0       ;
;      - delay_line_next[3][8]~537     ; 1                 ; 0       ;
;      - delay_line[3][9]              ; 1                 ; 0       ;
;      - delay_line_next[3][9]~538     ; 1                 ; 0       ;
;      - delay_line[3][10]             ; 1                 ; 0       ;
;      - delay_line_next[3][10]~539    ; 1                 ; 0       ;
;      - delay_line[3][11]             ; 1                 ; 0       ;
;      - delay_line_next[3][11]~540    ; 1                 ; 0       ;
;      - delay_line[3][12]             ; 1                 ; 0       ;
;      - delay_line_next[3][12]~541    ; 1                 ; 0       ;
;      - delay_line[3][13]             ; 1                 ; 0       ;
;      - delay_line_next[3][13]~542    ; 1                 ; 0       ;
;      - delay_line[3][14]             ; 1                 ; 0       ;
;      - delay_line_next[3][14]~543    ; 1                 ; 0       ;
;      - delay_line[3][15]             ; 1                 ; 0       ;
;      - delay_line_next[3][15]~544    ; 1                 ; 0       ;
;      - delay_line[209][0]            ; 1                 ; 0       ;
;      - delay_line[208][0]            ; 1                 ; 0       ;
;      - delay_line_next[209][0]~545   ; 1                 ; 0       ;
;      - delay_line[209][1]            ; 1                 ; 0       ;
;      - delay_line[208][1]            ; 1                 ; 0       ;
;      - delay_line_next[209][1]~546   ; 1                 ; 0       ;
;      - delay_line[209][2]            ; 1                 ; 0       ;
;      - delay_line[208][2]            ; 1                 ; 0       ;
;      - delay_line_next[209][2]~547   ; 1                 ; 0       ;
;      - delay_line[209][3]            ; 1                 ; 0       ;
;      - delay_line[208][3]            ; 1                 ; 0       ;
;      - delay_line_next[209][3]~548   ; 1                 ; 0       ;
;      - delay_line[209][4]            ; 1                 ; 0       ;
;      - delay_line[208][4]            ; 1                 ; 0       ;
;      - delay_line_next[209][4]~549   ; 1                 ; 0       ;
;      - delay_line[209][5]            ; 1                 ; 0       ;
;      - delay_line[208][5]            ; 1                 ; 0       ;
;      - delay_line_next[209][5]~550   ; 1                 ; 0       ;
;      - delay_line[209][6]            ; 1                 ; 0       ;
;      - delay_line[208][6]            ; 1                 ; 0       ;
;      - delay_line_next[209][6]~551   ; 1                 ; 0       ;
;      - delay_line[209][7]            ; 1                 ; 0       ;
;      - delay_line[208][7]            ; 1                 ; 0       ;
;      - delay_line_next[209][7]~552   ; 1                 ; 0       ;
;      - delay_line[209][8]            ; 1                 ; 0       ;
;      - delay_line[208][8]            ; 1                 ; 0       ;
;      - delay_line_next[209][8]~553   ; 1                 ; 0       ;
;      - delay_line[209][9]            ; 1                 ; 0       ;
;      - delay_line[208][9]            ; 1                 ; 0       ;
;      - delay_line_next[209][9]~554   ; 1                 ; 0       ;
;      - delay_line[209][10]           ; 1                 ; 0       ;
;      - delay_line[208][10]           ; 1                 ; 0       ;
;      - delay_line_next[209][10]~555  ; 1                 ; 0       ;
;      - delay_line[209][11]           ; 1                 ; 0       ;
;      - delay_line[208][11]           ; 1                 ; 0       ;
;      - delay_line_next[209][11]~556  ; 1                 ; 0       ;
;      - delay_line[209][12]           ; 1                 ; 0       ;
;      - delay_line[208][12]           ; 1                 ; 0       ;
;      - delay_line_next[209][12]~557  ; 1                 ; 0       ;
;      - delay_line[209][13]           ; 1                 ; 0       ;
;      - delay_line[208][13]           ; 1                 ; 0       ;
;      - delay_line_next[209][13]~558  ; 1                 ; 0       ;
;      - delay_line[208][14]           ; 1                 ; 0       ;
;      - delay_line_next[209][14]~559  ; 1                 ; 0       ;
;      - delay_line[207][0]            ; 1                 ; 0       ;
;      - delay_line_next[208][0]~560   ; 1                 ; 0       ;
;      - delay_line[207][1]            ; 1                 ; 0       ;
;      - delay_line_next[208][1]~561   ; 1                 ; 0       ;
;      - delay_line[207][2]            ; 1                 ; 0       ;
;      - delay_line_next[208][2]~562   ; 1                 ; 0       ;
;      - delay_line[207][3]            ; 1                 ; 0       ;
;      - delay_line_next[208][3]~563   ; 1                 ; 0       ;
;      - delay_line[207][4]            ; 1                 ; 0       ;
;      - delay_line_next[208][4]~564   ; 1                 ; 0       ;
;      - delay_line[207][5]            ; 1                 ; 0       ;
;      - delay_line_next[208][5]~565   ; 1                 ; 0       ;
;      - delay_line[207][6]            ; 1                 ; 0       ;
;      - delay_line_next[208][6]~566   ; 1                 ; 0       ;
;      - delay_line[207][7]            ; 1                 ; 0       ;
;      - delay_line_next[208][7]~567   ; 1                 ; 0       ;
;      - delay_line[207][8]            ; 1                 ; 0       ;
;      - delay_line_next[208][8]~568   ; 1                 ; 0       ;
;      - delay_line[207][9]            ; 1                 ; 0       ;
;      - delay_line_next[208][9]~569   ; 1                 ; 0       ;
;      - delay_line[207][10]           ; 1                 ; 0       ;
;      - delay_line_next[208][10]~570  ; 1                 ; 0       ;
;      - delay_line[207][11]           ; 1                 ; 0       ;
;      - delay_line_next[208][11]~571  ; 1                 ; 0       ;
;      - delay_line[207][12]           ; 1                 ; 0       ;
;      - delay_line_next[208][12]~572  ; 1                 ; 0       ;
;      - delay_line[207][13]           ; 1                 ; 0       ;
;      - delay_line_next[208][13]~573  ; 1                 ; 0       ;
;      - delay_line[207][14]           ; 1                 ; 0       ;
;      - delay_line_next[208][14]~574  ; 1                 ; 0       ;
;      - delay_line[207][15]           ; 1                 ; 0       ;
;      - delay_line_next[208][15]~575  ; 1                 ; 0       ;
;      - delay_line[200][0]            ; 1                 ; 0       ;
;      - delay_line[201][0]            ; 1                 ; 0       ;
;      - delay_line_next[201][0]~576   ; 1                 ; 0       ;
;      - delay_line[200][1]            ; 1                 ; 0       ;
;      - delay_line[201][1]            ; 1                 ; 0       ;
;      - delay_line_next[201][1]~577   ; 1                 ; 0       ;
;      - delay_line[200][2]            ; 1                 ; 0       ;
;      - delay_line[201][2]            ; 1                 ; 0       ;
;      - delay_line_next[201][2]~578   ; 1                 ; 0       ;
;      - delay_line[200][3]            ; 1                 ; 0       ;
;      - delay_line[201][3]            ; 1                 ; 0       ;
;      - delay_line_next[201][3]~579   ; 1                 ; 0       ;
;      - delay_line[200][4]            ; 1                 ; 0       ;
;      - delay_line[201][4]            ; 1                 ; 0       ;
;      - delay_line_next[201][4]~580   ; 1                 ; 0       ;
;      - delay_line[200][5]            ; 1                 ; 0       ;
;      - delay_line[201][5]            ; 1                 ; 0       ;
;      - delay_line_next[201][5]~581   ; 1                 ; 0       ;
;      - delay_line[200][6]            ; 1                 ; 0       ;
;      - delay_line[201][6]            ; 1                 ; 0       ;
;      - delay_line_next[201][6]~582   ; 1                 ; 0       ;
;      - delay_line[200][7]            ; 1                 ; 0       ;
;      - delay_line[201][7]            ; 1                 ; 0       ;
;      - delay_line_next[201][7]~583   ; 1                 ; 0       ;
;      - delay_line[200][8]            ; 1                 ; 0       ;
;      - delay_line[201][8]            ; 1                 ; 0       ;
;      - delay_line_next[201][8]~584   ; 1                 ; 0       ;
;      - delay_line[200][9]            ; 1                 ; 0       ;
;      - delay_line[201][9]            ; 1                 ; 0       ;
;      - delay_line_next[201][9]~585   ; 1                 ; 0       ;
;      - delay_line[200][10]           ; 1                 ; 0       ;
;      - delay_line[201][10]           ; 1                 ; 0       ;
;      - delay_line_next[201][10]~586  ; 1                 ; 0       ;
;      - delay_line[200][11]           ; 1                 ; 0       ;
;      - delay_line[201][11]           ; 1                 ; 0       ;
;      - delay_line_next[201][11]~587  ; 1                 ; 0       ;
;      - delay_line[200][12]           ; 1                 ; 0       ;
;      - delay_line[201][12]           ; 1                 ; 0       ;
;      - delay_line_next[201][12]~588  ; 1                 ; 0       ;
;      - delay_line[200][13]           ; 1                 ; 0       ;
;      - delay_line[201][13]           ; 1                 ; 0       ;
;      - delay_line_next[201][13]~589  ; 1                 ; 0       ;
;      - delay_line[200][14]           ; 1                 ; 0       ;
;      - delay_line[201][14]           ; 1                 ; 0       ;
;      - delay_line_next[201][14]~590  ; 1                 ; 0       ;
;      - delay_line[200][15]           ; 1                 ; 0       ;
;      - delay_line[201][15]           ; 1                 ; 0       ;
;      - delay_line_next[201][15]~591  ; 1                 ; 0       ;
;      - delay_line[195][0]            ; 1                 ; 0       ;
;      - delay_line_next[195][0]~592   ; 1                 ; 0       ;
;      - delay_line[195][1]            ; 1                 ; 0       ;
;      - delay_line_next[195][1]~593   ; 1                 ; 0       ;
;      - delay_line[195][2]            ; 1                 ; 0       ;
;      - delay_line_next[195][2]~594   ; 1                 ; 0       ;
;      - delay_line[195][3]            ; 1                 ; 0       ;
;      - delay_line_next[195][3]~595   ; 1                 ; 0       ;
;      - delay_line[195][4]            ; 1                 ; 0       ;
;      - delay_line_next[195][4]~596   ; 1                 ; 0       ;
;      - delay_line[195][5]            ; 1                 ; 0       ;
;      - delay_line_next[195][5]~597   ; 1                 ; 0       ;
;      - delay_line[195][6]            ; 1                 ; 0       ;
;      - delay_line_next[195][6]~598   ; 1                 ; 0       ;
;      - delay_line[195][7]            ; 1                 ; 0       ;
;      - delay_line_next[195][7]~599   ; 1                 ; 0       ;
;      - delay_line[195][8]            ; 1                 ; 0       ;
;      - delay_line_next[195][8]~600   ; 1                 ; 0       ;
;      - delay_line[195][9]            ; 1                 ; 0       ;
;      - delay_line_next[195][9]~601   ; 1                 ; 0       ;
;      - delay_line[195][10]           ; 1                 ; 0       ;
;      - delay_line_next[195][10]~602  ; 1                 ; 0       ;
;      - delay_line[195][11]           ; 1                 ; 0       ;
;      - delay_line_next[195][11]~603  ; 1                 ; 0       ;
;      - delay_line[195][12]           ; 1                 ; 0       ;
;      - delay_line_next[195][12]~604  ; 1                 ; 0       ;
;      - delay_line[195][13]           ; 1                 ; 0       ;
;      - delay_line_next[195][13]~605  ; 1                 ; 0       ;
;      - delay_line[195][14]           ; 1                 ; 0       ;
;      - delay_line_next[195][14]~606  ; 1                 ; 0       ;
;      - delay_line[195][15]           ; 1                 ; 0       ;
;      - delay_line_next[195][15]~607  ; 1                 ; 0       ;
;      - delay_line[175][0]            ; 1                 ; 0       ;
;      - delay_line[176][0]            ; 1                 ; 0       ;
;      - delay_line_next[176][0]~608   ; 1                 ; 0       ;
;      - delay_line[175][1]            ; 1                 ; 0       ;
;      - delay_line[176][1]            ; 1                 ; 0       ;
;      - delay_line_next[176][1]~609   ; 1                 ; 0       ;
;      - delay_line[175][2]            ; 1                 ; 0       ;
;      - delay_line[176][2]            ; 1                 ; 0       ;
;      - delay_line_next[176][2]~610   ; 1                 ; 0       ;
;      - delay_line[175][3]            ; 1                 ; 0       ;
;      - delay_line[176][3]            ; 1                 ; 0       ;
;      - delay_line_next[176][3]~611   ; 1                 ; 0       ;
;      - delay_line[175][4]            ; 1                 ; 0       ;
;      - delay_line[176][4]            ; 1                 ; 0       ;
;      - delay_line_next[176][4]~612   ; 1                 ; 0       ;
;      - delay_line[175][5]            ; 1                 ; 0       ;
;      - delay_line[176][5]            ; 1                 ; 0       ;
;      - delay_line_next[176][5]~613   ; 1                 ; 0       ;
;      - delay_line[175][6]            ; 1                 ; 0       ;
;      - delay_line[176][6]            ; 1                 ; 0       ;
;      - delay_line_next[176][6]~614   ; 1                 ; 0       ;
;      - delay_line[175][7]            ; 1                 ; 0       ;
;      - delay_line[176][7]            ; 1                 ; 0       ;
;      - delay_line_next[176][7]~615   ; 1                 ; 0       ;
;      - delay_line[175][8]            ; 1                 ; 0       ;
;      - delay_line[176][8]            ; 1                 ; 0       ;
;      - delay_line_next[176][8]~616   ; 1                 ; 0       ;
;      - delay_line[175][9]            ; 1                 ; 0       ;
;      - delay_line[176][9]            ; 1                 ; 0       ;
;      - delay_line_next[176][9]~617   ; 1                 ; 0       ;
;      - delay_line[175][10]           ; 1                 ; 0       ;
;      - delay_line[176][10]           ; 1                 ; 0       ;
;      - delay_line_next[176][10]~618  ; 1                 ; 0       ;
;      - delay_line[175][11]           ; 1                 ; 0       ;
;      - delay_line[176][11]           ; 1                 ; 0       ;
;      - delay_line_next[176][11]~619  ; 1                 ; 0       ;
;      - delay_line[175][12]           ; 1                 ; 0       ;
;      - delay_line[176][12]           ; 1                 ; 0       ;
;      - delay_line_next[176][12]~620  ; 1                 ; 0       ;
;      - delay_line[175][13]           ; 1                 ; 0       ;
;      - delay_line[176][13]           ; 1                 ; 0       ;
;      - delay_line_next[176][13]~621  ; 1                 ; 0       ;
;      - delay_line[175][14]           ; 1                 ; 0       ;
;      - delay_line[176][14]           ; 1                 ; 0       ;
;      - delay_line_next[176][14]~622  ; 1                 ; 0       ;
;      - delay_line[175][15]           ; 1                 ; 0       ;
;      - delay_line[176][15]           ; 1                 ; 0       ;
;      - delay_line_next[176][15]~623  ; 1                 ; 0       ;
;      - delay_line[0][0]              ; 1                 ; 0       ;
;      - delay_line_next[1][0]~624     ; 1                 ; 0       ;
;      - delay_line[0][1]              ; 1                 ; 0       ;
;      - delay_line_next[1][1]~625     ; 1                 ; 0       ;
;      - delay_line[0][2]              ; 1                 ; 0       ;
;      - delay_line_next[1][2]~626     ; 1                 ; 0       ;
;      - delay_line[0][3]              ; 1                 ; 0       ;
;      - delay_line_next[1][3]~627     ; 1                 ; 0       ;
;      - delay_line[0][4]              ; 1                 ; 0       ;
;      - delay_line_next[1][4]~628     ; 1                 ; 0       ;
;      - delay_line[0][5]              ; 1                 ; 0       ;
;      - delay_line_next[1][5]~629     ; 1                 ; 0       ;
;      - delay_line[0][6]              ; 1                 ; 0       ;
;      - delay_line_next[1][6]~630     ; 1                 ; 0       ;
;      - delay_line[0][7]              ; 1                 ; 0       ;
;      - delay_line_next[1][7]~631     ; 1                 ; 0       ;
;      - delay_line[0][8]              ; 1                 ; 0       ;
;      - delay_line_next[1][8]~632     ; 1                 ; 0       ;
;      - delay_line[0][9]              ; 1                 ; 0       ;
;      - delay_line_next[1][9]~633     ; 1                 ; 0       ;
;      - delay_line[0][10]             ; 1                 ; 0       ;
;      - delay_line_next[1][10]~634    ; 1                 ; 0       ;
;      - delay_line[0][11]             ; 1                 ; 0       ;
;      - delay_line_next[1][11]~635    ; 1                 ; 0       ;
;      - delay_line[0][12]             ; 1                 ; 0       ;
;      - delay_line_next[1][12]~636    ; 1                 ; 0       ;
;      - delay_line[0][13]             ; 1                 ; 0       ;
;      - delay_line_next[1][13]~637    ; 1                 ; 0       ;
;      - delay_line[0][14]             ; 1                 ; 0       ;
;      - delay_line_next[1][14]~638    ; 1                 ; 0       ;
;      - delay_line_next[1][15]~639    ; 1                 ; 0       ;
;      - delay_line[190][0]            ; 1                 ; 0       ;
;      - delay_line_next[191][0]~640   ; 1                 ; 0       ;
;      - delay_line[190][1]            ; 1                 ; 0       ;
;      - delay_line_next[191][1]~641   ; 1                 ; 0       ;
;      - delay_line[190][2]            ; 1                 ; 0       ;
;      - delay_line_next[191][2]~642   ; 1                 ; 0       ;
;      - delay_line[190][3]            ; 1                 ; 0       ;
;      - delay_line_next[191][3]~643   ; 1                 ; 0       ;
;      - delay_line[190][4]            ; 1                 ; 0       ;
;      - delay_line_next[191][4]~644   ; 1                 ; 0       ;
;      - delay_line[190][5]            ; 1                 ; 0       ;
;      - delay_line_next[191][5]~645   ; 1                 ; 0       ;
;      - delay_line[190][6]            ; 1                 ; 0       ;
;      - delay_line_next[191][6]~646   ; 1                 ; 0       ;
;      - delay_line[190][7]            ; 1                 ; 0       ;
;      - delay_line_next[191][7]~647   ; 1                 ; 0       ;
;      - delay_line[190][8]            ; 1                 ; 0       ;
;      - delay_line_next[191][8]~648   ; 1                 ; 0       ;
;      - delay_line[190][9]            ; 1                 ; 0       ;
;      - delay_line_next[191][9]~649   ; 1                 ; 0       ;
;      - delay_line[190][10]           ; 1                 ; 0       ;
;      - delay_line_next[191][10]~650  ; 1                 ; 0       ;
;      - delay_line[190][11]           ; 1                 ; 0       ;
;      - delay_line_next[191][11]~651  ; 1                 ; 0       ;
;      - delay_line[190][12]           ; 1                 ; 0       ;
;      - delay_line_next[191][12]~652  ; 1                 ; 0       ;
;      - delay_line[190][13]           ; 1                 ; 0       ;
;      - delay_line_next[191][13]~653  ; 1                 ; 0       ;
;      - delay_line[190][14]           ; 1                 ; 0       ;
;      - delay_line_next[191][14]~654  ; 1                 ; 0       ;
;      - delay_line[190][15]           ; 1                 ; 0       ;
;      - delay_line_next[191][15]~655  ; 1                 ; 0       ;
;      - delay_line[180][0]            ; 1                 ; 0       ;
;      - delay_line[181][0]            ; 1                 ; 0       ;
;      - delay_line_next[181][0]~656   ; 1                 ; 0       ;
;      - delay_line[180][1]            ; 1                 ; 0       ;
;      - delay_line[181][1]            ; 1                 ; 0       ;
;      - delay_line_next[181][1]~657   ; 1                 ; 0       ;
;      - delay_line[180][2]            ; 1                 ; 0       ;
;      - delay_line[181][2]            ; 1                 ; 0       ;
;      - delay_line_next[181][2]~658   ; 1                 ; 0       ;
;      - delay_line[180][3]            ; 1                 ; 0       ;
;      - delay_line[181][3]            ; 1                 ; 0       ;
;      - delay_line_next[181][3]~659   ; 1                 ; 0       ;
;      - delay_line[180][4]            ; 1                 ; 0       ;
;      - delay_line[181][4]            ; 1                 ; 0       ;
;      - delay_line_next[181][4]~660   ; 1                 ; 0       ;
;      - delay_line[180][5]            ; 1                 ; 0       ;
;      - delay_line[181][5]            ; 1                 ; 0       ;
;      - delay_line_next[181][5]~661   ; 1                 ; 0       ;
;      - delay_line[180][6]            ; 1                 ; 0       ;
;      - delay_line[181][6]            ; 1                 ; 0       ;
;      - delay_line_next[181][6]~662   ; 1                 ; 0       ;
;      - delay_line[180][7]            ; 1                 ; 0       ;
;      - delay_line[181][7]            ; 1                 ; 0       ;
;      - delay_line_next[181][7]~663   ; 1                 ; 0       ;
;      - delay_line[180][8]            ; 1                 ; 0       ;
;      - delay_line[181][8]            ; 1                 ; 0       ;
;      - delay_line_next[181][8]~664   ; 1                 ; 0       ;
;      - delay_line[180][9]            ; 1                 ; 0       ;
;      - delay_line[181][9]            ; 1                 ; 0       ;
;      - delay_line_next[181][9]~665   ; 1                 ; 0       ;
;      - delay_line[180][10]           ; 1                 ; 0       ;
;      - delay_line[181][10]           ; 1                 ; 0       ;
;      - delay_line_next[181][10]~666  ; 1                 ; 0       ;
;      - delay_line[180][11]           ; 1                 ; 0       ;
;      - delay_line[181][11]           ; 1                 ; 0       ;
;      - delay_line_next[181][11]~667  ; 1                 ; 0       ;
;      - delay_line[180][12]           ; 1                 ; 0       ;
;      - delay_line[181][12]           ; 1                 ; 0       ;
;      - delay_line_next[181][12]~668  ; 1                 ; 0       ;
;      - delay_line[180][13]           ; 1                 ; 0       ;
;      - delay_line[181][13]           ; 1                 ; 0       ;
;      - delay_line_next[181][13]~669  ; 1                 ; 0       ;
;      - delay_line[180][14]           ; 1                 ; 0       ;
;      - delay_line[181][14]           ; 1                 ; 0       ;
;      - delay_line_next[181][14]~670  ; 1                 ; 0       ;
;      - delay_line[180][15]           ; 1                 ; 0       ;
;      - delay_line[181][15]           ; 1                 ; 0       ;
;      - delay_line_next[181][15]~671  ; 1                 ; 0       ;
;      - delay_line[106][0]            ; 1                 ; 0       ;
;      - delay_line[107][0]            ; 1                 ; 0       ;
;      - delay_line_next[107][0]~672   ; 1                 ; 0       ;
;      - delay_line[106][1]            ; 1                 ; 0       ;
;      - delay_line[107][1]            ; 1                 ; 0       ;
;      - delay_line_next[107][1]~673   ; 1                 ; 0       ;
;      - delay_line[106][2]            ; 1                 ; 0       ;
;      - delay_line[107][2]            ; 1                 ; 0       ;
;      - delay_line_next[107][2]~674   ; 1                 ; 0       ;
;      - delay_line[106][3]            ; 1                 ; 0       ;
;      - delay_line[107][3]            ; 1                 ; 0       ;
;      - delay_line_next[107][3]~675   ; 1                 ; 0       ;
;      - delay_line[106][4]            ; 1                 ; 0       ;
;      - delay_line[107][4]            ; 1                 ; 0       ;
;      - delay_line_next[107][4]~676   ; 1                 ; 0       ;
;      - delay_line[106][5]            ; 1                 ; 0       ;
;      - delay_line[107][5]            ; 1                 ; 0       ;
;      - delay_line_next[107][5]~677   ; 1                 ; 0       ;
;      - delay_line[106][6]            ; 1                 ; 0       ;
;      - delay_line[107][6]            ; 1                 ; 0       ;
;      - delay_line_next[107][6]~678   ; 1                 ; 0       ;
;      - delay_line[106][7]            ; 1                 ; 0       ;
;      - delay_line[107][7]            ; 1                 ; 0       ;
;      - delay_line_next[107][7]~679   ; 1                 ; 0       ;
;      - delay_line[106][8]            ; 1                 ; 0       ;
;      - delay_line[107][8]            ; 1                 ; 0       ;
;      - delay_line_next[107][8]~680   ; 1                 ; 0       ;
;      - delay_line[106][9]            ; 1                 ; 0       ;
;      - delay_line[107][9]            ; 1                 ; 0       ;
;      - delay_line_next[107][9]~681   ; 1                 ; 0       ;
;      - delay_line[106][10]           ; 1                 ; 0       ;
;      - delay_line[107][10]           ; 1                 ; 0       ;
;      - delay_line_next[107][10]~682  ; 1                 ; 0       ;
;      - delay_line[106][11]           ; 1                 ; 0       ;
;      - delay_line[107][11]           ; 1                 ; 0       ;
;      - delay_line_next[107][11]~683  ; 1                 ; 0       ;
;      - delay_line[106][12]           ; 1                 ; 0       ;
;      - delay_line[107][12]           ; 1                 ; 0       ;
;      - delay_line_next[107][12]~684  ; 1                 ; 0       ;
;      - delay_line[106][13]           ; 1                 ; 0       ;
;      - delay_line[107][13]           ; 1                 ; 0       ;
;      - delay_line_next[107][13]~685  ; 1                 ; 0       ;
;      - delay_line[106][14]           ; 1                 ; 0       ;
;      - delay_line[107][14]           ; 1                 ; 0       ;
;      - delay_line_next[107][14]~686  ; 1                 ; 0       ;
;      - delay_line[106][15]           ; 1                 ; 0       ;
;      - delay_line[107][15]           ; 1                 ; 0       ;
;      - delay_line_next[107][15]~687  ; 1                 ; 0       ;
;      - delay_line[105][0]            ; 1                 ; 0       ;
;      - delay_line_next[106][0]~688   ; 1                 ; 0       ;
;      - delay_line[105][1]            ; 1                 ; 0       ;
;      - delay_line_next[106][1]~689   ; 1                 ; 0       ;
;      - delay_line[105][2]            ; 1                 ; 0       ;
;      - delay_line_next[106][2]~690   ; 1                 ; 0       ;
;      - delay_line[105][3]            ; 1                 ; 0       ;
;      - delay_line_next[106][3]~691   ; 1                 ; 0       ;
;      - delay_line[105][4]            ; 1                 ; 0       ;
;      - delay_line_next[106][4]~692   ; 1                 ; 0       ;
;      - delay_line[105][5]            ; 1                 ; 0       ;
;      - delay_line_next[106][5]~693   ; 1                 ; 0       ;
;      - delay_line[105][6]            ; 1                 ; 0       ;
;      - delay_line_next[106][6]~694   ; 1                 ; 0       ;
;      - delay_line[105][7]            ; 1                 ; 0       ;
;      - delay_line_next[106][7]~695   ; 1                 ; 0       ;
;      - delay_line[105][8]            ; 1                 ; 0       ;
;      - delay_line_next[106][8]~696   ; 1                 ; 0       ;
;      - delay_line[105][9]            ; 1                 ; 0       ;
;      - delay_line_next[106][9]~697   ; 1                 ; 0       ;
;      - delay_line[105][10]           ; 1                 ; 0       ;
;      - delay_line_next[106][10]~698  ; 1                 ; 0       ;
;      - delay_line[105][11]           ; 1                 ; 0       ;
;      - delay_line_next[106][11]~699  ; 1                 ; 0       ;
;      - delay_line[105][12]           ; 1                 ; 0       ;
;      - delay_line_next[106][12]~700  ; 1                 ; 0       ;
;      - delay_line[105][13]           ; 1                 ; 0       ;
;      - delay_line_next[106][13]~701  ; 1                 ; 0       ;
;      - delay_line[105][14]           ; 1                 ; 0       ;
;      - delay_line_next[106][14]~702  ; 1                 ; 0       ;
;      - delay_line[105][15]           ; 1                 ; 0       ;
;      - delay_line_next[106][15]~703  ; 1                 ; 0       ;
;      - delay_line[104][0]            ; 1                 ; 0       ;
;      - delay_line_next[105][0]~704   ; 1                 ; 0       ;
;      - delay_line[104][1]            ; 1                 ; 0       ;
;      - delay_line_next[105][1]~705   ; 1                 ; 0       ;
;      - delay_line[104][2]            ; 1                 ; 0       ;
;      - delay_line_next[105][2]~706   ; 1                 ; 0       ;
;      - delay_line[104][3]            ; 1                 ; 0       ;
;      - delay_line_next[105][3]~707   ; 1                 ; 0       ;
;      - delay_line[104][4]            ; 1                 ; 0       ;
;      - delay_line_next[105][4]~708   ; 1                 ; 0       ;
;      - delay_line[104][5]            ; 1                 ; 0       ;
;      - delay_line_next[105][5]~709   ; 1                 ; 0       ;
;      - delay_line[104][6]            ; 1                 ; 0       ;
;      - delay_line_next[105][6]~710   ; 1                 ; 0       ;
;      - delay_line[104][7]            ; 1                 ; 0       ;
;      - delay_line_next[105][7]~711   ; 1                 ; 0       ;
;      - delay_line[104][8]            ; 1                 ; 0       ;
;      - delay_line_next[105][8]~712   ; 1                 ; 0       ;
;      - delay_line[104][9]            ; 1                 ; 0       ;
;      - delay_line_next[105][9]~713   ; 1                 ; 0       ;
;      - delay_line[104][10]           ; 1                 ; 0       ;
;      - delay_line_next[105][10]~714  ; 1                 ; 0       ;
;      - delay_line[104][11]           ; 1                 ; 0       ;
;      - delay_line_next[105][11]~715  ; 1                 ; 0       ;
;      - delay_line[104][12]           ; 1                 ; 0       ;
;      - delay_line_next[105][12]~716  ; 1                 ; 0       ;
;      - delay_line[104][13]           ; 1                 ; 0       ;
;      - delay_line_next[105][13]~717  ; 1                 ; 0       ;
;      - delay_line[104][14]           ; 1                 ; 0       ;
;      - delay_line_next[105][14]~718  ; 1                 ; 0       ;
;      - delay_line[104][15]           ; 1                 ; 0       ;
;      - delay_line_next[105][15]~719  ; 1                 ; 0       ;
;      - delay_line[103][0]            ; 1                 ; 0       ;
;      - delay_line_next[104][0]~720   ; 1                 ; 0       ;
;      - delay_line[103][1]            ; 1                 ; 0       ;
;      - delay_line_next[104][1]~721   ; 1                 ; 0       ;
;      - delay_line[103][2]            ; 1                 ; 0       ;
;      - delay_line_next[104][2]~722   ; 1                 ; 0       ;
;      - delay_line[103][3]            ; 1                 ; 0       ;
;      - delay_line_next[104][3]~723   ; 1                 ; 0       ;
;      - delay_line[103][4]            ; 1                 ; 0       ;
;      - delay_line_next[104][4]~724   ; 1                 ; 0       ;
;      - delay_line[103][5]            ; 1                 ; 0       ;
;      - delay_line_next[104][5]~725   ; 1                 ; 0       ;
;      - delay_line[103][6]            ; 1                 ; 0       ;
;      - delay_line_next[104][6]~726   ; 1                 ; 0       ;
;      - delay_line[103][7]            ; 1                 ; 0       ;
;      - delay_line_next[104][7]~727   ; 1                 ; 0       ;
;      - delay_line[103][8]            ; 1                 ; 0       ;
;      - delay_line_next[104][8]~728   ; 1                 ; 0       ;
;      - delay_line[103][9]            ; 1                 ; 0       ;
;      - delay_line_next[104][9]~729   ; 1                 ; 0       ;
;      - delay_line[103][10]           ; 1                 ; 0       ;
;      - delay_line_next[104][10]~730  ; 1                 ; 0       ;
;      - delay_line[103][11]           ; 1                 ; 0       ;
;      - delay_line_next[104][11]~731  ; 1                 ; 0       ;
;      - delay_line[103][12]           ; 1                 ; 0       ;
;      - delay_line_next[104][12]~732  ; 1                 ; 0       ;
;      - delay_line[103][13]           ; 1                 ; 0       ;
;      - delay_line_next[104][13]~733  ; 1                 ; 0       ;
;      - delay_line[103][14]           ; 1                 ; 0       ;
;      - delay_line_next[104][14]~734  ; 1                 ; 0       ;
;      - delay_line[103][15]           ; 1                 ; 0       ;
;      - delay_line_next[104][15]~735  ; 1                 ; 0       ;
;      - delay_line[110][0]            ; 1                 ; 0       ;
;      - delay_line[111][0]            ; 1                 ; 0       ;
;      - delay_line_next[111][0]~736   ; 1                 ; 0       ;
;      - delay_line[110][1]            ; 1                 ; 0       ;
;      - delay_line[111][1]            ; 1                 ; 0       ;
;      - delay_line_next[111][1]~737   ; 1                 ; 0       ;
;      - delay_line[110][2]            ; 1                 ; 0       ;
;      - delay_line[111][2]            ; 1                 ; 0       ;
;      - delay_line_next[111][2]~738   ; 1                 ; 0       ;
;      - delay_line[110][3]            ; 1                 ; 0       ;
;      - delay_line[111][3]            ; 1                 ; 0       ;
;      - delay_line_next[111][3]~739   ; 1                 ; 0       ;
;      - delay_line[110][4]            ; 1                 ; 0       ;
;      - delay_line[111][4]            ; 1                 ; 0       ;
;      - delay_line_next[111][4]~740   ; 1                 ; 0       ;
;      - delay_line[110][5]            ; 1                 ; 0       ;
;      - delay_line[111][5]            ; 1                 ; 0       ;
;      - delay_line_next[111][5]~741   ; 1                 ; 0       ;
;      - delay_line[110][6]            ; 1                 ; 0       ;
;      - delay_line[111][6]            ; 1                 ; 0       ;
;      - delay_line_next[111][6]~742   ; 1                 ; 0       ;
;      - delay_line[110][7]            ; 1                 ; 0       ;
;      - delay_line[111][7]            ; 1                 ; 0       ;
;      - delay_line_next[111][7]~743   ; 1                 ; 0       ;
;      - delay_line[110][8]            ; 1                 ; 0       ;
;      - delay_line[111][8]            ; 1                 ; 0       ;
;      - delay_line_next[111][8]~744   ; 1                 ; 0       ;
;      - delay_line[110][9]            ; 1                 ; 0       ;
;      - delay_line[111][9]            ; 1                 ; 0       ;
;      - delay_line_next[111][9]~745   ; 1                 ; 0       ;
;      - delay_line[110][10]           ; 1                 ; 0       ;
;      - delay_line[111][10]           ; 1                 ; 0       ;
;      - delay_line_next[111][10]~746  ; 1                 ; 0       ;
;      - delay_line[110][11]           ; 1                 ; 0       ;
;      - delay_line[111][11]           ; 1                 ; 0       ;
;      - delay_line_next[111][11]~747  ; 1                 ; 0       ;
;      - delay_line[110][12]           ; 1                 ; 0       ;
;      - delay_line[111][12]           ; 1                 ; 0       ;
;      - delay_line_next[111][12]~748  ; 1                 ; 0       ;
;      - delay_line[110][13]           ; 1                 ; 0       ;
;      - delay_line[111][13]           ; 1                 ; 0       ;
;      - delay_line_next[111][13]~749  ; 1                 ; 0       ;
;      - delay_line[110][14]           ; 1                 ; 0       ;
;      - delay_line[111][14]           ; 1                 ; 0       ;
;      - delay_line_next[111][14]~750  ; 1                 ; 0       ;
;      - delay_line[110][15]           ; 1                 ; 0       ;
;      - delay_line[111][15]           ; 1                 ; 0       ;
;      - delay_line_next[111][15]~751  ; 1                 ; 0       ;
;      - delay_line[108][0]            ; 1                 ; 0       ;
;      - delay_line_next[108][0]~752   ; 1                 ; 0       ;
;      - delay_line[108][1]            ; 1                 ; 0       ;
;      - delay_line_next[108][1]~753   ; 1                 ; 0       ;
;      - delay_line[108][2]            ; 1                 ; 0       ;
;      - delay_line_next[108][2]~754   ; 1                 ; 0       ;
;      - delay_line[108][3]            ; 1                 ; 0       ;
;      - delay_line_next[108][3]~755   ; 1                 ; 0       ;
;      - delay_line[108][4]            ; 1                 ; 0       ;
;      - delay_line_next[108][4]~756   ; 1                 ; 0       ;
;      - delay_line[108][5]            ; 1                 ; 0       ;
;      - delay_line_next[108][5]~757   ; 1                 ; 0       ;
;      - delay_line[108][6]            ; 1                 ; 0       ;
;      - delay_line_next[108][6]~758   ; 1                 ; 0       ;
;      - delay_line[108][7]            ; 1                 ; 0       ;
;      - delay_line_next[108][7]~759   ; 1                 ; 0       ;
;      - delay_line[108][8]            ; 1                 ; 0       ;
;      - delay_line_next[108][8]~760   ; 1                 ; 0       ;
;      - delay_line[108][9]            ; 1                 ; 0       ;
;      - delay_line_next[108][9]~761   ; 1                 ; 0       ;
;      - delay_line[108][10]           ; 1                 ; 0       ;
;      - delay_line_next[108][10]~762  ; 1                 ; 0       ;
;      - delay_line[108][11]           ; 1                 ; 0       ;
;      - delay_line_next[108][11]~763  ; 1                 ; 0       ;
;      - delay_line[108][12]           ; 1                 ; 0       ;
;      - delay_line_next[108][12]~764  ; 1                 ; 0       ;
;      - delay_line[108][13]           ; 1                 ; 0       ;
;      - delay_line_next[108][13]~765  ; 1                 ; 0       ;
;      - delay_line[108][14]           ; 1                 ; 0       ;
;      - delay_line_next[108][14]~766  ; 1                 ; 0       ;
;      - delay_line[108][15]           ; 1                 ; 0       ;
;      - delay_line_next[108][15]~767  ; 1                 ; 0       ;
;      - delay_line[101][0]            ; 1                 ; 0       ;
;      - delay_line[102][0]            ; 1                 ; 0       ;
;      - delay_line_next[102][0]~768   ; 1                 ; 0       ;
;      - delay_line[101][1]            ; 1                 ; 0       ;
;      - delay_line[102][1]            ; 1                 ; 0       ;
;      - delay_line_next[102][1]~769   ; 1                 ; 0       ;
;      - delay_line[101][2]            ; 1                 ; 0       ;
;      - delay_line[102][2]            ; 1                 ; 0       ;
;      - delay_line_next[102][2]~770   ; 1                 ; 0       ;
;      - delay_line[101][3]            ; 1                 ; 0       ;
;      - delay_line[102][3]            ; 1                 ; 0       ;
;      - delay_line_next[102][3]~771   ; 1                 ; 0       ;
;      - delay_line[101][4]            ; 1                 ; 0       ;
;      - delay_line[102][4]            ; 1                 ; 0       ;
;      - delay_line_next[102][4]~772   ; 1                 ; 0       ;
;      - delay_line[101][5]            ; 1                 ; 0       ;
;      - delay_line[102][5]            ; 1                 ; 0       ;
;      - delay_line_next[102][5]~773   ; 1                 ; 0       ;
;      - delay_line[101][6]            ; 1                 ; 0       ;
;      - delay_line[102][6]            ; 1                 ; 0       ;
;      - delay_line_next[102][6]~774   ; 1                 ; 0       ;
;      - delay_line[101][7]            ; 1                 ; 0       ;
;      - delay_line[102][7]            ; 1                 ; 0       ;
;      - delay_line_next[102][7]~775   ; 1                 ; 0       ;
;      - delay_line[101][8]            ; 1                 ; 0       ;
;      - delay_line[102][8]            ; 1                 ; 0       ;
;      - delay_line_next[102][8]~776   ; 1                 ; 0       ;
;      - delay_line[101][9]            ; 1                 ; 0       ;
;      - delay_line[102][9]            ; 1                 ; 0       ;
;      - delay_line_next[102][9]~777   ; 1                 ; 0       ;
;      - delay_line[101][10]           ; 1                 ; 0       ;
;      - delay_line[102][10]           ; 1                 ; 0       ;
;      - delay_line_next[102][10]~778  ; 1                 ; 0       ;
;      - delay_line[101][11]           ; 1                 ; 0       ;
;      - delay_line[102][11]           ; 1                 ; 0       ;
;      - delay_line_next[102][11]~779  ; 1                 ; 0       ;
;      - delay_line[101][12]           ; 1                 ; 0       ;
;      - delay_line[102][12]           ; 1                 ; 0       ;
;      - delay_line_next[102][12]~780  ; 1                 ; 0       ;
;      - delay_line[101][13]           ; 1                 ; 0       ;
;      - delay_line[102][13]           ; 1                 ; 0       ;
;      - delay_line_next[102][13]~781  ; 1                 ; 0       ;
;      - delay_line[101][14]           ; 1                 ; 0       ;
;      - delay_line[102][14]           ; 1                 ; 0       ;
;      - delay_line_next[102][14]~782  ; 1                 ; 0       ;
;      - delay_line[101][15]           ; 1                 ; 0       ;
;      - delay_line[102][15]           ; 1                 ; 0       ;
;      - delay_line_next[102][15]~783  ; 1                 ; 0       ;
;      - delay_line_next[11][0]~784    ; 1                 ; 0       ;
;      - delay_line_next[11][1]~785    ; 1                 ; 0       ;
;      - delay_line_next[11][2]~786    ; 1                 ; 0       ;
;      - delay_line_next[11][3]~787    ; 1                 ; 0       ;
;      - delay_line_next[11][4]~788    ; 1                 ; 0       ;
;      - delay_line_next[11][5]~789    ; 1                 ; 0       ;
;      - delay_line_next[11][6]~790    ; 1                 ; 0       ;
;      - delay_line_next[11][7]~791    ; 1                 ; 0       ;
;      - delay_line_next[11][8]~792    ; 1                 ; 0       ;
;      - delay_line_next[11][9]~793    ; 1                 ; 0       ;
;      - delay_line_next[11][10]~794   ; 1                 ; 0       ;
;      - delay_line_next[11][11]~795   ; 1                 ; 0       ;
;      - delay_line_next[11][12]~796   ; 1                 ; 0       ;
;      - delay_line_next[11][13]~797   ; 1                 ; 0       ;
;      - delay_line_next[11][14]~798   ; 1                 ; 0       ;
;      - delay_line_next[11][15]~799   ; 1                 ; 0       ;
;      - delay_line[6][0]              ; 1                 ; 0       ;
;      - delay_line_next[7][0]~800     ; 1                 ; 0       ;
;      - delay_line[6][1]              ; 1                 ; 0       ;
;      - delay_line_next[7][1]~801     ; 1                 ; 0       ;
;      - delay_line[6][2]              ; 1                 ; 0       ;
;      - delay_line_next[7][2]~802     ; 1                 ; 0       ;
;      - delay_line[6][3]              ; 1                 ; 0       ;
;      - delay_line_next[7][3]~803     ; 1                 ; 0       ;
;      - delay_line[6][4]              ; 1                 ; 0       ;
;      - delay_line_next[7][4]~804     ; 1                 ; 0       ;
;      - delay_line[6][5]              ; 1                 ; 0       ;
;      - delay_line_next[7][5]~805     ; 1                 ; 0       ;
;      - delay_line[6][6]              ; 1                 ; 0       ;
;      - delay_line_next[7][6]~806     ; 1                 ; 0       ;
;      - delay_line[6][7]              ; 1                 ; 0       ;
;      - delay_line_next[7][7]~807     ; 1                 ; 0       ;
;      - delay_line[6][8]              ; 1                 ; 0       ;
;      - delay_line_next[7][8]~808     ; 1                 ; 0       ;
;      - delay_line[6][9]              ; 1                 ; 0       ;
;      - delay_line_next[7][9]~809     ; 1                 ; 0       ;
;      - delay_line[6][10]             ; 1                 ; 0       ;
;      - delay_line_next[7][10]~810    ; 1                 ; 0       ;
;      - delay_line[6][11]             ; 1                 ; 0       ;
;      - delay_line_next[7][11]~811    ; 1                 ; 0       ;
;      - delay_line[6][12]             ; 1                 ; 0       ;
;      - delay_line_next[7][12]~812    ; 1                 ; 0       ;
;      - delay_line[6][13]             ; 1                 ; 0       ;
;      - delay_line_next[7][13]~813    ; 1                 ; 0       ;
;      - delay_line[6][14]             ; 1                 ; 0       ;
;      - delay_line_next[7][14]~814    ; 1                 ; 0       ;
;      - delay_line[6][15]             ; 1                 ; 0       ;
;      - delay_line_next[7][15]~815    ; 1                 ; 0       ;
;      - delay_line[5][0]              ; 1                 ; 0       ;
;      - delay_line_next[6][0]~816     ; 1                 ; 0       ;
;      - delay_line[5][1]              ; 1                 ; 0       ;
;      - delay_line_next[6][1]~817     ; 1                 ; 0       ;
;      - delay_line[5][2]              ; 1                 ; 0       ;
;      - delay_line_next[6][2]~818     ; 1                 ; 0       ;
;      - delay_line[5][3]              ; 1                 ; 0       ;
;      - delay_line_next[6][3]~819     ; 1                 ; 0       ;
;      - delay_line[5][4]              ; 1                 ; 0       ;
;      - delay_line_next[6][4]~820     ; 1                 ; 0       ;
;      - delay_line[5][5]              ; 1                 ; 0       ;
;      - delay_line_next[6][5]~821     ; 1                 ; 0       ;
;      - delay_line[5][6]              ; 1                 ; 0       ;
;      - delay_line_next[6][6]~822     ; 1                 ; 0       ;
;      - delay_line[5][7]              ; 1                 ; 0       ;
;      - delay_line_next[6][7]~823     ; 1                 ; 0       ;
;      - delay_line[5][8]              ; 1                 ; 0       ;
;      - delay_line_next[6][8]~824     ; 1                 ; 0       ;
;      - delay_line[5][9]              ; 1                 ; 0       ;
;      - delay_line_next[6][9]~825     ; 1                 ; 0       ;
;      - delay_line[5][10]             ; 1                 ; 0       ;
;      - delay_line_next[6][10]~826    ; 1                 ; 0       ;
;      - delay_line[5][11]             ; 1                 ; 0       ;
;      - delay_line_next[6][11]~827    ; 1                 ; 0       ;
;      - delay_line[5][12]             ; 1                 ; 0       ;
;      - delay_line_next[6][12]~828    ; 1                 ; 0       ;
;      - delay_line[5][13]             ; 1                 ; 0       ;
;      - delay_line_next[6][13]~829    ; 1                 ; 0       ;
;      - delay_line[5][14]             ; 1                 ; 0       ;
;      - delay_line_next[6][14]~830    ; 1                 ; 0       ;
;      - delay_line[5][15]             ; 1                 ; 0       ;
;      - delay_line_next[6][15]~831    ; 1                 ; 0       ;
;      - delay_line_next[103][0]~832   ; 1                 ; 0       ;
;      - delay_line_next[103][1]~833   ; 1                 ; 0       ;
;      - delay_line_next[103][2]~834   ; 1                 ; 0       ;
;      - delay_line_next[103][3]~835   ; 1                 ; 0       ;
;      - delay_line_next[103][4]~836   ; 1                 ; 0       ;
;      - delay_line_next[103][5]~837   ; 1                 ; 0       ;
;      - delay_line_next[103][6]~838   ; 1                 ; 0       ;
;      - delay_line_next[103][7]~839   ; 1                 ; 0       ;
;      - delay_line_next[103][8]~840   ; 1                 ; 0       ;
;      - delay_line_next[103][9]~841   ; 1                 ; 0       ;
;      - delay_line_next[103][10]~842  ; 1                 ; 0       ;
;      - delay_line_next[103][11]~843  ; 1                 ; 0       ;
;      - delay_line_next[103][12]~844  ; 1                 ; 0       ;
;      - delay_line_next[103][13]~845  ; 1                 ; 0       ;
;      - delay_line_next[103][14]~846  ; 1                 ; 0       ;
;      - delay_line_next[103][15]~847  ; 1                 ; 0       ;
;      - delay_line[112][0]            ; 1                 ; 0       ;
;      - delay_line[113][0]            ; 1                 ; 0       ;
;      - delay_line_next[113][0]~848   ; 1                 ; 0       ;
;      - delay_line[112][1]            ; 1                 ; 0       ;
;      - delay_line[113][1]            ; 1                 ; 0       ;
;      - delay_line_next[113][1]~849   ; 1                 ; 0       ;
;      - delay_line[112][2]            ; 1                 ; 0       ;
;      - delay_line[113][2]            ; 1                 ; 0       ;
;      - delay_line_next[113][2]~850   ; 1                 ; 0       ;
;      - delay_line[112][3]            ; 1                 ; 0       ;
;      - delay_line[113][3]            ; 1                 ; 0       ;
;      - delay_line_next[113][3]~851   ; 1                 ; 0       ;
;      - delay_line[112][4]            ; 1                 ; 0       ;
;      - delay_line[113][4]            ; 1                 ; 0       ;
;      - delay_line_next[113][4]~852   ; 1                 ; 0       ;
;      - delay_line[112][5]            ; 1                 ; 0       ;
;      - delay_line[113][5]            ; 1                 ; 0       ;
;      - delay_line_next[113][5]~853   ; 1                 ; 0       ;
;      - delay_line[112][6]            ; 1                 ; 0       ;
;      - delay_line[113][6]            ; 1                 ; 0       ;
;      - delay_line_next[113][6]~854   ; 1                 ; 0       ;
;      - delay_line[112][7]            ; 1                 ; 0       ;
;      - delay_line[113][7]            ; 1                 ; 0       ;
;      - delay_line_next[113][7]~855   ; 1                 ; 0       ;
;      - delay_line[112][8]            ; 1                 ; 0       ;
;      - delay_line[113][8]            ; 1                 ; 0       ;
;      - delay_line_next[113][8]~856   ; 1                 ; 0       ;
;      - delay_line[112][9]            ; 1                 ; 0       ;
;      - delay_line[113][9]            ; 1                 ; 0       ;
;      - delay_line_next[113][9]~857   ; 1                 ; 0       ;
;      - delay_line[112][10]           ; 1                 ; 0       ;
;      - delay_line[113][10]           ; 1                 ; 0       ;
;      - delay_line_next[113][10]~858  ; 1                 ; 0       ;
;      - delay_line[112][11]           ; 1                 ; 0       ;
;      - delay_line[113][11]           ; 1                 ; 0       ;
;      - delay_line_next[113][11]~859  ; 1                 ; 0       ;
;      - delay_line[112][12]           ; 1                 ; 0       ;
;      - delay_line[113][12]           ; 1                 ; 0       ;
;      - delay_line_next[113][12]~860  ; 1                 ; 0       ;
;      - delay_line[112][13]           ; 1                 ; 0       ;
;      - delay_line[113][13]           ; 1                 ; 0       ;
;      - delay_line_next[113][13]~861  ; 1                 ; 0       ;
;      - delay_line[112][14]           ; 1                 ; 0       ;
;      - delay_line[113][14]           ; 1                 ; 0       ;
;      - delay_line_next[113][14]~862  ; 1                 ; 0       ;
;      - delay_line[112][15]           ; 1                 ; 0       ;
;      - delay_line[113][15]           ; 1                 ; 0       ;
;      - delay_line_next[113][15]~863  ; 1                 ; 0       ;
;      - delay_line_next[112][0]~864   ; 1                 ; 0       ;
;      - delay_line_next[112][1]~865   ; 1                 ; 0       ;
;      - delay_line_next[112][2]~866   ; 1                 ; 0       ;
;      - delay_line_next[112][3]~867   ; 1                 ; 0       ;
;      - delay_line_next[112][4]~868   ; 1                 ; 0       ;
;      - delay_line_next[112][5]~869   ; 1                 ; 0       ;
;      - delay_line_next[112][6]~870   ; 1                 ; 0       ;
;      - delay_line_next[112][7]~871   ; 1                 ; 0       ;
;      - delay_line_next[112][8]~872   ; 1                 ; 0       ;
;      - delay_line_next[112][9]~873   ; 1                 ; 0       ;
;      - delay_line_next[112][10]~874  ; 1                 ; 0       ;
;      - delay_line_next[112][11]~875  ; 1                 ; 0       ;
;      - delay_line_next[112][12]~876  ; 1                 ; 0       ;
;      - delay_line_next[112][13]~877  ; 1                 ; 0       ;
;      - delay_line_next[112][14]~878  ; 1                 ; 0       ;
;      - delay_line_next[112][15]~879  ; 1                 ; 0       ;
;      - delay_line[98][0]             ; 1                 ; 0       ;
;      - delay_line[99][0]             ; 1                 ; 0       ;
;      - delay_line_next[99][0]~880    ; 1                 ; 0       ;
;      - delay_line[98][1]             ; 1                 ; 0       ;
;      - delay_line[99][1]             ; 1                 ; 0       ;
;      - delay_line_next[99][1]~881    ; 1                 ; 0       ;
;      - delay_line[98][2]             ; 1                 ; 0       ;
;      - delay_line[99][2]             ; 1                 ; 0       ;
;      - delay_line_next[99][2]~882    ; 1                 ; 0       ;
;      - delay_line[98][3]             ; 1                 ; 0       ;
;      - delay_line[99][3]             ; 1                 ; 0       ;
;      - delay_line_next[99][3]~883    ; 1                 ; 0       ;
;      - delay_line[98][4]             ; 1                 ; 0       ;
;      - delay_line[99][4]             ; 1                 ; 0       ;
;      - delay_line_next[99][4]~884    ; 1                 ; 0       ;
;      - delay_line[98][5]             ; 1                 ; 0       ;
;      - delay_line[99][5]             ; 1                 ; 0       ;
;      - delay_line_next[99][5]~885    ; 1                 ; 0       ;
;      - delay_line[98][6]             ; 1                 ; 0       ;
;      - delay_line[99][6]             ; 1                 ; 0       ;
;      - delay_line_next[99][6]~886    ; 1                 ; 0       ;
;      - delay_line[98][7]             ; 1                 ; 0       ;
;      - delay_line[99][7]             ; 1                 ; 0       ;
;      - delay_line_next[99][7]~887    ; 1                 ; 0       ;
;      - delay_line[98][8]             ; 1                 ; 0       ;
;      - delay_line[99][8]             ; 1                 ; 0       ;
;      - delay_line_next[99][8]~888    ; 1                 ; 0       ;
;      - delay_line[98][9]             ; 1                 ; 0       ;
;      - delay_line[99][9]             ; 1                 ; 0       ;
;      - delay_line_next[99][9]~889    ; 1                 ; 0       ;
;      - delay_line[98][10]            ; 1                 ; 0       ;
;      - delay_line[99][10]            ; 1                 ; 0       ;
;      - delay_line_next[99][10]~890   ; 1                 ; 0       ;
;      - delay_line[98][11]            ; 1                 ; 0       ;
;      - delay_line[99][11]            ; 1                 ; 0       ;
;      - delay_line_next[99][11]~891   ; 1                 ; 0       ;
;      - delay_line[98][12]            ; 1                 ; 0       ;
;      - delay_line[99][12]            ; 1                 ; 0       ;
;      - delay_line_next[99][12]~892   ; 1                 ; 0       ;
;      - delay_line[98][13]            ; 1                 ; 0       ;
;      - delay_line[99][13]            ; 1                 ; 0       ;
;      - delay_line_next[99][13]~893   ; 1                 ; 0       ;
;      - delay_line[98][14]            ; 1                 ; 0       ;
;      - delay_line[99][14]            ; 1                 ; 0       ;
;      - delay_line_next[99][14]~894   ; 1                 ; 0       ;
;      - delay_line[98][15]            ; 1                 ; 0       ;
;      - delay_line[99][15]            ; 1                 ; 0       ;
;      - delay_line_next[99][15]~895   ; 1                 ; 0       ;
;      - delay_line[97][0]             ; 1                 ; 0       ;
;      - delay_line_next[98][0]~896    ; 1                 ; 0       ;
;      - delay_line[97][1]             ; 1                 ; 0       ;
;      - delay_line_next[98][1]~897    ; 1                 ; 0       ;
;      - delay_line[97][2]             ; 1                 ; 0       ;
;      - delay_line_next[98][2]~898    ; 1                 ; 0       ;
;      - delay_line[97][3]             ; 1                 ; 0       ;
;      - delay_line_next[98][3]~899    ; 1                 ; 0       ;
;      - delay_line[97][4]             ; 1                 ; 0       ;
;      - delay_line_next[98][4]~900    ; 1                 ; 0       ;
;      - delay_line[97][5]             ; 1                 ; 0       ;
;      - delay_line_next[98][5]~901    ; 1                 ; 0       ;
;      - delay_line[97][6]             ; 1                 ; 0       ;
;      - delay_line_next[98][6]~902    ; 1                 ; 0       ;
;      - delay_line[97][7]             ; 1                 ; 0       ;
;      - delay_line_next[98][7]~903    ; 1                 ; 0       ;
;      - delay_line[97][8]             ; 1                 ; 0       ;
;      - delay_line_next[98][8]~904    ; 1                 ; 0       ;
;      - delay_line[97][9]             ; 1                 ; 0       ;
;      - delay_line_next[98][9]~905    ; 1                 ; 0       ;
;      - delay_line[97][10]            ; 1                 ; 0       ;
;      - delay_line_next[98][10]~906   ; 1                 ; 0       ;
;      - delay_line[97][11]            ; 1                 ; 0       ;
;      - delay_line_next[98][11]~907   ; 1                 ; 0       ;
;      - delay_line[97][12]            ; 1                 ; 0       ;
;      - delay_line_next[98][12]~908   ; 1                 ; 0       ;
;      - delay_line[97][13]            ; 1                 ; 0       ;
;      - delay_line_next[98][13]~909   ; 1                 ; 0       ;
;      - delay_line[97][14]            ; 1                 ; 0       ;
;      - delay_line_next[98][14]~910   ; 1                 ; 0       ;
;      - delay_line[97][15]            ; 1                 ; 0       ;
;      - delay_line_next[98][15]~911   ; 1                 ; 0       ;
;      - delay_line[96][0]             ; 1                 ; 0       ;
;      - delay_line_next[97][0]~912    ; 1                 ; 0       ;
;      - delay_line[96][1]             ; 1                 ; 0       ;
;      - delay_line_next[97][1]~913    ; 1                 ; 0       ;
;      - delay_line[96][2]             ; 1                 ; 0       ;
;      - delay_line_next[97][2]~914    ; 1                 ; 0       ;
;      - delay_line[96][3]             ; 1                 ; 0       ;
;      - delay_line_next[97][3]~915    ; 1                 ; 0       ;
;      - delay_line[96][4]             ; 1                 ; 0       ;
;      - delay_line_next[97][4]~916    ; 1                 ; 0       ;
;      - delay_line[96][5]             ; 1                 ; 0       ;
;      - delay_line_next[97][5]~917    ; 1                 ; 0       ;
;      - delay_line[96][6]             ; 1                 ; 0       ;
;      - delay_line_next[97][6]~918    ; 1                 ; 0       ;
;      - delay_line[96][7]             ; 1                 ; 0       ;
;      - delay_line_next[97][7]~919    ; 1                 ; 0       ;
;      - delay_line[96][8]             ; 1                 ; 0       ;
;      - delay_line_next[97][8]~920    ; 1                 ; 0       ;
;      - delay_line[96][9]             ; 1                 ; 0       ;
;      - delay_line_next[97][9]~921    ; 1                 ; 0       ;
;      - delay_line[96][10]            ; 1                 ; 0       ;
;      - delay_line_next[97][10]~922   ; 1                 ; 0       ;
;      - delay_line[96][11]            ; 1                 ; 0       ;
;      - delay_line_next[97][11]~923   ; 1                 ; 0       ;
;      - delay_line[96][12]            ; 1                 ; 0       ;
;      - delay_line_next[97][12]~924   ; 1                 ; 0       ;
;      - delay_line[96][13]            ; 1                 ; 0       ;
;      - delay_line_next[97][13]~925   ; 1                 ; 0       ;
;      - delay_line[96][14]            ; 1                 ; 0       ;
;      - delay_line_next[97][14]~926   ; 1                 ; 0       ;
;      - delay_line[96][15]            ; 1                 ; 0       ;
;      - delay_line_next[97][15]~927   ; 1                 ; 0       ;
;      - delay_line[100][0]            ; 1                 ; 0       ;
;      - delay_line_next[101][0]~928   ; 1                 ; 0       ;
;      - delay_line[100][1]            ; 1                 ; 0       ;
;      - delay_line_next[101][1]~929   ; 1                 ; 0       ;
;      - delay_line[100][2]            ; 1                 ; 0       ;
;      - delay_line_next[101][2]~930   ; 1                 ; 0       ;
;      - delay_line[100][3]            ; 1                 ; 0       ;
;      - delay_line_next[101][3]~931   ; 1                 ; 0       ;
;      - delay_line[100][4]            ; 1                 ; 0       ;
;      - delay_line_next[101][4]~932   ; 1                 ; 0       ;
;      - delay_line[100][5]            ; 1                 ; 0       ;
;      - delay_line_next[101][5]~933   ; 1                 ; 0       ;
;      - delay_line[100][6]            ; 1                 ; 0       ;
;      - delay_line_next[101][6]~934   ; 1                 ; 0       ;
;      - delay_line[100][7]            ; 1                 ; 0       ;
;      - delay_line_next[101][7]~935   ; 1                 ; 0       ;
;      - delay_line[100][8]            ; 1                 ; 0       ;
;      - delay_line_next[101][8]~936   ; 1                 ; 0       ;
;      - delay_line[100][9]            ; 1                 ; 0       ;
;      - delay_line_next[101][9]~937   ; 1                 ; 0       ;
;      - delay_line[100][10]           ; 1                 ; 0       ;
;      - delay_line_next[101][10]~938  ; 1                 ; 0       ;
;      - delay_line[100][11]           ; 1                 ; 0       ;
;      - delay_line_next[101][11]~939  ; 1                 ; 0       ;
;      - delay_line[100][12]           ; 1                 ; 0       ;
;      - delay_line_next[101][12]~940  ; 1                 ; 0       ;
;      - delay_line[100][13]           ; 1                 ; 0       ;
;      - delay_line_next[101][13]~941  ; 1                 ; 0       ;
;      - delay_line[100][14]           ; 1                 ; 0       ;
;      - delay_line_next[101][14]~942  ; 1                 ; 0       ;
;      - delay_line[100][15]           ; 1                 ; 0       ;
;      - delay_line_next[101][15]~943  ; 1                 ; 0       ;
;      - delay_line[88][0]             ; 1                 ; 0       ;
;      - delay_line[89][0]             ; 1                 ; 0       ;
;      - delay_line_next[89][0]~944    ; 1                 ; 0       ;
;      - delay_line[88][1]             ; 1                 ; 0       ;
;      - delay_line[89][1]             ; 1                 ; 0       ;
;      - delay_line_next[89][1]~945    ; 1                 ; 0       ;
;      - delay_line[88][2]             ; 1                 ; 0       ;
;      - delay_line[89][2]             ; 1                 ; 0       ;
;      - delay_line_next[89][2]~946    ; 1                 ; 0       ;
;      - delay_line[88][3]             ; 1                 ; 0       ;
;      - delay_line[89][3]             ; 1                 ; 0       ;
;      - delay_line_next[89][3]~947    ; 1                 ; 0       ;
;      - delay_line[88][4]             ; 1                 ; 0       ;
;      - delay_line[89][4]             ; 1                 ; 0       ;
;      - delay_line_next[89][4]~948    ; 1                 ; 0       ;
;      - delay_line[88][5]             ; 1                 ; 0       ;
;      - delay_line[89][5]             ; 1                 ; 0       ;
;      - delay_line_next[89][5]~949    ; 1                 ; 0       ;
;      - delay_line[88][6]             ; 1                 ; 0       ;
;      - delay_line[89][6]             ; 1                 ; 0       ;
;      - delay_line_next[89][6]~950    ; 1                 ; 0       ;
;      - delay_line[88][7]             ; 1                 ; 0       ;
;      - delay_line[89][7]             ; 1                 ; 0       ;
;      - delay_line_next[89][7]~951    ; 1                 ; 0       ;
;      - delay_line[88][8]             ; 1                 ; 0       ;
;      - delay_line[89][8]             ; 1                 ; 0       ;
;      - delay_line_next[89][8]~952    ; 1                 ; 0       ;
;      - delay_line[88][9]             ; 1                 ; 0       ;
;      - delay_line[89][9]             ; 1                 ; 0       ;
;      - delay_line_next[89][9]~953    ; 1                 ; 0       ;
;      - delay_line[88][10]            ; 1                 ; 0       ;
;      - delay_line[89][10]            ; 1                 ; 0       ;
;      - delay_line_next[89][10]~954   ; 1                 ; 0       ;
;      - delay_line[88][11]            ; 1                 ; 0       ;
;      - delay_line[89][11]            ; 1                 ; 0       ;
;      - delay_line_next[89][11]~955   ; 1                 ; 0       ;
;      - delay_line[88][12]            ; 1                 ; 0       ;
;      - delay_line[89][12]            ; 1                 ; 0       ;
;      - delay_line_next[89][12]~956   ; 1                 ; 0       ;
;      - delay_line[88][13]            ; 1                 ; 0       ;
;      - delay_line[89][13]            ; 1                 ; 0       ;
;      - delay_line_next[89][13]~957   ; 1                 ; 0       ;
;      - delay_line[88][14]            ; 1                 ; 0       ;
;      - delay_line[89][14]            ; 1                 ; 0       ;
;      - delay_line_next[89][14]~958   ; 1                 ; 0       ;
;      - delay_line[88][15]            ; 1                 ; 0       ;
;      - delay_line[89][15]            ; 1                 ; 0       ;
;      - delay_line_next[89][15]~959   ; 1                 ; 0       ;
;      - delay_line[87][0]             ; 1                 ; 0       ;
;      - delay_line_next[88][0]~960    ; 1                 ; 0       ;
;      - delay_line[87][1]             ; 1                 ; 0       ;
;      - delay_line_next[88][1]~961    ; 1                 ; 0       ;
;      - delay_line[87][2]             ; 1                 ; 0       ;
;      - delay_line_next[88][2]~962    ; 1                 ; 0       ;
;      - delay_line[87][3]             ; 1                 ; 0       ;
;      - delay_line_next[88][3]~963    ; 1                 ; 0       ;
;      - delay_line[87][4]             ; 1                 ; 0       ;
;      - delay_line_next[88][4]~964    ; 1                 ; 0       ;
;      - delay_line[87][5]             ; 1                 ; 0       ;
;      - delay_line_next[88][5]~965    ; 1                 ; 0       ;
;      - delay_line[87][6]             ; 1                 ; 0       ;
;      - delay_line_next[88][6]~966    ; 1                 ; 0       ;
;      - delay_line[87][7]             ; 1                 ; 0       ;
;      - delay_line_next[88][7]~967    ; 1                 ; 0       ;
;      - delay_line[87][8]             ; 1                 ; 0       ;
;      - delay_line_next[88][8]~968    ; 1                 ; 0       ;
;      - delay_line[87][9]             ; 1                 ; 0       ;
;      - delay_line_next[88][9]~969    ; 1                 ; 0       ;
;      - delay_line[87][10]            ; 1                 ; 0       ;
;      - delay_line_next[88][10]~970   ; 1                 ; 0       ;
;      - delay_line[87][11]            ; 1                 ; 0       ;
;      - delay_line_next[88][11]~971   ; 1                 ; 0       ;
;      - delay_line[87][12]            ; 1                 ; 0       ;
;      - delay_line_next[88][12]~972   ; 1                 ; 0       ;
;      - delay_line[87][13]            ; 1                 ; 0       ;
;      - delay_line_next[88][13]~973   ; 1                 ; 0       ;
;      - delay_line[87][14]            ; 1                 ; 0       ;
;      - delay_line_next[88][14]~974   ; 1                 ; 0       ;
;      - delay_line[87][15]            ; 1                 ; 0       ;
;      - delay_line_next[88][15]~975   ; 1                 ; 0       ;
;      - delay_line[116][0]            ; 1                 ; 0       ;
;      - delay_line[117][0]            ; 1                 ; 0       ;
;      - delay_line_next[117][0]~976   ; 1                 ; 0       ;
;      - delay_line[116][1]            ; 1                 ; 0       ;
;      - delay_line[117][1]            ; 1                 ; 0       ;
;      - delay_line_next[117][1]~977   ; 1                 ; 0       ;
;      - delay_line[116][2]            ; 1                 ; 0       ;
;      - delay_line[117][2]            ; 1                 ; 0       ;
;      - delay_line_next[117][2]~978   ; 1                 ; 0       ;
;      - delay_line[116][3]            ; 1                 ; 0       ;
;      - delay_line[117][3]            ; 1                 ; 0       ;
;      - delay_line_next[117][3]~979   ; 1                 ; 0       ;
;      - delay_line[116][4]            ; 1                 ; 0       ;
;      - delay_line[117][4]            ; 1                 ; 0       ;
;      - delay_line_next[117][4]~980   ; 1                 ; 0       ;
;      - delay_line[116][5]            ; 1                 ; 0       ;
;      - delay_line[117][5]            ; 1                 ; 0       ;
;      - delay_line_next[117][5]~981   ; 1                 ; 0       ;
;      - delay_line[116][6]            ; 1                 ; 0       ;
;      - delay_line[117][6]            ; 1                 ; 0       ;
;      - delay_line_next[117][6]~982   ; 1                 ; 0       ;
;      - delay_line[116][7]            ; 1                 ; 0       ;
;      - delay_line[117][7]            ; 1                 ; 0       ;
;      - delay_line_next[117][7]~983   ; 1                 ; 0       ;
;      - delay_line[116][8]            ; 1                 ; 0       ;
;      - delay_line[117][8]            ; 1                 ; 0       ;
;      - delay_line_next[117][8]~984   ; 1                 ; 0       ;
;      - delay_line[116][9]            ; 1                 ; 0       ;
;      - delay_line[117][9]            ; 1                 ; 0       ;
;      - delay_line_next[117][9]~985   ; 1                 ; 0       ;
;      - delay_line[116][10]           ; 1                 ; 0       ;
;      - delay_line[117][10]           ; 1                 ; 0       ;
;      - delay_line_next[117][10]~986  ; 1                 ; 0       ;
;      - delay_line[116][11]           ; 1                 ; 0       ;
;      - delay_line[117][11]           ; 1                 ; 0       ;
;      - delay_line_next[117][11]~987  ; 1                 ; 0       ;
;      - delay_line[116][12]           ; 1                 ; 0       ;
;      - delay_line[117][12]           ; 1                 ; 0       ;
;      - delay_line_next[117][12]~988  ; 1                 ; 0       ;
;      - delay_line[116][13]           ; 1                 ; 0       ;
;      - delay_line[117][13]           ; 1                 ; 0       ;
;      - delay_line_next[117][13]~989  ; 1                 ; 0       ;
;      - delay_line[116][14]           ; 1                 ; 0       ;
;      - delay_line[117][14]           ; 1                 ; 0       ;
;      - delay_line_next[117][14]~990  ; 1                 ; 0       ;
;      - delay_line[116][15]           ; 1                 ; 0       ;
;      - delay_line[117][15]           ; 1                 ; 0       ;
;      - delay_line_next[117][15]~991  ; 1                 ; 0       ;
;      - delay_line[115][0]            ; 1                 ; 0       ;
;      - delay_line_next[116][0]~992   ; 1                 ; 0       ;
;      - delay_line[115][1]            ; 1                 ; 0       ;
;      - delay_line_next[116][1]~993   ; 1                 ; 0       ;
;      - delay_line[115][2]            ; 1                 ; 0       ;
;      - delay_line_next[116][2]~994   ; 1                 ; 0       ;
;      - delay_line[115][3]            ; 1                 ; 0       ;
;      - delay_line_next[116][3]~995   ; 1                 ; 0       ;
;      - delay_line[115][4]            ; 1                 ; 0       ;
;      - delay_line_next[116][4]~996   ; 1                 ; 0       ;
;      - delay_line[115][5]            ; 1                 ; 0       ;
;      - delay_line_next[116][5]~997   ; 1                 ; 0       ;
;      - delay_line[115][6]            ; 1                 ; 0       ;
;      - delay_line_next[116][6]~998   ; 1                 ; 0       ;
;      - delay_line[115][7]            ; 1                 ; 0       ;
;      - delay_line_next[116][7]~999   ; 1                 ; 0       ;
;      - delay_line[115][8]            ; 1                 ; 0       ;
;      - delay_line_next[116][8]~1000  ; 1                 ; 0       ;
;      - delay_line[115][9]            ; 1                 ; 0       ;
;      - delay_line_next[116][9]~1001  ; 1                 ; 0       ;
;      - delay_line[115][10]           ; 1                 ; 0       ;
;      - delay_line_next[116][10]~1002 ; 1                 ; 0       ;
;      - delay_line[115][11]           ; 1                 ; 0       ;
;      - delay_line_next[116][11]~1003 ; 1                 ; 0       ;
;      - delay_line[115][12]           ; 1                 ; 0       ;
;      - delay_line_next[116][12]~1004 ; 1                 ; 0       ;
;      - delay_line[115][13]           ; 1                 ; 0       ;
;      - delay_line_next[116][13]~1005 ; 1                 ; 0       ;
;      - delay_line[115][14]           ; 1                 ; 0       ;
;      - delay_line_next[116][14]~1006 ; 1                 ; 0       ;
;      - delay_line[115][15]           ; 1                 ; 0       ;
;      - delay_line_next[116][15]~1007 ; 1                 ; 0       ;
;      - delay_line[114][0]            ; 1                 ; 0       ;
;      - delay_line_next[114][0]~1008  ; 1                 ; 0       ;
;      - delay_line[114][1]            ; 1                 ; 0       ;
;      - delay_line_next[114][1]~1009  ; 1                 ; 0       ;
;      - delay_line[114][2]            ; 1                 ; 0       ;
;      - delay_line_next[114][2]~1010  ; 1                 ; 0       ;
;      - delay_line[114][3]            ; 1                 ; 0       ;
;      - delay_line_next[114][3]~1011  ; 1                 ; 0       ;
;      - delay_line[114][4]            ; 1                 ; 0       ;
;      - delay_line_next[114][4]~1012  ; 1                 ; 0       ;
;      - delay_line[114][5]            ; 1                 ; 0       ;
;      - delay_line_next[114][5]~1013  ; 1                 ; 0       ;
;      - delay_line[114][6]            ; 1                 ; 0       ;
;      - delay_line_next[114][6]~1014  ; 1                 ; 0       ;
;      - delay_line[114][7]            ; 1                 ; 0       ;
;      - delay_line_next[114][7]~1015  ; 1                 ; 0       ;
;      - delay_line[114][8]            ; 1                 ; 0       ;
;      - delay_line_next[114][8]~1016  ; 1                 ; 0       ;
;      - delay_line[114][9]            ; 1                 ; 0       ;
;      - delay_line_next[114][9]~1017  ; 1                 ; 0       ;
;      - delay_line[114][10]           ; 1                 ; 0       ;
;      - delay_line_next[114][10]~1018 ; 1                 ; 0       ;
;      - delay_line[114][11]           ; 1                 ; 0       ;
;      - delay_line_next[114][11]~1019 ; 1                 ; 0       ;
;      - delay_line[114][12]           ; 1                 ; 0       ;
;      - delay_line_next[114][12]~1020 ; 1                 ; 0       ;
;      - delay_line[114][13]           ; 1                 ; 0       ;
;      - delay_line_next[114][13]~1021 ; 1                 ; 0       ;
;      - delay_line[114][14]           ; 1                 ; 0       ;
;      - delay_line_next[114][14]~1022 ; 1                 ; 0       ;
;      - delay_line[114][15]           ; 1                 ; 0       ;
;      - delay_line_next[114][15]~1023 ; 1                 ; 0       ;
;      - delay_line[121][0]            ; 1                 ; 0       ;
;      - delay_line[122][0]            ; 1                 ; 0       ;
;      - delay_line_next[122][0]~1024  ; 1                 ; 0       ;
;      - delay_line[121][1]            ; 1                 ; 0       ;
;      - delay_line[122][1]            ; 1                 ; 0       ;
;      - delay_line_next[122][1]~1025  ; 1                 ; 0       ;
;      - delay_line[121][2]            ; 1                 ; 0       ;
;      - delay_line[122][2]            ; 1                 ; 0       ;
;      - delay_line_next[122][2]~1026  ; 1                 ; 0       ;
;      - delay_line[121][3]            ; 1                 ; 0       ;
;      - delay_line[122][3]            ; 1                 ; 0       ;
;      - delay_line_next[122][3]~1027  ; 1                 ; 0       ;
;      - delay_line[121][4]            ; 1                 ; 0       ;
;      - delay_line[122][4]            ; 1                 ; 0       ;
;      - delay_line_next[122][4]~1028  ; 1                 ; 0       ;
;      - delay_line[121][5]            ; 1                 ; 0       ;
;      - delay_line[122][5]            ; 1                 ; 0       ;
;      - delay_line_next[122][5]~1029  ; 1                 ; 0       ;
;      - delay_line[121][6]            ; 1                 ; 0       ;
;      - delay_line[122][6]            ; 1                 ; 0       ;
;      - delay_line_next[122][6]~1030  ; 1                 ; 0       ;
;      - delay_line[121][7]            ; 1                 ; 0       ;
;      - delay_line[122][7]            ; 1                 ; 0       ;
;      - delay_line_next[122][7]~1031  ; 1                 ; 0       ;
;      - delay_line[121][8]            ; 1                 ; 0       ;
;      - delay_line[122][8]            ; 1                 ; 0       ;
;      - delay_line_next[122][8]~1032  ; 1                 ; 0       ;
;      - delay_line[121][9]            ; 1                 ; 0       ;
;      - delay_line[122][9]            ; 1                 ; 0       ;
;      - delay_line_next[122][9]~1033  ; 1                 ; 0       ;
;      - delay_line[121][10]           ; 1                 ; 0       ;
;      - delay_line[122][10]           ; 1                 ; 0       ;
;      - delay_line_next[122][10]~1034 ; 1                 ; 0       ;
;      - delay_line[121][11]           ; 1                 ; 0       ;
;      - delay_line[122][11]           ; 1                 ; 0       ;
;      - delay_line_next[122][11]~1035 ; 1                 ; 0       ;
;      - delay_line[121][12]           ; 1                 ; 0       ;
;      - delay_line[122][12]           ; 1                 ; 0       ;
;      - delay_line_next[122][12]~1036 ; 1                 ; 0       ;
;      - delay_line[121][13]           ; 1                 ; 0       ;
;      - delay_line[122][13]           ; 1                 ; 0       ;
;      - delay_line_next[122][13]~1037 ; 1                 ; 0       ;
;      - delay_line[121][14]           ; 1                 ; 0       ;
;      - delay_line[122][14]           ; 1                 ; 0       ;
;      - delay_line_next[122][14]~1038 ; 1                 ; 0       ;
;      - delay_line[121][15]           ; 1                 ; 0       ;
;      - delay_line[122][15]           ; 1                 ; 0       ;
;      - delay_line_next[122][15]~1039 ; 1                 ; 0       ;
;      - delay_line[120][0]            ; 1                 ; 0       ;
;      - delay_line_next[121][0]~1040  ; 1                 ; 0       ;
;      - delay_line[120][1]            ; 1                 ; 0       ;
;      - delay_line_next[121][1]~1041  ; 1                 ; 0       ;
;      - delay_line[120][2]            ; 1                 ; 0       ;
;      - delay_line_next[121][2]~1042  ; 1                 ; 0       ;
;      - delay_line[120][3]            ; 1                 ; 0       ;
;      - delay_line_next[121][3]~1043  ; 1                 ; 0       ;
;      - delay_line[120][4]            ; 1                 ; 0       ;
;      - delay_line_next[121][4]~1044  ; 1                 ; 0       ;
;      - delay_line[120][5]            ; 1                 ; 0       ;
;      - delay_line_next[121][5]~1045  ; 1                 ; 0       ;
;      - delay_line[120][6]            ; 1                 ; 0       ;
;      - delay_line_next[121][6]~1046  ; 1                 ; 0       ;
;      - delay_line[120][7]            ; 1                 ; 0       ;
;      - delay_line_next[121][7]~1047  ; 1                 ; 0       ;
;      - delay_line[120][8]            ; 1                 ; 0       ;
;      - delay_line_next[121][8]~1048  ; 1                 ; 0       ;
;      - delay_line[120][9]            ; 1                 ; 0       ;
;      - delay_line_next[121][9]~1049  ; 1                 ; 0       ;
;      - delay_line[120][10]           ; 1                 ; 0       ;
;      - delay_line_next[121][10]~1050 ; 1                 ; 0       ;
;      - delay_line[120][11]           ; 1                 ; 0       ;
;      - delay_line_next[121][11]~1051 ; 1                 ; 0       ;
;      - delay_line[120][12]           ; 1                 ; 0       ;
;      - delay_line_next[121][12]~1052 ; 1                 ; 0       ;
;      - delay_line[120][13]           ; 1                 ; 0       ;
;      - delay_line_next[121][13]~1053 ; 1                 ; 0       ;
;      - delay_line[120][14]           ; 1                 ; 0       ;
;      - delay_line_next[121][14]~1054 ; 1                 ; 0       ;
;      - delay_line[120][15]           ; 1                 ; 0       ;
;      - delay_line_next[121][15]~1055 ; 1                 ; 0       ;
;      - delay_line[109][0]            ; 1                 ; 0       ;
;      - delay_line_next[109][0]~1056  ; 1                 ; 0       ;
;      - delay_line[109][1]            ; 1                 ; 0       ;
;      - delay_line_next[109][1]~1057  ; 1                 ; 0       ;
;      - delay_line[109][2]            ; 1                 ; 0       ;
;      - delay_line_next[109][2]~1058  ; 1                 ; 0       ;
;      - delay_line[109][3]            ; 1                 ; 0       ;
;      - delay_line_next[109][3]~1059  ; 1                 ; 0       ;
;      - delay_line[109][4]            ; 1                 ; 0       ;
;      - delay_line_next[109][4]~1060  ; 1                 ; 0       ;
;      - delay_line[109][5]            ; 1                 ; 0       ;
;      - delay_line_next[109][5]~1061  ; 1                 ; 0       ;
;      - delay_line[109][6]            ; 1                 ; 0       ;
;      - delay_line_next[109][6]~1062  ; 1                 ; 0       ;
;      - delay_line[109][7]            ; 1                 ; 0       ;
;      - delay_line_next[109][7]~1063  ; 1                 ; 0       ;
;      - delay_line[109][8]            ; 1                 ; 0       ;
;      - delay_line_next[109][8]~1064  ; 1                 ; 0       ;
;      - delay_line[109][9]            ; 1                 ; 0       ;
;      - delay_line_next[109][9]~1065  ; 1                 ; 0       ;
;      - delay_line[109][10]           ; 1                 ; 0       ;
;      - delay_line_next[109][10]~1066 ; 1                 ; 0       ;
;      - delay_line[109][11]           ; 1                 ; 0       ;
;      - delay_line_next[109][11]~1067 ; 1                 ; 0       ;
;      - delay_line[109][12]           ; 1                 ; 0       ;
;      - delay_line_next[109][12]~1068 ; 1                 ; 0       ;
;      - delay_line[109][13]           ; 1                 ; 0       ;
;      - delay_line_next[109][13]~1069 ; 1                 ; 0       ;
;      - delay_line[109][14]           ; 1                 ; 0       ;
;      - delay_line_next[109][14]~1070 ; 1                 ; 0       ;
;      - delay_line[109][15]           ; 1                 ; 0       ;
;      - delay_line_next[109][15]~1071 ; 1                 ; 0       ;
;      - delay_line_next[110][0]~1072  ; 1                 ; 0       ;
;      - delay_line_next[110][1]~1073  ; 1                 ; 0       ;
;      - delay_line_next[110][2]~1074  ; 1                 ; 0       ;
;      - delay_line_next[110][3]~1075  ; 1                 ; 0       ;
;      - delay_line_next[110][4]~1076  ; 1                 ; 0       ;
;      - delay_line_next[110][5]~1077  ; 1                 ; 0       ;
;      - delay_line_next[110][6]~1078  ; 1                 ; 0       ;
;      - delay_line_next[110][7]~1079  ; 1                 ; 0       ;
;      - delay_line_next[110][8]~1080  ; 1                 ; 0       ;
;      - delay_line_next[110][9]~1081  ; 1                 ; 0       ;
;      - delay_line_next[110][10]~1082 ; 1                 ; 0       ;
;      - delay_line_next[110][11]~1083 ; 1                 ; 0       ;
;      - delay_line_next[110][12]~1084 ; 1                 ; 0       ;
;      - delay_line_next[110][13]~1085 ; 1                 ; 0       ;
;      - delay_line_next[110][14]~1086 ; 1                 ; 0       ;
;      - delay_line_next[110][15]~1087 ; 1                 ; 0       ;
;      - delay_line_next[100][0]~1088  ; 1                 ; 0       ;
;      - delay_line_next[100][1]~1089  ; 1                 ; 0       ;
;      - delay_line_next[100][2]~1090  ; 1                 ; 0       ;
;      - delay_line_next[100][3]~1091  ; 1                 ; 0       ;
;      - delay_line_next[100][4]~1092  ; 1                 ; 0       ;
;      - delay_line_next[100][5]~1093  ; 1                 ; 0       ;
;      - delay_line_next[100][6]~1094  ; 1                 ; 0       ;
;      - delay_line_next[100][7]~1095  ; 1                 ; 0       ;
;      - delay_line_next[100][8]~1096  ; 1                 ; 0       ;
;      - delay_line_next[100][9]~1097  ; 1                 ; 0       ;
;      - delay_line_next[100][10]~1098 ; 1                 ; 0       ;
;      - delay_line_next[100][11]~1099 ; 1                 ; 0       ;
;      - delay_line_next[100][12]~1100 ; 1                 ; 0       ;
;      - delay_line_next[100][13]~1101 ; 1                 ; 0       ;
;      - delay_line_next[100][14]~1102 ; 1                 ; 0       ;
;      - delay_line_next[100][15]~1103 ; 1                 ; 0       ;
;      - delay_line[95][0]             ; 1                 ; 0       ;
;      - delay_line_next[96][0]~1104   ; 1                 ; 0       ;
;      - delay_line[95][1]             ; 1                 ; 0       ;
;      - delay_line_next[96][1]~1105   ; 1                 ; 0       ;
;      - delay_line[95][2]             ; 1                 ; 0       ;
;      - delay_line_next[96][2]~1106   ; 1                 ; 0       ;
;      - delay_line[95][3]             ; 1                 ; 0       ;
;      - delay_line_next[96][3]~1107   ; 1                 ; 0       ;
;      - delay_line[95][4]             ; 1                 ; 0       ;
;      - delay_line_next[96][4]~1108   ; 1                 ; 0       ;
;      - delay_line[95][5]             ; 1                 ; 0       ;
;      - delay_line_next[96][5]~1109   ; 1                 ; 0       ;
;      - delay_line[95][6]             ; 1                 ; 0       ;
;      - delay_line_next[96][6]~1110   ; 1                 ; 0       ;
;      - delay_line[95][7]             ; 1                 ; 0       ;
;      - delay_line_next[96][7]~1111   ; 1                 ; 0       ;
;      - delay_line[95][8]             ; 1                 ; 0       ;
;      - delay_line_next[96][8]~1112   ; 1                 ; 0       ;
;      - delay_line[95][9]             ; 1                 ; 0       ;
;      - delay_line_next[96][9]~1113   ; 1                 ; 0       ;
;      - delay_line[95][10]            ; 1                 ; 0       ;
;      - delay_line_next[96][10]~1114  ; 1                 ; 0       ;
;      - delay_line[95][11]            ; 1                 ; 0       ;
;      - delay_line_next[96][11]~1115  ; 1                 ; 0       ;
;      - delay_line[95][12]            ; 1                 ; 0       ;
;      - delay_line_next[96][12]~1116  ; 1                 ; 0       ;
;      - delay_line[95][13]            ; 1                 ; 0       ;
;      - delay_line_next[96][13]~1117  ; 1                 ; 0       ;
;      - delay_line[95][14]            ; 1                 ; 0       ;
;      - delay_line_next[96][14]~1118  ; 1                 ; 0       ;
;      - delay_line[95][15]            ; 1                 ; 0       ;
;      - delay_line_next[96][15]~1119  ; 1                 ; 0       ;
;      - delay_line[54][0]             ; 1                 ; 0       ;
;      - delay_line_next[54][0]~1120   ; 1                 ; 0       ;
;      - delay_line[54][1]             ; 1                 ; 0       ;
;      - delay_line_next[54][1]~1121   ; 1                 ; 0       ;
;      - delay_line[54][2]             ; 1                 ; 0       ;
;      - delay_line_next[54][2]~1122   ; 1                 ; 0       ;
;      - delay_line[54][3]             ; 1                 ; 0       ;
;      - delay_line_next[54][3]~1123   ; 1                 ; 0       ;
;      - delay_line[54][4]             ; 1                 ; 0       ;
;      - delay_line_next[54][4]~1124   ; 1                 ; 0       ;
;      - delay_line[54][5]             ; 1                 ; 0       ;
;      - delay_line_next[54][5]~1125   ; 1                 ; 0       ;
;      - delay_line[54][6]             ; 1                 ; 0       ;
;      - delay_line_next[54][6]~1126   ; 1                 ; 0       ;
;      - delay_line[54][7]             ; 1                 ; 0       ;
;      - delay_line_next[54][7]~1127   ; 1                 ; 0       ;
;      - delay_line[54][8]             ; 1                 ; 0       ;
;      - delay_line_next[54][8]~1128   ; 1                 ; 0       ;
;      - delay_line[54][9]             ; 1                 ; 0       ;
;      - delay_line_next[54][9]~1129   ; 1                 ; 0       ;
;      - delay_line[54][10]            ; 1                 ; 0       ;
;      - delay_line_next[54][10]~1130  ; 1                 ; 0       ;
;      - delay_line[54][11]            ; 1                 ; 0       ;
;      - delay_line_next[54][11]~1131  ; 1                 ; 0       ;
;      - delay_line[54][12]            ; 1                 ; 0       ;
;      - delay_line_next[54][12]~1132  ; 1                 ; 0       ;
;      - delay_line[54][13]            ; 1                 ; 0       ;
;      - delay_line_next[54][13]~1133  ; 1                 ; 0       ;
;      - delay_line[54][14]            ; 1                 ; 0       ;
;      - delay_line_next[54][14]~1134  ; 1                 ; 0       ;
;      - delay_line[54][15]            ; 1                 ; 0       ;
;      - delay_line_next[54][15]~1135  ; 1                 ; 0       ;
;      - delay_line[51][0]             ; 1                 ; 0       ;
;      - delay_line_next[52][0]~1136   ; 1                 ; 0       ;
;      - delay_line[51][1]             ; 1                 ; 0       ;
;      - delay_line_next[52][1]~1137   ; 1                 ; 0       ;
;      - delay_line[51][2]             ; 1                 ; 0       ;
;      - delay_line_next[52][2]~1138   ; 1                 ; 0       ;
;      - delay_line[51][3]             ; 1                 ; 0       ;
;      - delay_line_next[52][3]~1139   ; 1                 ; 0       ;
;      - delay_line[51][4]             ; 1                 ; 0       ;
;      - delay_line_next[52][4]~1140   ; 1                 ; 0       ;
;      - delay_line[51][5]             ; 1                 ; 0       ;
;      - delay_line_next[52][5]~1141   ; 1                 ; 0       ;
;      - delay_line[51][6]             ; 1                 ; 0       ;
;      - delay_line_next[52][6]~1142   ; 1                 ; 0       ;
;      - delay_line[51][7]             ; 1                 ; 0       ;
;      - delay_line_next[52][7]~1143   ; 1                 ; 0       ;
;      - delay_line[51][8]             ; 1                 ; 0       ;
;      - delay_line_next[52][8]~1144   ; 1                 ; 0       ;
;      - delay_line[51][9]             ; 1                 ; 0       ;
;      - delay_line_next[52][9]~1145   ; 1                 ; 0       ;
;      - delay_line[51][10]            ; 1                 ; 0       ;
;      - delay_line_next[52][10]~1146  ; 1                 ; 0       ;
;      - delay_line[51][11]            ; 1                 ; 0       ;
;      - delay_line_next[52][11]~1147  ; 1                 ; 0       ;
;      - delay_line[51][12]            ; 1                 ; 0       ;
;      - delay_line_next[52][12]~1148  ; 1                 ; 0       ;
;      - delay_line[51][13]            ; 1                 ; 0       ;
;      - delay_line_next[52][13]~1149  ; 1                 ; 0       ;
;      - delay_line[51][14]            ; 1                 ; 0       ;
;      - delay_line_next[52][14]~1150  ; 1                 ; 0       ;
;      - delay_line[51][15]            ; 1                 ; 0       ;
;      - delay_line_next[52][15]~1151  ; 1                 ; 0       ;
;      - delay_line[45][0]             ; 1                 ; 0       ;
;      - delay_line[46][0]             ; 1                 ; 0       ;
;      - delay_line_next[46][0]~1152   ; 1                 ; 0       ;
;      - delay_line[45][1]             ; 1                 ; 0       ;
;      - delay_line[46][1]             ; 1                 ; 0       ;
;      - delay_line_next[46][1]~1153   ; 1                 ; 0       ;
;      - delay_line[45][2]             ; 1                 ; 0       ;
;      - delay_line[46][2]             ; 1                 ; 0       ;
;      - delay_line_next[46][2]~1154   ; 1                 ; 0       ;
;      - delay_line[45][3]             ; 1                 ; 0       ;
;      - delay_line[46][3]             ; 1                 ; 0       ;
;      - delay_line_next[46][3]~1155   ; 1                 ; 0       ;
;      - delay_line[45][4]             ; 1                 ; 0       ;
;      - delay_line[46][4]             ; 1                 ; 0       ;
;      - delay_line_next[46][4]~1156   ; 1                 ; 0       ;
;      - delay_line[45][5]             ; 1                 ; 0       ;
;      - delay_line[46][5]             ; 1                 ; 0       ;
;      - delay_line_next[46][5]~1157   ; 1                 ; 0       ;
;      - delay_line[45][6]             ; 1                 ; 0       ;
;      - delay_line[46][6]             ; 1                 ; 0       ;
;      - delay_line_next[46][6]~1158   ; 1                 ; 0       ;
;      - delay_line[45][7]             ; 1                 ; 0       ;
;      - delay_line[46][7]             ; 1                 ; 0       ;
;      - delay_line_next[46][7]~1159   ; 1                 ; 0       ;
;      - delay_line[45][8]             ; 1                 ; 0       ;
;      - delay_line[46][8]             ; 1                 ; 0       ;
;      - delay_line_next[46][8]~1160   ; 1                 ; 0       ;
;      - delay_line[45][9]             ; 1                 ; 0       ;
;      - delay_line[46][9]             ; 1                 ; 0       ;
;      - delay_line_next[46][9]~1161   ; 1                 ; 0       ;
;      - delay_line[45][10]            ; 1                 ; 0       ;
;      - delay_line[46][10]            ; 1                 ; 0       ;
;      - delay_line_next[46][10]~1162  ; 1                 ; 0       ;
;      - delay_line[45][11]            ; 1                 ; 0       ;
;      - delay_line[46][11]            ; 1                 ; 0       ;
;      - delay_line_next[46][11]~1163  ; 1                 ; 0       ;
;      - delay_line[45][12]            ; 1                 ; 0       ;
;      - delay_line[46][12]            ; 1                 ; 0       ;
;      - delay_line_next[46][12]~1164  ; 1                 ; 0       ;
;      - delay_line[45][13]            ; 1                 ; 0       ;
;      - delay_line[46][13]            ; 1                 ; 0       ;
;      - delay_line_next[46][13]~1165  ; 1                 ; 0       ;
;      - delay_line[45][14]            ; 1                 ; 0       ;
;      - delay_line[46][14]            ; 1                 ; 0       ;
;      - delay_line_next[46][14]~1166  ; 1                 ; 0       ;
;      - delay_line[45][15]            ; 1                 ; 0       ;
;      - delay_line[46][15]            ; 1                 ; 0       ;
;      - delay_line_next[46][15]~1167  ; 1                 ; 0       ;
;      - delay_line[44][0]             ; 1                 ; 0       ;
;      - delay_line_next[45][0]~1168   ; 1                 ; 0       ;
;      - delay_line[44][1]             ; 1                 ; 0       ;
;      - delay_line_next[45][1]~1169   ; 1                 ; 0       ;
;      - delay_line[44][2]             ; 1                 ; 0       ;
;      - delay_line_next[45][2]~1170   ; 1                 ; 0       ;
;      - delay_line[44][3]             ; 1                 ; 0       ;
;      - delay_line_next[45][3]~1171   ; 1                 ; 0       ;
;      - delay_line[44][4]             ; 1                 ; 0       ;
;      - delay_line_next[45][4]~1172   ; 1                 ; 0       ;
;      - delay_line[44][5]             ; 1                 ; 0       ;
;      - delay_line_next[45][5]~1173   ; 1                 ; 0       ;
;      - delay_line[44][6]             ; 1                 ; 0       ;
;      - delay_line_next[45][6]~1174   ; 1                 ; 0       ;
;      - delay_line[44][7]             ; 1                 ; 0       ;
;      - delay_line_next[45][7]~1175   ; 1                 ; 0       ;
;      - delay_line[44][8]             ; 1                 ; 0       ;
;      - delay_line_next[45][8]~1176   ; 1                 ; 0       ;
;      - delay_line[44][9]             ; 1                 ; 0       ;
;      - delay_line_next[45][9]~1177   ; 1                 ; 0       ;
;      - delay_line[44][10]            ; 1                 ; 0       ;
;      - delay_line_next[45][10]~1178  ; 1                 ; 0       ;
;      - delay_line[44][11]            ; 1                 ; 0       ;
;      - delay_line_next[45][11]~1179  ; 1                 ; 0       ;
;      - delay_line[44][12]            ; 1                 ; 0       ;
;      - delay_line_next[45][12]~1180  ; 1                 ; 0       ;
;      - delay_line[44][13]            ; 1                 ; 0       ;
;      - delay_line_next[45][13]~1181  ; 1                 ; 0       ;
;      - delay_line[44][14]            ; 1                 ; 0       ;
;      - delay_line_next[45][14]~1182  ; 1                 ; 0       ;
;      - delay_line[44][15]            ; 1                 ; 0       ;
;      - delay_line_next[45][15]~1183  ; 1                 ; 0       ;
;      - delay_line_next[42][0]~1184   ; 1                 ; 0       ;
;      - delay_line_next[42][1]~1185   ; 1                 ; 0       ;
;      - delay_line_next[42][2]~1186   ; 1                 ; 0       ;
;      - delay_line_next[42][3]~1187   ; 1                 ; 0       ;
;      - delay_line_next[42][4]~1188   ; 1                 ; 0       ;
;      - delay_line_next[42][5]~1189   ; 1                 ; 0       ;
;      - delay_line_next[42][6]~1190   ; 1                 ; 0       ;
;      - delay_line_next[42][7]~1191   ; 1                 ; 0       ;
;      - delay_line_next[42][8]~1192   ; 1                 ; 0       ;
;      - delay_line_next[42][9]~1193   ; 1                 ; 0       ;
;      - delay_line_next[42][10]~1194  ; 1                 ; 0       ;
;      - delay_line_next[42][11]~1195  ; 1                 ; 0       ;
;      - delay_line_next[42][12]~1196  ; 1                 ; 0       ;
;      - delay_line_next[42][13]~1197  ; 1                 ; 0       ;
;      - delay_line_next[42][14]~1198  ; 1                 ; 0       ;
;      - delay_line_next[42][15]~1199  ; 1                 ; 0       ;
;      - delay_line[39][0]             ; 1                 ; 0       ;
;      - delay_line_next[40][0]~1200   ; 1                 ; 0       ;
;      - delay_line[39][1]             ; 1                 ; 0       ;
;      - delay_line_next[40][1]~1201   ; 1                 ; 0       ;
;      - delay_line[39][2]             ; 1                 ; 0       ;
;      - delay_line_next[40][2]~1202   ; 1                 ; 0       ;
;      - delay_line[39][3]             ; 1                 ; 0       ;
;      - delay_line_next[40][3]~1203   ; 1                 ; 0       ;
;      - delay_line[39][4]             ; 1                 ; 0       ;
;      - delay_line_next[40][4]~1204   ; 1                 ; 0       ;
;      - delay_line[39][5]             ; 1                 ; 0       ;
;      - delay_line_next[40][5]~1205   ; 1                 ; 0       ;
;      - delay_line[39][6]             ; 1                 ; 0       ;
;      - delay_line_next[40][6]~1206   ; 1                 ; 0       ;
;      - delay_line[39][7]             ; 1                 ; 0       ;
;      - delay_line_next[40][7]~1207   ; 1                 ; 0       ;
;      - delay_line[39][8]             ; 1                 ; 0       ;
;      - delay_line_next[40][8]~1208   ; 1                 ; 0       ;
;      - delay_line[39][9]             ; 1                 ; 0       ;
;      - delay_line_next[40][9]~1209   ; 1                 ; 0       ;
;      - delay_line[39][10]            ; 1                 ; 0       ;
;      - delay_line_next[40][10]~1210  ; 1                 ; 0       ;
;      - delay_line[39][11]            ; 1                 ; 0       ;
;      - delay_line_next[40][11]~1211  ; 1                 ; 0       ;
;      - delay_line[39][12]            ; 1                 ; 0       ;
;      - delay_line_next[40][12]~1212  ; 1                 ; 0       ;
;      - delay_line[39][13]            ; 1                 ; 0       ;
;      - delay_line_next[40][13]~1213  ; 1                 ; 0       ;
;      - delay_line[39][14]            ; 1                 ; 0       ;
;      - delay_line_next[40][14]~1214  ; 1                 ; 0       ;
;      - delay_line[39][15]            ; 1                 ; 0       ;
;      - delay_line_next[40][15]~1215  ; 1                 ; 0       ;
;      - delay_line[142][0]            ; 1                 ; 0       ;
;      - delay_line[143][0]            ; 1                 ; 0       ;
;      - delay_line_next[143][0]~1216  ; 1                 ; 0       ;
;      - delay_line[142][1]            ; 1                 ; 0       ;
;      - delay_line[143][1]            ; 1                 ; 0       ;
;      - delay_line_next[143][1]~1217  ; 1                 ; 0       ;
;      - delay_line[142][2]            ; 1                 ; 0       ;
;      - delay_line[143][2]            ; 1                 ; 0       ;
;      - delay_line_next[143][2]~1218  ; 1                 ; 0       ;
;      - delay_line[142][3]            ; 1                 ; 0       ;
;      - delay_line[143][3]            ; 1                 ; 0       ;
;      - delay_line_next[143][3]~1219  ; 1                 ; 0       ;
;      - delay_line[142][4]            ; 1                 ; 0       ;
;      - delay_line[143][4]            ; 1                 ; 0       ;
;      - delay_line_next[143][4]~1220  ; 1                 ; 0       ;
;      - delay_line[142][5]            ; 1                 ; 0       ;
;      - delay_line[143][5]            ; 1                 ; 0       ;
;      - delay_line_next[143][5]~1221  ; 1                 ; 0       ;
;      - delay_line[142][6]            ; 1                 ; 0       ;
;      - delay_line[143][6]            ; 1                 ; 0       ;
;      - delay_line_next[143][6]~1222  ; 1                 ; 0       ;
;      - delay_line[142][7]            ; 1                 ; 0       ;
;      - delay_line[143][7]            ; 1                 ; 0       ;
;      - delay_line_next[143][7]~1223  ; 1                 ; 0       ;
;      - delay_line[142][8]            ; 1                 ; 0       ;
;      - delay_line[143][8]            ; 1                 ; 0       ;
;      - delay_line_next[143][8]~1224  ; 1                 ; 0       ;
;      - delay_line[142][9]            ; 1                 ; 0       ;
;      - delay_line[143][9]            ; 1                 ; 0       ;
;      - delay_line_next[143][9]~1225  ; 1                 ; 0       ;
;      - delay_line[142][10]           ; 1                 ; 0       ;
;      - delay_line[143][10]           ; 1                 ; 0       ;
;      - delay_line_next[143][10]~1226 ; 1                 ; 0       ;
;      - delay_line[142][11]           ; 1                 ; 0       ;
;      - delay_line[143][11]           ; 1                 ; 0       ;
;      - delay_line_next[143][11]~1227 ; 1                 ; 0       ;
;      - delay_line[142][12]           ; 1                 ; 0       ;
;      - delay_line[143][12]           ; 1                 ; 0       ;
;      - delay_line_next[143][12]~1228 ; 1                 ; 0       ;
;      - delay_line[142][13]           ; 1                 ; 0       ;
;      - delay_line[143][13]           ; 1                 ; 0       ;
;      - delay_line_next[143][13]~1229 ; 1                 ; 0       ;
;      - delay_line[142][14]           ; 1                 ; 0       ;
;      - delay_line[143][14]           ; 1                 ; 0       ;
;      - delay_line_next[143][14]~1230 ; 1                 ; 0       ;
;      - delay_line[142][15]           ; 1                 ; 0       ;
;      - delay_line[143][15]           ; 1                 ; 0       ;
;      - delay_line_next[143][15]~1231 ; 1                 ; 0       ;
;      - delay_line[66][0]             ; 1                 ; 0       ;
;      - delay_line[67][0]             ; 1                 ; 0       ;
;      - delay_line_next[67][0]~1232   ; 1                 ; 0       ;
;      - delay_line[66][1]             ; 1                 ; 0       ;
;      - delay_line[67][1]             ; 1                 ; 0       ;
;      - delay_line_next[67][1]~1233   ; 1                 ; 0       ;
;      - delay_line[66][2]             ; 1                 ; 0       ;
;      - delay_line[67][2]             ; 1                 ; 0       ;
;      - delay_line_next[67][2]~1234   ; 1                 ; 0       ;
;      - delay_line[66][3]             ; 1                 ; 0       ;
;      - delay_line[67][3]             ; 1                 ; 0       ;
;      - delay_line_next[67][3]~1235   ; 1                 ; 0       ;
;      - delay_line[66][4]             ; 1                 ; 0       ;
;      - delay_line[67][4]             ; 1                 ; 0       ;
;      - delay_line_next[67][4]~1236   ; 1                 ; 0       ;
;      - delay_line[66][5]             ; 1                 ; 0       ;
;      - delay_line[67][5]             ; 1                 ; 0       ;
;      - delay_line_next[67][5]~1237   ; 1                 ; 0       ;
;      - delay_line[66][6]             ; 1                 ; 0       ;
;      - delay_line[67][6]             ; 1                 ; 0       ;
;      - delay_line_next[67][6]~1238   ; 1                 ; 0       ;
;      - delay_line[66][7]             ; 1                 ; 0       ;
;      - delay_line[67][7]             ; 1                 ; 0       ;
;      - delay_line_next[67][7]~1239   ; 1                 ; 0       ;
;      - delay_line[66][8]             ; 1                 ; 0       ;
;      - delay_line[67][8]             ; 1                 ; 0       ;
;      - delay_line_next[67][8]~1240   ; 1                 ; 0       ;
;      - delay_line[66][9]             ; 1                 ; 0       ;
;      - delay_line[67][9]             ; 1                 ; 0       ;
;      - delay_line_next[67][9]~1241   ; 1                 ; 0       ;
;      - delay_line[66][10]            ; 1                 ; 0       ;
;      - delay_line[67][10]            ; 1                 ; 0       ;
;      - delay_line_next[67][10]~1242  ; 1                 ; 0       ;
;      - delay_line[66][11]            ; 1                 ; 0       ;
;      - delay_line[67][11]            ; 1                 ; 0       ;
;      - delay_line_next[67][11]~1243  ; 1                 ; 0       ;
;      - delay_line[66][12]            ; 1                 ; 0       ;
;      - delay_line[67][12]            ; 1                 ; 0       ;
;      - delay_line_next[67][12]~1244  ; 1                 ; 0       ;
;      - delay_line[66][13]            ; 1                 ; 0       ;
;      - delay_line[67][13]            ; 1                 ; 0       ;
;      - delay_line_next[67][13]~1245  ; 1                 ; 0       ;
;      - delay_line[66][14]            ; 1                 ; 0       ;
;      - delay_line[67][14]            ; 1                 ; 0       ;
;      - delay_line_next[67][14]~1246  ; 1                 ; 0       ;
;      - delay_line[66][15]            ; 1                 ; 0       ;
;      - delay_line[67][15]            ; 1                 ; 0       ;
;      - delay_line_next[67][15]~1247  ; 1                 ; 0       ;
;      - delay_line[29][0]             ; 1                 ; 0       ;
;      - delay_line_next[29][0]~1248   ; 1                 ; 0       ;
;      - delay_line[29][1]             ; 1                 ; 0       ;
;      - delay_line_next[29][1]~1249   ; 1                 ; 0       ;
;      - delay_line[29][2]             ; 1                 ; 0       ;
;      - delay_line_next[29][2]~1250   ; 1                 ; 0       ;
;      - delay_line[29][3]             ; 1                 ; 0       ;
;      - delay_line_next[29][3]~1251   ; 1                 ; 0       ;
;      - delay_line[29][4]             ; 1                 ; 0       ;
;      - delay_line_next[29][4]~1252   ; 1                 ; 0       ;
;      - delay_line[29][5]             ; 1                 ; 0       ;
;      - delay_line_next[29][5]~1253   ; 1                 ; 0       ;
;      - delay_line[29][6]             ; 1                 ; 0       ;
;      - delay_line_next[29][6]~1254   ; 1                 ; 0       ;
;      - delay_line[29][7]             ; 1                 ; 0       ;
;      - delay_line_next[29][7]~1255   ; 1                 ; 0       ;
;      - delay_line[29][8]             ; 1                 ; 0       ;
;      - delay_line_next[29][8]~1256   ; 1                 ; 0       ;
;      - delay_line[29][9]             ; 1                 ; 0       ;
;      - delay_line_next[29][9]~1257   ; 1                 ; 0       ;
;      - delay_line[29][10]            ; 1                 ; 0       ;
;      - delay_line_next[29][10]~1258  ; 1                 ; 0       ;
;      - delay_line[29][11]            ; 1                 ; 0       ;
;      - delay_line_next[29][11]~1259  ; 1                 ; 0       ;
;      - delay_line[29][12]            ; 1                 ; 0       ;
;      - delay_line_next[29][12]~1260  ; 1                 ; 0       ;
;      - delay_line[29][13]            ; 1                 ; 0       ;
;      - delay_line_next[29][13]~1261  ; 1                 ; 0       ;
;      - delay_line[29][14]            ; 1                 ; 0       ;
;      - delay_line_next[29][14]~1262  ; 1                 ; 0       ;
;      - delay_line[29][15]            ; 1                 ; 0       ;
;      - delay_line_next[29][15]~1263  ; 1                 ; 0       ;
;      - delay_line[179][0]            ; 1                 ; 0       ;
;      - delay_line_next[180][0]~1264  ; 1                 ; 0       ;
;      - delay_line[179][1]            ; 1                 ; 0       ;
;      - delay_line_next[180][1]~1265  ; 1                 ; 0       ;
;      - delay_line[179][2]            ; 1                 ; 0       ;
;      - delay_line_next[180][2]~1266  ; 1                 ; 0       ;
;      - delay_line[179][3]            ; 1                 ; 0       ;
;      - delay_line_next[180][3]~1267  ; 1                 ; 0       ;
;      - delay_line[179][4]            ; 1                 ; 0       ;
;      - delay_line_next[180][4]~1268  ; 1                 ; 0       ;
;      - delay_line[179][5]            ; 1                 ; 0       ;
;      - delay_line_next[180][5]~1269  ; 1                 ; 0       ;
;      - delay_line[179][6]            ; 1                 ; 0       ;
;      - delay_line_next[180][6]~1270  ; 1                 ; 0       ;
;      - delay_line[179][7]            ; 1                 ; 0       ;
;      - delay_line_next[180][7]~1271  ; 1                 ; 0       ;
;      - delay_line[179][8]            ; 1                 ; 0       ;
;      - delay_line_next[180][8]~1272  ; 1                 ; 0       ;
;      - delay_line[179][9]            ; 1                 ; 0       ;
;      - delay_line_next[180][9]~1273  ; 1                 ; 0       ;
;      - delay_line[179][10]           ; 1                 ; 0       ;
;      - delay_line_next[180][10]~1274 ; 1                 ; 0       ;
;      - delay_line[179][11]           ; 1                 ; 0       ;
;      - delay_line_next[180][11]~1275 ; 1                 ; 0       ;
;      - delay_line[179][12]           ; 1                 ; 0       ;
;      - delay_line_next[180][12]~1276 ; 1                 ; 0       ;
;      - delay_line[179][13]           ; 1                 ; 0       ;
;      - delay_line_next[180][13]~1277 ; 1                 ; 0       ;
;      - delay_line[179][14]           ; 1                 ; 0       ;
;      - delay_line_next[180][14]~1278 ; 1                 ; 0       ;
;      - delay_line[179][15]           ; 1                 ; 0       ;
;      - delay_line_next[180][15]~1279 ; 1                 ; 0       ;
;      - delay_line[178][0]            ; 1                 ; 0       ;
;      - delay_line_next[179][0]~1280  ; 1                 ; 0       ;
;      - delay_line[178][1]            ; 1                 ; 0       ;
;      - delay_line_next[179][1]~1281  ; 1                 ; 0       ;
;      - delay_line[178][2]            ; 1                 ; 0       ;
;      - delay_line_next[179][2]~1282  ; 1                 ; 0       ;
;      - delay_line[178][3]            ; 1                 ; 0       ;
;      - delay_line_next[179][3]~1283  ; 1                 ; 0       ;
;      - delay_line[178][4]            ; 1                 ; 0       ;
;      - delay_line_next[179][4]~1284  ; 1                 ; 0       ;
;      - delay_line[178][5]            ; 1                 ; 0       ;
;      - delay_line_next[179][5]~1285  ; 1                 ; 0       ;
;      - delay_line[178][6]            ; 1                 ; 0       ;
;      - delay_line_next[179][6]~1286  ; 1                 ; 0       ;
;      - delay_line[178][7]            ; 1                 ; 0       ;
;      - delay_line_next[179][7]~1287  ; 1                 ; 0       ;
;      - delay_line[178][8]            ; 1                 ; 0       ;
;      - delay_line_next[179][8]~1288  ; 1                 ; 0       ;
;      - delay_line[178][9]            ; 1                 ; 0       ;
;      - delay_line_next[179][9]~1289  ; 1                 ; 0       ;
;      - delay_line[178][10]           ; 1                 ; 0       ;
;      - delay_line_next[179][10]~1290 ; 1                 ; 0       ;
;      - delay_line[178][11]           ; 1                 ; 0       ;
;      - delay_line_next[179][11]~1291 ; 1                 ; 0       ;
;      - delay_line[178][12]           ; 1                 ; 0       ;
;      - delay_line_next[179][12]~1292 ; 1                 ; 0       ;
;      - delay_line[178][13]           ; 1                 ; 0       ;
;      - delay_line_next[179][13]~1293 ; 1                 ; 0       ;
;      - delay_line[178][14]           ; 1                 ; 0       ;
;      - delay_line_next[179][14]~1294 ; 1                 ; 0       ;
;      - delay_line[178][15]           ; 1                 ; 0       ;
;      - delay_line_next[179][15]~1295 ; 1                 ; 0       ;
;      - delay_line[177][0]            ; 1                 ; 0       ;
;      - delay_line_next[178][0]~1296  ; 1                 ; 0       ;
;      - delay_line[177][1]            ; 1                 ; 0       ;
;      - delay_line_next[178][1]~1297  ; 1                 ; 0       ;
;      - delay_line[177][2]            ; 1                 ; 0       ;
;      - delay_line_next[178][2]~1298  ; 1                 ; 0       ;
;      - delay_line[177][3]            ; 1                 ; 0       ;
;      - delay_line_next[178][3]~1299  ; 1                 ; 0       ;
;      - delay_line[177][4]            ; 1                 ; 0       ;
;      - delay_line_next[178][4]~1300  ; 1                 ; 0       ;
;      - delay_line[177][5]            ; 1                 ; 0       ;
;      - delay_line_next[178][5]~1301  ; 1                 ; 0       ;
;      - delay_line[177][6]            ; 1                 ; 0       ;
;      - delay_line_next[178][6]~1302  ; 1                 ; 0       ;
;      - delay_line[177][7]            ; 1                 ; 0       ;
;      - delay_line_next[178][7]~1303  ; 1                 ; 0       ;
;      - delay_line[177][8]            ; 1                 ; 0       ;
;      - delay_line_next[178][8]~1304  ; 1                 ; 0       ;
;      - delay_line[177][9]            ; 1                 ; 0       ;
;      - delay_line_next[178][9]~1305  ; 1                 ; 0       ;
;      - delay_line[177][10]           ; 1                 ; 0       ;
;      - delay_line_next[178][10]~1306 ; 1                 ; 0       ;
;      - delay_line[177][11]           ; 1                 ; 0       ;
;      - delay_line_next[178][11]~1307 ; 1                 ; 0       ;
;      - delay_line[177][12]           ; 1                 ; 0       ;
;      - delay_line_next[178][12]~1308 ; 1                 ; 0       ;
;      - delay_line[177][13]           ; 1                 ; 0       ;
;      - delay_line_next[178][13]~1309 ; 1                 ; 0       ;
;      - delay_line[177][14]           ; 1                 ; 0       ;
;      - delay_line_next[178][14]~1310 ; 1                 ; 0       ;
;      - delay_line[177][15]           ; 1                 ; 0       ;
;      - delay_line_next[178][15]~1311 ; 1                 ; 0       ;
;      - delay_line[31][0]             ; 1                 ; 0       ;
;      - delay_line[32][0]             ; 1                 ; 0       ;
;      - delay_line_next[32][0]~1312   ; 1                 ; 0       ;
;      - delay_line[31][1]             ; 1                 ; 0       ;
;      - delay_line[32][1]             ; 1                 ; 0       ;
;      - delay_line_next[32][1]~1313   ; 1                 ; 0       ;
;      - delay_line[31][2]             ; 1                 ; 0       ;
;      - delay_line[32][2]             ; 1                 ; 0       ;
;      - delay_line_next[32][2]~1314   ; 1                 ; 0       ;
;      - delay_line[31][3]             ; 1                 ; 0       ;
;      - delay_line[32][3]             ; 1                 ; 0       ;
;      - delay_line_next[32][3]~1315   ; 1                 ; 0       ;
;      - delay_line[31][4]             ; 1                 ; 0       ;
;      - delay_line[32][4]             ; 1                 ; 0       ;
;      - delay_line_next[32][4]~1316   ; 1                 ; 0       ;
;      - delay_line[31][5]             ; 1                 ; 0       ;
;      - delay_line[32][5]             ; 1                 ; 0       ;
;      - delay_line_next[32][5]~1317   ; 1                 ; 0       ;
;      - delay_line[31][6]             ; 1                 ; 0       ;
;      - delay_line[32][6]             ; 1                 ; 0       ;
;      - delay_line_next[32][6]~1318   ; 1                 ; 0       ;
;      - delay_line[31][7]             ; 1                 ; 0       ;
;      - delay_line[32][7]             ; 1                 ; 0       ;
;      - delay_line_next[32][7]~1319   ; 1                 ; 0       ;
;      - delay_line[31][8]             ; 1                 ; 0       ;
;      - delay_line[32][8]             ; 1                 ; 0       ;
;      - delay_line_next[32][8]~1320   ; 1                 ; 0       ;
;      - delay_line[31][9]             ; 1                 ; 0       ;
;      - delay_line[32][9]             ; 1                 ; 0       ;
;      - delay_line_next[32][9]~1321   ; 1                 ; 0       ;
;      - delay_line[31][10]            ; 1                 ; 0       ;
;      - delay_line[32][10]            ; 1                 ; 0       ;
;      - delay_line_next[32][10]~1322  ; 1                 ; 0       ;
;      - delay_line[31][11]            ; 1                 ; 0       ;
;      - delay_line[32][11]            ; 1                 ; 0       ;
;      - delay_line_next[32][11]~1323  ; 1                 ; 0       ;
;      - delay_line[31][12]            ; 1                 ; 0       ;
;      - delay_line[32][12]            ; 1                 ; 0       ;
;      - delay_line_next[32][12]~1324  ; 1                 ; 0       ;
;      - delay_line[31][13]            ; 1                 ; 0       ;
;      - delay_line[32][13]            ; 1                 ; 0       ;
;      - delay_line_next[32][13]~1325  ; 1                 ; 0       ;
;      - delay_line[31][14]            ; 1                 ; 0       ;
;      - delay_line[32][14]            ; 1                 ; 0       ;
;      - delay_line_next[32][14]~1326  ; 1                 ; 0       ;
;      - delay_line[31][15]            ; 1                 ; 0       ;
;      - delay_line[32][15]            ; 1                 ; 0       ;
;      - delay_line_next[32][15]~1327  ; 1                 ; 0       ;
;      - delay_line[30][0]             ; 1                 ; 0       ;
;      - delay_line_next[31][0]~1328   ; 1                 ; 0       ;
;      - delay_line[30][1]             ; 1                 ; 0       ;
;      - delay_line_next[31][1]~1329   ; 1                 ; 0       ;
;      - delay_line[30][2]             ; 1                 ; 0       ;
;      - delay_line_next[31][2]~1330   ; 1                 ; 0       ;
;      - delay_line[30][3]             ; 1                 ; 0       ;
;      - delay_line_next[31][3]~1331   ; 1                 ; 0       ;
;      - delay_line[30][4]             ; 1                 ; 0       ;
;      - delay_line_next[31][4]~1332   ; 1                 ; 0       ;
;      - delay_line[30][5]             ; 1                 ; 0       ;
;      - delay_line_next[31][5]~1333   ; 1                 ; 0       ;
;      - delay_line[30][6]             ; 1                 ; 0       ;
;      - delay_line_next[31][6]~1334   ; 1                 ; 0       ;
;      - delay_line[30][7]             ; 1                 ; 0       ;
;      - delay_line_next[31][7]~1335   ; 1                 ; 0       ;
;      - delay_line[30][8]             ; 1                 ; 0       ;
;      - delay_line_next[31][8]~1336   ; 1                 ; 0       ;
;      - delay_line[30][9]             ; 1                 ; 0       ;
;      - delay_line_next[31][9]~1337   ; 1                 ; 0       ;
;      - delay_line[30][10]            ; 1                 ; 0       ;
;      - delay_line_next[31][10]~1338  ; 1                 ; 0       ;
;      - delay_line[30][11]            ; 1                 ; 0       ;
;      - delay_line_next[31][11]~1339  ; 1                 ; 0       ;
;      - delay_line[30][12]            ; 1                 ; 0       ;
;      - delay_line_next[31][12]~1340  ; 1                 ; 0       ;
;      - delay_line[30][13]            ; 1                 ; 0       ;
;      - delay_line_next[31][13]~1341  ; 1                 ; 0       ;
;      - delay_line[30][14]            ; 1                 ; 0       ;
;      - delay_line_next[31][14]~1342  ; 1                 ; 0       ;
;      - delay_line[30][15]            ; 1                 ; 0       ;
;      - delay_line_next[31][15]~1343  ; 1                 ; 0       ;
;      - delay_line_next[30][0]~1344   ; 1                 ; 0       ;
;      - delay_line_next[30][1]~1345   ; 1                 ; 0       ;
;      - delay_line_next[30][2]~1346   ; 1                 ; 0       ;
;      - delay_line_next[30][3]~1347   ; 1                 ; 0       ;
;      - delay_line_next[30][4]~1348   ; 1                 ; 0       ;
;      - delay_line_next[30][5]~1349   ; 1                 ; 0       ;
;      - delay_line_next[30][6]~1350   ; 1                 ; 0       ;
;      - delay_line_next[30][7]~1351   ; 1                 ; 0       ;
;      - delay_line_next[30][8]~1352   ; 1                 ; 0       ;
;      - delay_line_next[30][9]~1353   ; 1                 ; 0       ;
;      - delay_line_next[30][10]~1354  ; 1                 ; 0       ;
;      - delay_line_next[30][11]~1355  ; 1                 ; 0       ;
;      - delay_line_next[30][12]~1356  ; 1                 ; 0       ;
;      - delay_line_next[30][13]~1357  ; 1                 ; 0       ;
;      - delay_line_next[30][14]~1358  ; 1                 ; 0       ;
;      - delay_line_next[30][15]~1359  ; 1                 ; 0       ;
;      - delay_line[197][0]            ; 1                 ; 0       ;
;      - delay_line[198][0]            ; 1                 ; 0       ;
;      - delay_line_next[198][0]~1360  ; 1                 ; 0       ;
;      - delay_line[197][1]            ; 1                 ; 0       ;
;      - delay_line[198][1]            ; 1                 ; 0       ;
;      - delay_line_next[198][1]~1361  ; 1                 ; 0       ;
;      - delay_line[197][2]            ; 1                 ; 0       ;
;      - delay_line[198][2]            ; 1                 ; 0       ;
;      - delay_line_next[198][2]~1362  ; 1                 ; 0       ;
;      - delay_line[197][3]            ; 1                 ; 0       ;
;      - delay_line[198][3]            ; 1                 ; 0       ;
;      - delay_line_next[198][3]~1363  ; 1                 ; 0       ;
;      - delay_line[197][4]            ; 1                 ; 0       ;
;      - delay_line[198][4]            ; 1                 ; 0       ;
;      - delay_line_next[198][4]~1364  ; 1                 ; 0       ;
;      - delay_line[197][5]            ; 1                 ; 0       ;
;      - delay_line[198][5]            ; 1                 ; 0       ;
;      - delay_line_next[198][5]~1365  ; 1                 ; 0       ;
;      - delay_line[197][6]            ; 1                 ; 0       ;
;      - delay_line[198][6]            ; 1                 ; 0       ;
;      - delay_line_next[198][6]~1366  ; 1                 ; 0       ;
;      - delay_line[197][7]            ; 1                 ; 0       ;
;      - delay_line[198][7]            ; 1                 ; 0       ;
;      - delay_line_next[198][7]~1367  ; 1                 ; 0       ;
;      - delay_line[197][8]            ; 1                 ; 0       ;
;      - delay_line[198][8]            ; 1                 ; 0       ;
;      - delay_line_next[198][8]~1368  ; 1                 ; 0       ;
;      - delay_line[197][9]            ; 1                 ; 0       ;
;      - delay_line[198][9]            ; 1                 ; 0       ;
;      - delay_line_next[198][9]~1369  ; 1                 ; 0       ;
;      - delay_line[197][10]           ; 1                 ; 0       ;
;      - delay_line[198][10]           ; 1                 ; 0       ;
;      - delay_line_next[198][10]~1370 ; 1                 ; 0       ;
;      - delay_line[197][11]           ; 1                 ; 0       ;
;      - delay_line[198][11]           ; 1                 ; 0       ;
;      - delay_line_next[198][11]~1371 ; 1                 ; 0       ;
;      - delay_line[197][12]           ; 1                 ; 0       ;
;      - delay_line[198][12]           ; 1                 ; 0       ;
;      - delay_line_next[198][12]~1372 ; 1                 ; 0       ;
;      - delay_line[197][13]           ; 1                 ; 0       ;
;      - delay_line[198][13]           ; 1                 ; 0       ;
;      - delay_line_next[198][13]~1373 ; 1                 ; 0       ;
;      - delay_line[197][14]           ; 1                 ; 0       ;
;      - delay_line[198][14]           ; 1                 ; 0       ;
;      - delay_line_next[198][14]~1374 ; 1                 ; 0       ;
;      - delay_line[197][15]           ; 1                 ; 0       ;
;      - delay_line[198][15]           ; 1                 ; 0       ;
;      - delay_line_next[198][15]~1375 ; 1                 ; 0       ;
;      - delay_line[196][0]            ; 1                 ; 0       ;
;      - delay_line_next[197][0]~1376  ; 1                 ; 0       ;
;      - delay_line[196][1]            ; 1                 ; 0       ;
;      - delay_line_next[197][1]~1377  ; 1                 ; 0       ;
;      - delay_line[196][2]            ; 1                 ; 0       ;
;      - delay_line_next[197][2]~1378  ; 1                 ; 0       ;
;      - delay_line[196][3]            ; 1                 ; 0       ;
;      - delay_line_next[197][3]~1379  ; 1                 ; 0       ;
;      - delay_line[196][4]            ; 1                 ; 0       ;
;      - delay_line_next[197][4]~1380  ; 1                 ; 0       ;
;      - delay_line[196][5]            ; 1                 ; 0       ;
;      - delay_line_next[197][5]~1381  ; 1                 ; 0       ;
;      - delay_line[196][6]            ; 1                 ; 0       ;
;      - delay_line_next[197][6]~1382  ; 1                 ; 0       ;
;      - delay_line[196][7]            ; 1                 ; 0       ;
;      - delay_line_next[197][7]~1383  ; 1                 ; 0       ;
;      - delay_line[196][8]            ; 1                 ; 0       ;
;      - delay_line_next[197][8]~1384  ; 1                 ; 0       ;
;      - delay_line[196][9]            ; 1                 ; 0       ;
;      - delay_line_next[197][9]~1385  ; 1                 ; 0       ;
;      - delay_line[196][10]           ; 1                 ; 0       ;
;      - delay_line_next[197][10]~1386 ; 1                 ; 0       ;
;      - delay_line[196][11]           ; 1                 ; 0       ;
;      - delay_line_next[197][11]~1387 ; 1                 ; 0       ;
;      - delay_line[196][12]           ; 1                 ; 0       ;
;      - delay_line_next[197][12]~1388 ; 1                 ; 0       ;
;      - delay_line[196][13]           ; 1                 ; 0       ;
;      - delay_line_next[197][13]~1389 ; 1                 ; 0       ;
;      - delay_line[196][14]           ; 1                 ; 0       ;
;      - delay_line_next[197][14]~1390 ; 1                 ; 0       ;
;      - delay_line[196][15]           ; 1                 ; 0       ;
;      - delay_line_next[197][15]~1391 ; 1                 ; 0       ;
;      - delay_line[189][0]            ; 1                 ; 0       ;
;      - delay_line_next[189][0]~1392  ; 1                 ; 0       ;
;      - delay_line[189][1]            ; 1                 ; 0       ;
;      - delay_line_next[189][1]~1393  ; 1                 ; 0       ;
;      - delay_line[189][2]            ; 1                 ; 0       ;
;      - delay_line_next[189][2]~1394  ; 1                 ; 0       ;
;      - delay_line[189][3]            ; 1                 ; 0       ;
;      - delay_line_next[189][3]~1395  ; 1                 ; 0       ;
;      - delay_line[189][4]            ; 1                 ; 0       ;
;      - delay_line_next[189][4]~1396  ; 1                 ; 0       ;
;      - delay_line[189][5]            ; 1                 ; 0       ;
;      - delay_line_next[189][5]~1397  ; 1                 ; 0       ;
;      - delay_line[189][6]            ; 1                 ; 0       ;
;      - delay_line_next[189][6]~1398  ; 1                 ; 0       ;
;      - delay_line[189][7]            ; 1                 ; 0       ;
;      - delay_line_next[189][7]~1399  ; 1                 ; 0       ;
;      - delay_line[189][8]            ; 1                 ; 0       ;
;      - delay_line_next[189][8]~1400  ; 1                 ; 0       ;
;      - delay_line[189][9]            ; 1                 ; 0       ;
;      - delay_line_next[189][9]~1401  ; 1                 ; 0       ;
;      - delay_line[189][10]           ; 1                 ; 0       ;
;      - delay_line_next[189][10]~1402 ; 1                 ; 0       ;
;      - delay_line[189][11]           ; 1                 ; 0       ;
;      - delay_line_next[189][11]~1403 ; 1                 ; 0       ;
;      - delay_line[189][12]           ; 1                 ; 0       ;
;      - delay_line_next[189][12]~1404 ; 1                 ; 0       ;
;      - delay_line[189][13]           ; 1                 ; 0       ;
;      - delay_line_next[189][13]~1405 ; 1                 ; 0       ;
;      - delay_line[189][14]           ; 1                 ; 0       ;
;      - delay_line_next[189][14]~1406 ; 1                 ; 0       ;
;      - delay_line[189][15]           ; 1                 ; 0       ;
;      - delay_line_next[189][15]~1407 ; 1                 ; 0       ;
;      - delay_line_next[177][0]~1408  ; 1                 ; 0       ;
;      - delay_line_next[177][1]~1409  ; 1                 ; 0       ;
;      - delay_line_next[177][2]~1410  ; 1                 ; 0       ;
;      - delay_line_next[177][3]~1411  ; 1                 ; 0       ;
;      - delay_line_next[177][4]~1412  ; 1                 ; 0       ;
;      - delay_line_next[177][5]~1413  ; 1                 ; 0       ;
;      - delay_line_next[177][6]~1414  ; 1                 ; 0       ;
;      - delay_line_next[177][7]~1415  ; 1                 ; 0       ;
;      - delay_line_next[177][8]~1416  ; 1                 ; 0       ;
;      - delay_line_next[177][9]~1417  ; 1                 ; 0       ;
;      - delay_line_next[177][10]~1418 ; 1                 ; 0       ;
;      - delay_line_next[177][11]~1419 ; 1                 ; 0       ;
;      - delay_line_next[177][12]~1420 ; 1                 ; 0       ;
;      - delay_line_next[177][13]~1421 ; 1                 ; 0       ;
;      - delay_line_next[177][14]~1422 ; 1                 ; 0       ;
;      - delay_line_next[177][15]~1423 ; 1                 ; 0       ;
;      - delay_line[174][0]            ; 1                 ; 0       ;
;      - delay_line_next[175][0]~1424  ; 1                 ; 0       ;
;      - delay_line[174][1]            ; 1                 ; 0       ;
;      - delay_line_next[175][1]~1425  ; 1                 ; 0       ;
;      - delay_line[174][2]            ; 1                 ; 0       ;
;      - delay_line_next[175][2]~1426  ; 1                 ; 0       ;
;      - delay_line[174][3]            ; 1                 ; 0       ;
;      - delay_line_next[175][3]~1427  ; 1                 ; 0       ;
;      - delay_line[174][4]            ; 1                 ; 0       ;
;      - delay_line_next[175][4]~1428  ; 1                 ; 0       ;
;      - delay_line[174][5]            ; 1                 ; 0       ;
;      - delay_line_next[175][5]~1429  ; 1                 ; 0       ;
;      - delay_line[174][6]            ; 1                 ; 0       ;
;      - delay_line_next[175][6]~1430  ; 1                 ; 0       ;
;      - delay_line[174][7]            ; 1                 ; 0       ;
;      - delay_line_next[175][7]~1431  ; 1                 ; 0       ;
;      - delay_line[174][8]            ; 1                 ; 0       ;
;      - delay_line_next[175][8]~1432  ; 1                 ; 0       ;
;      - delay_line[174][9]            ; 1                 ; 0       ;
;      - delay_line_next[175][9]~1433  ; 1                 ; 0       ;
;      - delay_line[174][10]           ; 1                 ; 0       ;
;      - delay_line_next[175][10]~1434 ; 1                 ; 0       ;
;      - delay_line[174][11]           ; 1                 ; 0       ;
;      - delay_line_next[175][11]~1435 ; 1                 ; 0       ;
;      - delay_line[174][12]           ; 1                 ; 0       ;
;      - delay_line_next[175][12]~1436 ; 1                 ; 0       ;
;      - delay_line[174][13]           ; 1                 ; 0       ;
;      - delay_line_next[175][13]~1437 ; 1                 ; 0       ;
;      - delay_line[174][14]           ; 1                 ; 0       ;
;      - delay_line_next[175][14]~1438 ; 1                 ; 0       ;
;      - delay_line[174][15]           ; 1                 ; 0       ;
;      - delay_line_next[175][15]~1439 ; 1                 ; 0       ;
;      - delay_line[173][0]            ; 1                 ; 0       ;
;      - delay_line_next[174][0]~1440  ; 1                 ; 0       ;
;      - delay_line[173][1]            ; 1                 ; 0       ;
;      - delay_line_next[174][1]~1441  ; 1                 ; 0       ;
;      - delay_line[173][2]            ; 1                 ; 0       ;
;      - delay_line_next[174][2]~1442  ; 1                 ; 0       ;
;      - delay_line[173][3]            ; 1                 ; 0       ;
;      - delay_line_next[174][3]~1443  ; 1                 ; 0       ;
;      - delay_line[173][4]            ; 1                 ; 0       ;
;      - delay_line_next[174][4]~1444  ; 1                 ; 0       ;
;      - delay_line[173][5]            ; 1                 ; 0       ;
;      - delay_line_next[174][5]~1445  ; 1                 ; 0       ;
;      - delay_line[173][6]            ; 1                 ; 0       ;
;      - delay_line_next[174][6]~1446  ; 1                 ; 0       ;
;      - delay_line[173][7]            ; 1                 ; 0       ;
;      - delay_line_next[174][7]~1447  ; 1                 ; 0       ;
;      - delay_line[173][8]            ; 1                 ; 0       ;
;      - delay_line_next[174][8]~1448  ; 1                 ; 0       ;
;      - delay_line[173][9]            ; 1                 ; 0       ;
;      - delay_line_next[174][9]~1449  ; 1                 ; 0       ;
;      - delay_line[173][10]           ; 1                 ; 0       ;
;      - delay_line_next[174][10]~1450 ; 1                 ; 0       ;
;      - delay_line[173][11]           ; 1                 ; 0       ;
;      - delay_line_next[174][11]~1451 ; 1                 ; 0       ;
;      - delay_line[173][12]           ; 1                 ; 0       ;
;      - delay_line_next[174][12]~1452 ; 1                 ; 0       ;
;      - delay_line[173][13]           ; 1                 ; 0       ;
;      - delay_line_next[174][13]~1453 ; 1                 ; 0       ;
;      - delay_line[173][14]           ; 1                 ; 0       ;
;      - delay_line_next[174][14]~1454 ; 1                 ; 0       ;
;      - delay_line[173][15]           ; 1                 ; 0       ;
;      - delay_line_next[174][15]~1455 ; 1                 ; 0       ;
;      - delay_line_next[173][0]~1456  ; 1                 ; 0       ;
;      - delay_line_next[173][1]~1457  ; 1                 ; 0       ;
;      - delay_line_next[173][2]~1458  ; 1                 ; 0       ;
;      - delay_line_next[173][3]~1459  ; 1                 ; 0       ;
;      - delay_line_next[173][4]~1460  ; 1                 ; 0       ;
;      - delay_line_next[173][5]~1461  ; 1                 ; 0       ;
;      - delay_line_next[173][6]~1462  ; 1                 ; 0       ;
;      - delay_line_next[173][7]~1463  ; 1                 ; 0       ;
;      - delay_line_next[173][8]~1464  ; 1                 ; 0       ;
;      - delay_line_next[173][9]~1465  ; 1                 ; 0       ;
;      - delay_line_next[173][10]~1466 ; 1                 ; 0       ;
;      - delay_line_next[173][11]~1467 ; 1                 ; 0       ;
;      - delay_line_next[173][12]~1468 ; 1                 ; 0       ;
;      - delay_line_next[173][13]~1469 ; 1                 ; 0       ;
;      - delay_line_next[173][14]~1470 ; 1                 ; 0       ;
;      - delay_line_next[173][15]~1471 ; 1                 ; 0       ;
;      - delay_line[170][0]            ; 1                 ; 0       ;
;      - delay_line_next[171][0]~1472  ; 1                 ; 0       ;
;      - delay_line[170][1]            ; 1                 ; 0       ;
;      - delay_line_next[171][1]~1473  ; 1                 ; 0       ;
;      - delay_line[170][2]            ; 1                 ; 0       ;
;      - delay_line_next[171][2]~1474  ; 1                 ; 0       ;
;      - delay_line[170][3]            ; 1                 ; 0       ;
;      - delay_line_next[171][3]~1475  ; 1                 ; 0       ;
;      - delay_line[170][4]            ; 1                 ; 0       ;
;      - delay_line_next[171][4]~1476  ; 1                 ; 0       ;
;      - delay_line[170][5]            ; 1                 ; 0       ;
;      - delay_line_next[171][5]~1477  ; 1                 ; 0       ;
;      - delay_line[170][6]            ; 1                 ; 0       ;
;      - delay_line_next[171][6]~1478  ; 1                 ; 0       ;
;      - delay_line[170][7]            ; 1                 ; 0       ;
;      - delay_line_next[171][7]~1479  ; 1                 ; 0       ;
;      - delay_line[170][8]            ; 1                 ; 0       ;
;      - delay_line_next[171][8]~1480  ; 1                 ; 0       ;
;      - delay_line[170][9]            ; 1                 ; 0       ;
;      - delay_line_next[171][9]~1481  ; 1                 ; 0       ;
;      - delay_line[170][10]           ; 1                 ; 0       ;
;      - delay_line_next[171][10]~1482 ; 1                 ; 0       ;
;      - delay_line[170][11]           ; 1                 ; 0       ;
;      - delay_line_next[171][11]~1483 ; 1                 ; 0       ;
;      - delay_line[170][12]           ; 1                 ; 0       ;
;      - delay_line_next[171][12]~1484 ; 1                 ; 0       ;
;      - delay_line[170][13]           ; 1                 ; 0       ;
;      - delay_line_next[171][13]~1485 ; 1                 ; 0       ;
;      - delay_line[170][14]           ; 1                 ; 0       ;
;      - delay_line_next[171][14]~1486 ; 1                 ; 0       ;
;      - delay_line[170][15]           ; 1                 ; 0       ;
;      - delay_line_next[171][15]~1487 ; 1                 ; 0       ;
;      - delay_line[165][0]            ; 1                 ; 0       ;
;      - delay_line_next[166][0]~1488  ; 1                 ; 0       ;
;      - delay_line[165][1]            ; 1                 ; 0       ;
;      - delay_line_next[166][1]~1489  ; 1                 ; 0       ;
;      - delay_line[165][2]            ; 1                 ; 0       ;
;      - delay_line_next[166][2]~1490  ; 1                 ; 0       ;
;      - delay_line[165][3]            ; 1                 ; 0       ;
;      - delay_line_next[166][3]~1491  ; 1                 ; 0       ;
;      - delay_line[165][4]            ; 1                 ; 0       ;
;      - delay_line_next[166][4]~1492  ; 1                 ; 0       ;
;      - delay_line[165][5]            ; 1                 ; 0       ;
;      - delay_line_next[166][5]~1493  ; 1                 ; 0       ;
;      - delay_line[165][6]            ; 1                 ; 0       ;
;      - delay_line_next[166][6]~1494  ; 1                 ; 0       ;
;      - delay_line[165][7]            ; 1                 ; 0       ;
;      - delay_line_next[166][7]~1495  ; 1                 ; 0       ;
;      - delay_line[165][8]            ; 1                 ; 0       ;
;      - delay_line_next[166][8]~1496  ; 1                 ; 0       ;
;      - delay_line[165][9]            ; 1                 ; 0       ;
;      - delay_line_next[166][9]~1497  ; 1                 ; 0       ;
;      - delay_line[165][10]           ; 1                 ; 0       ;
;      - delay_line_next[166][10]~1498 ; 1                 ; 0       ;
;      - delay_line[165][11]           ; 1                 ; 0       ;
;      - delay_line_next[166][11]~1499 ; 1                 ; 0       ;
;      - delay_line[165][12]           ; 1                 ; 0       ;
;      - delay_line_next[166][12]~1500 ; 1                 ; 0       ;
;      - delay_line[165][13]           ; 1                 ; 0       ;
;      - delay_line_next[166][13]~1501 ; 1                 ; 0       ;
;      - delay_line[165][14]           ; 1                 ; 0       ;
;      - delay_line_next[166][14]~1502 ; 1                 ; 0       ;
;      - delay_line[165][15]           ; 1                 ; 0       ;
;      - delay_line_next[166][15]~1503 ; 1                 ; 0       ;
;      - delay_line[163][0]            ; 1                 ; 0       ;
;      - delay_line_next[163][0]~1504  ; 1                 ; 0       ;
;      - delay_line[163][1]            ; 1                 ; 0       ;
;      - delay_line_next[163][1]~1505  ; 1                 ; 0       ;
;      - delay_line[163][2]            ; 1                 ; 0       ;
;      - delay_line_next[163][2]~1506  ; 1                 ; 0       ;
;      - delay_line[163][3]            ; 1                 ; 0       ;
;      - delay_line_next[163][3]~1507  ; 1                 ; 0       ;
;      - delay_line[163][4]            ; 1                 ; 0       ;
;      - delay_line_next[163][4]~1508  ; 1                 ; 0       ;
;      - delay_line[163][5]            ; 1                 ; 0       ;
;      - delay_line_next[163][5]~1509  ; 1                 ; 0       ;
;      - delay_line[163][6]            ; 1                 ; 0       ;
;      - delay_line_next[163][6]~1510  ; 1                 ; 0       ;
;      - delay_line[163][7]            ; 1                 ; 0       ;
;      - delay_line_next[163][7]~1511  ; 1                 ; 0       ;
;      - delay_line[163][8]            ; 1                 ; 0       ;
;      - delay_line_next[163][8]~1512  ; 1                 ; 0       ;
;      - delay_line[163][9]            ; 1                 ; 0       ;
;      - delay_line_next[163][9]~1513  ; 1                 ; 0       ;
;      - delay_line[163][10]           ; 1                 ; 0       ;
;      - delay_line_next[163][10]~1514 ; 1                 ; 0       ;
;      - delay_line[163][11]           ; 1                 ; 0       ;
;      - delay_line_next[163][11]~1515 ; 1                 ; 0       ;
;      - delay_line[163][12]           ; 1                 ; 0       ;
;      - delay_line_next[163][12]~1516 ; 1                 ; 0       ;
;      - delay_line[163][13]           ; 1                 ; 0       ;
;      - delay_line_next[163][13]~1517 ; 1                 ; 0       ;
;      - delay_line[163][14]           ; 1                 ; 0       ;
;      - delay_line_next[163][14]~1518 ; 1                 ; 0       ;
;      - delay_line[163][15]           ; 1                 ; 0       ;
;      - delay_line_next[163][15]~1519 ; 1                 ; 0       ;
;      - delay_line[152][0]            ; 1                 ; 0       ;
;      - delay_line[153][0]            ; 1                 ; 0       ;
;      - delay_line_next[153][0]~1520  ; 1                 ; 0       ;
;      - delay_line[152][1]            ; 1                 ; 0       ;
;      - delay_line[153][1]            ; 1                 ; 0       ;
;      - delay_line_next[153][1]~1521  ; 1                 ; 0       ;
;      - delay_line[152][2]            ; 1                 ; 0       ;
;      - delay_line[153][2]            ; 1                 ; 0       ;
;      - delay_line_next[153][2]~1522  ; 1                 ; 0       ;
;      - delay_line[152][3]            ; 1                 ; 0       ;
;      - delay_line[153][3]            ; 1                 ; 0       ;
;      - delay_line_next[153][3]~1523  ; 1                 ; 0       ;
;      - delay_line[152][4]            ; 1                 ; 0       ;
;      - delay_line[153][4]            ; 1                 ; 0       ;
;      - delay_line_next[153][4]~1524  ; 1                 ; 0       ;
;      - delay_line[152][5]            ; 1                 ; 0       ;
;      - delay_line[153][5]            ; 1                 ; 0       ;
;      - delay_line_next[153][5]~1525  ; 1                 ; 0       ;
;      - delay_line[152][6]            ; 1                 ; 0       ;
;      - delay_line[153][6]            ; 1                 ; 0       ;
;      - delay_line_next[153][6]~1526  ; 1                 ; 0       ;
;      - delay_line[152][7]            ; 1                 ; 0       ;
;      - delay_line[153][7]            ; 1                 ; 0       ;
;      - delay_line_next[153][7]~1527  ; 1                 ; 0       ;
;      - delay_line[152][8]            ; 1                 ; 0       ;
;      - delay_line[153][8]            ; 1                 ; 0       ;
;      - delay_line_next[153][8]~1528  ; 1                 ; 0       ;
;      - delay_line[152][9]            ; 1                 ; 0       ;
;      - delay_line[153][9]            ; 1                 ; 0       ;
;      - delay_line_next[153][9]~1529  ; 1                 ; 0       ;
;      - delay_line[152][10]           ; 1                 ; 0       ;
;      - delay_line[153][10]           ; 1                 ; 0       ;
;      - delay_line_next[153][10]~1530 ; 1                 ; 0       ;
;      - delay_line[152][11]           ; 1                 ; 0       ;
;      - delay_line[153][11]           ; 1                 ; 0       ;
;      - delay_line_next[153][11]~1531 ; 1                 ; 0       ;
;      - delay_line[152][12]           ; 1                 ; 0       ;
;      - delay_line[153][12]           ; 1                 ; 0       ;
;      - delay_line_next[153][12]~1532 ; 1                 ; 0       ;
;      - delay_line[152][13]           ; 1                 ; 0       ;
;      - delay_line[153][13]           ; 1                 ; 0       ;
;      - delay_line_next[153][13]~1533 ; 1                 ; 0       ;
;      - delay_line[152][14]           ; 1                 ; 0       ;
;      - delay_line[153][14]           ; 1                 ; 0       ;
;      - delay_line_next[153][14]~1534 ; 1                 ; 0       ;
;      - delay_line[152][15]           ; 1                 ; 0       ;
;      - delay_line[153][15]           ; 1                 ; 0       ;
;      - delay_line_next[153][15]~1535 ; 1                 ; 0       ;
;      - delay_line[137][0]            ; 1                 ; 0       ;
;      - delay_line[138][0]            ; 1                 ; 0       ;
;      - delay_line_next[138][0]~1536  ; 1                 ; 0       ;
;      - delay_line[137][1]            ; 1                 ; 0       ;
;      - delay_line[138][1]            ; 1                 ; 0       ;
;      - delay_line_next[138][1]~1537  ; 1                 ; 0       ;
;      - delay_line[137][2]            ; 1                 ; 0       ;
;      - delay_line[138][2]            ; 1                 ; 0       ;
;      - delay_line_next[138][2]~1538  ; 1                 ; 0       ;
;      - delay_line[137][3]            ; 1                 ; 0       ;
;      - delay_line[138][3]            ; 1                 ; 0       ;
;      - delay_line_next[138][3]~1539  ; 1                 ; 0       ;
;      - delay_line[137][4]            ; 1                 ; 0       ;
;      - delay_line[138][4]            ; 1                 ; 0       ;
;      - delay_line_next[138][4]~1540  ; 1                 ; 0       ;
;      - delay_line[137][5]            ; 1                 ; 0       ;
;      - delay_line[138][5]            ; 1                 ; 0       ;
;      - delay_line_next[138][5]~1541  ; 1                 ; 0       ;
;      - delay_line[137][6]            ; 1                 ; 0       ;
;      - delay_line[138][6]            ; 1                 ; 0       ;
;      - delay_line_next[138][6]~1542  ; 1                 ; 0       ;
;      - delay_line[137][7]            ; 1                 ; 0       ;
;      - delay_line[138][7]            ; 1                 ; 0       ;
;      - delay_line_next[138][7]~1543  ; 1                 ; 0       ;
;      - delay_line[137][8]            ; 1                 ; 0       ;
;      - delay_line[138][8]            ; 1                 ; 0       ;
;      - delay_line_next[138][8]~1544  ; 1                 ; 0       ;
;      - delay_line[137][9]            ; 1                 ; 0       ;
;      - delay_line[138][9]            ; 1                 ; 0       ;
;      - delay_line_next[138][9]~1545  ; 1                 ; 0       ;
;      - delay_line[137][10]           ; 1                 ; 0       ;
;      - delay_line[138][10]           ; 1                 ; 0       ;
;      - delay_line_next[138][10]~1546 ; 1                 ; 0       ;
;      - delay_line[137][11]           ; 1                 ; 0       ;
;      - delay_line[138][11]           ; 1                 ; 0       ;
;      - delay_line_next[138][11]~1547 ; 1                 ; 0       ;
;      - delay_line[137][12]           ; 1                 ; 0       ;
;      - delay_line[138][12]           ; 1                 ; 0       ;
;      - delay_line_next[138][12]~1548 ; 1                 ; 0       ;
;      - delay_line[137][13]           ; 1                 ; 0       ;
;      - delay_line[138][13]           ; 1                 ; 0       ;
;      - delay_line_next[138][13]~1549 ; 1                 ; 0       ;
;      - delay_line[137][14]           ; 1                 ; 0       ;
;      - delay_line[138][14]           ; 1                 ; 0       ;
;      - delay_line_next[138][14]~1550 ; 1                 ; 0       ;
;      - delay_line[137][15]           ; 1                 ; 0       ;
;      - delay_line[138][15]           ; 1                 ; 0       ;
;      - delay_line_next[138][15]~1551 ; 1                 ; 0       ;
;      - delay_line[71][0]             ; 1                 ; 0       ;
;      - delay_line[72][0]             ; 1                 ; 0       ;
;      - delay_line_next[72][0]~1552   ; 1                 ; 0       ;
;      - delay_line[71][1]             ; 1                 ; 0       ;
;      - delay_line[72][1]             ; 1                 ; 0       ;
;      - delay_line_next[72][1]~1553   ; 1                 ; 0       ;
;      - delay_line[71][2]             ; 1                 ; 0       ;
;      - delay_line[72][2]             ; 1                 ; 0       ;
;      - delay_line_next[72][2]~1554   ; 1                 ; 0       ;
;      - delay_line[71][3]             ; 1                 ; 0       ;
;      - delay_line[72][3]             ; 1                 ; 0       ;
;      - delay_line_next[72][3]~1555   ; 1                 ; 0       ;
;      - delay_line[71][4]             ; 1                 ; 0       ;
;      - delay_line[72][4]             ; 1                 ; 0       ;
;      - delay_line_next[72][4]~1556   ; 1                 ; 0       ;
;      - delay_line[71][5]             ; 1                 ; 0       ;
;      - delay_line[72][5]             ; 1                 ; 0       ;
;      - delay_line_next[72][5]~1557   ; 1                 ; 0       ;
;      - delay_line[71][6]             ; 1                 ; 0       ;
;      - delay_line[72][6]             ; 1                 ; 0       ;
;      - delay_line_next[72][6]~1558   ; 1                 ; 0       ;
;      - delay_line[71][7]             ; 1                 ; 0       ;
;      - delay_line[72][7]             ; 1                 ; 0       ;
;      - delay_line_next[72][7]~1559   ; 1                 ; 0       ;
;      - delay_line[71][8]             ; 1                 ; 0       ;
;      - delay_line[72][8]             ; 1                 ; 0       ;
;      - delay_line_next[72][8]~1560   ; 1                 ; 0       ;
;      - delay_line[71][9]             ; 1                 ; 0       ;
;      - delay_line[72][9]             ; 1                 ; 0       ;
;      - delay_line_next[72][9]~1561   ; 1                 ; 0       ;
;      - delay_line[71][10]            ; 1                 ; 0       ;
;      - delay_line[72][10]            ; 1                 ; 0       ;
;      - delay_line_next[72][10]~1562  ; 1                 ; 0       ;
;      - delay_line[71][11]            ; 1                 ; 0       ;
;      - delay_line[72][11]            ; 1                 ; 0       ;
;      - delay_line_next[72][11]~1563  ; 1                 ; 0       ;
;      - delay_line[71][12]            ; 1                 ; 0       ;
;      - delay_line[72][12]            ; 1                 ; 0       ;
;      - delay_line_next[72][12]~1564  ; 1                 ; 0       ;
;      - delay_line[71][13]            ; 1                 ; 0       ;
;      - delay_line[72][13]            ; 1                 ; 0       ;
;      - delay_line_next[72][13]~1565  ; 1                 ; 0       ;
;      - delay_line[71][14]            ; 1                 ; 0       ;
;      - delay_line[72][14]            ; 1                 ; 0       ;
;      - delay_line_next[72][14]~1566  ; 1                 ; 0       ;
;      - delay_line[71][15]            ; 1                 ; 0       ;
;      - delay_line[72][15]            ; 1                 ; 0       ;
;      - delay_line_next[72][15]~1567  ; 1                 ; 0       ;
;      - delay_line[56][0]             ; 1                 ; 0       ;
;      - delay_line[57][0]             ; 1                 ; 0       ;
;      - delay_line_next[57][0]~1568   ; 1                 ; 0       ;
;      - delay_line[56][1]             ; 1                 ; 0       ;
;      - delay_line[57][1]             ; 1                 ; 0       ;
;      - delay_line_next[57][1]~1569   ; 1                 ; 0       ;
;      - delay_line[56][2]             ; 1                 ; 0       ;
;      - delay_line[57][2]             ; 1                 ; 0       ;
;      - delay_line_next[57][2]~1570   ; 1                 ; 0       ;
;      - delay_line[56][3]             ; 1                 ; 0       ;
;      - delay_line[57][3]             ; 1                 ; 0       ;
;      - delay_line_next[57][3]~1571   ; 1                 ; 0       ;
;      - delay_line[56][4]             ; 1                 ; 0       ;
;      - delay_line[57][4]             ; 1                 ; 0       ;
;      - delay_line_next[57][4]~1572   ; 1                 ; 0       ;
;      - delay_line[56][5]             ; 1                 ; 0       ;
;      - delay_line[57][5]             ; 1                 ; 0       ;
;      - delay_line_next[57][5]~1573   ; 1                 ; 0       ;
;      - delay_line[56][6]             ; 1                 ; 0       ;
;      - delay_line[57][6]             ; 1                 ; 0       ;
;      - delay_line_next[57][6]~1574   ; 1                 ; 0       ;
;      - delay_line[56][7]             ; 1                 ; 0       ;
;      - delay_line[57][7]             ; 1                 ; 0       ;
;      - delay_line_next[57][7]~1575   ; 1                 ; 0       ;
;      - delay_line[56][8]             ; 1                 ; 0       ;
;      - delay_line[57][8]             ; 1                 ; 0       ;
;      - delay_line_next[57][8]~1576   ; 1                 ; 0       ;
;      - delay_line[56][9]             ; 1                 ; 0       ;
;      - delay_line[57][9]             ; 1                 ; 0       ;
;      - delay_line_next[57][9]~1577   ; 1                 ; 0       ;
;      - delay_line[56][10]            ; 1                 ; 0       ;
;      - delay_line[57][10]            ; 1                 ; 0       ;
;      - delay_line_next[57][10]~1578  ; 1                 ; 0       ;
;      - delay_line[56][11]            ; 1                 ; 0       ;
;      - delay_line[57][11]            ; 1                 ; 0       ;
;      - delay_line_next[57][11]~1579  ; 1                 ; 0       ;
;      - delay_line[56][12]            ; 1                 ; 0       ;
;      - delay_line[57][12]            ; 1                 ; 0       ;
;      - delay_line_next[57][12]~1580  ; 1                 ; 0       ;
;      - delay_line[56][13]            ; 1                 ; 0       ;
;      - delay_line[57][13]            ; 1                 ; 0       ;
;      - delay_line_next[57][13]~1581  ; 1                 ; 0       ;
;      - delay_line[56][14]            ; 1                 ; 0       ;
;      - delay_line[57][14]            ; 1                 ; 0       ;
;      - delay_line_next[57][14]~1582  ; 1                 ; 0       ;
;      - delay_line[56][15]            ; 1                 ; 0       ;
;      - delay_line[57][15]            ; 1                 ; 0       ;
;      - delay_line_next[57][15]~1583  ; 1                 ; 0       ;
;      - delay_line_next[47][0]~1584   ; 1                 ; 0       ;
;      - delay_line_next[47][1]~1585   ; 1                 ; 0       ;
;      - delay_line_next[47][2]~1586   ; 1                 ; 0       ;
;      - delay_line_next[47][3]~1587   ; 1                 ; 0       ;
;      - delay_line_next[47][4]~1588   ; 1                 ; 0       ;
;      - delay_line_next[47][5]~1589   ; 1                 ; 0       ;
;      - delay_line_next[47][6]~1590   ; 1                 ; 0       ;
;      - delay_line_next[47][7]~1591   ; 1                 ; 0       ;
;      - delay_line_next[47][8]~1592   ; 1                 ; 0       ;
;      - delay_line_next[47][9]~1593   ; 1                 ; 0       ;
;      - delay_line_next[47][10]~1594  ; 1                 ; 0       ;
;      - delay_line_next[47][11]~1595  ; 1                 ; 0       ;
;      - delay_line_next[47][12]~1596  ; 1                 ; 0       ;
;      - delay_line_next[47][13]~1597  ; 1                 ; 0       ;
;      - delay_line_next[47][14]~1598  ; 1                 ; 0       ;
;      - delay_line_next[47][15]~1599  ; 1                 ; 0       ;
;      - delay_line_next[44][0]~1600   ; 1                 ; 0       ;
;      - delay_line_next[44][1]~1601   ; 1                 ; 0       ;
;      - delay_line_next[44][2]~1602   ; 1                 ; 0       ;
;      - delay_line_next[44][3]~1603   ; 1                 ; 0       ;
;      - delay_line_next[44][4]~1604   ; 1                 ; 0       ;
;      - delay_line_next[44][5]~1605   ; 1                 ; 0       ;
;      - delay_line_next[44][6]~1606   ; 1                 ; 0       ;
;      - delay_line_next[44][7]~1607   ; 1                 ; 0       ;
;      - delay_line_next[44][8]~1608   ; 1                 ; 0       ;
;      - delay_line_next[44][9]~1609   ; 1                 ; 0       ;
;      - delay_line_next[44][10]~1610  ; 1                 ; 0       ;
;      - delay_line_next[44][11]~1611  ; 1                 ; 0       ;
;      - delay_line_next[44][12]~1612  ; 1                 ; 0       ;
;      - delay_line_next[44][13]~1613  ; 1                 ; 0       ;
;      - delay_line_next[44][14]~1614  ; 1                 ; 0       ;
;      - delay_line_next[44][15]~1615  ; 1                 ; 0       ;
;      - delay_line_next[39][0]~1616   ; 1                 ; 0       ;
;      - delay_line_next[39][1]~1617   ; 1                 ; 0       ;
;      - delay_line_next[39][2]~1618   ; 1                 ; 0       ;
;      - delay_line_next[39][3]~1619   ; 1                 ; 0       ;
;      - delay_line_next[39][4]~1620   ; 1                 ; 0       ;
;      - delay_line_next[39][5]~1621   ; 1                 ; 0       ;
;      - delay_line_next[39][6]~1622   ; 1                 ; 0       ;
;      - delay_line_next[39][7]~1623   ; 1                 ; 0       ;
;      - delay_line_next[39][8]~1624   ; 1                 ; 0       ;
;      - delay_line_next[39][9]~1625   ; 1                 ; 0       ;
;      - delay_line_next[39][10]~1626  ; 1                 ; 0       ;
;      - delay_line_next[39][11]~1627  ; 1                 ; 0       ;
;      - delay_line_next[39][12]~1628  ; 1                 ; 0       ;
;      - delay_line_next[39][13]~1629  ; 1                 ; 0       ;
;      - delay_line_next[39][14]~1630  ; 1                 ; 0       ;
;      - delay_line_next[39][15]~1631  ; 1                 ; 0       ;
;      - delay_line[36][0]             ; 1                 ; 0       ;
;      - delay_line_next[37][0]~1632   ; 1                 ; 0       ;
;      - delay_line[36][1]             ; 1                 ; 0       ;
;      - delay_line_next[37][1]~1633   ; 1                 ; 0       ;
;      - delay_line[36][2]             ; 1                 ; 0       ;
;      - delay_line_next[37][2]~1634   ; 1                 ; 0       ;
;      - delay_line[36][3]             ; 1                 ; 0       ;
;      - delay_line_next[37][3]~1635   ; 1                 ; 0       ;
;      - delay_line[36][4]             ; 1                 ; 0       ;
;      - delay_line_next[37][4]~1636   ; 1                 ; 0       ;
;      - delay_line[36][5]             ; 1                 ; 0       ;
;      - delay_line_next[37][5]~1637   ; 1                 ; 0       ;
;      - delay_line[36][6]             ; 1                 ; 0       ;
;      - delay_line_next[37][6]~1638   ; 1                 ; 0       ;
;      - delay_line[36][7]             ; 1                 ; 0       ;
;      - delay_line_next[37][7]~1639   ; 1                 ; 0       ;
;      - delay_line[36][8]             ; 1                 ; 0       ;
;      - delay_line_next[37][8]~1640   ; 1                 ; 0       ;
;      - delay_line[36][9]             ; 1                 ; 0       ;
;      - delay_line_next[37][9]~1641   ; 1                 ; 0       ;
;      - delay_line[36][10]            ; 1                 ; 0       ;
;      - delay_line_next[37][10]~1642  ; 1                 ; 0       ;
;      - delay_line[36][11]            ; 1                 ; 0       ;
;      - delay_line_next[37][11]~1643  ; 1                 ; 0       ;
;      - delay_line[36][12]            ; 1                 ; 0       ;
;      - delay_line_next[37][12]~1644  ; 1                 ; 0       ;
;      - delay_line[36][13]            ; 1                 ; 0       ;
;      - delay_line_next[37][13]~1645  ; 1                 ; 0       ;
;      - delay_line[36][14]            ; 1                 ; 0       ;
;      - delay_line_next[37][14]~1646  ; 1                 ; 0       ;
;      - delay_line[36][15]            ; 1                 ; 0       ;
;      - delay_line_next[37][15]~1647  ; 1                 ; 0       ;
;      - delay_line[35][0]             ; 1                 ; 0       ;
;      - delay_line_next[36][0]~1648   ; 1                 ; 0       ;
;      - delay_line[35][1]             ; 1                 ; 0       ;
;      - delay_line_next[36][1]~1649   ; 1                 ; 0       ;
;      - delay_line[35][2]             ; 1                 ; 0       ;
;      - delay_line_next[36][2]~1650   ; 1                 ; 0       ;
;      - delay_line[35][3]             ; 1                 ; 0       ;
;      - delay_line_next[36][3]~1651   ; 1                 ; 0       ;
;      - delay_line[35][4]             ; 1                 ; 0       ;
;      - delay_line_next[36][4]~1652   ; 1                 ; 0       ;
;      - delay_line[35][5]             ; 1                 ; 0       ;
;      - delay_line_next[36][5]~1653   ; 1                 ; 0       ;
;      - delay_line[35][6]             ; 1                 ; 0       ;
;      - delay_line_next[36][6]~1654   ; 1                 ; 0       ;
;      - delay_line[35][7]             ; 1                 ; 0       ;
;      - delay_line_next[36][7]~1655   ; 1                 ; 0       ;
;      - delay_line[35][8]             ; 1                 ; 0       ;
;      - delay_line_next[36][8]~1656   ; 1                 ; 0       ;
;      - delay_line[35][9]             ; 1                 ; 0       ;
;      - delay_line_next[36][9]~1657   ; 1                 ; 0       ;
;      - delay_line[35][10]            ; 1                 ; 0       ;
;      - delay_line_next[36][10]~1658  ; 1                 ; 0       ;
;      - delay_line[35][11]            ; 1                 ; 0       ;
;      - delay_line_next[36][11]~1659  ; 1                 ; 0       ;
;      - delay_line[35][12]            ; 1                 ; 0       ;
;      - delay_line_next[36][12]~1660  ; 1                 ; 0       ;
;      - delay_line[35][13]            ; 1                 ; 0       ;
;      - delay_line_next[36][13]~1661  ; 1                 ; 0       ;
;      - delay_line[35][14]            ; 1                 ; 0       ;
;      - delay_line_next[36][14]~1662  ; 1                 ; 0       ;
;      - delay_line[35][15]            ; 1                 ; 0       ;
;      - delay_line_next[36][15]~1663  ; 1                 ; 0       ;
;      - delay_line[34][0]             ; 1                 ; 0       ;
;      - delay_line_next[35][0]~1664   ; 1                 ; 0       ;
;      - delay_line[34][1]             ; 1                 ; 0       ;
;      - delay_line_next[35][1]~1665   ; 1                 ; 0       ;
;      - delay_line[34][2]             ; 1                 ; 0       ;
;      - delay_line_next[35][2]~1666   ; 1                 ; 0       ;
;      - delay_line[34][3]             ; 1                 ; 0       ;
;      - delay_line_next[35][3]~1667   ; 1                 ; 0       ;
;      - delay_line[34][4]             ; 1                 ; 0       ;
;      - delay_line_next[35][4]~1668   ; 1                 ; 0       ;
;      - delay_line[34][5]             ; 1                 ; 0       ;
;      - delay_line_next[35][5]~1669   ; 1                 ; 0       ;
;      - delay_line[34][6]             ; 1                 ; 0       ;
;      - delay_line_next[35][6]~1670   ; 1                 ; 0       ;
;      - delay_line[34][7]             ; 1                 ; 0       ;
;      - delay_line_next[35][7]~1671   ; 1                 ; 0       ;
;      - delay_line[34][8]             ; 1                 ; 0       ;
;      - delay_line_next[35][8]~1672   ; 1                 ; 0       ;
;      - delay_line[34][9]             ; 1                 ; 0       ;
;      - delay_line_next[35][9]~1673   ; 1                 ; 0       ;
;      - delay_line[34][10]            ; 1                 ; 0       ;
;      - delay_line_next[35][10]~1674  ; 1                 ; 0       ;
;      - delay_line[34][11]            ; 1                 ; 0       ;
;      - delay_line_next[35][11]~1675  ; 1                 ; 0       ;
;      - delay_line[34][12]            ; 1                 ; 0       ;
;      - delay_line_next[35][12]~1676  ; 1                 ; 0       ;
;      - delay_line[34][13]            ; 1                 ; 0       ;
;      - delay_line_next[35][13]~1677  ; 1                 ; 0       ;
;      - delay_line[34][14]            ; 1                 ; 0       ;
;      - delay_line_next[35][14]~1678  ; 1                 ; 0       ;
;      - delay_line[34][15]            ; 1                 ; 0       ;
;      - delay_line_next[35][15]~1679  ; 1                 ; 0       ;
;      - delay_line[33][0]             ; 1                 ; 0       ;
;      - delay_line_next[33][0]~1680   ; 1                 ; 0       ;
;      - delay_line[33][1]             ; 1                 ; 0       ;
;      - delay_line_next[33][1]~1681   ; 1                 ; 0       ;
;      - delay_line[33][2]             ; 1                 ; 0       ;
;      - delay_line_next[33][2]~1682   ; 1                 ; 0       ;
;      - delay_line[33][3]             ; 1                 ; 0       ;
;      - delay_line_next[33][3]~1683   ; 1                 ; 0       ;
;      - delay_line[33][4]             ; 1                 ; 0       ;
;      - delay_line_next[33][4]~1684   ; 1                 ; 0       ;
;      - delay_line[33][5]             ; 1                 ; 0       ;
;      - delay_line_next[33][5]~1685   ; 1                 ; 0       ;
;      - delay_line[33][6]             ; 1                 ; 0       ;
;      - delay_line_next[33][6]~1686   ; 1                 ; 0       ;
;      - delay_line[33][7]             ; 1                 ; 0       ;
;      - delay_line_next[33][7]~1687   ; 1                 ; 0       ;
;      - delay_line[33][8]             ; 1                 ; 0       ;
;      - delay_line_next[33][8]~1688   ; 1                 ; 0       ;
;      - delay_line[33][9]             ; 1                 ; 0       ;
;      - delay_line_next[33][9]~1689   ; 1                 ; 0       ;
;      - delay_line[33][10]            ; 1                 ; 0       ;
;      - delay_line_next[33][10]~1690  ; 1                 ; 0       ;
;      - delay_line[33][11]            ; 1                 ; 0       ;
;      - delay_line_next[33][11]~1691  ; 1                 ; 0       ;
;      - delay_line[33][12]            ; 1                 ; 0       ;
;      - delay_line_next[33][12]~1692  ; 1                 ; 0       ;
;      - delay_line[33][13]            ; 1                 ; 0       ;
;      - delay_line_next[33][13]~1693  ; 1                 ; 0       ;
;      - delay_line[33][14]            ; 1                 ; 0       ;
;      - delay_line_next[33][14]~1694  ; 1                 ; 0       ;
;      - delay_line[33][15]            ; 1                 ; 0       ;
;      - delay_line_next[33][15]~1695  ; 1                 ; 0       ;
;      - delay_line[4][0]              ; 1                 ; 0       ;
;      - delay_line_next[5][0]~1696    ; 1                 ; 0       ;
;      - delay_line[4][1]              ; 1                 ; 0       ;
;      - delay_line_next[5][1]~1697    ; 1                 ; 0       ;
;      - delay_line[4][2]              ; 1                 ; 0       ;
;      - delay_line_next[5][2]~1698    ; 1                 ; 0       ;
;      - delay_line[4][3]              ; 1                 ; 0       ;
;      - delay_line_next[5][3]~1699    ; 1                 ; 0       ;
;      - delay_line[4][4]              ; 1                 ; 0       ;
;      - delay_line_next[5][4]~1700    ; 1                 ; 0       ;
;      - delay_line[4][5]              ; 1                 ; 0       ;
;      - delay_line_next[5][5]~1701    ; 1                 ; 0       ;
;      - delay_line[4][6]              ; 1                 ; 0       ;
;      - delay_line_next[5][6]~1702    ; 1                 ; 0       ;
;      - delay_line[4][7]              ; 1                 ; 0       ;
;      - delay_line_next[5][7]~1703    ; 1                 ; 0       ;
;      - delay_line[4][8]              ; 1                 ; 0       ;
;      - delay_line_next[5][8]~1704    ; 1                 ; 0       ;
;      - delay_line[4][9]              ; 1                 ; 0       ;
;      - delay_line_next[5][9]~1705    ; 1                 ; 0       ;
;      - delay_line[4][10]             ; 1                 ; 0       ;
;      - delay_line_next[5][10]~1706   ; 1                 ; 0       ;
;      - delay_line[4][11]             ; 1                 ; 0       ;
;      - delay_line_next[5][11]~1707   ; 1                 ; 0       ;
;      - delay_line[4][12]             ; 1                 ; 0       ;
;      - delay_line_next[5][12]~1708   ; 1                 ; 0       ;
;      - delay_line[4][13]             ; 1                 ; 0       ;
;      - delay_line_next[5][13]~1709   ; 1                 ; 0       ;
;      - delay_line[4][14]             ; 1                 ; 0       ;
;      - delay_line_next[5][14]~1710   ; 1                 ; 0       ;
;      - delay_line[4][15]             ; 1                 ; 0       ;
;      - delay_line_next[5][15]~1711   ; 1                 ; 0       ;
;      - delay_line_next[4][0]~1712    ; 1                 ; 0       ;
;      - delay_line_next[4][1]~1713    ; 1                 ; 0       ;
;      - delay_line_next[4][2]~1714    ; 1                 ; 0       ;
;      - delay_line_next[4][3]~1715    ; 1                 ; 0       ;
;      - delay_line_next[4][4]~1716    ; 1                 ; 0       ;
;      - delay_line_next[4][5]~1717    ; 1                 ; 0       ;
;      - delay_line_next[4][6]~1718    ; 1                 ; 0       ;
;      - delay_line_next[4][7]~1719    ; 1                 ; 0       ;
;      - delay_line_next[4][8]~1720    ; 1                 ; 0       ;
;      - delay_line_next[4][9]~1721    ; 1                 ; 0       ;
;      - delay_line_next[4][10]~1722   ; 1                 ; 0       ;
;      - delay_line_next[4][11]~1723   ; 1                 ; 0       ;
;      - delay_line_next[4][12]~1724   ; 1                 ; 0       ;
;      - delay_line_next[4][13]~1725   ; 1                 ; 0       ;
;      - delay_line_next[4][14]~1726   ; 1                 ; 0       ;
;      - delay_line_next[4][15]~1727   ; 1                 ; 0       ;
;      - delay_line[206][0]            ; 1                 ; 0       ;
;      - delay_line_next[207][0]~1728  ; 1                 ; 0       ;
;      - delay_line[206][1]            ; 1                 ; 0       ;
;      - delay_line_next[207][1]~1729  ; 1                 ; 0       ;
;      - delay_line[206][2]            ; 1                 ; 0       ;
;      - delay_line_next[207][2]~1730  ; 1                 ; 0       ;
;      - delay_line[206][3]            ; 1                 ; 0       ;
;      - delay_line_next[207][3]~1731  ; 1                 ; 0       ;
;      - delay_line[206][4]            ; 1                 ; 0       ;
;      - delay_line_next[207][4]~1732  ; 1                 ; 0       ;
;      - delay_line[206][5]            ; 1                 ; 0       ;
;      - delay_line_next[207][5]~1733  ; 1                 ; 0       ;
;      - delay_line[206][6]            ; 1                 ; 0       ;
;      - delay_line_next[207][6]~1734  ; 1                 ; 0       ;
;      - delay_line[206][7]            ; 1                 ; 0       ;
;      - delay_line_next[207][7]~1735  ; 1                 ; 0       ;
;      - delay_line[206][8]            ; 1                 ; 0       ;
;      - delay_line_next[207][8]~1736  ; 1                 ; 0       ;
;      - delay_line[206][9]            ; 1                 ; 0       ;
;      - delay_line_next[207][9]~1737  ; 1                 ; 0       ;
;      - delay_line[206][10]           ; 1                 ; 0       ;
;      - delay_line_next[207][10]~1738 ; 1                 ; 0       ;
;      - delay_line[206][11]           ; 1                 ; 0       ;
;      - delay_line_next[207][11]~1739 ; 1                 ; 0       ;
;      - delay_line[206][12]           ; 1                 ; 0       ;
;      - delay_line_next[207][12]~1740 ; 1                 ; 0       ;
;      - delay_line[206][13]           ; 1                 ; 0       ;
;      - delay_line_next[207][13]~1741 ; 1                 ; 0       ;
;      - delay_line[206][14]           ; 1                 ; 0       ;
;      - delay_line_next[207][14]~1742 ; 1                 ; 0       ;
;      - delay_line[206][15]           ; 1                 ; 0       ;
;      - delay_line_next[207][15]~1743 ; 1                 ; 0       ;
;      - delay_line[22][0]             ; 1                 ; 0       ;
;      - delay_line_next[22][0]~1744   ; 1                 ; 0       ;
;      - delay_line[22][1]             ; 1                 ; 0       ;
;      - delay_line_next[22][1]~1745   ; 1                 ; 0       ;
;      - delay_line[22][2]             ; 1                 ; 0       ;
;      - delay_line_next[22][2]~1746   ; 1                 ; 0       ;
;      - delay_line[22][3]             ; 1                 ; 0       ;
;      - delay_line_next[22][3]~1747   ; 1                 ; 0       ;
;      - delay_line[22][4]             ; 1                 ; 0       ;
;      - delay_line_next[22][4]~1748   ; 1                 ; 0       ;
;      - delay_line[22][5]             ; 1                 ; 0       ;
;      - delay_line_next[22][5]~1749   ; 1                 ; 0       ;
;      - delay_line[22][6]             ; 1                 ; 0       ;
;      - delay_line_next[22][6]~1750   ; 1                 ; 0       ;
;      - delay_line[22][7]             ; 1                 ; 0       ;
;      - delay_line_next[22][7]~1751   ; 1                 ; 0       ;
;      - delay_line[22][8]             ; 1                 ; 0       ;
;      - delay_line_next[22][8]~1752   ; 1                 ; 0       ;
;      - delay_line[22][9]             ; 1                 ; 0       ;
;      - delay_line_next[22][9]~1753   ; 1                 ; 0       ;
;      - delay_line[22][10]            ; 1                 ; 0       ;
;      - delay_line_next[22][10]~1754  ; 1                 ; 0       ;
;      - delay_line[22][11]            ; 1                 ; 0       ;
;      - delay_line_next[22][11]~1755  ; 1                 ; 0       ;
;      - delay_line[22][12]            ; 1                 ; 0       ;
;      - delay_line_next[22][12]~1756  ; 1                 ; 0       ;
;      - delay_line[22][13]            ; 1                 ; 0       ;
;      - delay_line_next[22][13]~1757  ; 1                 ; 0       ;
;      - delay_line[22][14]            ; 1                 ; 0       ;
;      - delay_line_next[22][14]~1758  ; 1                 ; 0       ;
;      - delay_line[22][15]            ; 1                 ; 0       ;
;      - delay_line_next[22][15]~1759  ; 1                 ; 0       ;
;      - delay_line[205][0]            ; 1                 ; 0       ;
;      - delay_line_next[206][0]~1760  ; 1                 ; 0       ;
;      - delay_line[205][1]            ; 1                 ; 0       ;
;      - delay_line_next[206][1]~1761  ; 1                 ; 0       ;
;      - delay_line[205][2]            ; 1                 ; 0       ;
;      - delay_line_next[206][2]~1762  ; 1                 ; 0       ;
;      - delay_line[205][3]            ; 1                 ; 0       ;
;      - delay_line_next[206][3]~1763  ; 1                 ; 0       ;
;      - delay_line[205][4]            ; 1                 ; 0       ;
;      - delay_line_next[206][4]~1764  ; 1                 ; 0       ;
;      - delay_line[205][5]            ; 1                 ; 0       ;
;      - delay_line_next[206][5]~1765  ; 1                 ; 0       ;
;      - delay_line[205][6]            ; 1                 ; 0       ;
;      - delay_line_next[206][6]~1766  ; 1                 ; 0       ;
;      - delay_line[205][7]            ; 1                 ; 0       ;
;      - delay_line_next[206][7]~1767  ; 1                 ; 0       ;
;      - delay_line[205][8]            ; 1                 ; 0       ;
;      - delay_line_next[206][8]~1768  ; 1                 ; 0       ;
;      - delay_line[205][9]            ; 1                 ; 0       ;
;      - delay_line_next[206][9]~1769  ; 1                 ; 0       ;
;      - delay_line[205][10]           ; 1                 ; 0       ;
;      - delay_line_next[206][10]~1770 ; 1                 ; 0       ;
;      - delay_line[205][11]           ; 1                 ; 0       ;
;      - delay_line_next[206][11]~1771 ; 1                 ; 0       ;
;      - delay_line[205][12]           ; 1                 ; 0       ;
;      - delay_line_next[206][12]~1772 ; 1                 ; 0       ;
;      - delay_line[205][13]           ; 1                 ; 0       ;
;      - delay_line_next[206][13]~1773 ; 1                 ; 0       ;
;      - delay_line[205][14]           ; 1                 ; 0       ;
;      - delay_line_next[206][14]~1774 ; 1                 ; 0       ;
;      - delay_line[205][15]           ; 1                 ; 0       ;
;      - delay_line_next[206][15]~1775 ; 1                 ; 0       ;
;      - delay_line[204][0]            ; 1                 ; 0       ;
;      - delay_line_next[205][0]~1776  ; 1                 ; 0       ;
;      - delay_line[204][1]            ; 1                 ; 0       ;
;      - delay_line_next[205][1]~1777  ; 1                 ; 0       ;
;      - delay_line[204][2]            ; 1                 ; 0       ;
;      - delay_line_next[205][2]~1778  ; 1                 ; 0       ;
;      - delay_line[204][3]            ; 1                 ; 0       ;
;      - delay_line_next[205][3]~1779  ; 1                 ; 0       ;
;      - delay_line[204][4]            ; 1                 ; 0       ;
;      - delay_line_next[205][4]~1780  ; 1                 ; 0       ;
;      - delay_line[204][5]            ; 1                 ; 0       ;
;      - delay_line_next[205][5]~1781  ; 1                 ; 0       ;
;      - delay_line[204][6]            ; 1                 ; 0       ;
;      - delay_line_next[205][6]~1782  ; 1                 ; 0       ;
;      - delay_line[204][7]            ; 1                 ; 0       ;
;      - delay_line_next[205][7]~1783  ; 1                 ; 0       ;
;      - delay_line[204][8]            ; 1                 ; 0       ;
;      - delay_line_next[205][8]~1784  ; 1                 ; 0       ;
;      - delay_line[204][9]            ; 1                 ; 0       ;
;      - delay_line_next[205][9]~1785  ; 1                 ; 0       ;
;      - delay_line[204][10]           ; 1                 ; 0       ;
;      - delay_line_next[205][10]~1786 ; 1                 ; 0       ;
;      - delay_line[204][11]           ; 1                 ; 0       ;
;      - delay_line_next[205][11]~1787 ; 1                 ; 0       ;
;      - delay_line[204][12]           ; 1                 ; 0       ;
;      - delay_line_next[205][12]~1788 ; 1                 ; 0       ;
;      - delay_line[204][13]           ; 1                 ; 0       ;
;      - delay_line_next[205][13]~1789 ; 1                 ; 0       ;
;      - delay_line[204][14]           ; 1                 ; 0       ;
;      - delay_line_next[205][14]~1790 ; 1                 ; 0       ;
;      - delay_line[204][15]           ; 1                 ; 0       ;
;      - delay_line_next[205][15]~1791 ; 1                 ; 0       ;
;      - delay_line[203][0]            ; 1                 ; 0       ;
;      - delay_line_next[204][0]~1792  ; 1                 ; 0       ;
;      - delay_line[203][1]            ; 1                 ; 0       ;
;      - delay_line_next[204][1]~1793  ; 1                 ; 0       ;
;      - delay_line[203][2]            ; 1                 ; 0       ;
;      - delay_line_next[204][2]~1794  ; 1                 ; 0       ;
;      - delay_line[203][3]            ; 1                 ; 0       ;
;      - delay_line_next[204][3]~1795  ; 1                 ; 0       ;
;      - delay_line[203][4]            ; 1                 ; 0       ;
;      - delay_line_next[204][4]~1796  ; 1                 ; 0       ;
;      - delay_line[203][5]            ; 1                 ; 0       ;
;      - delay_line_next[204][5]~1797  ; 1                 ; 0       ;
;      - delay_line[203][6]            ; 1                 ; 0       ;
;      - delay_line_next[204][6]~1798  ; 1                 ; 0       ;
;      - delay_line[203][7]            ; 1                 ; 0       ;
;      - delay_line_next[204][7]~1799  ; 1                 ; 0       ;
;      - delay_line[203][8]            ; 1                 ; 0       ;
;      - delay_line_next[204][8]~1800  ; 1                 ; 0       ;
;      - delay_line[203][9]            ; 1                 ; 0       ;
;      - delay_line_next[204][9]~1801  ; 1                 ; 0       ;
;      - delay_line[203][10]           ; 1                 ; 0       ;
;      - delay_line_next[204][10]~1802 ; 1                 ; 0       ;
;      - delay_line[203][11]           ; 1                 ; 0       ;
;      - delay_line_next[204][11]~1803 ; 1                 ; 0       ;
;      - delay_line[203][12]           ; 1                 ; 0       ;
;      - delay_line_next[204][12]~1804 ; 1                 ; 0       ;
;      - delay_line[203][13]           ; 1                 ; 0       ;
;      - delay_line_next[204][13]~1805 ; 1                 ; 0       ;
;      - delay_line[203][14]           ; 1                 ; 0       ;
;      - delay_line_next[204][14]~1806 ; 1                 ; 0       ;
;      - delay_line[203][15]           ; 1                 ; 0       ;
;      - delay_line_next[204][15]~1807 ; 1                 ; 0       ;
;      - delay_line[202][0]            ; 1                 ; 0       ;
;      - delay_line_next[203][0]~1808  ; 1                 ; 0       ;
;      - delay_line[202][1]            ; 1                 ; 0       ;
;      - delay_line_next[203][1]~1809  ; 1                 ; 0       ;
;      - delay_line[202][2]            ; 1                 ; 0       ;
;      - delay_line_next[203][2]~1810  ; 1                 ; 0       ;
;      - delay_line[202][3]            ; 1                 ; 0       ;
;      - delay_line_next[203][3]~1811  ; 1                 ; 0       ;
;      - delay_line[202][4]            ; 1                 ; 0       ;
;      - delay_line_next[203][4]~1812  ; 1                 ; 0       ;
;      - delay_line[202][5]            ; 1                 ; 0       ;
;      - delay_line_next[203][5]~1813  ; 1                 ; 0       ;
;      - delay_line[202][6]            ; 1                 ; 0       ;
;      - delay_line_next[203][6]~1814  ; 1                 ; 0       ;
;      - delay_line[202][7]            ; 1                 ; 0       ;
;      - delay_line_next[203][7]~1815  ; 1                 ; 0       ;
;      - delay_line[202][8]            ; 1                 ; 0       ;
;      - delay_line_next[203][8]~1816  ; 1                 ; 0       ;
;      - delay_line[202][9]            ; 1                 ; 0       ;
;      - delay_line_next[203][9]~1817  ; 1                 ; 0       ;
;      - delay_line[202][10]           ; 1                 ; 0       ;
;      - delay_line_next[203][10]~1818 ; 1                 ; 0       ;
;      - delay_line[202][11]           ; 1                 ; 0       ;
;      - delay_line_next[203][11]~1819 ; 1                 ; 0       ;
;      - delay_line[202][12]           ; 1                 ; 0       ;
;      - delay_line_next[203][12]~1820 ; 1                 ; 0       ;
;      - delay_line[202][13]           ; 1                 ; 0       ;
;      - delay_line_next[203][13]~1821 ; 1                 ; 0       ;
;      - delay_line[202][14]           ; 1                 ; 0       ;
;      - delay_line_next[203][14]~1822 ; 1                 ; 0       ;
;      - delay_line[202][15]           ; 1                 ; 0       ;
;      - delay_line_next[203][15]~1823 ; 1                 ; 0       ;
;      - delay_line[199][0]            ; 1                 ; 0       ;
;      - delay_line_next[199][0]~1824  ; 1                 ; 0       ;
;      - delay_line[199][1]            ; 1                 ; 0       ;
;      - delay_line_next[199][1]~1825  ; 1                 ; 0       ;
;      - delay_line[199][2]            ; 1                 ; 0       ;
;      - delay_line_next[199][2]~1826  ; 1                 ; 0       ;
;      - delay_line[199][3]            ; 1                 ; 0       ;
;      - delay_line_next[199][3]~1827  ; 1                 ; 0       ;
;      - delay_line[199][4]            ; 1                 ; 0       ;
;      - delay_line_next[199][4]~1828  ; 1                 ; 0       ;
;      - delay_line[199][5]            ; 1                 ; 0       ;
;      - delay_line_next[199][5]~1829  ; 1                 ; 0       ;
;      - delay_line[199][6]            ; 1                 ; 0       ;
;      - delay_line_next[199][6]~1830  ; 1                 ; 0       ;
;      - delay_line[199][7]            ; 1                 ; 0       ;
;      - delay_line_next[199][7]~1831  ; 1                 ; 0       ;
;      - delay_line[199][8]            ; 1                 ; 0       ;
;      - delay_line_next[199][8]~1832  ; 1                 ; 0       ;
;      - delay_line[199][9]            ; 1                 ; 0       ;
;      - delay_line_next[199][9]~1833  ; 1                 ; 0       ;
;      - delay_line[199][10]           ; 1                 ; 0       ;
;      - delay_line_next[199][10]~1834 ; 1                 ; 0       ;
;      - delay_line[199][11]           ; 1                 ; 0       ;
;      - delay_line_next[199][11]~1835 ; 1                 ; 0       ;
;      - delay_line[199][12]           ; 1                 ; 0       ;
;      - delay_line_next[199][12]~1836 ; 1                 ; 0       ;
;      - delay_line[199][13]           ; 1                 ; 0       ;
;      - delay_line_next[199][13]~1837 ; 1                 ; 0       ;
;      - delay_line[199][14]           ; 1                 ; 0       ;
;      - delay_line_next[199][14]~1838 ; 1                 ; 0       ;
;      - delay_line[199][15]           ; 1                 ; 0       ;
;      - delay_line_next[199][15]~1839 ; 1                 ; 0       ;
;      - delay_line[26][0]             ; 1                 ; 0       ;
;      - delay_line_next[27][0]~1840   ; 1                 ; 0       ;
;      - delay_line[26][1]             ; 1                 ; 0       ;
;      - delay_line_next[27][1]~1841   ; 1                 ; 0       ;
;      - delay_line[26][2]             ; 1                 ; 0       ;
;      - delay_line_next[27][2]~1842   ; 1                 ; 0       ;
;      - delay_line[26][3]             ; 1                 ; 0       ;
;      - delay_line_next[27][3]~1843   ; 1                 ; 0       ;
;      - delay_line[26][4]             ; 1                 ; 0       ;
;      - delay_line_next[27][4]~1844   ; 1                 ; 0       ;
;      - delay_line[26][5]             ; 1                 ; 0       ;
;      - delay_line_next[27][5]~1845   ; 1                 ; 0       ;
;      - delay_line[26][6]             ; 1                 ; 0       ;
;      - delay_line_next[27][6]~1846   ; 1                 ; 0       ;
;      - delay_line[26][7]             ; 1                 ; 0       ;
;      - delay_line_next[27][7]~1847   ; 1                 ; 0       ;
;      - delay_line[26][8]             ; 1                 ; 0       ;
;      - delay_line_next[27][8]~1848   ; 1                 ; 0       ;
;      - delay_line[26][9]             ; 1                 ; 0       ;
;      - delay_line_next[27][9]~1849   ; 1                 ; 0       ;
;      - delay_line[26][10]            ; 1                 ; 0       ;
;      - delay_line_next[27][10]~1850  ; 1                 ; 0       ;
;      - delay_line[26][11]            ; 1                 ; 0       ;
;      - delay_line_next[27][11]~1851  ; 1                 ; 0       ;
;      - delay_line[26][12]            ; 1                 ; 0       ;
;      - delay_line_next[27][12]~1852  ; 1                 ; 0       ;
;      - delay_line[26][13]            ; 1                 ; 0       ;
;      - delay_line_next[27][13]~1853  ; 1                 ; 0       ;
;      - delay_line[26][14]            ; 1                 ; 0       ;
;      - delay_line_next[27][14]~1854  ; 1                 ; 0       ;
;      - delay_line[26][15]            ; 1                 ; 0       ;
;      - delay_line_next[27][15]~1855  ; 1                 ; 0       ;
;      - delay_line_next[26][0]~1856   ; 1                 ; 0       ;
;      - delay_line_next[26][1]~1857   ; 1                 ; 0       ;
;      - delay_line_next[26][2]~1858   ; 1                 ; 0       ;
;      - delay_line_next[26][3]~1859   ; 1                 ; 0       ;
;      - delay_line_next[26][4]~1860   ; 1                 ; 0       ;
;      - delay_line_next[26][5]~1861   ; 1                 ; 0       ;
;      - delay_line_next[26][6]~1862   ; 1                 ; 0       ;
;      - delay_line_next[26][7]~1863   ; 1                 ; 0       ;
;      - delay_line_next[26][8]~1864   ; 1                 ; 0       ;
;      - delay_line_next[26][9]~1865   ; 1                 ; 0       ;
;      - delay_line_next[26][10]~1866  ; 1                 ; 0       ;
;      - delay_line_next[26][11]~1867  ; 1                 ; 0       ;
;      - delay_line_next[26][12]~1868  ; 1                 ; 0       ;
;      - delay_line_next[26][13]~1869  ; 1                 ; 0       ;
;      - delay_line_next[26][14]~1870  ; 1                 ; 0       ;
;      - delay_line_next[26][15]~1871  ; 1                 ; 0       ;
;      - delay_line[23][0]             ; 1                 ; 0       ;
;      - delay_line_next[23][0]~1872   ; 1                 ; 0       ;
;      - delay_line[23][1]             ; 1                 ; 0       ;
;      - delay_line_next[23][1]~1873   ; 1                 ; 0       ;
;      - delay_line[23][2]             ; 1                 ; 0       ;
;      - delay_line_next[23][2]~1874   ; 1                 ; 0       ;
;      - delay_line[23][3]             ; 1                 ; 0       ;
;      - delay_line_next[23][3]~1875   ; 1                 ; 0       ;
;      - delay_line[23][4]             ; 1                 ; 0       ;
;      - delay_line_next[23][4]~1876   ; 1                 ; 0       ;
;      - delay_line[23][5]             ; 1                 ; 0       ;
;      - delay_line_next[23][5]~1877   ; 1                 ; 0       ;
;      - delay_line[23][6]             ; 1                 ; 0       ;
;      - delay_line_next[23][6]~1878   ; 1                 ; 0       ;
;      - delay_line[23][7]             ; 1                 ; 0       ;
;      - delay_line_next[23][7]~1879   ; 1                 ; 0       ;
;      - delay_line[23][8]             ; 1                 ; 0       ;
;      - delay_line_next[23][8]~1880   ; 1                 ; 0       ;
;      - delay_line[23][9]             ; 1                 ; 0       ;
;      - delay_line_next[23][9]~1881   ; 1                 ; 0       ;
;      - delay_line[23][10]            ; 1                 ; 0       ;
;      - delay_line_next[23][10]~1882  ; 1                 ; 0       ;
;      - delay_line[23][11]            ; 1                 ; 0       ;
;      - delay_line_next[23][11]~1883  ; 1                 ; 0       ;
;      - delay_line[23][12]            ; 1                 ; 0       ;
;      - delay_line_next[23][12]~1884  ; 1                 ; 0       ;
;      - delay_line[23][13]            ; 1                 ; 0       ;
;      - delay_line_next[23][13]~1885  ; 1                 ; 0       ;
;      - delay_line[23][14]            ; 1                 ; 0       ;
;      - delay_line_next[23][14]~1886  ; 1                 ; 0       ;
;      - delay_line_next[23][15]~1887  ; 1                 ; 0       ;
;      - delay_line_next[202][0]~1888  ; 1                 ; 0       ;
;      - delay_line_next[202][1]~1889  ; 1                 ; 0       ;
;      - delay_line_next[202][2]~1890  ; 1                 ; 0       ;
;      - delay_line_next[202][3]~1891  ; 1                 ; 0       ;
;      - delay_line_next[202][4]~1892  ; 1                 ; 0       ;
;      - delay_line_next[202][5]~1893  ; 1                 ; 0       ;
;      - delay_line_next[202][6]~1894  ; 1                 ; 0       ;
;      - delay_line_next[202][7]~1895  ; 1                 ; 0       ;
;      - delay_line_next[202][8]~1896  ; 1                 ; 0       ;
;      - delay_line_next[202][9]~1897  ; 1                 ; 0       ;
;      - delay_line_next[202][10]~1898 ; 1                 ; 0       ;
;      - delay_line_next[202][11]~1899 ; 1                 ; 0       ;
;      - delay_line_next[202][12]~1900 ; 1                 ; 0       ;
;      - delay_line_next[202][13]~1901 ; 1                 ; 0       ;
;      - delay_line_next[202][14]~1902 ; 1                 ; 0       ;
;      - delay_line_next[202][15]~1903 ; 1                 ; 0       ;
;      - delay_line_next[200][0]~1904  ; 1                 ; 0       ;
;      - delay_line_next[200][1]~1905  ; 1                 ; 0       ;
;      - delay_line_next[200][2]~1906  ; 1                 ; 0       ;
;      - delay_line_next[200][3]~1907  ; 1                 ; 0       ;
;      - delay_line_next[200][4]~1908  ; 1                 ; 0       ;
;      - delay_line_next[200][5]~1909  ; 1                 ; 0       ;
;      - delay_line_next[200][6]~1910  ; 1                 ; 0       ;
;      - delay_line_next[200][7]~1911  ; 1                 ; 0       ;
;      - delay_line_next[200][8]~1912  ; 1                 ; 0       ;
;      - delay_line_next[200][9]~1913  ; 1                 ; 0       ;
;      - delay_line_next[200][10]~1914 ; 1                 ; 0       ;
;      - delay_line_next[200][11]~1915 ; 1                 ; 0       ;
;      - delay_line_next[200][12]~1916 ; 1                 ; 0       ;
;      - delay_line_next[200][13]~1917 ; 1                 ; 0       ;
;      - delay_line_next[200][14]~1918 ; 1                 ; 0       ;
;      - delay_line_next[200][15]~1919 ; 1                 ; 0       ;
;      - delay_line_next[196][0]~1920  ; 1                 ; 0       ;
;      - delay_line_next[196][1]~1921  ; 1                 ; 0       ;
;      - delay_line_next[196][2]~1922  ; 1                 ; 0       ;
;      - delay_line_next[196][3]~1923  ; 1                 ; 0       ;
;      - delay_line_next[196][4]~1924  ; 1                 ; 0       ;
;      - delay_line_next[196][5]~1925  ; 1                 ; 0       ;
;      - delay_line_next[196][6]~1926  ; 1                 ; 0       ;
;      - delay_line_next[196][7]~1927  ; 1                 ; 0       ;
;      - delay_line_next[196][8]~1928  ; 1                 ; 0       ;
;      - delay_line_next[196][9]~1929  ; 1                 ; 0       ;
;      - delay_line_next[196][10]~1930 ; 1                 ; 0       ;
;      - delay_line_next[196][11]~1931 ; 1                 ; 0       ;
;      - delay_line_next[196][12]~1932 ; 1                 ; 0       ;
;      - delay_line_next[196][13]~1933 ; 1                 ; 0       ;
;      - delay_line_next[196][14]~1934 ; 1                 ; 0       ;
;      - delay_line_next[196][15]~1935 ; 1                 ; 0       ;
;      - delay_line_next[190][0]~1936  ; 1                 ; 0       ;
;      - delay_line_next[190][1]~1937  ; 1                 ; 0       ;
;      - delay_line_next[190][2]~1938  ; 1                 ; 0       ;
;      - delay_line_next[190][3]~1939  ; 1                 ; 0       ;
;      - delay_line_next[190][4]~1940  ; 1                 ; 0       ;
;      - delay_line_next[190][5]~1941  ; 1                 ; 0       ;
;      - delay_line_next[190][6]~1942  ; 1                 ; 0       ;
;      - delay_line_next[190][7]~1943  ; 1                 ; 0       ;
;      - delay_line_next[190][8]~1944  ; 1                 ; 0       ;
;      - delay_line_next[190][9]~1945  ; 1                 ; 0       ;
;      - delay_line_next[190][10]~1946 ; 1                 ; 0       ;
;      - delay_line_next[190][11]~1947 ; 1                 ; 0       ;
;      - delay_line_next[190][12]~1948 ; 1                 ; 0       ;
;      - delay_line_next[190][13]~1949 ; 1                 ; 0       ;
;      - delay_line_next[190][14]~1950 ; 1                 ; 0       ;
;      - delay_line_next[190][15]~1951 ; 1                 ; 0       ;
;      - delay_line[185][0]            ; 1                 ; 0       ;
;      - delay_line_next[185][0]~1952  ; 1                 ; 0       ;
;      - delay_line[185][1]            ; 1                 ; 0       ;
;      - delay_line_next[185][1]~1953  ; 1                 ; 0       ;
;      - delay_line[185][2]            ; 1                 ; 0       ;
;      - delay_line_next[185][2]~1954  ; 1                 ; 0       ;
;      - delay_line[185][3]            ; 1                 ; 0       ;
;      - delay_line_next[185][3]~1955  ; 1                 ; 0       ;
;      - delay_line[185][4]            ; 1                 ; 0       ;
;      - delay_line_next[185][4]~1956  ; 1                 ; 0       ;
;      - delay_line[185][5]            ; 1                 ; 0       ;
;      - delay_line_next[185][5]~1957  ; 1                 ; 0       ;
;      - delay_line[185][6]            ; 1                 ; 0       ;
;      - delay_line_next[185][6]~1958  ; 1                 ; 0       ;
;      - delay_line[185][7]            ; 1                 ; 0       ;
;      - delay_line_next[185][7]~1959  ; 1                 ; 0       ;
;      - delay_line[185][8]            ; 1                 ; 0       ;
;      - delay_line_next[185][8]~1960  ; 1                 ; 0       ;
;      - delay_line[185][9]            ; 1                 ; 0       ;
;      - delay_line_next[185][9]~1961  ; 1                 ; 0       ;
;      - delay_line[185][10]           ; 1                 ; 0       ;
;      - delay_line_next[185][10]~1962 ; 1                 ; 0       ;
;      - delay_line[185][11]           ; 1                 ; 0       ;
;      - delay_line_next[185][11]~1963 ; 1                 ; 0       ;
;      - delay_line[185][12]           ; 1                 ; 0       ;
;      - delay_line_next[185][12]~1964 ; 1                 ; 0       ;
;      - delay_line[185][13]           ; 1                 ; 0       ;
;      - delay_line_next[185][13]~1965 ; 1                 ; 0       ;
;      - delay_line[185][14]           ; 1                 ; 0       ;
;      - delay_line_next[185][14]~1966 ; 1                 ; 0       ;
;      - delay_line_next[185][15]~1967 ; 1                 ; 0       ;
;      - delay_line_next[182][0]~1968  ; 1                 ; 0       ;
;      - delay_line_next[182][1]~1969  ; 1                 ; 0       ;
;      - delay_line_next[182][2]~1970  ; 1                 ; 0       ;
;      - delay_line_next[182][3]~1971  ; 1                 ; 0       ;
;      - delay_line_next[182][4]~1972  ; 1                 ; 0       ;
;      - delay_line_next[182][5]~1973  ; 1                 ; 0       ;
;      - delay_line_next[182][6]~1974  ; 1                 ; 0       ;
;      - delay_line_next[182][7]~1975  ; 1                 ; 0       ;
;      - delay_line_next[182][8]~1976  ; 1                 ; 0       ;
;      - delay_line_next[182][9]~1977  ; 1                 ; 0       ;
;      - delay_line_next[182][10]~1978 ; 1                 ; 0       ;
;      - delay_line_next[182][11]~1979 ; 1                 ; 0       ;
;      - delay_line_next[182][12]~1980 ; 1                 ; 0       ;
;      - delay_line_next[182][13]~1981 ; 1                 ; 0       ;
;      - delay_line_next[182][14]~1982 ; 1                 ; 0       ;
;      - delay_line_next[182][15]~1983 ; 1                 ; 0       ;
;      - delay_line[159][15]           ; 1                 ; 0       ;
;      - delay_line_next[160][15]~1984 ; 1                 ; 0       ;
;      - delay_line[90][0]             ; 1                 ; 0       ;
;      - delay_line_next[90][0]~1985   ; 1                 ; 0       ;
;      - delay_line[90][1]             ; 1                 ; 0       ;
;      - delay_line_next[90][1]~1986   ; 1                 ; 0       ;
;      - delay_line[90][2]             ; 1                 ; 0       ;
;      - delay_line_next[90][2]~1987   ; 1                 ; 0       ;
;      - delay_line[90][3]             ; 1                 ; 0       ;
;      - delay_line_next[90][3]~1988   ; 1                 ; 0       ;
;      - delay_line[90][4]             ; 1                 ; 0       ;
;      - delay_line_next[90][4]~1989   ; 1                 ; 0       ;
;      - delay_line[90][5]             ; 1                 ; 0       ;
;      - delay_line_next[90][5]~1990   ; 1                 ; 0       ;
;      - delay_line[90][6]             ; 1                 ; 0       ;
;      - delay_line_next[90][6]~1991   ; 1                 ; 0       ;
;      - delay_line[90][7]             ; 1                 ; 0       ;
;      - delay_line_next[90][7]~1992   ; 1                 ; 0       ;
;      - delay_line[90][8]             ; 1                 ; 0       ;
;      - delay_line_next[90][8]~1993   ; 1                 ; 0       ;
;      - delay_line[90][9]             ; 1                 ; 0       ;
;      - delay_line_next[90][9]~1994   ; 1                 ; 0       ;
;      - delay_line[90][10]            ; 1                 ; 0       ;
;      - delay_line_next[90][10]~1995  ; 1                 ; 0       ;
;      - delay_line[90][11]            ; 1                 ; 0       ;
;      - delay_line_next[90][11]~1996  ; 1                 ; 0       ;
;      - delay_line[90][12]            ; 1                 ; 0       ;
;      - delay_line_next[90][12]~1997  ; 1                 ; 0       ;
;      - delay_line[90][13]            ; 1                 ; 0       ;
;      - delay_line_next[90][13]~1998  ; 1                 ; 0       ;
;      - delay_line[90][14]            ; 1                 ; 0       ;
;      - delay_line_next[90][14]~1999  ; 1                 ; 0       ;
;      - delay_line[90][15]            ; 1                 ; 0       ;
;      - delay_line_next[90][15]~2000  ; 1                 ; 0       ;
;      - delay_line[86][0]             ; 1                 ; 0       ;
;      - delay_line_next[87][0]~2001   ; 1                 ; 0       ;
;      - delay_line[86][1]             ; 1                 ; 0       ;
;      - delay_line_next[87][1]~2002   ; 1                 ; 0       ;
;      - delay_line[86][2]             ; 1                 ; 0       ;
;      - delay_line_next[87][2]~2003   ; 1                 ; 0       ;
;      - delay_line[86][3]             ; 1                 ; 0       ;
;      - delay_line_next[87][3]~2004   ; 1                 ; 0       ;
;      - delay_line[86][4]             ; 1                 ; 0       ;
;      - delay_line_next[87][4]~2005   ; 1                 ; 0       ;
;      - delay_line[86][5]             ; 1                 ; 0       ;
;      - delay_line_next[87][5]~2006   ; 1                 ; 0       ;
;      - delay_line[86][6]             ; 1                 ; 0       ;
;      - delay_line_next[87][6]~2007   ; 1                 ; 0       ;
;      - delay_line[86][7]             ; 1                 ; 0       ;
;      - delay_line_next[87][7]~2008   ; 1                 ; 0       ;
;      - delay_line[86][8]             ; 1                 ; 0       ;
;      - delay_line_next[87][8]~2009   ; 1                 ; 0       ;
;      - delay_line[86][9]             ; 1                 ; 0       ;
;      - delay_line_next[87][9]~2010   ; 1                 ; 0       ;
;      - delay_line[86][10]            ; 1                 ; 0       ;
;      - delay_line_next[87][10]~2011  ; 1                 ; 0       ;
;      - delay_line[86][11]            ; 1                 ; 0       ;
;      - delay_line_next[87][11]~2012  ; 1                 ; 0       ;
;      - delay_line[86][12]            ; 1                 ; 0       ;
;      - delay_line_next[87][12]~2013  ; 1                 ; 0       ;
;      - delay_line[86][13]            ; 1                 ; 0       ;
;      - delay_line_next[87][13]~2014  ; 1                 ; 0       ;
;      - delay_line[86][14]            ; 1                 ; 0       ;
;      - delay_line_next[87][14]~2015  ; 1                 ; 0       ;
;      - delay_line[86][15]            ; 1                 ; 0       ;
;      - delay_line_next[87][15]~2016  ; 1                 ; 0       ;
;      - delay_line[79][0]             ; 1                 ; 0       ;
;      - delay_line[80][0]             ; 1                 ; 0       ;
;      - delay_line_next[80][0]~2017   ; 1                 ; 0       ;
;      - delay_line[79][1]             ; 1                 ; 0       ;
;      - delay_line[80][1]             ; 1                 ; 0       ;
;      - delay_line_next[80][1]~2018   ; 1                 ; 0       ;
;      - delay_line[79][2]             ; 1                 ; 0       ;
;      - delay_line[80][2]             ; 1                 ; 0       ;
;      - delay_line_next[80][2]~2019   ; 1                 ; 0       ;
;      - delay_line[79][3]             ; 1                 ; 0       ;
;      - delay_line[80][3]             ; 1                 ; 0       ;
;      - delay_line_next[80][3]~2020   ; 1                 ; 0       ;
;      - delay_line[79][4]             ; 1                 ; 0       ;
;      - delay_line[80][4]             ; 1                 ; 0       ;
;      - delay_line_next[80][4]~2021   ; 1                 ; 0       ;
;      - delay_line[79][5]             ; 1                 ; 0       ;
;      - delay_line[80][5]             ; 1                 ; 0       ;
;      - delay_line_next[80][5]~2022   ; 1                 ; 0       ;
;      - delay_line[79][6]             ; 1                 ; 0       ;
;      - delay_line[80][6]             ; 1                 ; 0       ;
;      - delay_line_next[80][6]~2023   ; 1                 ; 0       ;
;      - delay_line[79][7]             ; 1                 ; 0       ;
;      - delay_line[80][7]             ; 1                 ; 0       ;
;      - delay_line_next[80][7]~2024   ; 1                 ; 0       ;
;      - delay_line[79][8]             ; 1                 ; 0       ;
;      - delay_line[80][8]             ; 1                 ; 0       ;
;      - delay_line_next[80][8]~2025   ; 1                 ; 0       ;
;      - delay_line[79][9]             ; 1                 ; 0       ;
;      - delay_line[80][9]             ; 1                 ; 0       ;
;      - delay_line_next[80][9]~2026   ; 1                 ; 0       ;
;      - delay_line[79][10]            ; 1                 ; 0       ;
;      - delay_line[80][10]            ; 1                 ; 0       ;
;      - delay_line_next[80][10]~2027  ; 1                 ; 0       ;
;      - delay_line[79][11]            ; 1                 ; 0       ;
;      - delay_line[80][11]            ; 1                 ; 0       ;
;      - delay_line_next[80][11]~2028  ; 1                 ; 0       ;
;      - delay_line[79][12]            ; 1                 ; 0       ;
;      - delay_line[80][12]            ; 1                 ; 0       ;
;      - delay_line_next[80][12]~2029  ; 1                 ; 0       ;
;      - delay_line[79][13]            ; 1                 ; 0       ;
;      - delay_line[80][13]            ; 1                 ; 0       ;
;      - delay_line_next[80][13]~2030  ; 1                 ; 0       ;
;      - delay_line[79][14]            ; 1                 ; 0       ;
;      - delay_line[80][14]            ; 1                 ; 0       ;
;      - delay_line_next[80][14]~2031  ; 1                 ; 0       ;
;      - delay_line[79][15]            ; 1                 ; 0       ;
;      - delay_line[80][15]            ; 1                 ; 0       ;
;      - delay_line_next[80][15]~2032  ; 1                 ; 0       ;
;      - delay_line[131][0]            ; 1                 ; 0       ;
;      - delay_line[132][0]            ; 1                 ; 0       ;
;      - delay_line_next[132][0]~2033  ; 1                 ; 0       ;
;      - delay_line[131][1]            ; 1                 ; 0       ;
;      - delay_line[132][1]            ; 1                 ; 0       ;
;      - delay_line_next[132][1]~2034  ; 1                 ; 0       ;
;      - delay_line[131][2]            ; 1                 ; 0       ;
;      - delay_line[132][2]            ; 1                 ; 0       ;
;      - delay_line_next[132][2]~2035  ; 1                 ; 0       ;
;      - delay_line[131][3]            ; 1                 ; 0       ;
;      - delay_line[132][3]            ; 1                 ; 0       ;
;      - delay_line_next[132][3]~2036  ; 1                 ; 0       ;
;      - delay_line[131][4]            ; 1                 ; 0       ;
;      - delay_line[132][4]            ; 1                 ; 0       ;
;      - delay_line_next[132][4]~2037  ; 1                 ; 0       ;
;      - delay_line[131][5]            ; 1                 ; 0       ;
;      - delay_line[132][5]            ; 1                 ; 0       ;
;      - delay_line_next[132][5]~2038  ; 1                 ; 0       ;
;      - delay_line[131][6]            ; 1                 ; 0       ;
;      - delay_line[132][6]            ; 1                 ; 0       ;
;      - delay_line_next[132][6]~2039  ; 1                 ; 0       ;
;      - delay_line[131][7]            ; 1                 ; 0       ;
;      - delay_line[132][7]            ; 1                 ; 0       ;
;      - delay_line_next[132][7]~2040  ; 1                 ; 0       ;
;      - delay_line[131][8]            ; 1                 ; 0       ;
;      - delay_line[132][8]            ; 1                 ; 0       ;
;      - delay_line_next[132][8]~2041  ; 1                 ; 0       ;
;      - delay_line[131][9]            ; 1                 ; 0       ;
;      - delay_line[132][9]            ; 1                 ; 0       ;
;      - delay_line_next[132][9]~2042  ; 1                 ; 0       ;
;      - delay_line[131][10]           ; 1                 ; 0       ;
;      - delay_line[132][10]           ; 1                 ; 0       ;
;      - delay_line_next[132][10]~2043 ; 1                 ; 0       ;
;      - delay_line[131][11]           ; 1                 ; 0       ;
;      - delay_line[132][11]           ; 1                 ; 0       ;
;      - delay_line_next[132][11]~2044 ; 1                 ; 0       ;
;      - delay_line[131][12]           ; 1                 ; 0       ;
;      - delay_line[132][12]           ; 1                 ; 0       ;
;      - delay_line_next[132][12]~2045 ; 1                 ; 0       ;
;      - delay_line[131][13]           ; 1                 ; 0       ;
;      - delay_line[132][13]           ; 1                 ; 0       ;
;      - delay_line_next[132][13]~2046 ; 1                 ; 0       ;
;      - delay_line[131][14]           ; 1                 ; 0       ;
;      - delay_line[132][14]           ; 1                 ; 0       ;
;      - delay_line_next[132][14]~2047 ; 1                 ; 0       ;
;      - delay_line[131][15]           ; 1                 ; 0       ;
;      - delay_line[132][15]           ; 1                 ; 0       ;
;      - delay_line_next[132][15]~2048 ; 1                 ; 0       ;
;      - delay_line[130][0]            ; 1                 ; 0       ;
;      - delay_line_next[131][0]~2049  ; 1                 ; 0       ;
;      - delay_line[130][1]            ; 1                 ; 0       ;
;      - delay_line_next[131][1]~2050  ; 1                 ; 0       ;
;      - delay_line[130][2]            ; 1                 ; 0       ;
;      - delay_line_next[131][2]~2051  ; 1                 ; 0       ;
;      - delay_line[130][3]            ; 1                 ; 0       ;
;      - delay_line_next[131][3]~2052  ; 1                 ; 0       ;
;      - delay_line[130][4]            ; 1                 ; 0       ;
;      - delay_line_next[131][4]~2053  ; 1                 ; 0       ;
;      - delay_line[130][5]            ; 1                 ; 0       ;
;      - delay_line_next[131][5]~2054  ; 1                 ; 0       ;
;      - delay_line[130][6]            ; 1                 ; 0       ;
;      - delay_line_next[131][6]~2055  ; 1                 ; 0       ;
;      - delay_line[130][7]            ; 1                 ; 0       ;
;      - delay_line_next[131][7]~2056  ; 1                 ; 0       ;
;      - delay_line[130][8]            ; 1                 ; 0       ;
;      - delay_line_next[131][8]~2057  ; 1                 ; 0       ;
;      - delay_line[130][9]            ; 1                 ; 0       ;
;      - delay_line_next[131][9]~2058  ; 1                 ; 0       ;
;      - delay_line[130][10]           ; 1                 ; 0       ;
;      - delay_line_next[131][10]~2059 ; 1                 ; 0       ;
;      - delay_line[130][11]           ; 1                 ; 0       ;
;      - delay_line_next[131][11]~2060 ; 1                 ; 0       ;
;      - delay_line[130][12]           ; 1                 ; 0       ;
;      - delay_line_next[131][12]~2061 ; 1                 ; 0       ;
;      - delay_line[130][13]           ; 1                 ; 0       ;
;      - delay_line_next[131][13]~2062 ; 1                 ; 0       ;
;      - delay_line[130][14]           ; 1                 ; 0       ;
;      - delay_line_next[131][14]~2063 ; 1                 ; 0       ;
;      - delay_line[130][15]           ; 1                 ; 0       ;
;      - delay_line_next[131][15]~2064 ; 1                 ; 0       ;
;      - delay_line[129][0]            ; 1                 ; 0       ;
;      - delay_line_next[130][0]~2065  ; 1                 ; 0       ;
;      - delay_line[129][1]            ; 1                 ; 0       ;
;      - delay_line_next[130][1]~2066  ; 1                 ; 0       ;
;      - delay_line[129][2]            ; 1                 ; 0       ;
;      - delay_line_next[130][2]~2067  ; 1                 ; 0       ;
;      - delay_line[129][3]            ; 1                 ; 0       ;
;      - delay_line_next[130][3]~2068  ; 1                 ; 0       ;
;      - delay_line[129][4]            ; 1                 ; 0       ;
;      - delay_line_next[130][4]~2069  ; 1                 ; 0       ;
;      - delay_line[129][5]            ; 1                 ; 0       ;
;      - delay_line_next[130][5]~2070  ; 1                 ; 0       ;
;      - delay_line[129][6]            ; 1                 ; 0       ;
;      - delay_line_next[130][6]~2071  ; 1                 ; 0       ;
;      - delay_line[129][7]            ; 1                 ; 0       ;
;      - delay_line_next[130][7]~2072  ; 1                 ; 0       ;
;      - delay_line[129][8]            ; 1                 ; 0       ;
;      - delay_line_next[130][8]~2073  ; 1                 ; 0       ;
;      - delay_line[129][9]            ; 1                 ; 0       ;
;      - delay_line_next[130][9]~2074  ; 1                 ; 0       ;
;      - delay_line[129][10]           ; 1                 ; 0       ;
;      - delay_line_next[130][10]~2075 ; 1                 ; 0       ;
;      - delay_line[129][11]           ; 1                 ; 0       ;
;      - delay_line_next[130][11]~2076 ; 1                 ; 0       ;
;      - delay_line[129][12]           ; 1                 ; 0       ;
;      - delay_line_next[130][12]~2077 ; 1                 ; 0       ;
;      - delay_line[129][13]           ; 1                 ; 0       ;
;      - delay_line_next[130][13]~2078 ; 1                 ; 0       ;
;      - delay_line[129][14]           ; 1                 ; 0       ;
;      - delay_line_next[130][14]~2079 ; 1                 ; 0       ;
;      - delay_line[129][15]           ; 1                 ; 0       ;
;      - delay_line_next[130][15]~2080 ; 1                 ; 0       ;
;      - delay_line[123][0]            ; 1                 ; 0       ;
;      - delay_line_next[123][0]~2081  ; 1                 ; 0       ;
;      - delay_line[123][1]            ; 1                 ; 0       ;
;      - delay_line_next[123][1]~2082  ; 1                 ; 0       ;
;      - delay_line[123][2]            ; 1                 ; 0       ;
;      - delay_line_next[123][2]~2083  ; 1                 ; 0       ;
;      - delay_line[123][3]            ; 1                 ; 0       ;
;      - delay_line_next[123][3]~2084  ; 1                 ; 0       ;
;      - delay_line[123][4]            ; 1                 ; 0       ;
;      - delay_line_next[123][4]~2085  ; 1                 ; 0       ;
;      - delay_line[123][5]            ; 1                 ; 0       ;
;      - delay_line_next[123][5]~2086  ; 1                 ; 0       ;
;      - delay_line[123][6]            ; 1                 ; 0       ;
;      - delay_line_next[123][6]~2087  ; 1                 ; 0       ;
;      - delay_line[123][7]            ; 1                 ; 0       ;
;      - delay_line_next[123][7]~2088  ; 1                 ; 0       ;
;      - delay_line[123][8]            ; 1                 ; 0       ;
;      - delay_line_next[123][8]~2089  ; 1                 ; 0       ;
;      - delay_line[123][9]            ; 1                 ; 0       ;
;      - delay_line_next[123][9]~2090  ; 1                 ; 0       ;
;      - delay_line[123][10]           ; 1                 ; 0       ;
;      - delay_line_next[123][10]~2091 ; 1                 ; 0       ;
;      - delay_line[123][11]           ; 1                 ; 0       ;
;      - delay_line_next[123][11]~2092 ; 1                 ; 0       ;
;      - delay_line[123][12]           ; 1                 ; 0       ;
;      - delay_line_next[123][12]~2093 ; 1                 ; 0       ;
;      - delay_line[123][13]           ; 1                 ; 0       ;
;      - delay_line_next[123][13]~2094 ; 1                 ; 0       ;
;      - delay_line[123][14]           ; 1                 ; 0       ;
;      - delay_line_next[123][14]~2095 ; 1                 ; 0       ;
;      - delay_line[123][15]           ; 1                 ; 0       ;
;      - delay_line_next[123][15]~2096 ; 1                 ; 0       ;
;      - delay_line[119][0]            ; 1                 ; 0       ;
;      - delay_line_next[120][0]~2097  ; 1                 ; 0       ;
;      - delay_line[119][1]            ; 1                 ; 0       ;
;      - delay_line_next[120][1]~2098  ; 1                 ; 0       ;
;      - delay_line[119][2]            ; 1                 ; 0       ;
;      - delay_line_next[120][2]~2099  ; 1                 ; 0       ;
;      - delay_line[119][3]            ; 1                 ; 0       ;
;      - delay_line_next[120][3]~2100  ; 1                 ; 0       ;
;      - delay_line[119][4]            ; 1                 ; 0       ;
;      - delay_line_next[120][4]~2101  ; 1                 ; 0       ;
;      - delay_line[119][5]            ; 1                 ; 0       ;
;      - delay_line_next[120][5]~2102  ; 1                 ; 0       ;
;      - delay_line[119][6]            ; 1                 ; 0       ;
;      - delay_line_next[120][6]~2103  ; 1                 ; 0       ;
;      - delay_line[119][7]            ; 1                 ; 0       ;
;      - delay_line_next[120][7]~2104  ; 1                 ; 0       ;
;      - delay_line[119][8]            ; 1                 ; 0       ;
;      - delay_line_next[120][8]~2105  ; 1                 ; 0       ;
;      - delay_line[119][9]            ; 1                 ; 0       ;
;      - delay_line_next[120][9]~2106  ; 1                 ; 0       ;
;      - delay_line[119][10]           ; 1                 ; 0       ;
;      - delay_line_next[120][10]~2107 ; 1                 ; 0       ;
;      - delay_line[119][11]           ; 1                 ; 0       ;
;      - delay_line_next[120][11]~2108 ; 1                 ; 0       ;
;      - delay_line[119][12]           ; 1                 ; 0       ;
;      - delay_line_next[120][12]~2109 ; 1                 ; 0       ;
;      - delay_line[119][13]           ; 1                 ; 0       ;
;      - delay_line_next[120][13]~2110 ; 1                 ; 0       ;
;      - delay_line[119][14]           ; 1                 ; 0       ;
;      - delay_line_next[120][14]~2111 ; 1                 ; 0       ;
;      - delay_line[119][15]           ; 1                 ; 0       ;
;      - delay_line_next[120][15]~2112 ; 1                 ; 0       ;
;      - delay_line[118][0]            ; 1                 ; 0       ;
;      - delay_line_next[118][0]~2113  ; 1                 ; 0       ;
;      - delay_line[118][1]            ; 1                 ; 0       ;
;      - delay_line_next[118][1]~2114  ; 1                 ; 0       ;
;      - delay_line[118][2]            ; 1                 ; 0       ;
;      - delay_line_next[118][2]~2115  ; 1                 ; 0       ;
;      - delay_line[118][3]            ; 1                 ; 0       ;
;      - delay_line_next[118][3]~2116  ; 1                 ; 0       ;
;      - delay_line[118][4]            ; 1                 ; 0       ;
;      - delay_line_next[118][4]~2117  ; 1                 ; 0       ;
;      - delay_line[118][5]            ; 1                 ; 0       ;
;      - delay_line_next[118][5]~2118  ; 1                 ; 0       ;
;      - delay_line[118][6]            ; 1                 ; 0       ;
;      - delay_line_next[118][6]~2119  ; 1                 ; 0       ;
;      - delay_line[118][7]            ; 1                 ; 0       ;
;      - delay_line_next[118][7]~2120  ; 1                 ; 0       ;
;      - delay_line[118][8]            ; 1                 ; 0       ;
;      - delay_line_next[118][8]~2121  ; 1                 ; 0       ;
;      - delay_line[118][9]            ; 1                 ; 0       ;
;      - delay_line_next[118][9]~2122  ; 1                 ; 0       ;
;      - delay_line[118][10]           ; 1                 ; 0       ;
;      - delay_line_next[118][10]~2123 ; 1                 ; 0       ;
;      - delay_line[118][11]           ; 1                 ; 0       ;
;      - delay_line_next[118][11]~2124 ; 1                 ; 0       ;
;      - delay_line[118][12]           ; 1                 ; 0       ;
;      - delay_line_next[118][12]~2125 ; 1                 ; 0       ;
;      - delay_line[118][13]           ; 1                 ; 0       ;
;      - delay_line_next[118][13]~2126 ; 1                 ; 0       ;
;      - delay_line[118][14]           ; 1                 ; 0       ;
;      - delay_line_next[118][14]~2127 ; 1                 ; 0       ;
;      - delay_line[118][15]           ; 1                 ; 0       ;
;      - delay_line_next[118][15]~2128 ; 1                 ; 0       ;
;      - delay_line[93][0]             ; 1                 ; 0       ;
;      - delay_line[94][0]             ; 1                 ; 0       ;
;      - delay_line_next[94][0]~2129   ; 1                 ; 0       ;
;      - delay_line[93][1]             ; 1                 ; 0       ;
;      - delay_line[94][1]             ; 1                 ; 0       ;
;      - delay_line_next[94][1]~2130   ; 1                 ; 0       ;
;      - delay_line[93][2]             ; 1                 ; 0       ;
;      - delay_line[94][2]             ; 1                 ; 0       ;
;      - delay_line_next[94][2]~2131   ; 1                 ; 0       ;
;      - delay_line[93][3]             ; 1                 ; 0       ;
;      - delay_line[94][3]             ; 1                 ; 0       ;
;      - delay_line_next[94][3]~2132   ; 1                 ; 0       ;
;      - delay_line[93][4]             ; 1                 ; 0       ;
;      - delay_line[94][4]             ; 1                 ; 0       ;
;      - delay_line_next[94][4]~2133   ; 1                 ; 0       ;
;      - delay_line[93][5]             ; 1                 ; 0       ;
;      - delay_line[94][5]             ; 1                 ; 0       ;
;      - delay_line_next[94][5]~2134   ; 1                 ; 0       ;
;      - delay_line[93][6]             ; 1                 ; 0       ;
;      - delay_line[94][6]             ; 1                 ; 0       ;
;      - delay_line_next[94][6]~2135   ; 1                 ; 0       ;
;      - delay_line[93][7]             ; 1                 ; 0       ;
;      - delay_line[94][7]             ; 1                 ; 0       ;
;      - delay_line_next[94][7]~2136   ; 1                 ; 0       ;
;      - delay_line[93][8]             ; 1                 ; 0       ;
;      - delay_line[94][8]             ; 1                 ; 0       ;
;      - delay_line_next[94][8]~2137   ; 1                 ; 0       ;
;      - delay_line[93][9]             ; 1                 ; 0       ;
;      - delay_line[94][9]             ; 1                 ; 0       ;
;      - delay_line_next[94][9]~2138   ; 1                 ; 0       ;
;      - delay_line[93][10]            ; 1                 ; 0       ;
;      - delay_line[94][10]            ; 1                 ; 0       ;
;      - delay_line_next[94][10]~2139  ; 1                 ; 0       ;
;      - delay_line[93][11]            ; 1                 ; 0       ;
;      - delay_line[94][11]            ; 1                 ; 0       ;
;      - delay_line_next[94][11]~2140  ; 1                 ; 0       ;
;      - delay_line[93][12]            ; 1                 ; 0       ;
;      - delay_line[94][12]            ; 1                 ; 0       ;
;      - delay_line_next[94][12]~2141  ; 1                 ; 0       ;
;      - delay_line[93][13]            ; 1                 ; 0       ;
;      - delay_line[94][13]            ; 1                 ; 0       ;
;      - delay_line_next[94][13]~2142  ; 1                 ; 0       ;
;      - delay_line[93][14]            ; 1                 ; 0       ;
;      - delay_line[94][14]            ; 1                 ; 0       ;
;      - delay_line_next[94][14]~2143  ; 1                 ; 0       ;
;      - delay_line[93][15]            ; 1                 ; 0       ;
;      - delay_line[94][15]            ; 1                 ; 0       ;
;      - delay_line_next[94][15]~2144  ; 1                 ; 0       ;
;      - delay_line[92][0]             ; 1                 ; 0       ;
;      - delay_line_next[93][0]~2145   ; 1                 ; 0       ;
;      - delay_line[92][1]             ; 1                 ; 0       ;
;      - delay_line_next[93][1]~2146   ; 1                 ; 0       ;
;      - delay_line[92][2]             ; 1                 ; 0       ;
;      - delay_line_next[93][2]~2147   ; 1                 ; 0       ;
;      - delay_line[92][3]             ; 1                 ; 0       ;
;      - delay_line_next[93][3]~2148   ; 1                 ; 0       ;
;      - delay_line[92][4]             ; 1                 ; 0       ;
;      - delay_line_next[93][4]~2149   ; 1                 ; 0       ;
;      - delay_line[92][5]             ; 1                 ; 0       ;
;      - delay_line_next[93][5]~2150   ; 1                 ; 0       ;
;      - delay_line[92][6]             ; 1                 ; 0       ;
;      - delay_line_next[93][6]~2151   ; 1                 ; 0       ;
;      - delay_line[92][7]             ; 1                 ; 0       ;
;      - delay_line_next[93][7]~2152   ; 1                 ; 0       ;
;      - delay_line[92][8]             ; 1                 ; 0       ;
;      - delay_line_next[93][8]~2153   ; 1                 ; 0       ;
;      - delay_line[92][9]             ; 1                 ; 0       ;
;      - delay_line_next[93][9]~2154   ; 1                 ; 0       ;
;      - delay_line[92][10]            ; 1                 ; 0       ;
;      - delay_line_next[93][10]~2155  ; 1                 ; 0       ;
;      - delay_line[92][11]            ; 1                 ; 0       ;
;      - delay_line_next[93][11]~2156  ; 1                 ; 0       ;
;      - delay_line[92][12]            ; 1                 ; 0       ;
;      - delay_line_next[93][12]~2157  ; 1                 ; 0       ;
;      - delay_line[92][13]            ; 1                 ; 0       ;
;      - delay_line_next[93][13]~2158  ; 1                 ; 0       ;
;      - delay_line[92][14]            ; 1                 ; 0       ;
;      - delay_line_next[93][14]~2159  ; 1                 ; 0       ;
;      - delay_line[92][15]            ; 1                 ; 0       ;
;      - delay_line_next[93][15]~2160  ; 1                 ; 0       ;
;      - delay_line[91][0]             ; 1                 ; 0       ;
;      - delay_line_next[92][0]~2161   ; 1                 ; 0       ;
;      - delay_line[91][1]             ; 1                 ; 0       ;
;      - delay_line_next[92][1]~2162   ; 1                 ; 0       ;
;      - delay_line[91][2]             ; 1                 ; 0       ;
;      - delay_line_next[92][2]~2163   ; 1                 ; 0       ;
;      - delay_line[91][3]             ; 1                 ; 0       ;
;      - delay_line_next[92][3]~2164   ; 1                 ; 0       ;
;      - delay_line[91][4]             ; 1                 ; 0       ;
;      - delay_line_next[92][4]~2165   ; 1                 ; 0       ;
;      - delay_line[91][5]             ; 1                 ; 0       ;
;      - delay_line_next[92][5]~2166   ; 1                 ; 0       ;
;      - delay_line[91][6]             ; 1                 ; 0       ;
;      - delay_line_next[92][6]~2167   ; 1                 ; 0       ;
;      - delay_line[91][7]             ; 1                 ; 0       ;
;      - delay_line_next[92][7]~2168   ; 1                 ; 0       ;
;      - delay_line[91][8]             ; 1                 ; 0       ;
;      - delay_line_next[92][8]~2169   ; 1                 ; 0       ;
;      - delay_line[91][9]             ; 1                 ; 0       ;
;      - delay_line_next[92][9]~2170   ; 1                 ; 0       ;
;      - delay_line[91][10]            ; 1                 ; 0       ;
;      - delay_line_next[92][10]~2171  ; 1                 ; 0       ;
;      - delay_line[91][11]            ; 1                 ; 0       ;
;      - delay_line_next[92][11]~2172  ; 1                 ; 0       ;
;      - delay_line[91][12]            ; 1                 ; 0       ;
;      - delay_line_next[92][12]~2173  ; 1                 ; 0       ;
;      - delay_line[91][13]            ; 1                 ; 0       ;
;      - delay_line_next[92][13]~2174  ; 1                 ; 0       ;
;      - delay_line[91][14]            ; 1                 ; 0       ;
;      - delay_line_next[92][14]~2175  ; 1                 ; 0       ;
;      - delay_line[91][15]            ; 1                 ; 0       ;
;      - delay_line_next[92][15]~2176  ; 1                 ; 0       ;
;      - delay_line[78][0]             ; 1                 ; 0       ;
;      - delay_line_next[79][0]~2177   ; 1                 ; 0       ;
;      - delay_line[78][1]             ; 1                 ; 0       ;
;      - delay_line_next[79][1]~2178   ; 1                 ; 0       ;
;      - delay_line[78][2]             ; 1                 ; 0       ;
;      - delay_line_next[79][2]~2179   ; 1                 ; 0       ;
;      - delay_line[78][3]             ; 1                 ; 0       ;
;      - delay_line_next[79][3]~2180   ; 1                 ; 0       ;
;      - delay_line[78][4]             ; 1                 ; 0       ;
;      - delay_line_next[79][4]~2181   ; 1                 ; 0       ;
;      - delay_line[78][5]             ; 1                 ; 0       ;
;      - delay_line_next[79][5]~2182   ; 1                 ; 0       ;
;      - delay_line[78][6]             ; 1                 ; 0       ;
;      - delay_line_next[79][6]~2183   ; 1                 ; 0       ;
;      - delay_line[78][7]             ; 1                 ; 0       ;
;      - delay_line_next[79][7]~2184   ; 1                 ; 0       ;
;      - delay_line[78][8]             ; 1                 ; 0       ;
;      - delay_line_next[79][8]~2185   ; 1                 ; 0       ;
;      - delay_line[78][9]             ; 1                 ; 0       ;
;      - delay_line_next[79][9]~2186   ; 1                 ; 0       ;
;      - delay_line[78][10]            ; 1                 ; 0       ;
;      - delay_line_next[79][10]~2187  ; 1                 ; 0       ;
;      - delay_line[78][11]            ; 1                 ; 0       ;
;      - delay_line_next[79][11]~2188  ; 1                 ; 0       ;
;      - delay_line[78][12]            ; 1                 ; 0       ;
;      - delay_line_next[79][12]~2189  ; 1                 ; 0       ;
;      - delay_line[78][13]            ; 1                 ; 0       ;
;      - delay_line_next[79][13]~2190  ; 1                 ; 0       ;
;      - delay_line[78][14]            ; 1                 ; 0       ;
;      - delay_line_next[79][14]~2191  ; 1                 ; 0       ;
;      - delay_line[78][15]            ; 1                 ; 0       ;
;      - delay_line_next[79][15]~2192  ; 1                 ; 0       ;
;      - delay_line[77][0]             ; 1                 ; 0       ;
;      - delay_line_next[78][0]~2193   ; 1                 ; 0       ;
;      - delay_line[77][1]             ; 1                 ; 0       ;
;      - delay_line_next[78][1]~2194   ; 1                 ; 0       ;
;      - delay_line[77][2]             ; 1                 ; 0       ;
;      - delay_line_next[78][2]~2195   ; 1                 ; 0       ;
;      - delay_line[77][3]             ; 1                 ; 0       ;
;      - delay_line_next[78][3]~2196   ; 1                 ; 0       ;
;      - delay_line[77][4]             ; 1                 ; 0       ;
;      - delay_line_next[78][4]~2197   ; 1                 ; 0       ;
;      - delay_line[77][5]             ; 1                 ; 0       ;
;      - delay_line_next[78][5]~2198   ; 1                 ; 0       ;
;      - delay_line[77][6]             ; 1                 ; 0       ;
;      - delay_line_next[78][6]~2199   ; 1                 ; 0       ;
;      - delay_line[77][7]             ; 1                 ; 0       ;
;      - delay_line_next[78][7]~2200   ; 1                 ; 0       ;
;      - delay_line[77][8]             ; 1                 ; 0       ;
;      - delay_line_next[78][8]~2201   ; 1                 ; 0       ;
;      - delay_line[77][9]             ; 1                 ; 0       ;
;      - delay_line_next[78][9]~2202   ; 1                 ; 0       ;
;      - delay_line[77][10]            ; 1                 ; 0       ;
;      - delay_line_next[78][10]~2203  ; 1                 ; 0       ;
;      - delay_line[77][11]            ; 1                 ; 0       ;
;      - delay_line_next[78][11]~2204  ; 1                 ; 0       ;
;      - delay_line[77][12]            ; 1                 ; 0       ;
;      - delay_line_next[78][12]~2205  ; 1                 ; 0       ;
;      - delay_line[77][13]            ; 1                 ; 0       ;
;      - delay_line_next[78][13]~2206  ; 1                 ; 0       ;
;      - delay_line[77][14]            ; 1                 ; 0       ;
;      - delay_line_next[78][14]~2207  ; 1                 ; 0       ;
;      - delay_line[77][15]            ; 1                 ; 0       ;
;      - delay_line_next[78][15]~2208  ; 1                 ; 0       ;
;      - delay_line[149][0]            ; 1                 ; 0       ;
;      - delay_line[150][0]            ; 1                 ; 0       ;
;      - delay_line_next[150][0]~2209  ; 1                 ; 0       ;
;      - delay_line[149][1]            ; 1                 ; 0       ;
;      - delay_line[150][1]            ; 1                 ; 0       ;
;      - delay_line_next[150][1]~2210  ; 1                 ; 0       ;
;      - delay_line[149][2]            ; 1                 ; 0       ;
;      - delay_line[150][2]            ; 1                 ; 0       ;
;      - delay_line_next[150][2]~2211  ; 1                 ; 0       ;
;      - delay_line[149][3]            ; 1                 ; 0       ;
;      - delay_line[150][3]            ; 1                 ; 0       ;
;      - delay_line_next[150][3]~2212  ; 1                 ; 0       ;
;      - delay_line[149][4]            ; 1                 ; 0       ;
;      - delay_line[150][4]            ; 1                 ; 0       ;
;      - delay_line_next[150][4]~2213  ; 1                 ; 0       ;
;      - delay_line[149][5]            ; 1                 ; 0       ;
;      - delay_line[150][5]            ; 1                 ; 0       ;
;      - delay_line_next[150][5]~2214  ; 1                 ; 0       ;
;      - delay_line[149][6]            ; 1                 ; 0       ;
;      - delay_line[150][6]            ; 1                 ; 0       ;
;      - delay_line_next[150][6]~2215  ; 1                 ; 0       ;
;      - delay_line[149][7]            ; 1                 ; 0       ;
;      - delay_line[150][7]            ; 1                 ; 0       ;
;      - delay_line_next[150][7]~2216  ; 1                 ; 0       ;
;      - delay_line[149][8]            ; 1                 ; 0       ;
;      - delay_line[150][8]            ; 1                 ; 0       ;
;      - delay_line_next[150][8]~2217  ; 1                 ; 0       ;
;      - delay_line[149][9]            ; 1                 ; 0       ;
;      - delay_line[150][9]            ; 1                 ; 0       ;
;      - delay_line_next[150][9]~2218  ; 1                 ; 0       ;
;      - delay_line[149][10]           ; 1                 ; 0       ;
;      - delay_line[150][10]           ; 1                 ; 0       ;
;      - delay_line_next[150][10]~2219 ; 1                 ; 0       ;
;      - delay_line[149][11]           ; 1                 ; 0       ;
;      - delay_line[150][11]           ; 1                 ; 0       ;
;      - delay_line_next[150][11]~2220 ; 1                 ; 0       ;
;      - delay_line[149][12]           ; 1                 ; 0       ;
;      - delay_line[150][12]           ; 1                 ; 0       ;
;      - delay_line_next[150][12]~2221 ; 1                 ; 0       ;
;      - delay_line[149][13]           ; 1                 ; 0       ;
;      - delay_line[150][13]           ; 1                 ; 0       ;
;      - delay_line_next[150][13]~2222 ; 1                 ; 0       ;
;      - delay_line[149][14]           ; 1                 ; 0       ;
;      - delay_line[150][14]           ; 1                 ; 0       ;
;      - delay_line_next[150][14]~2223 ; 1                 ; 0       ;
;      - delay_line[149][15]           ; 1                 ; 0       ;
;      - delay_line[150][15]           ; 1                 ; 0       ;
;      - delay_line_next[150][15]~2224 ; 1                 ; 0       ;
;      - delay_line[128][0]            ; 1                 ; 0       ;
;      - delay_line_next[129][0]~2225  ; 1                 ; 0       ;
;      - delay_line[128][1]            ; 1                 ; 0       ;
;      - delay_line_next[129][1]~2226  ; 1                 ; 0       ;
;      - delay_line[128][2]            ; 1                 ; 0       ;
;      - delay_line_next[129][2]~2227  ; 1                 ; 0       ;
;      - delay_line[128][3]            ; 1                 ; 0       ;
;      - delay_line_next[129][3]~2228  ; 1                 ; 0       ;
;      - delay_line[128][4]            ; 1                 ; 0       ;
;      - delay_line_next[129][4]~2229  ; 1                 ; 0       ;
;      - delay_line[128][5]            ; 1                 ; 0       ;
;      - delay_line_next[129][5]~2230  ; 1                 ; 0       ;
;      - delay_line[128][6]            ; 1                 ; 0       ;
;      - delay_line_next[129][6]~2231  ; 1                 ; 0       ;
;      - delay_line[128][7]            ; 1                 ; 0       ;
;      - delay_line_next[129][7]~2232  ; 1                 ; 0       ;
;      - delay_line[128][8]            ; 1                 ; 0       ;
;      - delay_line_next[129][8]~2233  ; 1                 ; 0       ;
;      - delay_line[128][9]            ; 1                 ; 0       ;
;      - delay_line_next[129][9]~2234  ; 1                 ; 0       ;
;      - delay_line[128][10]           ; 1                 ; 0       ;
;      - delay_line_next[129][10]~2235 ; 1                 ; 0       ;
;      - delay_line[128][11]           ; 1                 ; 0       ;
;      - delay_line_next[129][11]~2236 ; 1                 ; 0       ;
;      - delay_line[128][12]           ; 1                 ; 0       ;
;      - delay_line_next[129][12]~2237 ; 1                 ; 0       ;
;      - delay_line[128][13]           ; 1                 ; 0       ;
;      - delay_line_next[129][13]~2238 ; 1                 ; 0       ;
;      - delay_line[128][14]           ; 1                 ; 0       ;
;      - delay_line_next[129][14]~2239 ; 1                 ; 0       ;
;      - delay_line[128][15]           ; 1                 ; 0       ;
;      - delay_line_next[129][15]~2240 ; 1                 ; 0       ;
;      - delay_line[127][0]            ; 1                 ; 0       ;
;      - delay_line_next[128][0]~2241  ; 1                 ; 0       ;
;      - delay_line[127][1]            ; 1                 ; 0       ;
;      - delay_line_next[128][1]~2242  ; 1                 ; 0       ;
;      - delay_line[127][2]            ; 1                 ; 0       ;
;      - delay_line_next[128][2]~2243  ; 1                 ; 0       ;
;      - delay_line[127][3]            ; 1                 ; 0       ;
;      - delay_line_next[128][3]~2244  ; 1                 ; 0       ;
;      - delay_line[127][4]            ; 1                 ; 0       ;
;      - delay_line_next[128][4]~2245  ; 1                 ; 0       ;
;      - delay_line[127][5]            ; 1                 ; 0       ;
;      - delay_line_next[128][5]~2246  ; 1                 ; 0       ;
;      - delay_line[127][6]            ; 1                 ; 0       ;
;      - delay_line_next[128][6]~2247  ; 1                 ; 0       ;
;      - delay_line[127][7]            ; 1                 ; 0       ;
;      - delay_line_next[128][7]~2248  ; 1                 ; 0       ;
;      - delay_line[127][8]            ; 1                 ; 0       ;
;      - delay_line_next[128][8]~2249  ; 1                 ; 0       ;
;      - delay_line[127][9]            ; 1                 ; 0       ;
;      - delay_line_next[128][9]~2250  ; 1                 ; 0       ;
;      - delay_line[127][10]           ; 1                 ; 0       ;
;      - delay_line_next[128][10]~2251 ; 1                 ; 0       ;
;      - delay_line[127][11]           ; 1                 ; 0       ;
;      - delay_line_next[128][11]~2252 ; 1                 ; 0       ;
;      - delay_line[127][12]           ; 1                 ; 0       ;
;      - delay_line_next[128][12]~2253 ; 1                 ; 0       ;
;      - delay_line[127][13]           ; 1                 ; 0       ;
;      - delay_line_next[128][13]~2254 ; 1                 ; 0       ;
;      - delay_line[127][14]           ; 1                 ; 0       ;
;      - delay_line_next[128][14]~2255 ; 1                 ; 0       ;
;      - delay_line[127][15]           ; 1                 ; 0       ;
;      - delay_line_next[128][15]~2256 ; 1                 ; 0       ;
;      - delay_line[81][0]             ; 1                 ; 0       ;
;      - delay_line[82][0]             ; 1                 ; 0       ;
;      - delay_line_next[82][0]~2257   ; 1                 ; 0       ;
;      - delay_line[81][1]             ; 1                 ; 0       ;
;      - delay_line[82][1]             ; 1                 ; 0       ;
;      - delay_line_next[82][1]~2258   ; 1                 ; 0       ;
;      - delay_line[81][2]             ; 1                 ; 0       ;
;      - delay_line[82][2]             ; 1                 ; 0       ;
;      - delay_line_next[82][2]~2259   ; 1                 ; 0       ;
;      - delay_line[81][3]             ; 1                 ; 0       ;
;      - delay_line[82][3]             ; 1                 ; 0       ;
;      - delay_line_next[82][3]~2260   ; 1                 ; 0       ;
;      - delay_line[81][4]             ; 1                 ; 0       ;
;      - delay_line[82][4]             ; 1                 ; 0       ;
;      - delay_line_next[82][4]~2261   ; 1                 ; 0       ;
;      - delay_line[81][5]             ; 1                 ; 0       ;
;      - delay_line[82][5]             ; 1                 ; 0       ;
;      - delay_line_next[82][5]~2262   ; 1                 ; 0       ;
;      - delay_line[81][6]             ; 1                 ; 0       ;
;      - delay_line[82][6]             ; 1                 ; 0       ;
;      - delay_line_next[82][6]~2263   ; 1                 ; 0       ;
;      - delay_line[81][7]             ; 1                 ; 0       ;
;      - delay_line[82][7]             ; 1                 ; 0       ;
;      - delay_line_next[82][7]~2264   ; 1                 ; 0       ;
;      - delay_line[81][8]             ; 1                 ; 0       ;
;      - delay_line[82][8]             ; 1                 ; 0       ;
;      - delay_line_next[82][8]~2265   ; 1                 ; 0       ;
;      - delay_line[81][9]             ; 1                 ; 0       ;
;      - delay_line[82][9]             ; 1                 ; 0       ;
;      - delay_line_next[82][9]~2266   ; 1                 ; 0       ;
;      - delay_line[81][10]            ; 1                 ; 0       ;
;      - delay_line[82][10]            ; 1                 ; 0       ;
;      - delay_line_next[82][10]~2267  ; 1                 ; 0       ;
;      - delay_line[81][11]            ; 1                 ; 0       ;
;      - delay_line[82][11]            ; 1                 ; 0       ;
;      - delay_line_next[82][11]~2268  ; 1                 ; 0       ;
;      - delay_line[81][12]            ; 1                 ; 0       ;
;      - delay_line[82][12]            ; 1                 ; 0       ;
;      - delay_line_next[82][12]~2269  ; 1                 ; 0       ;
;      - delay_line[81][13]            ; 1                 ; 0       ;
;      - delay_line[82][13]            ; 1                 ; 0       ;
;      - delay_line_next[82][13]~2270  ; 1                 ; 0       ;
;      - delay_line[81][14]            ; 1                 ; 0       ;
;      - delay_line[82][14]            ; 1                 ; 0       ;
;      - delay_line_next[82][14]~2271  ; 1                 ; 0       ;
;      - delay_line[81][15]            ; 1                 ; 0       ;
;      - delay_line[82][15]            ; 1                 ; 0       ;
;      - delay_line_next[82][15]~2272  ; 1                 ; 0       ;
;      - delay_line[135][0]            ; 1                 ; 0       ;
;      - delay_line[136][0]            ; 1                 ; 0       ;
;      - delay_line_next[136][0]~2273  ; 1                 ; 0       ;
;      - delay_line[135][1]            ; 1                 ; 0       ;
;      - delay_line[136][1]            ; 1                 ; 0       ;
;      - delay_line_next[136][1]~2274  ; 1                 ; 0       ;
;      - delay_line[135][2]            ; 1                 ; 0       ;
;      - delay_line[136][2]            ; 1                 ; 0       ;
;      - delay_line_next[136][2]~2275  ; 1                 ; 0       ;
;      - delay_line[135][3]            ; 1                 ; 0       ;
;      - delay_line[136][3]            ; 1                 ; 0       ;
;      - delay_line_next[136][3]~2276  ; 1                 ; 0       ;
;      - delay_line[135][4]            ; 1                 ; 0       ;
;      - delay_line[136][4]            ; 1                 ; 0       ;
;      - delay_line_next[136][4]~2277  ; 1                 ; 0       ;
;      - delay_line[135][5]            ; 1                 ; 0       ;
;      - delay_line[136][5]            ; 1                 ; 0       ;
;      - delay_line_next[136][5]~2278  ; 1                 ; 0       ;
;      - delay_line[135][6]            ; 1                 ; 0       ;
;      - delay_line[136][6]            ; 1                 ; 0       ;
;      - delay_line_next[136][6]~2279  ; 1                 ; 0       ;
;      - delay_line[135][7]            ; 1                 ; 0       ;
;      - delay_line[136][7]            ; 1                 ; 0       ;
;      - delay_line_next[136][7]~2280  ; 1                 ; 0       ;
;      - delay_line[135][8]            ; 1                 ; 0       ;
;      - delay_line[136][8]            ; 1                 ; 0       ;
;      - delay_line_next[136][8]~2281  ; 1                 ; 0       ;
;      - delay_line[135][9]            ; 1                 ; 0       ;
;      - delay_line[136][9]            ; 1                 ; 0       ;
;      - delay_line_next[136][9]~2282  ; 1                 ; 0       ;
;      - delay_line[135][10]           ; 1                 ; 0       ;
;      - delay_line[136][10]           ; 1                 ; 0       ;
;      - delay_line_next[136][10]~2283 ; 1                 ; 0       ;
;      - delay_line[135][11]           ; 1                 ; 0       ;
;      - delay_line[136][11]           ; 1                 ; 0       ;
;      - delay_line_next[136][11]~2284 ; 1                 ; 0       ;
;      - delay_line[135][12]           ; 1                 ; 0       ;
;      - delay_line[136][12]           ; 1                 ; 0       ;
;      - delay_line_next[136][12]~2285 ; 1                 ; 0       ;
;      - delay_line[135][13]           ; 1                 ; 0       ;
;      - delay_line[136][13]           ; 1                 ; 0       ;
;      - delay_line_next[136][13]~2286 ; 1                 ; 0       ;
;      - delay_line[135][14]           ; 1                 ; 0       ;
;      - delay_line[136][14]           ; 1                 ; 0       ;
;      - delay_line_next[136][14]~2287 ; 1                 ; 0       ;
;      - delay_line[135][15]           ; 1                 ; 0       ;
;      - delay_line[136][15]           ; 1                 ; 0       ;
;      - delay_line_next[136][15]~2288 ; 1                 ; 0       ;
;      - delay_line[126][0]            ; 1                 ; 0       ;
;      - delay_line_next[127][0]~2289  ; 1                 ; 0       ;
;      - delay_line[126][1]            ; 1                 ; 0       ;
;      - delay_line_next[127][1]~2290  ; 1                 ; 0       ;
;      - delay_line[126][2]            ; 1                 ; 0       ;
;      - delay_line_next[127][2]~2291  ; 1                 ; 0       ;
;      - delay_line[126][3]            ; 1                 ; 0       ;
;      - delay_line_next[127][3]~2292  ; 1                 ; 0       ;
;      - delay_line[126][4]            ; 1                 ; 0       ;
;      - delay_line_next[127][4]~2293  ; 1                 ; 0       ;
;      - delay_line[126][5]            ; 1                 ; 0       ;
;      - delay_line_next[127][5]~2294  ; 1                 ; 0       ;
;      - delay_line[126][6]            ; 1                 ; 0       ;
;      - delay_line_next[127][6]~2295  ; 1                 ; 0       ;
;      - delay_line[126][7]            ; 1                 ; 0       ;
;      - delay_line_next[127][7]~2296  ; 1                 ; 0       ;
;      - delay_line[126][8]            ; 1                 ; 0       ;
;      - delay_line_next[127][8]~2297  ; 1                 ; 0       ;
;      - delay_line[126][9]            ; 1                 ; 0       ;
;      - delay_line_next[127][9]~2298  ; 1                 ; 0       ;
;      - delay_line[126][10]           ; 1                 ; 0       ;
;      - delay_line_next[127][10]~2299 ; 1                 ; 0       ;
;      - delay_line[126][11]           ; 1                 ; 0       ;
;      - delay_line_next[127][11]~2300 ; 1                 ; 0       ;
;      - delay_line[126][12]           ; 1                 ; 0       ;
;      - delay_line_next[127][12]~2301 ; 1                 ; 0       ;
;      - delay_line[126][13]           ; 1                 ; 0       ;
;      - delay_line_next[127][13]~2302 ; 1                 ; 0       ;
;      - delay_line[126][14]           ; 1                 ; 0       ;
;      - delay_line_next[127][14]~2303 ; 1                 ; 0       ;
;      - delay_line[126][15]           ; 1                 ; 0       ;
;      - delay_line_next[127][15]~2304 ; 1                 ; 0       ;
;      - delay_line[125][0]            ; 1                 ; 0       ;
;      - delay_line_next[126][0]~2305  ; 1                 ; 0       ;
;      - delay_line[125][1]            ; 1                 ; 0       ;
;      - delay_line_next[126][1]~2306  ; 1                 ; 0       ;
;      - delay_line[125][2]            ; 1                 ; 0       ;
;      - delay_line_next[126][2]~2307  ; 1                 ; 0       ;
;      - delay_line[125][3]            ; 1                 ; 0       ;
;      - delay_line_next[126][3]~2308  ; 1                 ; 0       ;
;      - delay_line[125][4]            ; 1                 ; 0       ;
;      - delay_line_next[126][4]~2309  ; 1                 ; 0       ;
;      - delay_line[125][5]            ; 1                 ; 0       ;
;      - delay_line_next[126][5]~2310  ; 1                 ; 0       ;
;      - delay_line[125][6]            ; 1                 ; 0       ;
;      - delay_line_next[126][6]~2311  ; 1                 ; 0       ;
;      - delay_line[125][7]            ; 1                 ; 0       ;
;      - delay_line_next[126][7]~2312  ; 1                 ; 0       ;
;      - delay_line[125][8]            ; 1                 ; 0       ;
;      - delay_line_next[126][8]~2313  ; 1                 ; 0       ;
;      - delay_line[125][9]            ; 1                 ; 0       ;
;      - delay_line_next[126][9]~2314  ; 1                 ; 0       ;
;      - delay_line[125][10]           ; 1                 ; 0       ;
;      - delay_line_next[126][10]~2315 ; 1                 ; 0       ;
;      - delay_line[125][11]           ; 1                 ; 0       ;
;      - delay_line_next[126][11]~2316 ; 1                 ; 0       ;
;      - delay_line[125][12]           ; 1                 ; 0       ;
;      - delay_line_next[126][12]~2317 ; 1                 ; 0       ;
;      - delay_line[125][13]           ; 1                 ; 0       ;
;      - delay_line_next[126][13]~2318 ; 1                 ; 0       ;
;      - delay_line[125][14]           ; 1                 ; 0       ;
;      - delay_line_next[126][14]~2319 ; 1                 ; 0       ;
;      - delay_line[125][15]           ; 1                 ; 0       ;
;      - delay_line_next[126][15]~2320 ; 1                 ; 0       ;
;      - delay_line[124][0]            ; 1                 ; 0       ;
;      - delay_line_next[125][0]~2321  ; 1                 ; 0       ;
;      - delay_line[124][1]            ; 1                 ; 0       ;
;      - delay_line_next[125][1]~2322  ; 1                 ; 0       ;
;      - delay_line[124][2]            ; 1                 ; 0       ;
;      - delay_line_next[125][2]~2323  ; 1                 ; 0       ;
;      - delay_line[124][3]            ; 1                 ; 0       ;
;      - delay_line_next[125][3]~2324  ; 1                 ; 0       ;
;      - delay_line[124][4]            ; 1                 ; 0       ;
;      - delay_line_next[125][4]~2325  ; 1                 ; 0       ;
;      - delay_line[124][5]            ; 1                 ; 0       ;
;      - delay_line_next[125][5]~2326  ; 1                 ; 0       ;
;      - delay_line[124][6]            ; 1                 ; 0       ;
;      - delay_line_next[125][6]~2327  ; 1                 ; 0       ;
;      - delay_line[124][7]            ; 1                 ; 0       ;
;      - delay_line_next[125][7]~2328  ; 1                 ; 0       ;
;      - delay_line[124][8]            ; 1                 ; 0       ;
;      - delay_line_next[125][8]~2329  ; 1                 ; 0       ;
;      - delay_line[124][9]            ; 1                 ; 0       ;
;      - delay_line_next[125][9]~2330  ; 1                 ; 0       ;
;      - delay_line[124][10]           ; 1                 ; 0       ;
;      - delay_line_next[125][10]~2331 ; 1                 ; 0       ;
;      - delay_line[124][11]           ; 1                 ; 0       ;
;      - delay_line_next[125][11]~2332 ; 1                 ; 0       ;
;      - delay_line[124][12]           ; 1                 ; 0       ;
;      - delay_line_next[125][12]~2333 ; 1                 ; 0       ;
;      - delay_line[124][13]           ; 1                 ; 0       ;
;      - delay_line_next[125][13]~2334 ; 1                 ; 0       ;
;      - delay_line[124][14]           ; 1                 ; 0       ;
;      - delay_line_next[125][14]~2335 ; 1                 ; 0       ;
;      - delay_line[124][15]           ; 1                 ; 0       ;
;      - delay_line_next[125][15]~2336 ; 1                 ; 0       ;
;      - delay_line_next[115][0]~2337  ; 1                 ; 0       ;
;      - delay_line_next[115][1]~2338  ; 1                 ; 0       ;
;      - delay_line_next[115][2]~2339  ; 1                 ; 0       ;
;      - delay_line_next[115][3]~2340  ; 1                 ; 0       ;
;      - delay_line_next[115][4]~2341  ; 1                 ; 0       ;
;      - delay_line_next[115][5]~2342  ; 1                 ; 0       ;
;      - delay_line_next[115][6]~2343  ; 1                 ; 0       ;
;      - delay_line_next[115][7]~2344  ; 1                 ; 0       ;
;      - delay_line_next[115][8]~2345  ; 1                 ; 0       ;
;      - delay_line_next[115][9]~2346  ; 1                 ; 0       ;
;      - delay_line_next[115][10]~2347 ; 1                 ; 0       ;
;      - delay_line_next[115][11]~2348 ; 1                 ; 0       ;
;      - delay_line_next[115][12]~2349 ; 1                 ; 0       ;
;      - delay_line_next[115][13]~2350 ; 1                 ; 0       ;
;      - delay_line_next[115][14]~2351 ; 1                 ; 0       ;
;      - delay_line_next[115][15]~2352 ; 1                 ; 0       ;
;      - delay_line_next[95][0]~2353   ; 1                 ; 0       ;
;      - delay_line_next[95][1]~2354   ; 1                 ; 0       ;
;      - delay_line_next[95][2]~2355   ; 1                 ; 0       ;
;      - delay_line_next[95][3]~2356   ; 1                 ; 0       ;
;      - delay_line_next[95][4]~2357   ; 1                 ; 0       ;
;      - delay_line_next[95][5]~2358   ; 1                 ; 0       ;
;      - delay_line_next[95][6]~2359   ; 1                 ; 0       ;
;      - delay_line_next[95][7]~2360   ; 1                 ; 0       ;
;      - delay_line_next[95][8]~2361   ; 1                 ; 0       ;
;      - delay_line_next[95][9]~2362   ; 1                 ; 0       ;
;      - delay_line_next[95][10]~2363  ; 1                 ; 0       ;
;      - delay_line_next[95][11]~2364  ; 1                 ; 0       ;
;      - delay_line_next[95][12]~2365  ; 1                 ; 0       ;
;      - delay_line_next[95][13]~2366  ; 1                 ; 0       ;
;      - delay_line_next[95][14]~2367  ; 1                 ; 0       ;
;      - delay_line_next[95][15]~2368  ; 1                 ; 0       ;
;      - delay_line[84][0]             ; 1                 ; 0       ;
;      - delay_line[85][0]             ; 1                 ; 0       ;
;      - delay_line_next[85][0]~2369   ; 1                 ; 0       ;
;      - delay_line[84][1]             ; 1                 ; 0       ;
;      - delay_line[85][1]             ; 1                 ; 0       ;
;      - delay_line_next[85][1]~2370   ; 1                 ; 0       ;
;      - delay_line[84][2]             ; 1                 ; 0       ;
;      - delay_line[85][2]             ; 1                 ; 0       ;
;      - delay_line_next[85][2]~2371   ; 1                 ; 0       ;
;      - delay_line[84][3]             ; 1                 ; 0       ;
;      - delay_line[85][3]             ; 1                 ; 0       ;
;      - delay_line_next[85][3]~2372   ; 1                 ; 0       ;
;      - delay_line[84][4]             ; 1                 ; 0       ;
;      - delay_line[85][4]             ; 1                 ; 0       ;
;      - delay_line_next[85][4]~2373   ; 1                 ; 0       ;
;      - delay_line[84][5]             ; 1                 ; 0       ;
;      - delay_line[85][5]             ; 1                 ; 0       ;
;      - delay_line_next[85][5]~2374   ; 1                 ; 0       ;
;      - delay_line[84][6]             ; 1                 ; 0       ;
;      - delay_line[85][6]             ; 1                 ; 0       ;
;      - delay_line_next[85][6]~2375   ; 1                 ; 0       ;
;      - delay_line[84][7]             ; 1                 ; 0       ;
;      - delay_line[85][7]             ; 1                 ; 0       ;
;      - delay_line_next[85][7]~2376   ; 1                 ; 0       ;
;      - delay_line[84][8]             ; 1                 ; 0       ;
;      - delay_line[85][8]             ; 1                 ; 0       ;
;      - delay_line_next[85][8]~2377   ; 1                 ; 0       ;
;      - delay_line[84][9]             ; 1                 ; 0       ;
;      - delay_line[85][9]             ; 1                 ; 0       ;
;      - delay_line_next[85][9]~2378   ; 1                 ; 0       ;
;      - delay_line[84][10]            ; 1                 ; 0       ;
;      - delay_line[85][10]            ; 1                 ; 0       ;
;      - delay_line_next[85][10]~2379  ; 1                 ; 0       ;
;      - delay_line[84][11]            ; 1                 ; 0       ;
;      - delay_line[85][11]            ; 1                 ; 0       ;
;      - delay_line_next[85][11]~2380  ; 1                 ; 0       ;
;      - delay_line[84][12]            ; 1                 ; 0       ;
;      - delay_line[85][12]            ; 1                 ; 0       ;
;      - delay_line_next[85][12]~2381  ; 1                 ; 0       ;
;      - delay_line[84][13]            ; 1                 ; 0       ;
;      - delay_line[85][13]            ; 1                 ; 0       ;
;      - delay_line_next[85][13]~2382  ; 1                 ; 0       ;
;      - delay_line[84][14]            ; 1                 ; 0       ;
;      - delay_line[85][14]            ; 1                 ; 0       ;
;      - delay_line_next[85][14]~2383  ; 1                 ; 0       ;
;      - delay_line[84][15]            ; 1                 ; 0       ;
;      - delay_line[85][15]            ; 1                 ; 0       ;
;      - delay_line_next[85][15]~2384  ; 1                 ; 0       ;
;      - delay_line[83][0]             ; 1                 ; 0       ;
;      - delay_line_next[84][0]~2385   ; 1                 ; 0       ;
;      - delay_line[83][1]             ; 1                 ; 0       ;
;      - delay_line_next[84][1]~2386   ; 1                 ; 0       ;
;      - delay_line[83][2]             ; 1                 ; 0       ;
;      - delay_line_next[84][2]~2387   ; 1                 ; 0       ;
;      - delay_line[83][3]             ; 1                 ; 0       ;
;      - delay_line_next[84][3]~2388   ; 1                 ; 0       ;
;      - delay_line[83][4]             ; 1                 ; 0       ;
;      - delay_line_next[84][4]~2389   ; 1                 ; 0       ;
;      - delay_line[83][5]             ; 1                 ; 0       ;
;      - delay_line_next[84][5]~2390   ; 1                 ; 0       ;
;      - delay_line[83][6]             ; 1                 ; 0       ;
;      - delay_line_next[84][6]~2391   ; 1                 ; 0       ;
;      - delay_line[83][7]             ; 1                 ; 0       ;
;      - delay_line_next[84][7]~2392   ; 1                 ; 0       ;
;      - delay_line[83][8]             ; 1                 ; 0       ;
;      - delay_line_next[84][8]~2393   ; 1                 ; 0       ;
;      - delay_line[83][9]             ; 1                 ; 0       ;
;      - delay_line_next[84][9]~2394   ; 1                 ; 0       ;
;      - delay_line[83][10]            ; 1                 ; 0       ;
;      - delay_line_next[84][10]~2395  ; 1                 ; 0       ;
;      - delay_line[83][11]            ; 1                 ; 0       ;
;      - delay_line_next[84][11]~2396  ; 1                 ; 0       ;
;      - delay_line[83][12]            ; 1                 ; 0       ;
;      - delay_line_next[84][12]~2397  ; 1                 ; 0       ;
;      - delay_line[83][13]            ; 1                 ; 0       ;
;      - delay_line_next[84][13]~2398  ; 1                 ; 0       ;
;      - delay_line[83][14]            ; 1                 ; 0       ;
;      - delay_line_next[84][14]~2399  ; 1                 ; 0       ;
;      - delay_line[83][15]            ; 1                 ; 0       ;
;      - delay_line_next[84][15]~2400  ; 1                 ; 0       ;
;      - delay_line_next[83][0]~2401   ; 1                 ; 0       ;
;      - delay_line_next[83][1]~2402   ; 1                 ; 0       ;
;      - delay_line_next[83][2]~2403   ; 1                 ; 0       ;
;      - delay_line_next[83][3]~2404   ; 1                 ; 0       ;
;      - delay_line_next[83][4]~2405   ; 1                 ; 0       ;
;      - delay_line_next[83][5]~2406   ; 1                 ; 0       ;
;      - delay_line_next[83][6]~2407   ; 1                 ; 0       ;
;      - delay_line_next[83][7]~2408   ; 1                 ; 0       ;
;      - delay_line_next[83][8]~2409   ; 1                 ; 0       ;
;      - delay_line_next[83][9]~2410   ; 1                 ; 0       ;
;      - delay_line_next[83][10]~2411  ; 1                 ; 0       ;
;      - delay_line_next[83][11]~2412  ; 1                 ; 0       ;
;      - delay_line_next[83][12]~2413  ; 1                 ; 0       ;
;      - delay_line_next[83][13]~2414  ; 1                 ; 0       ;
;      - delay_line_next[83][14]~2415  ; 1                 ; 0       ;
;      - delay_line_next[83][15]~2416  ; 1                 ; 0       ;
;      - delay_line_next[81][0]~2417   ; 1                 ; 0       ;
;      - delay_line_next[81][1]~2418   ; 1                 ; 0       ;
;      - delay_line_next[81][2]~2419   ; 1                 ; 0       ;
;      - delay_line_next[81][3]~2420   ; 1                 ; 0       ;
;      - delay_line_next[81][4]~2421   ; 1                 ; 0       ;
;      - delay_line_next[81][5]~2422   ; 1                 ; 0       ;
;      - delay_line_next[81][6]~2423   ; 1                 ; 0       ;
;      - delay_line_next[81][7]~2424   ; 1                 ; 0       ;
;      - delay_line_next[81][8]~2425   ; 1                 ; 0       ;
;      - delay_line_next[81][9]~2426   ; 1                 ; 0       ;
;      - delay_line_next[81][10]~2427  ; 1                 ; 0       ;
;      - delay_line_next[81][11]~2428  ; 1                 ; 0       ;
;      - delay_line_next[81][12]~2429  ; 1                 ; 0       ;
;      - delay_line_next[81][13]~2430  ; 1                 ; 0       ;
;      - delay_line_next[81][14]~2431  ; 1                 ; 0       ;
;      - delay_line_next[81][15]~2432  ; 1                 ; 0       ;
;      - delay_line[76][0]             ; 1                 ; 0       ;
;      - delay_line_next[77][0]~2433   ; 1                 ; 0       ;
;      - delay_line[76][1]             ; 1                 ; 0       ;
;      - delay_line_next[77][1]~2434   ; 1                 ; 0       ;
;      - delay_line[76][2]             ; 1                 ; 0       ;
;      - delay_line_next[77][2]~2435   ; 1                 ; 0       ;
;      - delay_line[76][3]             ; 1                 ; 0       ;
;      - delay_line_next[77][3]~2436   ; 1                 ; 0       ;
;      - delay_line[76][4]             ; 1                 ; 0       ;
;      - delay_line_next[77][4]~2437   ; 1                 ; 0       ;
;      - delay_line[76][5]             ; 1                 ; 0       ;
;      - delay_line_next[77][5]~2438   ; 1                 ; 0       ;
;      - delay_line[76][6]             ; 1                 ; 0       ;
;      - delay_line_next[77][6]~2439   ; 1                 ; 0       ;
;      - delay_line[76][7]             ; 1                 ; 0       ;
;      - delay_line_next[77][7]~2440   ; 1                 ; 0       ;
;      - delay_line[76][8]             ; 1                 ; 0       ;
;      - delay_line_next[77][8]~2441   ; 1                 ; 0       ;
;      - delay_line[76][9]             ; 1                 ; 0       ;
;      - delay_line_next[77][9]~2442   ; 1                 ; 0       ;
;      - delay_line[76][10]            ; 1                 ; 0       ;
;      - delay_line_next[77][10]~2443  ; 1                 ; 0       ;
;      - delay_line[76][11]            ; 1                 ; 0       ;
;      - delay_line_next[77][11]~2444  ; 1                 ; 0       ;
;      - delay_line[76][12]            ; 1                 ; 0       ;
;      - delay_line_next[77][12]~2445  ; 1                 ; 0       ;
;      - delay_line[76][13]            ; 1                 ; 0       ;
;      - delay_line_next[77][13]~2446  ; 1                 ; 0       ;
;      - delay_line[76][14]            ; 1                 ; 0       ;
;      - delay_line_next[77][14]~2447  ; 1                 ; 0       ;
;      - delay_line[76][15]            ; 1                 ; 0       ;
;      - delay_line_next[77][15]~2448  ; 1                 ; 0       ;
;      - delay_line[74][0]             ; 1                 ; 0       ;
;      - delay_line[75][0]             ; 1                 ; 0       ;
;      - delay_line_next[75][0]~2449   ; 1                 ; 0       ;
;      - delay_line[74][1]             ; 1                 ; 0       ;
;      - delay_line[75][1]             ; 1                 ; 0       ;
;      - delay_line_next[75][1]~2450   ; 1                 ; 0       ;
;      - delay_line[74][2]             ; 1                 ; 0       ;
;      - delay_line[75][2]             ; 1                 ; 0       ;
;      - delay_line_next[75][2]~2451   ; 1                 ; 0       ;
;      - delay_line[74][3]             ; 1                 ; 0       ;
;      - delay_line[75][3]             ; 1                 ; 0       ;
;      - delay_line_next[75][3]~2452   ; 1                 ; 0       ;
;      - delay_line[74][4]             ; 1                 ; 0       ;
;      - delay_line[75][4]             ; 1                 ; 0       ;
;      - delay_line_next[75][4]~2453   ; 1                 ; 0       ;
;      - delay_line[74][5]             ; 1                 ; 0       ;
;      - delay_line[75][5]             ; 1                 ; 0       ;
;      - delay_line_next[75][5]~2454   ; 1                 ; 0       ;
;      - delay_line[74][6]             ; 1                 ; 0       ;
;      - delay_line[75][6]             ; 1                 ; 0       ;
;      - delay_line_next[75][6]~2455   ; 1                 ; 0       ;
;      - delay_line[74][7]             ; 1                 ; 0       ;
;      - delay_line[75][7]             ; 1                 ; 0       ;
;      - delay_line_next[75][7]~2456   ; 1                 ; 0       ;
;      - delay_line[74][8]             ; 1                 ; 0       ;
;      - delay_line[75][8]             ; 1                 ; 0       ;
;      - delay_line_next[75][8]~2457   ; 1                 ; 0       ;
;      - delay_line[74][9]             ; 1                 ; 0       ;
;      - delay_line[75][9]             ; 1                 ; 0       ;
;      - delay_line_next[75][9]~2458   ; 1                 ; 0       ;
;      - delay_line[74][10]            ; 1                 ; 0       ;
;      - delay_line[75][10]            ; 1                 ; 0       ;
;      - delay_line_next[75][10]~2459  ; 1                 ; 0       ;
;      - delay_line[74][11]            ; 1                 ; 0       ;
;      - delay_line[75][11]            ; 1                 ; 0       ;
;      - delay_line_next[75][11]~2460  ; 1                 ; 0       ;
;      - delay_line[74][12]            ; 1                 ; 0       ;
;      - delay_line[75][12]            ; 1                 ; 0       ;
;      - delay_line_next[75][12]~2461  ; 1                 ; 0       ;
;      - delay_line[74][13]            ; 1                 ; 0       ;
;      - delay_line[75][13]            ; 1                 ; 0       ;
;      - delay_line_next[75][13]~2462  ; 1                 ; 0       ;
;      - delay_line[74][14]            ; 1                 ; 0       ;
;      - delay_line[75][14]            ; 1                 ; 0       ;
;      - delay_line_next[75][14]~2463  ; 1                 ; 0       ;
;      - delay_line[74][15]            ; 1                 ; 0       ;
;      - delay_line[75][15]            ; 1                 ; 0       ;
;      - delay_line_next[75][15]~2464  ; 1                 ; 0       ;
;      - delay_line_next[124][0]~2465  ; 1                 ; 0       ;
;      - delay_line_next[124][1]~2466  ; 1                 ; 0       ;
;      - delay_line_next[124][2]~2467  ; 1                 ; 0       ;
;      - delay_line_next[124][3]~2468  ; 1                 ; 0       ;
;      - delay_line_next[124][4]~2469  ; 1                 ; 0       ;
;      - delay_line_next[124][5]~2470  ; 1                 ; 0       ;
;      - delay_line_next[124][6]~2471  ; 1                 ; 0       ;
;      - delay_line_next[124][7]~2472  ; 1                 ; 0       ;
;      - delay_line_next[124][8]~2473  ; 1                 ; 0       ;
;      - delay_line_next[124][9]~2474  ; 1                 ; 0       ;
;      - delay_line_next[124][10]~2475 ; 1                 ; 0       ;
;      - delay_line_next[124][11]~2476 ; 1                 ; 0       ;
;      - delay_line_next[124][12]~2477 ; 1                 ; 0       ;
;      - delay_line_next[124][13]~2478 ; 1                 ; 0       ;
;      - delay_line_next[124][14]~2479 ; 1                 ; 0       ;
;      - delay_line_next[124][15]~2480 ; 1                 ; 0       ;
;      - delay_line_next[86][0]~2481   ; 1                 ; 0       ;
;      - delay_line_next[86][1]~2482   ; 1                 ; 0       ;
;      - delay_line_next[86][2]~2483   ; 1                 ; 0       ;
;      - delay_line_next[86][3]~2484   ; 1                 ; 0       ;
;      - delay_line_next[86][4]~2485   ; 1                 ; 0       ;
;      - delay_line_next[86][5]~2486   ; 1                 ; 0       ;
;      - delay_line_next[86][6]~2487   ; 1                 ; 0       ;
;      - delay_line_next[86][7]~2488   ; 1                 ; 0       ;
;      - delay_line_next[86][8]~2489   ; 1                 ; 0       ;
;      - delay_line_next[86][9]~2490   ; 1                 ; 0       ;
;      - delay_line_next[86][10]~2491  ; 1                 ; 0       ;
;      - delay_line_next[86][11]~2492  ; 1                 ; 0       ;
;      - delay_line_next[86][12]~2493  ; 1                 ; 0       ;
;      - delay_line_next[86][13]~2494  ; 1                 ; 0       ;
;      - delay_line_next[86][14]~2495  ; 1                 ; 0       ;
;      - delay_line_next[86][15]~2496  ; 1                 ; 0       ;
;      - delay_line_next[34][0]~2497   ; 1                 ; 0       ;
;      - delay_line_next[34][1]~2498   ; 1                 ; 0       ;
;      - delay_line_next[34][2]~2499   ; 1                 ; 0       ;
;      - delay_line_next[34][3]~2500   ; 1                 ; 0       ;
;      - delay_line_next[34][4]~2501   ; 1                 ; 0       ;
;      - delay_line_next[34][5]~2502   ; 1                 ; 0       ;
;      - delay_line_next[34][6]~2503   ; 1                 ; 0       ;
;      - delay_line_next[34][7]~2504   ; 1                 ; 0       ;
;      - delay_line_next[34][8]~2505   ; 1                 ; 0       ;
;      - delay_line_next[34][9]~2506   ; 1                 ; 0       ;
;      - delay_line_next[34][10]~2507  ; 1                 ; 0       ;
;      - delay_line_next[34][11]~2508  ; 1                 ; 0       ;
;      - delay_line_next[34][12]~2509  ; 1                 ; 0       ;
;      - delay_line_next[34][13]~2510  ; 1                 ; 0       ;
;      - delay_line_next[34][14]~2511  ; 1                 ; 0       ;
;      - delay_line_next[34][15]~2512  ; 1                 ; 0       ;
;      - delay_line[141][0]            ; 1                 ; 0       ;
;      - delay_line_next[142][0]~2513  ; 1                 ; 0       ;
;      - delay_line[141][1]            ; 1                 ; 0       ;
;      - delay_line_next[142][1]~2514  ; 1                 ; 0       ;
;      - delay_line[141][2]            ; 1                 ; 0       ;
;      - delay_line_next[142][2]~2515  ; 1                 ; 0       ;
;      - delay_line[141][3]            ; 1                 ; 0       ;
;      - delay_line_next[142][3]~2516  ; 1                 ; 0       ;
;      - delay_line[141][4]            ; 1                 ; 0       ;
;      - delay_line_next[142][4]~2517  ; 1                 ; 0       ;
;      - delay_line[141][5]            ; 1                 ; 0       ;
;      - delay_line_next[142][5]~2518  ; 1                 ; 0       ;
;      - delay_line[141][6]            ; 1                 ; 0       ;
;      - delay_line_next[142][6]~2519  ; 1                 ; 0       ;
;      - delay_line[141][7]            ; 1                 ; 0       ;
;      - delay_line_next[142][7]~2520  ; 1                 ; 0       ;
;      - delay_line[141][8]            ; 1                 ; 0       ;
;      - delay_line_next[142][8]~2521  ; 1                 ; 0       ;
;      - delay_line[141][9]            ; 1                 ; 0       ;
;      - delay_line_next[142][9]~2522  ; 1                 ; 0       ;
;      - delay_line[141][10]           ; 1                 ; 0       ;
;      - delay_line_next[142][10]~2523 ; 1                 ; 0       ;
;      - delay_line[141][11]           ; 1                 ; 0       ;
;      - delay_line_next[142][11]~2524 ; 1                 ; 0       ;
;      - delay_line[141][12]           ; 1                 ; 0       ;
;      - delay_line_next[142][12]~2525 ; 1                 ; 0       ;
;      - delay_line[141][13]           ; 1                 ; 0       ;
;      - delay_line_next[142][13]~2526 ; 1                 ; 0       ;
;      - delay_line[141][14]           ; 1                 ; 0       ;
;      - delay_line_next[142][14]~2527 ; 1                 ; 0       ;
;      - delay_line[141][15]           ; 1                 ; 0       ;
;      - delay_line_next[142][15]~2528 ; 1                 ; 0       ;
;      - delay_line[140][0]            ; 1                 ; 0       ;
;      - delay_line_next[141][0]~2529  ; 1                 ; 0       ;
;      - delay_line[140][1]            ; 1                 ; 0       ;
;      - delay_line_next[141][1]~2530  ; 1                 ; 0       ;
;      - delay_line[140][2]            ; 1                 ; 0       ;
;      - delay_line_next[141][2]~2531  ; 1                 ; 0       ;
;      - delay_line[140][3]            ; 1                 ; 0       ;
;      - delay_line_next[141][3]~2532  ; 1                 ; 0       ;
;      - delay_line[140][4]            ; 1                 ; 0       ;
;      - delay_line_next[141][4]~2533  ; 1                 ; 0       ;
;      - delay_line[140][5]            ; 1                 ; 0       ;
;      - delay_line_next[141][5]~2534  ; 1                 ; 0       ;
;      - delay_line[140][6]            ; 1                 ; 0       ;
;      - delay_line_next[141][6]~2535  ; 1                 ; 0       ;
;      - delay_line[140][7]            ; 1                 ; 0       ;
;      - delay_line_next[141][7]~2536  ; 1                 ; 0       ;
;      - delay_line[140][8]            ; 1                 ; 0       ;
;      - delay_line_next[141][8]~2537  ; 1                 ; 0       ;
;      - delay_line[140][9]            ; 1                 ; 0       ;
;      - delay_line_next[141][9]~2538  ; 1                 ; 0       ;
;      - delay_line[140][10]           ; 1                 ; 0       ;
;      - delay_line_next[141][10]~2539 ; 1                 ; 0       ;
;      - delay_line[140][11]           ; 1                 ; 0       ;
;      - delay_line_next[141][11]~2540 ; 1                 ; 0       ;
;      - delay_line[140][12]           ; 1                 ; 0       ;
;      - delay_line_next[141][12]~2541 ; 1                 ; 0       ;
;      - delay_line[140][13]           ; 1                 ; 0       ;
;      - delay_line_next[141][13]~2542 ; 1                 ; 0       ;
;      - delay_line[140][14]           ; 1                 ; 0       ;
;      - delay_line_next[141][14]~2543 ; 1                 ; 0       ;
;      - delay_line[140][15]           ; 1                 ; 0       ;
;      - delay_line_next[141][15]~2544 ; 1                 ; 0       ;
;      - delay_line[139][0]            ; 1                 ; 0       ;
;      - delay_line_next[140][0]~2545  ; 1                 ; 0       ;
;      - delay_line[139][1]            ; 1                 ; 0       ;
;      - delay_line_next[140][1]~2546  ; 1                 ; 0       ;
;      - delay_line[139][2]            ; 1                 ; 0       ;
;      - delay_line_next[140][2]~2547  ; 1                 ; 0       ;
;      - delay_line[139][3]            ; 1                 ; 0       ;
;      - delay_line_next[140][3]~2548  ; 1                 ; 0       ;
;      - delay_line[139][4]            ; 1                 ; 0       ;
;      - delay_line_next[140][4]~2549  ; 1                 ; 0       ;
;      - delay_line[139][5]            ; 1                 ; 0       ;
;      - delay_line_next[140][5]~2550  ; 1                 ; 0       ;
;      - delay_line[139][6]            ; 1                 ; 0       ;
;      - delay_line_next[140][6]~2551  ; 1                 ; 0       ;
;      - delay_line[139][7]            ; 1                 ; 0       ;
;      - delay_line_next[140][7]~2552  ; 1                 ; 0       ;
;      - delay_line[139][8]            ; 1                 ; 0       ;
;      - delay_line_next[140][8]~2553  ; 1                 ; 0       ;
;      - delay_line[139][9]            ; 1                 ; 0       ;
;      - delay_line_next[140][9]~2554  ; 1                 ; 0       ;
;      - delay_line[139][10]           ; 1                 ; 0       ;
;      - delay_line_next[140][10]~2555 ; 1                 ; 0       ;
;      - delay_line[139][11]           ; 1                 ; 0       ;
;      - delay_line_next[140][11]~2556 ; 1                 ; 0       ;
;      - delay_line[139][12]           ; 1                 ; 0       ;
;      - delay_line_next[140][12]~2557 ; 1                 ; 0       ;
;      - delay_line[139][13]           ; 1                 ; 0       ;
;      - delay_line_next[140][13]~2558 ; 1                 ; 0       ;
;      - delay_line[139][14]           ; 1                 ; 0       ;
;      - delay_line_next[140][14]~2559 ; 1                 ; 0       ;
;      - delay_line[139][15]           ; 1                 ; 0       ;
;      - delay_line_next[140][15]~2560 ; 1                 ; 0       ;
;      - delay_line[73][0]             ; 1                 ; 0       ;
;      - delay_line_next[74][0]~2561   ; 1                 ; 0       ;
;      - delay_line[73][1]             ; 1                 ; 0       ;
;      - delay_line_next[74][1]~2562   ; 1                 ; 0       ;
;      - delay_line[73][2]             ; 1                 ; 0       ;
;      - delay_line_next[74][2]~2563   ; 1                 ; 0       ;
;      - delay_line[73][3]             ; 1                 ; 0       ;
;      - delay_line_next[74][3]~2564   ; 1                 ; 0       ;
;      - delay_line[73][4]             ; 1                 ; 0       ;
;      - delay_line_next[74][4]~2565   ; 1                 ; 0       ;
;      - delay_line[73][5]             ; 1                 ; 0       ;
;      - delay_line_next[74][5]~2566   ; 1                 ; 0       ;
;      - delay_line[73][6]             ; 1                 ; 0       ;
;      - delay_line_next[74][6]~2567   ; 1                 ; 0       ;
;      - delay_line[73][7]             ; 1                 ; 0       ;
;      - delay_line_next[74][7]~2568   ; 1                 ; 0       ;
;      - delay_line[73][8]             ; 1                 ; 0       ;
;      - delay_line_next[74][8]~2569   ; 1                 ; 0       ;
;      - delay_line[73][9]             ; 1                 ; 0       ;
;      - delay_line_next[74][9]~2570   ; 1                 ; 0       ;
;      - delay_line[73][10]            ; 1                 ; 0       ;
;      - delay_line_next[74][10]~2571  ; 1                 ; 0       ;
;      - delay_line[73][11]            ; 1                 ; 0       ;
;      - delay_line_next[74][11]~2572  ; 1                 ; 0       ;
;      - delay_line[73][12]            ; 1                 ; 0       ;
;      - delay_line_next[74][12]~2573  ; 1                 ; 0       ;
;      - delay_line[73][13]            ; 1                 ; 0       ;
;      - delay_line_next[74][13]~2574  ; 1                 ; 0       ;
;      - delay_line[73][14]            ; 1                 ; 0       ;
;      - delay_line_next[74][14]~2575  ; 1                 ; 0       ;
;      - delay_line[73][15]            ; 1                 ; 0       ;
;      - delay_line_next[74][15]~2576  ; 1                 ; 0       ;
;      - delay_line[69][0]             ; 1                 ; 0       ;
;      - delay_line[70][0]             ; 1                 ; 0       ;
;      - delay_line_next[70][0]~2577   ; 1                 ; 0       ;
;      - delay_line[69][1]             ; 1                 ; 0       ;
;      - delay_line[70][1]             ; 1                 ; 0       ;
;      - delay_line_next[70][1]~2578   ; 1                 ; 0       ;
;      - delay_line[69][2]             ; 1                 ; 0       ;
;      - delay_line[70][2]             ; 1                 ; 0       ;
;      - delay_line_next[70][2]~2579   ; 1                 ; 0       ;
;      - delay_line[69][3]             ; 1                 ; 0       ;
;      - delay_line[70][3]             ; 1                 ; 0       ;
;      - delay_line_next[70][3]~2580   ; 1                 ; 0       ;
;      - delay_line[69][4]             ; 1                 ; 0       ;
;      - delay_line[70][4]             ; 1                 ; 0       ;
;      - delay_line_next[70][4]~2581   ; 1                 ; 0       ;
;      - delay_line[69][5]             ; 1                 ; 0       ;
;      - delay_line[70][5]             ; 1                 ; 0       ;
;      - delay_line_next[70][5]~2582   ; 1                 ; 0       ;
;      - delay_line[69][6]             ; 1                 ; 0       ;
;      - delay_line[70][6]             ; 1                 ; 0       ;
;      - delay_line_next[70][6]~2583   ; 1                 ; 0       ;
;      - delay_line[69][7]             ; 1                 ; 0       ;
;      - delay_line[70][7]             ; 1                 ; 0       ;
;      - delay_line_next[70][7]~2584   ; 1                 ; 0       ;
;      - delay_line[69][8]             ; 1                 ; 0       ;
;      - delay_line[70][8]             ; 1                 ; 0       ;
;      - delay_line_next[70][8]~2585   ; 1                 ; 0       ;
;      - delay_line[69][9]             ; 1                 ; 0       ;
;      - delay_line[70][9]             ; 1                 ; 0       ;
;      - delay_line_next[70][9]~2586   ; 1                 ; 0       ;
;      - delay_line[69][10]            ; 1                 ; 0       ;
;      - delay_line[70][10]            ; 1                 ; 0       ;
;      - delay_line_next[70][10]~2587  ; 1                 ; 0       ;
;      - delay_line[69][11]            ; 1                 ; 0       ;
;      - delay_line[70][11]            ; 1                 ; 0       ;
;      - delay_line_next[70][11]~2588  ; 1                 ; 0       ;
;      - delay_line[69][12]            ; 1                 ; 0       ;
;      - delay_line[70][12]            ; 1                 ; 0       ;
;      - delay_line_next[70][12]~2589  ; 1                 ; 0       ;
;      - delay_line[69][13]            ; 1                 ; 0       ;
;      - delay_line[70][13]            ; 1                 ; 0       ;
;      - delay_line_next[70][13]~2590  ; 1                 ; 0       ;
;      - delay_line[69][14]            ; 1                 ; 0       ;
;      - delay_line[70][14]            ; 1                 ; 0       ;
;      - delay_line_next[70][14]~2591  ; 1                 ; 0       ;
;      - delay_line[69][15]            ; 1                 ; 0       ;
;      - delay_line[70][15]            ; 1                 ; 0       ;
;      - delay_line_next[70][15]~2592  ; 1                 ; 0       ;
;      - delay_line[68][0]             ; 1                 ; 0       ;
;      - delay_line_next[69][0]~2593   ; 1                 ; 0       ;
;      - delay_line[68][1]             ; 1                 ; 0       ;
;      - delay_line_next[69][1]~2594   ; 1                 ; 0       ;
;      - delay_line[68][2]             ; 1                 ; 0       ;
;      - delay_line_next[69][2]~2595   ; 1                 ; 0       ;
;      - delay_line[68][3]             ; 1                 ; 0       ;
;      - delay_line_next[69][3]~2596   ; 1                 ; 0       ;
;      - delay_line[68][4]             ; 1                 ; 0       ;
;      - delay_line_next[69][4]~2597   ; 1                 ; 0       ;
;      - delay_line[68][5]             ; 1                 ; 0       ;
;      - delay_line_next[69][5]~2598   ; 1                 ; 0       ;
;      - delay_line[68][6]             ; 1                 ; 0       ;
;      - delay_line_next[69][6]~2599   ; 1                 ; 0       ;
;      - delay_line[68][7]             ; 1                 ; 0       ;
;      - delay_line_next[69][7]~2600   ; 1                 ; 0       ;
;      - delay_line[68][8]             ; 1                 ; 0       ;
;      - delay_line_next[69][8]~2601   ; 1                 ; 0       ;
;      - delay_line[68][9]             ; 1                 ; 0       ;
;      - delay_line_next[69][9]~2602   ; 1                 ; 0       ;
;      - delay_line[68][10]            ; 1                 ; 0       ;
;      - delay_line_next[69][10]~2603  ; 1                 ; 0       ;
;      - delay_line[68][11]            ; 1                 ; 0       ;
;      - delay_line_next[69][11]~2604  ; 1                 ; 0       ;
;      - delay_line[68][12]            ; 1                 ; 0       ;
;      - delay_line_next[69][12]~2605  ; 1                 ; 0       ;
;      - delay_line[68][13]            ; 1                 ; 0       ;
;      - delay_line_next[69][13]~2606  ; 1                 ; 0       ;
;      - delay_line[68][14]            ; 1                 ; 0       ;
;      - delay_line_next[69][14]~2607  ; 1                 ; 0       ;
;      - delay_line[68][15]            ; 1                 ; 0       ;
;      - delay_line_next[69][15]~2608  ; 1                 ; 0       ;
;      - delay_line_next[68][0]~2609   ; 1                 ; 0       ;
;      - delay_line_next[68][1]~2610   ; 1                 ; 0       ;
;      - delay_line_next[68][2]~2611   ; 1                 ; 0       ;
;      - delay_line_next[68][3]~2612   ; 1                 ; 0       ;
;      - delay_line_next[68][4]~2613   ; 1                 ; 0       ;
;      - delay_line_next[68][5]~2614   ; 1                 ; 0       ;
;      - delay_line_next[68][6]~2615   ; 1                 ; 0       ;
;      - delay_line_next[68][7]~2616   ; 1                 ; 0       ;
;      - delay_line_next[68][8]~2617   ; 1                 ; 0       ;
;      - delay_line_next[68][9]~2618   ; 1                 ; 0       ;
;      - delay_line_next[68][10]~2619  ; 1                 ; 0       ;
;      - delay_line_next[68][11]~2620  ; 1                 ; 0       ;
;      - delay_line_next[68][12]~2621  ; 1                 ; 0       ;
;      - delay_line_next[68][13]~2622  ; 1                 ; 0       ;
;      - delay_line_next[68][14]~2623  ; 1                 ; 0       ;
;      - delay_line_next[68][15]~2624  ; 1                 ; 0       ;
;      - delay_line[59][0]             ; 1                 ; 0       ;
;      - delay_line[60][0]             ; 1                 ; 0       ;
;      - delay_line_next[60][0]~2625   ; 1                 ; 0       ;
;      - delay_line[59][1]             ; 1                 ; 0       ;
;      - delay_line[60][1]             ; 1                 ; 0       ;
;      - delay_line_next[60][1]~2626   ; 1                 ; 0       ;
;      - delay_line[59][2]             ; 1                 ; 0       ;
;      - delay_line[60][2]             ; 1                 ; 0       ;
;      - delay_line_next[60][2]~2627   ; 1                 ; 0       ;
;      - delay_line[59][3]             ; 1                 ; 0       ;
;      - delay_line[60][3]             ; 1                 ; 0       ;
;      - delay_line_next[60][3]~2628   ; 1                 ; 0       ;
;      - delay_line[59][4]             ; 1                 ; 0       ;
;      - delay_line[60][4]             ; 1                 ; 0       ;
;      - delay_line_next[60][4]~2629   ; 1                 ; 0       ;
;      - delay_line[59][5]             ; 1                 ; 0       ;
;      - delay_line[60][5]             ; 1                 ; 0       ;
;      - delay_line_next[60][5]~2630   ; 1                 ; 0       ;
;      - delay_line[59][6]             ; 1                 ; 0       ;
;      - delay_line[60][6]             ; 1                 ; 0       ;
;      - delay_line_next[60][6]~2631   ; 1                 ; 0       ;
;      - delay_line[59][7]             ; 1                 ; 0       ;
;      - delay_line[60][7]             ; 1                 ; 0       ;
;      - delay_line_next[60][7]~2632   ; 1                 ; 0       ;
;      - delay_line[59][8]             ; 1                 ; 0       ;
;      - delay_line[60][8]             ; 1                 ; 0       ;
;      - delay_line_next[60][8]~2633   ; 1                 ; 0       ;
;      - delay_line[59][9]             ; 1                 ; 0       ;
;      - delay_line[60][9]             ; 1                 ; 0       ;
;      - delay_line_next[60][9]~2634   ; 1                 ; 0       ;
;      - delay_line[59][10]            ; 1                 ; 0       ;
;      - delay_line[60][10]            ; 1                 ; 0       ;
;      - delay_line_next[60][10]~2635  ; 1                 ; 0       ;
;      - delay_line[59][11]            ; 1                 ; 0       ;
;      - delay_line[60][11]            ; 1                 ; 0       ;
;      - delay_line_next[60][11]~2636  ; 1                 ; 0       ;
;      - delay_line[59][12]            ; 1                 ; 0       ;
;      - delay_line[60][12]            ; 1                 ; 0       ;
;      - delay_line_next[60][12]~2637  ; 1                 ; 0       ;
;      - delay_line[59][13]            ; 1                 ; 0       ;
;      - delay_line[60][13]            ; 1                 ; 0       ;
;      - delay_line_next[60][13]~2638  ; 1                 ; 0       ;
;      - delay_line[59][14]            ; 1                 ; 0       ;
;      - delay_line[60][14]            ; 1                 ; 0       ;
;      - delay_line_next[60][14]~2639  ; 1                 ; 0       ;
;      - delay_line[59][15]            ; 1                 ; 0       ;
;      - delay_line[60][15]            ; 1                 ; 0       ;
;      - delay_line_next[60][15]~2640  ; 1                 ; 0       ;
;      - delay_line[168][0]            ; 1                 ; 0       ;
;      - delay_line[169][0]            ; 1                 ; 0       ;
;      - delay_line_next[169][0]~2641  ; 1                 ; 0       ;
;      - delay_line[168][1]            ; 1                 ; 0       ;
;      - delay_line[169][1]            ; 1                 ; 0       ;
;      - delay_line_next[169][1]~2642  ; 1                 ; 0       ;
;      - delay_line[168][2]            ; 1                 ; 0       ;
;      - delay_line[169][2]            ; 1                 ; 0       ;
;      - delay_line_next[169][2]~2643  ; 1                 ; 0       ;
;      - delay_line[168][3]            ; 1                 ; 0       ;
;      - delay_line[169][3]            ; 1                 ; 0       ;
;      - delay_line_next[169][3]~2644  ; 1                 ; 0       ;
;      - delay_line[168][4]            ; 1                 ; 0       ;
;      - delay_line[169][4]            ; 1                 ; 0       ;
;      - delay_line_next[169][4]~2645  ; 1                 ; 0       ;
;      - delay_line[168][5]            ; 1                 ; 0       ;
;      - delay_line[169][5]            ; 1                 ; 0       ;
;      - delay_line_next[169][5]~2646  ; 1                 ; 0       ;
;      - delay_line[168][6]            ; 1                 ; 0       ;
;      - delay_line[169][6]            ; 1                 ; 0       ;
;      - delay_line_next[169][6]~2647  ; 1                 ; 0       ;
;      - delay_line[168][7]            ; 1                 ; 0       ;
;      - delay_line[169][7]            ; 1                 ; 0       ;
;      - delay_line_next[169][7]~2648  ; 1                 ; 0       ;
;      - delay_line[168][8]            ; 1                 ; 0       ;
;      - delay_line[169][8]            ; 1                 ; 0       ;
;      - delay_line_next[169][8]~2649  ; 1                 ; 0       ;
;      - delay_line[168][9]            ; 1                 ; 0       ;
;      - delay_line[169][9]            ; 1                 ; 0       ;
;      - delay_line_next[169][9]~2650  ; 1                 ; 0       ;
;      - delay_line[168][10]           ; 1                 ; 0       ;
;      - delay_line[169][10]           ; 1                 ; 0       ;
;      - delay_line_next[169][10]~2651 ; 1                 ; 0       ;
;      - delay_line[168][11]           ; 1                 ; 0       ;
;      - delay_line[169][11]           ; 1                 ; 0       ;
;      - delay_line_next[169][11]~2652 ; 1                 ; 0       ;
;      - delay_line[168][12]           ; 1                 ; 0       ;
;      - delay_line[169][12]           ; 1                 ; 0       ;
;      - delay_line_next[169][12]~2653 ; 1                 ; 0       ;
;      - delay_line[168][13]           ; 1                 ; 0       ;
;      - delay_line[169][13]           ; 1                 ; 0       ;
;      - delay_line_next[169][13]~2654 ; 1                 ; 0       ;
;      - delay_line[168][14]           ; 1                 ; 0       ;
;      - delay_line[169][14]           ; 1                 ; 0       ;
;      - delay_line_next[169][14]~2655 ; 1                 ; 0       ;
;      - delay_line[168][15]           ; 1                 ; 0       ;
;      - delay_line[169][15]           ; 1                 ; 0       ;
;      - delay_line_next[169][15]~2656 ; 1                 ; 0       ;
;      - delay_line[151][0]            ; 1                 ; 0       ;
;      - delay_line_next[151][0]~2657  ; 1                 ; 0       ;
;      - delay_line[151][1]            ; 1                 ; 0       ;
;      - delay_line_next[151][1]~2658  ; 1                 ; 0       ;
;      - delay_line[151][2]            ; 1                 ; 0       ;
;      - delay_line_next[151][2]~2659  ; 1                 ; 0       ;
;      - delay_line[151][3]            ; 1                 ; 0       ;
;      - delay_line_next[151][3]~2660  ; 1                 ; 0       ;
;      - delay_line[151][4]            ; 1                 ; 0       ;
;      - delay_line_next[151][4]~2661  ; 1                 ; 0       ;
;      - delay_line[151][5]            ; 1                 ; 0       ;
;      - delay_line_next[151][5]~2662  ; 1                 ; 0       ;
;      - delay_line[151][6]            ; 1                 ; 0       ;
;      - delay_line_next[151][6]~2663  ; 1                 ; 0       ;
;      - delay_line[151][7]            ; 1                 ; 0       ;
;      - delay_line_next[151][7]~2664  ; 1                 ; 0       ;
;      - delay_line[151][8]            ; 1                 ; 0       ;
;      - delay_line_next[151][8]~2665  ; 1                 ; 0       ;
;      - delay_line[151][9]            ; 1                 ; 0       ;
;      - delay_line_next[151][9]~2666  ; 1                 ; 0       ;
;      - delay_line[151][10]           ; 1                 ; 0       ;
;      - delay_line_next[151][10]~2667 ; 1                 ; 0       ;
;      - delay_line[151][11]           ; 1                 ; 0       ;
;      - delay_line_next[151][11]~2668 ; 1                 ; 0       ;
;      - delay_line[151][12]           ; 1                 ; 0       ;
;      - delay_line_next[151][12]~2669 ; 1                 ; 0       ;
;      - delay_line[151][13]           ; 1                 ; 0       ;
;      - delay_line_next[151][13]~2670 ; 1                 ; 0       ;
;      - delay_line[151][14]           ; 1                 ; 0       ;
;      - delay_line_next[151][14]~2671 ; 1                 ; 0       ;
;      - delay_line[151][15]           ; 1                 ; 0       ;
;      - delay_line_next[151][15]~2672 ; 1                 ; 0       ;
;      - delay_line[148][0]            ; 1                 ; 0       ;
;      - delay_line_next[149][0]~2673  ; 1                 ; 0       ;
;      - delay_line[148][1]            ; 1                 ; 0       ;
;      - delay_line_next[149][1]~2674  ; 1                 ; 0       ;
;      - delay_line[148][2]            ; 1                 ; 0       ;
;      - delay_line_next[149][2]~2675  ; 1                 ; 0       ;
;      - delay_line[148][3]            ; 1                 ; 0       ;
;      - delay_line_next[149][3]~2676  ; 1                 ; 0       ;
;      - delay_line[148][4]            ; 1                 ; 0       ;
;      - delay_line_next[149][4]~2677  ; 1                 ; 0       ;
;      - delay_line[148][5]            ; 1                 ; 0       ;
;      - delay_line_next[149][5]~2678  ; 1                 ; 0       ;
;      - delay_line[148][6]            ; 1                 ; 0       ;
;      - delay_line_next[149][6]~2679  ; 1                 ; 0       ;
;      - delay_line[148][7]            ; 1                 ; 0       ;
;      - delay_line_next[149][7]~2680  ; 1                 ; 0       ;
;      - delay_line[148][8]            ; 1                 ; 0       ;
;      - delay_line_next[149][8]~2681  ; 1                 ; 0       ;
;      - delay_line[148][9]            ; 1                 ; 0       ;
;      - delay_line_next[149][9]~2682  ; 1                 ; 0       ;
;      - delay_line[148][10]           ; 1                 ; 0       ;
;      - delay_line_next[149][10]~2683 ; 1                 ; 0       ;
;      - delay_line[148][11]           ; 1                 ; 0       ;
;      - delay_line_next[149][11]~2684 ; 1                 ; 0       ;
;      - delay_line[148][12]           ; 1                 ; 0       ;
;      - delay_line_next[149][12]~2685 ; 1                 ; 0       ;
;      - delay_line[148][13]           ; 1                 ; 0       ;
;      - delay_line_next[149][13]~2686 ; 1                 ; 0       ;
;      - delay_line[148][14]           ; 1                 ; 0       ;
;      - delay_line_next[149][14]~2687 ; 1                 ; 0       ;
;      - delay_line[148][15]           ; 1                 ; 0       ;
;      - delay_line_next[149][15]~2688 ; 1                 ; 0       ;
;      - delay_line[145][0]            ; 1                 ; 0       ;
;      - delay_line[146][0]            ; 1                 ; 0       ;
;      - delay_line_next[146][0]~2689  ; 1                 ; 0       ;
;      - delay_line[145][1]            ; 1                 ; 0       ;
;      - delay_line[146][1]            ; 1                 ; 0       ;
;      - delay_line_next[146][1]~2690  ; 1                 ; 0       ;
;      - delay_line[145][2]            ; 1                 ; 0       ;
;      - delay_line[146][2]            ; 1                 ; 0       ;
;      - delay_line_next[146][2]~2691  ; 1                 ; 0       ;
;      - delay_line[145][3]            ; 1                 ; 0       ;
;      - delay_line[146][3]            ; 1                 ; 0       ;
;      - delay_line_next[146][3]~2692  ; 1                 ; 0       ;
;      - delay_line[145][4]            ; 1                 ; 0       ;
;      - delay_line[146][4]            ; 1                 ; 0       ;
;      - delay_line_next[146][4]~2693  ; 1                 ; 0       ;
;      - delay_line[145][5]            ; 1                 ; 0       ;
;      - delay_line[146][5]            ; 1                 ; 0       ;
;      - delay_line_next[146][5]~2694  ; 1                 ; 0       ;
;      - delay_line[145][6]            ; 1                 ; 0       ;
;      - delay_line[146][6]            ; 1                 ; 0       ;
;      - delay_line_next[146][6]~2695  ; 1                 ; 0       ;
;      - delay_line[145][7]            ; 1                 ; 0       ;
;      - delay_line[146][7]            ; 1                 ; 0       ;
;      - delay_line_next[146][7]~2696  ; 1                 ; 0       ;
;      - delay_line[145][8]            ; 1                 ; 0       ;
;      - delay_line[146][8]            ; 1                 ; 0       ;
;      - delay_line_next[146][8]~2697  ; 1                 ; 0       ;
;      - delay_line[145][9]            ; 1                 ; 0       ;
;      - delay_line[146][9]            ; 1                 ; 0       ;
;      - delay_line_next[146][9]~2698  ; 1                 ; 0       ;
;      - delay_line[145][10]           ; 1                 ; 0       ;
;      - delay_line[146][10]           ; 1                 ; 0       ;
;      - delay_line_next[146][10]~2699 ; 1                 ; 0       ;
;      - delay_line[145][11]           ; 1                 ; 0       ;
;      - delay_line[146][11]           ; 1                 ; 0       ;
;      - delay_line_next[146][11]~2700 ; 1                 ; 0       ;
;      - delay_line[145][12]           ; 1                 ; 0       ;
;      - delay_line[146][12]           ; 1                 ; 0       ;
;      - delay_line_next[146][12]~2701 ; 1                 ; 0       ;
;      - delay_line[145][13]           ; 1                 ; 0       ;
;      - delay_line[146][13]           ; 1                 ; 0       ;
;      - delay_line_next[146][13]~2702 ; 1                 ; 0       ;
;      - delay_line[145][14]           ; 1                 ; 0       ;
;      - delay_line[146][14]           ; 1                 ; 0       ;
;      - delay_line_next[146][14]~2703 ; 1                 ; 0       ;
;      - delay_line[145][15]           ; 1                 ; 0       ;
;      - delay_line[146][15]           ; 1                 ; 0       ;
;      - delay_line_next[146][15]~2704 ; 1                 ; 0       ;
;      - delay_line_next[137][0]~2705  ; 1                 ; 0       ;
;      - delay_line_next[137][1]~2706  ; 1                 ; 0       ;
;      - delay_line_next[137][2]~2707  ; 1                 ; 0       ;
;      - delay_line_next[137][3]~2708  ; 1                 ; 0       ;
;      - delay_line_next[137][4]~2709  ; 1                 ; 0       ;
;      - delay_line_next[137][5]~2710  ; 1                 ; 0       ;
;      - delay_line_next[137][6]~2711  ; 1                 ; 0       ;
;      - delay_line_next[137][7]~2712  ; 1                 ; 0       ;
;      - delay_line_next[137][8]~2713  ; 1                 ; 0       ;
;      - delay_line_next[137][9]~2714  ; 1                 ; 0       ;
;      - delay_line_next[137][10]~2715 ; 1                 ; 0       ;
;      - delay_line_next[137][11]~2716 ; 1                 ; 0       ;
;      - delay_line_next[137][12]~2717 ; 1                 ; 0       ;
;      - delay_line_next[137][13]~2718 ; 1                 ; 0       ;
;      - delay_line_next[137][14]~2719 ; 1                 ; 0       ;
;      - delay_line_next[137][15]~2720 ; 1                 ; 0       ;
;      - delay_line[134][0]            ; 1                 ; 0       ;
;      - delay_line_next[135][0]~2721  ; 1                 ; 0       ;
;      - delay_line[134][1]            ; 1                 ; 0       ;
;      - delay_line_next[135][1]~2722  ; 1                 ; 0       ;
;      - delay_line[134][2]            ; 1                 ; 0       ;
;      - delay_line_next[135][2]~2723  ; 1                 ; 0       ;
;      - delay_line[134][3]            ; 1                 ; 0       ;
;      - delay_line_next[135][3]~2724  ; 1                 ; 0       ;
;      - delay_line[134][4]            ; 1                 ; 0       ;
;      - delay_line_next[135][4]~2725  ; 1                 ; 0       ;
;      - delay_line[134][5]            ; 1                 ; 0       ;
;      - delay_line_next[135][5]~2726  ; 1                 ; 0       ;
;      - delay_line[134][6]            ; 1                 ; 0       ;
;      - delay_line_next[135][6]~2727  ; 1                 ; 0       ;
;      - delay_line[134][7]            ; 1                 ; 0       ;
;      - delay_line_next[135][7]~2728  ; 1                 ; 0       ;
;      - delay_line[134][8]            ; 1                 ; 0       ;
;      - delay_line_next[135][8]~2729  ; 1                 ; 0       ;
;      - delay_line[134][9]            ; 1                 ; 0       ;
;      - delay_line_next[135][9]~2730  ; 1                 ; 0       ;
;      - delay_line[134][10]           ; 1                 ; 0       ;
;      - delay_line_next[135][10]~2731 ; 1                 ; 0       ;
;      - delay_line[134][11]           ; 1                 ; 0       ;
;      - delay_line_next[135][11]~2732 ; 1                 ; 0       ;
;      - delay_line[134][12]           ; 1                 ; 0       ;
;      - delay_line_next[135][12]~2733 ; 1                 ; 0       ;
;      - delay_line[134][13]           ; 1                 ; 0       ;
;      - delay_line_next[135][13]~2734 ; 1                 ; 0       ;
;      - delay_line[134][14]           ; 1                 ; 0       ;
;      - delay_line_next[135][14]~2735 ; 1                 ; 0       ;
;      - delay_line[134][15]           ; 1                 ; 0       ;
;      - delay_line_next[135][15]~2736 ; 1                 ; 0       ;
;      - delay_line[133][0]            ; 1                 ; 0       ;
;      - delay_line_next[133][0]~2737  ; 1                 ; 0       ;
;      - delay_line[133][1]            ; 1                 ; 0       ;
;      - delay_line_next[133][1]~2738  ; 1                 ; 0       ;
;      - delay_line[133][2]            ; 1                 ; 0       ;
;      - delay_line_next[133][2]~2739  ; 1                 ; 0       ;
;      - delay_line[133][3]            ; 1                 ; 0       ;
;      - delay_line_next[133][3]~2740  ; 1                 ; 0       ;
;      - delay_line[133][4]            ; 1                 ; 0       ;
;      - delay_line_next[133][4]~2741  ; 1                 ; 0       ;
;      - delay_line[133][5]            ; 1                 ; 0       ;
;      - delay_line_next[133][5]~2742  ; 1                 ; 0       ;
;      - delay_line[133][6]            ; 1                 ; 0       ;
;      - delay_line_next[133][6]~2743  ; 1                 ; 0       ;
;      - delay_line[133][7]            ; 1                 ; 0       ;
;      - delay_line_next[133][7]~2744  ; 1                 ; 0       ;
;      - delay_line[133][8]            ; 1                 ; 0       ;
;      - delay_line_next[133][8]~2745  ; 1                 ; 0       ;
;      - delay_line[133][9]            ; 1                 ; 0       ;
;      - delay_line_next[133][9]~2746  ; 1                 ; 0       ;
;      - delay_line[133][10]           ; 1                 ; 0       ;
;      - delay_line_next[133][10]~2747 ; 1                 ; 0       ;
;      - delay_line[133][11]           ; 1                 ; 0       ;
;      - delay_line_next[133][11]~2748 ; 1                 ; 0       ;
;      - delay_line[133][12]           ; 1                 ; 0       ;
;      - delay_line_next[133][12]~2749 ; 1                 ; 0       ;
;      - delay_line[133][13]           ; 1                 ; 0       ;
;      - delay_line_next[133][13]~2750 ; 1                 ; 0       ;
;      - delay_line[133][14]           ; 1                 ; 0       ;
;      - delay_line_next[133][14]~2751 ; 1                 ; 0       ;
;      - delay_line[133][15]           ; 1                 ; 0       ;
;      - delay_line_next[133][15]~2752 ; 1                 ; 0       ;
;      - delay_line_next[73][0]~2753   ; 1                 ; 0       ;
;      - delay_line_next[73][1]~2754   ; 1                 ; 0       ;
;      - delay_line_next[73][2]~2755   ; 1                 ; 0       ;
;      - delay_line_next[73][3]~2756   ; 1                 ; 0       ;
;      - delay_line_next[73][4]~2757   ; 1                 ; 0       ;
;      - delay_line_next[73][5]~2758   ; 1                 ; 0       ;
;      - delay_line_next[73][6]~2759   ; 1                 ; 0       ;
;      - delay_line_next[73][7]~2760   ; 1                 ; 0       ;
;      - delay_line_next[73][8]~2761   ; 1                 ; 0       ;
;      - delay_line_next[73][9]~2762   ; 1                 ; 0       ;
;      - delay_line_next[73][10]~2763  ; 1                 ; 0       ;
;      - delay_line_next[73][11]~2764  ; 1                 ; 0       ;
;      - delay_line_next[73][12]~2765  ; 1                 ; 0       ;
;      - delay_line_next[73][13]~2766  ; 1                 ; 0       ;
;      - delay_line_next[73][14]~2767  ; 1                 ; 0       ;
;      - delay_line_next[73][15]~2768  ; 1                 ; 0       ;
;      - delay_line_next[71][0]~2769   ; 1                 ; 0       ;
;      - delay_line_next[71][1]~2770   ; 1                 ; 0       ;
;      - delay_line_next[71][2]~2771   ; 1                 ; 0       ;
;      - delay_line_next[71][3]~2772   ; 1                 ; 0       ;
;      - delay_line_next[71][4]~2773   ; 1                 ; 0       ;
;      - delay_line_next[71][5]~2774   ; 1                 ; 0       ;
;      - delay_line_next[71][6]~2775   ; 1                 ; 0       ;
;      - delay_line_next[71][7]~2776   ; 1                 ; 0       ;
;      - delay_line_next[71][8]~2777   ; 1                 ; 0       ;
;      - delay_line_next[71][9]~2778   ; 1                 ; 0       ;
;      - delay_line_next[71][10]~2779  ; 1                 ; 0       ;
;      - delay_line_next[71][11]~2780  ; 1                 ; 0       ;
;      - delay_line_next[71][12]~2781  ; 1                 ; 0       ;
;      - delay_line_next[71][13]~2782  ; 1                 ; 0       ;
;      - delay_line_next[71][14]~2783  ; 1                 ; 0       ;
;      - delay_line_next[71][15]~2784  ; 1                 ; 0       ;
;      - delay_line[65][0]             ; 1                 ; 0       ;
;      - delay_line_next[66][0]~2785   ; 1                 ; 0       ;
;      - delay_line[65][1]             ; 1                 ; 0       ;
;      - delay_line_next[66][1]~2786   ; 1                 ; 0       ;
;      - delay_line[65][2]             ; 1                 ; 0       ;
;      - delay_line_next[66][2]~2787   ; 1                 ; 0       ;
;      - delay_line[65][3]             ; 1                 ; 0       ;
;      - delay_line_next[66][3]~2788   ; 1                 ; 0       ;
;      - delay_line[65][4]             ; 1                 ; 0       ;
;      - delay_line_next[66][4]~2789   ; 1                 ; 0       ;
;      - delay_line[65][5]             ; 1                 ; 0       ;
;      - delay_line_next[66][5]~2790   ; 1                 ; 0       ;
;      - delay_line[65][6]             ; 1                 ; 0       ;
;      - delay_line_next[66][6]~2791   ; 1                 ; 0       ;
;      - delay_line[65][7]             ; 1                 ; 0       ;
;      - delay_line_next[66][7]~2792   ; 1                 ; 0       ;
;      - delay_line[65][8]             ; 1                 ; 0       ;
;      - delay_line_next[66][8]~2793   ; 1                 ; 0       ;
;      - delay_line[65][9]             ; 1                 ; 0       ;
;      - delay_line_next[66][9]~2794   ; 1                 ; 0       ;
;      - delay_line[65][10]            ; 1                 ; 0       ;
;      - delay_line_next[66][10]~2795  ; 1                 ; 0       ;
;      - delay_line[65][11]            ; 1                 ; 0       ;
;      - delay_line_next[66][11]~2796  ; 1                 ; 0       ;
;      - delay_line[65][12]            ; 1                 ; 0       ;
;      - delay_line_next[66][12]~2797  ; 1                 ; 0       ;
;      - delay_line[65][13]            ; 1                 ; 0       ;
;      - delay_line_next[66][13]~2798  ; 1                 ; 0       ;
;      - delay_line[65][14]            ; 1                 ; 0       ;
;      - delay_line_next[66][14]~2799  ; 1                 ; 0       ;
;      - delay_line[65][15]            ; 1                 ; 0       ;
;      - delay_line_next[66][15]~2800  ; 1                 ; 0       ;
;      - delay_line[58][0]             ; 1                 ; 0       ;
;      - delay_line_next[59][0]~2801   ; 1                 ; 0       ;
;      - delay_line[58][1]             ; 1                 ; 0       ;
;      - delay_line_next[59][1]~2802   ; 1                 ; 0       ;
;      - delay_line[58][2]             ; 1                 ; 0       ;
;      - delay_line_next[59][2]~2803   ; 1                 ; 0       ;
;      - delay_line[58][3]             ; 1                 ; 0       ;
;      - delay_line_next[59][3]~2804   ; 1                 ; 0       ;
;      - delay_line[58][4]             ; 1                 ; 0       ;
;      - delay_line_next[59][4]~2805   ; 1                 ; 0       ;
;      - delay_line[58][5]             ; 1                 ; 0       ;
;      - delay_line_next[59][5]~2806   ; 1                 ; 0       ;
;      - delay_line[58][6]             ; 1                 ; 0       ;
;      - delay_line_next[59][6]~2807   ; 1                 ; 0       ;
;      - delay_line[58][7]             ; 1                 ; 0       ;
;      - delay_line_next[59][7]~2808   ; 1                 ; 0       ;
;      - delay_line[58][8]             ; 1                 ; 0       ;
;      - delay_line_next[59][8]~2809   ; 1                 ; 0       ;
;      - delay_line[58][9]             ; 1                 ; 0       ;
;      - delay_line_next[59][9]~2810   ; 1                 ; 0       ;
;      - delay_line[58][10]            ; 1                 ; 0       ;
;      - delay_line_next[59][10]~2811  ; 1                 ; 0       ;
;      - delay_line[58][11]            ; 1                 ; 0       ;
;      - delay_line_next[59][11]~2812  ; 1                 ; 0       ;
;      - delay_line[58][12]            ; 1                 ; 0       ;
;      - delay_line_next[59][12]~2813  ; 1                 ; 0       ;
;      - delay_line[58][13]            ; 1                 ; 0       ;
;      - delay_line_next[59][13]~2814  ; 1                 ; 0       ;
;      - delay_line[58][14]            ; 1                 ; 0       ;
;      - delay_line_next[59][14]~2815  ; 1                 ; 0       ;
;      - delay_line[58][15]            ; 1                 ; 0       ;
;      - delay_line_next[59][15]~2816  ; 1                 ; 0       ;
;      - delay_line[55][0]             ; 1                 ; 0       ;
;      - delay_line_next[55][0]~2817   ; 1                 ; 0       ;
;      - delay_line[55][1]             ; 1                 ; 0       ;
;      - delay_line_next[55][1]~2818   ; 1                 ; 0       ;
;      - delay_line[55][2]             ; 1                 ; 0       ;
;      - delay_line_next[55][2]~2819   ; 1                 ; 0       ;
;      - delay_line[55][3]             ; 1                 ; 0       ;
;      - delay_line_next[55][3]~2820   ; 1                 ; 0       ;
;      - delay_line[55][4]             ; 1                 ; 0       ;
;      - delay_line_next[55][4]~2821   ; 1                 ; 0       ;
;      - delay_line[55][5]             ; 1                 ; 0       ;
;      - delay_line_next[55][5]~2822   ; 1                 ; 0       ;
;      - delay_line[55][6]             ; 1                 ; 0       ;
;      - delay_line_next[55][6]~2823   ; 1                 ; 0       ;
;      - delay_line[55][7]             ; 1                 ; 0       ;
;      - delay_line_next[55][7]~2824   ; 1                 ; 0       ;
;      - delay_line[55][8]             ; 1                 ; 0       ;
;      - delay_line_next[55][8]~2825   ; 1                 ; 0       ;
;      - delay_line[55][9]             ; 1                 ; 0       ;
;      - delay_line_next[55][9]~2826   ; 1                 ; 0       ;
;      - delay_line[55][10]            ; 1                 ; 0       ;
;      - delay_line_next[55][10]~2827  ; 1                 ; 0       ;
;      - delay_line[55][11]            ; 1                 ; 0       ;
;      - delay_line_next[55][11]~2828  ; 1                 ; 0       ;
;      - delay_line[55][12]            ; 1                 ; 0       ;
;      - delay_line_next[55][12]~2829  ; 1                 ; 0       ;
;      - delay_line[55][13]            ; 1                 ; 0       ;
;      - delay_line_next[55][13]~2830  ; 1                 ; 0       ;
;      - delay_line[55][14]            ; 1                 ; 0       ;
;      - delay_line_next[55][14]~2831  ; 1                 ; 0       ;
;      - delay_line[55][15]            ; 1                 ; 0       ;
;      - delay_line_next[55][15]~2832  ; 1                 ; 0       ;
;      - delay_line_next[51][0]~2833   ; 1                 ; 0       ;
;      - delay_line_next[51][1]~2834   ; 1                 ; 0       ;
;      - delay_line_next[51][2]~2835   ; 1                 ; 0       ;
;      - delay_line_next[51][3]~2836   ; 1                 ; 0       ;
;      - delay_line_next[51][4]~2837   ; 1                 ; 0       ;
;      - delay_line_next[51][5]~2838   ; 1                 ; 0       ;
;      - delay_line_next[51][6]~2839   ; 1                 ; 0       ;
;      - delay_line_next[51][7]~2840   ; 1                 ; 0       ;
;      - delay_line_next[51][8]~2841   ; 1                 ; 0       ;
;      - delay_line_next[51][9]~2842   ; 1                 ; 0       ;
;      - delay_line_next[51][10]~2843  ; 1                 ; 0       ;
;      - delay_line_next[51][11]~2844  ; 1                 ; 0       ;
;      - delay_line_next[51][12]~2845  ; 1                 ; 0       ;
;      - delay_line_next[51][13]~2846  ; 1                 ; 0       ;
;      - delay_line_next[51][14]~2847  ; 1                 ; 0       ;
;      - delay_line_next[51][15]~2848  ; 1                 ; 0       ;
;      - delay_line[147][0]            ; 1                 ; 0       ;
;      - delay_line_next[147][0]~2849  ; 1                 ; 0       ;
;      - delay_line[147][1]            ; 1                 ; 0       ;
;      - delay_line_next[147][1]~2850  ; 1                 ; 0       ;
;      - delay_line[147][2]            ; 1                 ; 0       ;
;      - delay_line_next[147][2]~2851  ; 1                 ; 0       ;
;      - delay_line[147][3]            ; 1                 ; 0       ;
;      - delay_line_next[147][3]~2852  ; 1                 ; 0       ;
;      - delay_line[147][4]            ; 1                 ; 0       ;
;      - delay_line_next[147][4]~2853  ; 1                 ; 0       ;
;      - delay_line[147][5]            ; 1                 ; 0       ;
;      - delay_line_next[147][5]~2854  ; 1                 ; 0       ;
;      - delay_line[147][6]            ; 1                 ; 0       ;
;      - delay_line_next[147][6]~2855  ; 1                 ; 0       ;
;      - delay_line[147][7]            ; 1                 ; 0       ;
;      - delay_line_next[147][7]~2856  ; 1                 ; 0       ;
;      - delay_line[147][8]            ; 1                 ; 0       ;
;      - delay_line_next[147][8]~2857  ; 1                 ; 0       ;
;      - delay_line[147][9]            ; 1                 ; 0       ;
;      - delay_line_next[147][9]~2858  ; 1                 ; 0       ;
;      - delay_line[147][10]           ; 1                 ; 0       ;
;      - delay_line_next[147][10]~2859 ; 1                 ; 0       ;
;      - delay_line[147][11]           ; 1                 ; 0       ;
;      - delay_line_next[147][11]~2860 ; 1                 ; 0       ;
;      - delay_line[147][12]           ; 1                 ; 0       ;
;      - delay_line_next[147][12]~2861 ; 1                 ; 0       ;
;      - delay_line[147][13]           ; 1                 ; 0       ;
;      - delay_line_next[147][13]~2862 ; 1                 ; 0       ;
;      - delay_line[147][14]           ; 1                 ; 0       ;
;      - delay_line_next[147][14]~2863 ; 1                 ; 0       ;
;      - delay_line[147][15]           ; 1                 ; 0       ;
;      - delay_line_next[147][15]~2864 ; 1                 ; 0       ;
;      - delay_line_next[134][0]~2865  ; 1                 ; 0       ;
;      - delay_line_next[134][1]~2866  ; 1                 ; 0       ;
;      - delay_line_next[134][2]~2867  ; 1                 ; 0       ;
;      - delay_line_next[134][3]~2868  ; 1                 ; 0       ;
;      - delay_line_next[134][4]~2869  ; 1                 ; 0       ;
;      - delay_line_next[134][5]~2870  ; 1                 ; 0       ;
;      - delay_line_next[134][6]~2871  ; 1                 ; 0       ;
;      - delay_line_next[134][7]~2872  ; 1                 ; 0       ;
;      - delay_line_next[134][8]~2873  ; 1                 ; 0       ;
;      - delay_line_next[134][9]~2874  ; 1                 ; 0       ;
;      - delay_line_next[134][10]~2875 ; 1                 ; 0       ;
;      - delay_line_next[134][11]~2876 ; 1                 ; 0       ;
;      - delay_line_next[134][12]~2877 ; 1                 ; 0       ;
;      - delay_line_next[134][13]~2878 ; 1                 ; 0       ;
;      - delay_line_next[134][14]~2879 ; 1                 ; 0       ;
;      - delay_line_next[134][15]~2880 ; 1                 ; 0       ;
;      - delay_line_next[119][0]~2881  ; 1                 ; 0       ;
;      - delay_line_next[119][1]~2882  ; 1                 ; 0       ;
;      - delay_line_next[119][2]~2883  ; 1                 ; 0       ;
;      - delay_line_next[119][3]~2884  ; 1                 ; 0       ;
;      - delay_line_next[119][4]~2885  ; 1                 ; 0       ;
;      - delay_line_next[119][5]~2886  ; 1                 ; 0       ;
;      - delay_line_next[119][6]~2887  ; 1                 ; 0       ;
;      - delay_line_next[119][7]~2888  ; 1                 ; 0       ;
;      - delay_line_next[119][8]~2889  ; 1                 ; 0       ;
;      - delay_line_next[119][9]~2890  ; 1                 ; 0       ;
;      - delay_line_next[119][10]~2891 ; 1                 ; 0       ;
;      - delay_line_next[119][11]~2892 ; 1                 ; 0       ;
;      - delay_line_next[119][12]~2893 ; 1                 ; 0       ;
;      - delay_line_next[119][13]~2894 ; 1                 ; 0       ;
;      - delay_line_next[119][14]~2895 ; 1                 ; 0       ;
;      - delay_line_next[119][15]~2896 ; 1                 ; 0       ;
;      - delay_line_next[91][0]~2897   ; 1                 ; 0       ;
;      - delay_line_next[91][1]~2898   ; 1                 ; 0       ;
;      - delay_line_next[91][2]~2899   ; 1                 ; 0       ;
;      - delay_line_next[91][3]~2900   ; 1                 ; 0       ;
;      - delay_line_next[91][4]~2901   ; 1                 ; 0       ;
;      - delay_line_next[91][5]~2902   ; 1                 ; 0       ;
;      - delay_line_next[91][6]~2903   ; 1                 ; 0       ;
;      - delay_line_next[91][7]~2904   ; 1                 ; 0       ;
;      - delay_line_next[91][8]~2905   ; 1                 ; 0       ;
;      - delay_line_next[91][9]~2906   ; 1                 ; 0       ;
;      - delay_line_next[91][10]~2907  ; 1                 ; 0       ;
;      - delay_line_next[91][11]~2908  ; 1                 ; 0       ;
;      - delay_line_next[91][12]~2909  ; 1                 ; 0       ;
;      - delay_line_next[91][13]~2910  ; 1                 ; 0       ;
;      - delay_line_next[91][14]~2911  ; 1                 ; 0       ;
;      - delay_line_next[91][15]~2912  ; 1                 ; 0       ;
;      - delay_line_next[76][0]~2913   ; 1                 ; 0       ;
;      - delay_line_next[76][1]~2914   ; 1                 ; 0       ;
;      - delay_line_next[76][2]~2915   ; 1                 ; 0       ;
;      - delay_line_next[76][3]~2916   ; 1                 ; 0       ;
;      - delay_line_next[76][4]~2917   ; 1                 ; 0       ;
;      - delay_line_next[76][5]~2918   ; 1                 ; 0       ;
;      - delay_line_next[76][6]~2919   ; 1                 ; 0       ;
;      - delay_line_next[76][7]~2920   ; 1                 ; 0       ;
;      - delay_line_next[76][8]~2921   ; 1                 ; 0       ;
;      - delay_line_next[76][9]~2922   ; 1                 ; 0       ;
;      - delay_line_next[76][10]~2923  ; 1                 ; 0       ;
;      - delay_line_next[76][11]~2924  ; 1                 ; 0       ;
;      - delay_line_next[76][12]~2925  ; 1                 ; 0       ;
;      - delay_line_next[76][13]~2926  ; 1                 ; 0       ;
;      - delay_line_next[76][14]~2927  ; 1                 ; 0       ;
;      - delay_line_next[76][15]~2928  ; 1                 ; 0       ;
;      - delay_line[62][0]             ; 1                 ; 0       ;
;      - delay_line[63][0]             ; 1                 ; 0       ;
;      - delay_line_next[63][0]~2929   ; 1                 ; 0       ;
;      - delay_line[62][1]             ; 1                 ; 0       ;
;      - delay_line[63][1]             ; 1                 ; 0       ;
;      - delay_line_next[63][1]~2930   ; 1                 ; 0       ;
;      - delay_line[62][2]             ; 1                 ; 0       ;
;      - delay_line[63][2]             ; 1                 ; 0       ;
;      - delay_line_next[63][2]~2931   ; 1                 ; 0       ;
;      - delay_line[62][3]             ; 1                 ; 0       ;
;      - delay_line[63][3]             ; 1                 ; 0       ;
;      - delay_line_next[63][3]~2932   ; 1                 ; 0       ;
;      - delay_line[62][4]             ; 1                 ; 0       ;
;      - delay_line[63][4]             ; 1                 ; 0       ;
;      - delay_line_next[63][4]~2933   ; 1                 ; 0       ;
;      - delay_line[62][5]             ; 1                 ; 0       ;
;      - delay_line[63][5]             ; 1                 ; 0       ;
;      - delay_line_next[63][5]~2934   ; 1                 ; 0       ;
;      - delay_line[62][6]             ; 1                 ; 0       ;
;      - delay_line[63][6]             ; 1                 ; 0       ;
;      - delay_line_next[63][6]~2935   ; 1                 ; 0       ;
;      - delay_line[62][7]             ; 1                 ; 0       ;
;      - delay_line[63][7]             ; 1                 ; 0       ;
;      - delay_line_next[63][7]~2936   ; 1                 ; 0       ;
;      - delay_line[62][8]             ; 1                 ; 0       ;
;      - delay_line[63][8]             ; 1                 ; 0       ;
;      - delay_line_next[63][8]~2937   ; 1                 ; 0       ;
;      - delay_line[62][9]             ; 1                 ; 0       ;
;      - delay_line[63][9]             ; 1                 ; 0       ;
;      - delay_line_next[63][9]~2938   ; 1                 ; 0       ;
;      - delay_line[62][10]            ; 1                 ; 0       ;
;      - delay_line[63][10]            ; 1                 ; 0       ;
;      - delay_line_next[63][10]~2939  ; 1                 ; 0       ;
;      - delay_line[62][11]            ; 1                 ; 0       ;
;      - delay_line[63][11]            ; 1                 ; 0       ;
;      - delay_line_next[63][11]~2940  ; 1                 ; 0       ;
;      - delay_line[62][12]            ; 1                 ; 0       ;
;      - delay_line[63][12]            ; 1                 ; 0       ;
;      - delay_line_next[63][12]~2941  ; 1                 ; 0       ;
;      - delay_line[62][13]            ; 1                 ; 0       ;
;      - delay_line[63][13]            ; 1                 ; 0       ;
;      - delay_line_next[63][13]~2942  ; 1                 ; 0       ;
;      - delay_line[62][14]            ; 1                 ; 0       ;
;      - delay_line[63][14]            ; 1                 ; 0       ;
;      - delay_line_next[63][14]~2943  ; 1                 ; 0       ;
;      - delay_line[62][15]            ; 1                 ; 0       ;
;      - delay_line[63][15]            ; 1                 ; 0       ;
;      - delay_line_next[63][15]~2944  ; 1                 ; 0       ;
;      - delay_line[160][0]            ; 1                 ; 0       ;
;      - delay_line[159][0]            ; 1                 ; 0       ;
;      - delay_line_next[160][0]~2945  ; 1                 ; 0       ;
;      - delay_line[160][1]            ; 1                 ; 0       ;
;      - delay_line[159][1]            ; 1                 ; 0       ;
;      - delay_line_next[160][1]~2946  ; 1                 ; 0       ;
;      - delay_line[160][2]            ; 1                 ; 0       ;
;      - delay_line[159][2]            ; 1                 ; 0       ;
;      - delay_line_next[160][2]~2947  ; 1                 ; 0       ;
;      - delay_line[160][3]            ; 1                 ; 0       ;
;      - delay_line[159][3]            ; 1                 ; 0       ;
;      - delay_line_next[160][3]~2948  ; 1                 ; 0       ;
;      - delay_line[160][4]            ; 1                 ; 0       ;
;      - delay_line[159][4]            ; 1                 ; 0       ;
;      - delay_line_next[160][4]~2949  ; 1                 ; 0       ;
;      - delay_line[160][5]            ; 1                 ; 0       ;
;      - delay_line[159][5]            ; 1                 ; 0       ;
;      - delay_line_next[160][5]~2950  ; 1                 ; 0       ;
;      - delay_line[160][6]            ; 1                 ; 0       ;
;      - delay_line[159][6]            ; 1                 ; 0       ;
;      - delay_line_next[160][6]~2951  ; 1                 ; 0       ;
;      - delay_line[160][7]            ; 1                 ; 0       ;
;      - delay_line[159][7]            ; 1                 ; 0       ;
;      - delay_line_next[160][7]~2952  ; 1                 ; 0       ;
;      - delay_line[160][8]            ; 1                 ; 0       ;
;      - delay_line[159][8]            ; 1                 ; 0       ;
;      - delay_line_next[160][8]~2953  ; 1                 ; 0       ;
;      - delay_line[160][9]            ; 1                 ; 0       ;
;      - delay_line[159][9]            ; 1                 ; 0       ;
;      - delay_line_next[160][9]~2954  ; 1                 ; 0       ;
;      - delay_line[160][10]           ; 1                 ; 0       ;
;      - delay_line[159][10]           ; 1                 ; 0       ;
;      - delay_line_next[160][10]~2955 ; 1                 ; 0       ;
;      - delay_line[160][11]           ; 1                 ; 0       ;
;      - delay_line[159][11]           ; 1                 ; 0       ;
;      - delay_line_next[160][11]~2956 ; 1                 ; 0       ;
;      - delay_line[160][12]           ; 1                 ; 0       ;
;      - delay_line[159][12]           ; 1                 ; 0       ;
;      - delay_line_next[160][12]~2957 ; 1                 ; 0       ;
;      - delay_line[160][13]           ; 1                 ; 0       ;
;      - delay_line[159][13]           ; 1                 ; 0       ;
;      - delay_line_next[160][13]~2958 ; 1                 ; 0       ;
;      - delay_line[160][14]           ; 1                 ; 0       ;
;      - delay_line[159][14]           ; 1                 ; 0       ;
;      - delay_line_next[160][14]~2959 ; 1                 ; 0       ;
;      - delay_line[158][0]            ; 1                 ; 0       ;
;      - delay_line_next[159][0]~2960  ; 1                 ; 0       ;
;      - delay_line[158][1]            ; 1                 ; 0       ;
;      - delay_line_next[159][1]~2961  ; 1                 ; 0       ;
;      - delay_line[158][2]            ; 1                 ; 0       ;
;      - delay_line_next[159][2]~2962  ; 1                 ; 0       ;
;      - delay_line[158][3]            ; 1                 ; 0       ;
;      - delay_line_next[159][3]~2963  ; 1                 ; 0       ;
;      - delay_line[158][4]            ; 1                 ; 0       ;
;      - delay_line_next[159][4]~2964  ; 1                 ; 0       ;
;      - delay_line[158][5]            ; 1                 ; 0       ;
;      - delay_line_next[159][5]~2965  ; 1                 ; 0       ;
;      - delay_line[158][6]            ; 1                 ; 0       ;
;      - delay_line_next[159][6]~2966  ; 1                 ; 0       ;
;      - delay_line[158][7]            ; 1                 ; 0       ;
;      - delay_line_next[159][7]~2967  ; 1                 ; 0       ;
;      - delay_line[158][8]            ; 1                 ; 0       ;
;      - delay_line_next[159][8]~2968  ; 1                 ; 0       ;
;      - delay_line[158][9]            ; 1                 ; 0       ;
;      - delay_line_next[159][9]~2969  ; 1                 ; 0       ;
;      - delay_line[158][10]           ; 1                 ; 0       ;
;      - delay_line_next[159][10]~2970 ; 1                 ; 0       ;
;      - delay_line[158][11]           ; 1                 ; 0       ;
;      - delay_line_next[159][11]~2971 ; 1                 ; 0       ;
;      - delay_line[158][12]           ; 1                 ; 0       ;
;      - delay_line_next[159][12]~2972 ; 1                 ; 0       ;
;      - delay_line[158][13]           ; 1                 ; 0       ;
;      - delay_line_next[159][13]~2973 ; 1                 ; 0       ;
;      - delay_line[158][14]           ; 1                 ; 0       ;
;      - delay_line_next[159][14]~2974 ; 1                 ; 0       ;
;      - delay_line[158][15]           ; 1                 ; 0       ;
;      - delay_line_next[159][15]~2975 ; 1                 ; 0       ;
;      - delay_line[154][0]            ; 1                 ; 0       ;
;      - delay_line[155][0]            ; 1                 ; 0       ;
;      - delay_line_next[155][0]~2976  ; 1                 ; 0       ;
;      - delay_line[154][1]            ; 1                 ; 0       ;
;      - delay_line[155][1]            ; 1                 ; 0       ;
;      - delay_line_next[155][1]~2977  ; 1                 ; 0       ;
;      - delay_line[154][2]            ; 1                 ; 0       ;
;      - delay_line[155][2]            ; 1                 ; 0       ;
;      - delay_line_next[155][2]~2978  ; 1                 ; 0       ;
;      - delay_line[154][3]            ; 1                 ; 0       ;
;      - delay_line[155][3]            ; 1                 ; 0       ;
;      - delay_line_next[155][3]~2979  ; 1                 ; 0       ;
;      - delay_line[154][4]            ; 1                 ; 0       ;
;      - delay_line[155][4]            ; 1                 ; 0       ;
;      - delay_line_next[155][4]~2980  ; 1                 ; 0       ;
;      - delay_line[154][5]            ; 1                 ; 0       ;
;      - delay_line[155][5]            ; 1                 ; 0       ;
;      - delay_line_next[155][5]~2981  ; 1                 ; 0       ;
;      - delay_line[154][6]            ; 1                 ; 0       ;
;      - delay_line[155][6]            ; 1                 ; 0       ;
;      - delay_line_next[155][6]~2982  ; 1                 ; 0       ;
;      - delay_line[154][7]            ; 1                 ; 0       ;
;      - delay_line[155][7]            ; 1                 ; 0       ;
;      - delay_line_next[155][7]~2983  ; 1                 ; 0       ;
;      - delay_line[154][8]            ; 1                 ; 0       ;
;      - delay_line[155][8]            ; 1                 ; 0       ;
;      - delay_line_next[155][8]~2984  ; 1                 ; 0       ;
;      - delay_line[154][9]            ; 1                 ; 0       ;
;      - delay_line[155][9]            ; 1                 ; 0       ;
;      - delay_line_next[155][9]~2985  ; 1                 ; 0       ;
;      - delay_line[154][10]           ; 1                 ; 0       ;
;      - delay_line[155][10]           ; 1                 ; 0       ;
;      - delay_line_next[155][10]~2986 ; 1                 ; 0       ;
;      - delay_line[154][11]           ; 1                 ; 0       ;
;      - delay_line[155][11]           ; 1                 ; 0       ;
;      - delay_line_next[155][11]~2987 ; 1                 ; 0       ;
;      - delay_line[154][12]           ; 1                 ; 0       ;
;      - delay_line[155][12]           ; 1                 ; 0       ;
;      - delay_line_next[155][12]~2988 ; 1                 ; 0       ;
;      - delay_line[154][13]           ; 1                 ; 0       ;
;      - delay_line[155][13]           ; 1                 ; 0       ;
;      - delay_line_next[155][13]~2989 ; 1                 ; 0       ;
;      - delay_line[154][14]           ; 1                 ; 0       ;
;      - delay_line[155][14]           ; 1                 ; 0       ;
;      - delay_line_next[155][14]~2990 ; 1                 ; 0       ;
;      - delay_line[154][15]           ; 1                 ; 0       ;
;      - delay_line[155][15]           ; 1                 ; 0       ;
;      - delay_line_next[155][15]~2991 ; 1                 ; 0       ;
;      - delay_line[144][0]            ; 1                 ; 0       ;
;      - delay_line_next[145][0]~2992  ; 1                 ; 0       ;
;      - delay_line[144][1]            ; 1                 ; 0       ;
;      - delay_line_next[145][1]~2993  ; 1                 ; 0       ;
;      - delay_line[144][2]            ; 1                 ; 0       ;
;      - delay_line_next[145][2]~2994  ; 1                 ; 0       ;
;      - delay_line[144][3]            ; 1                 ; 0       ;
;      - delay_line_next[145][3]~2995  ; 1                 ; 0       ;
;      - delay_line[144][4]            ; 1                 ; 0       ;
;      - delay_line_next[145][4]~2996  ; 1                 ; 0       ;
;      - delay_line[144][5]            ; 1                 ; 0       ;
;      - delay_line_next[145][5]~2997  ; 1                 ; 0       ;
;      - delay_line[144][6]            ; 1                 ; 0       ;
;      - delay_line_next[145][6]~2998  ; 1                 ; 0       ;
;      - delay_line[144][7]            ; 1                 ; 0       ;
;      - delay_line_next[145][7]~2999  ; 1                 ; 0       ;
;      - delay_line[144][8]            ; 1                 ; 0       ;
;      - delay_line_next[145][8]~3000  ; 1                 ; 0       ;
;      - delay_line[144][9]            ; 1                 ; 0       ;
;      - delay_line_next[145][9]~3001  ; 1                 ; 0       ;
;      - delay_line[144][10]           ; 1                 ; 0       ;
;      - delay_line_next[145][10]~3002 ; 1                 ; 0       ;
;      - delay_line[144][11]           ; 1                 ; 0       ;
;      - delay_line_next[145][11]~3003 ; 1                 ; 0       ;
;      - delay_line[144][12]           ; 1                 ; 0       ;
;      - delay_line_next[145][12]~3004 ; 1                 ; 0       ;
;      - delay_line[144][13]           ; 1                 ; 0       ;
;      - delay_line_next[145][13]~3005 ; 1                 ; 0       ;
;      - delay_line[144][14]           ; 1                 ; 0       ;
;      - delay_line_next[145][14]~3006 ; 1                 ; 0       ;
;      - delay_line[144][15]           ; 1                 ; 0       ;
;      - delay_line_next[145][15]~3007 ; 1                 ; 0       ;
;      - delay_line_next[144][0]~3008  ; 1                 ; 0       ;
;      - delay_line_next[144][1]~3009  ; 1                 ; 0       ;
;      - delay_line_next[144][2]~3010  ; 1                 ; 0       ;
;      - delay_line_next[144][3]~3011  ; 1                 ; 0       ;
;      - delay_line_next[144][4]~3012  ; 1                 ; 0       ;
;      - delay_line_next[144][5]~3013  ; 1                 ; 0       ;
;      - delay_line_next[144][6]~3014  ; 1                 ; 0       ;
;      - delay_line_next[144][7]~3015  ; 1                 ; 0       ;
;      - delay_line_next[144][8]~3016  ; 1                 ; 0       ;
;      - delay_line_next[144][9]~3017  ; 1                 ; 0       ;
;      - delay_line_next[144][10]~3018 ; 1                 ; 0       ;
;      - delay_line_next[144][11]~3019 ; 1                 ; 0       ;
;      - delay_line_next[144][12]~3020 ; 1                 ; 0       ;
;      - delay_line_next[144][13]~3021 ; 1                 ; 0       ;
;      - delay_line_next[144][14]~3022 ; 1                 ; 0       ;
;      - delay_line_next[144][15]~3023 ; 1                 ; 0       ;
;      - delay_line_next[139][0]~3024  ; 1                 ; 0       ;
;      - delay_line_next[139][1]~3025  ; 1                 ; 0       ;
;      - delay_line_next[139][2]~3026  ; 1                 ; 0       ;
;      - delay_line_next[139][3]~3027  ; 1                 ; 0       ;
;      - delay_line_next[139][4]~3028  ; 1                 ; 0       ;
;      - delay_line_next[139][5]~3029  ; 1                 ; 0       ;
;      - delay_line_next[139][6]~3030  ; 1                 ; 0       ;
;      - delay_line_next[139][7]~3031  ; 1                 ; 0       ;
;      - delay_line_next[139][8]~3032  ; 1                 ; 0       ;
;      - delay_line_next[139][9]~3033  ; 1                 ; 0       ;
;      - delay_line_next[139][10]~3034 ; 1                 ; 0       ;
;      - delay_line_next[139][11]~3035 ; 1                 ; 0       ;
;      - delay_line_next[139][12]~3036 ; 1                 ; 0       ;
;      - delay_line_next[139][13]~3037 ; 1                 ; 0       ;
;      - delay_line_next[139][14]~3038 ; 1                 ; 0       ;
;      - delay_line_next[139][15]~3039 ; 1                 ; 0       ;
;      - delay_line[64][0]             ; 1                 ; 0       ;
;      - delay_line_next[65][0]~3040   ; 1                 ; 0       ;
;      - delay_line[64][1]             ; 1                 ; 0       ;
;      - delay_line_next[65][1]~3041   ; 1                 ; 0       ;
;      - delay_line[64][2]             ; 1                 ; 0       ;
;      - delay_line_next[65][2]~3042   ; 1                 ; 0       ;
;      - delay_line[64][3]             ; 1                 ; 0       ;
;      - delay_line_next[65][3]~3043   ; 1                 ; 0       ;
;      - delay_line[64][4]             ; 1                 ; 0       ;
;      - delay_line_next[65][4]~3044   ; 1                 ; 0       ;
;      - delay_line[64][5]             ; 1                 ; 0       ;
;      - delay_line_next[65][5]~3045   ; 1                 ; 0       ;
;      - delay_line[64][6]             ; 1                 ; 0       ;
;      - delay_line_next[65][6]~3046   ; 1                 ; 0       ;
;      - delay_line[64][7]             ; 1                 ; 0       ;
;      - delay_line_next[65][7]~3047   ; 1                 ; 0       ;
;      - delay_line[64][8]             ; 1                 ; 0       ;
;      - delay_line_next[65][8]~3048   ; 1                 ; 0       ;
;      - delay_line[64][9]             ; 1                 ; 0       ;
;      - delay_line_next[65][9]~3049   ; 1                 ; 0       ;
;      - delay_line[64][10]            ; 1                 ; 0       ;
;      - delay_line_next[65][10]~3050  ; 1                 ; 0       ;
;      - delay_line[64][11]            ; 1                 ; 0       ;
;      - delay_line_next[65][11]~3051  ; 1                 ; 0       ;
;      - delay_line[64][12]            ; 1                 ; 0       ;
;      - delay_line_next[65][12]~3052  ; 1                 ; 0       ;
;      - delay_line[64][13]            ; 1                 ; 0       ;
;      - delay_line_next[65][13]~3053  ; 1                 ; 0       ;
;      - delay_line[64][14]            ; 1                 ; 0       ;
;      - delay_line_next[65][14]~3054  ; 1                 ; 0       ;
;      - delay_line[64][15]            ; 1                 ; 0       ;
;      - delay_line_next[65][15]~3055  ; 1                 ; 0       ;
;      - delay_line_next[64][0]~3056   ; 1                 ; 0       ;
;      - delay_line_next[64][1]~3057   ; 1                 ; 0       ;
;      - delay_line_next[64][2]~3058   ; 1                 ; 0       ;
;      - delay_line_next[64][3]~3059   ; 1                 ; 0       ;
;      - delay_line_next[64][4]~3060   ; 1                 ; 0       ;
;      - delay_line_next[64][5]~3061   ; 1                 ; 0       ;
;      - delay_line_next[64][6]~3062   ; 1                 ; 0       ;
;      - delay_line_next[64][7]~3063   ; 1                 ; 0       ;
;      - delay_line_next[64][8]~3064   ; 1                 ; 0       ;
;      - delay_line_next[64][9]~3065   ; 1                 ; 0       ;
;      - delay_line_next[64][10]~3066  ; 1                 ; 0       ;
;      - delay_line_next[64][11]~3067  ; 1                 ; 0       ;
;      - delay_line_next[64][12]~3068  ; 1                 ; 0       ;
;      - delay_line_next[64][13]~3069  ; 1                 ; 0       ;
;      - delay_line_next[64][14]~3070  ; 1                 ; 0       ;
;      - delay_line_next[64][15]~3071  ; 1                 ; 0       ;
;      - delay_line[61][0]             ; 1                 ; 0       ;
;      - delay_line_next[61][0]~3072   ; 1                 ; 0       ;
;      - delay_line[61][1]             ; 1                 ; 0       ;
;      - delay_line_next[61][1]~3073   ; 1                 ; 0       ;
;      - delay_line[61][2]             ; 1                 ; 0       ;
;      - delay_line_next[61][2]~3074   ; 1                 ; 0       ;
;      - delay_line[61][3]             ; 1                 ; 0       ;
;      - delay_line_next[61][3]~3075   ; 1                 ; 0       ;
;      - delay_line[61][4]             ; 1                 ; 0       ;
;      - delay_line_next[61][4]~3076   ; 1                 ; 0       ;
;      - delay_line[61][5]             ; 1                 ; 0       ;
;      - delay_line_next[61][5]~3077   ; 1                 ; 0       ;
;      - delay_line[61][6]             ; 1                 ; 0       ;
;      - delay_line_next[61][6]~3078   ; 1                 ; 0       ;
;      - delay_line[61][7]             ; 1                 ; 0       ;
;      - delay_line_next[61][7]~3079   ; 1                 ; 0       ;
;      - delay_line[61][8]             ; 1                 ; 0       ;
;      - delay_line_next[61][8]~3080   ; 1                 ; 0       ;
;      - delay_line[61][9]             ; 1                 ; 0       ;
;      - delay_line_next[61][9]~3081   ; 1                 ; 0       ;
;      - delay_line[61][10]            ; 1                 ; 0       ;
;      - delay_line_next[61][10]~3082  ; 1                 ; 0       ;
;      - delay_line[61][11]            ; 1                 ; 0       ;
;      - delay_line_next[61][11]~3083  ; 1                 ; 0       ;
;      - delay_line[61][12]            ; 1                 ; 0       ;
;      - delay_line_next[61][12]~3084  ; 1                 ; 0       ;
;      - delay_line[61][13]            ; 1                 ; 0       ;
;      - delay_line_next[61][13]~3085  ; 1                 ; 0       ;
;      - delay_line[61][14]            ; 1                 ; 0       ;
;      - delay_line_next[61][14]~3086  ; 1                 ; 0       ;
;      - delay_line[61][15]            ; 1                 ; 0       ;
;      - delay_line_next[61][15]~3087  ; 1                 ; 0       ;
;      - delay_line_next[170][0]~3088  ; 1                 ; 0       ;
;      - delay_line_next[170][1]~3089  ; 1                 ; 0       ;
;      - delay_line_next[170][2]~3090  ; 1                 ; 0       ;
;      - delay_line_next[170][3]~3091  ; 1                 ; 0       ;
;      - delay_line_next[170][4]~3092  ; 1                 ; 0       ;
;      - delay_line_next[170][5]~3093  ; 1                 ; 0       ;
;      - delay_line_next[170][6]~3094  ; 1                 ; 0       ;
;      - delay_line_next[170][7]~3095  ; 1                 ; 0       ;
;      - delay_line_next[170][8]~3096  ; 1                 ; 0       ;
;      - delay_line_next[170][9]~3097  ; 1                 ; 0       ;
;      - delay_line_next[170][10]~3098 ; 1                 ; 0       ;
;      - delay_line_next[170][11]~3099 ; 1                 ; 0       ;
;      - delay_line_next[170][12]~3100 ; 1                 ; 0       ;
;      - delay_line_next[170][13]~3101 ; 1                 ; 0       ;
;      - delay_line_next[170][14]~3102 ; 1                 ; 0       ;
;      - delay_line_next[170][15]~3103 ; 1                 ; 0       ;
;      - delay_line_next[168][0]~3104  ; 1                 ; 0       ;
;      - delay_line_next[168][1]~3105  ; 1                 ; 0       ;
;      - delay_line_next[168][2]~3106  ; 1                 ; 0       ;
;      - delay_line_next[168][3]~3107  ; 1                 ; 0       ;
;      - delay_line_next[168][4]~3108  ; 1                 ; 0       ;
;      - delay_line_next[168][5]~3109  ; 1                 ; 0       ;
;      - delay_line_next[168][6]~3110  ; 1                 ; 0       ;
;      - delay_line_next[168][7]~3111  ; 1                 ; 0       ;
;      - delay_line_next[168][8]~3112  ; 1                 ; 0       ;
;      - delay_line_next[168][9]~3113  ; 1                 ; 0       ;
;      - delay_line_next[168][10]~3114 ; 1                 ; 0       ;
;      - delay_line_next[168][11]~3115 ; 1                 ; 0       ;
;      - delay_line_next[168][12]~3116 ; 1                 ; 0       ;
;      - delay_line_next[168][13]~3117 ; 1                 ; 0       ;
;      - delay_line_next[168][14]~3118 ; 1                 ; 0       ;
;      - delay_line_next[168][15]~3119 ; 1                 ; 0       ;
;      - delay_line[164][0]            ; 1                 ; 0       ;
;      - delay_line_next[165][0]~3120  ; 1                 ; 0       ;
;      - delay_line[164][1]            ; 1                 ; 0       ;
;      - delay_line_next[165][1]~3121  ; 1                 ; 0       ;
;      - delay_line[164][2]            ; 1                 ; 0       ;
;      - delay_line_next[165][2]~3122  ; 1                 ; 0       ;
;      - delay_line[164][3]            ; 1                 ; 0       ;
;      - delay_line_next[165][3]~3123  ; 1                 ; 0       ;
;      - delay_line[164][4]            ; 1                 ; 0       ;
;      - delay_line_next[165][4]~3124  ; 1                 ; 0       ;
;      - delay_line[164][5]            ; 1                 ; 0       ;
;      - delay_line_next[165][5]~3125  ; 1                 ; 0       ;
;      - delay_line[164][6]            ; 1                 ; 0       ;
;      - delay_line_next[165][6]~3126  ; 1                 ; 0       ;
;      - delay_line[164][7]            ; 1                 ; 0       ;
;      - delay_line_next[165][7]~3127  ; 1                 ; 0       ;
;      - delay_line[164][8]            ; 1                 ; 0       ;
;      - delay_line_next[165][8]~3128  ; 1                 ; 0       ;
;      - delay_line[164][9]            ; 1                 ; 0       ;
;      - delay_line_next[165][9]~3129  ; 1                 ; 0       ;
;      - delay_line[164][10]           ; 1                 ; 0       ;
;      - delay_line_next[165][10]~3130 ; 1                 ; 0       ;
;      - delay_line[164][11]           ; 1                 ; 0       ;
;      - delay_line_next[165][11]~3131 ; 1                 ; 0       ;
;      - delay_line[164][12]           ; 1                 ; 0       ;
;      - delay_line_next[165][12]~3132 ; 1                 ; 0       ;
;      - delay_line[164][13]           ; 1                 ; 0       ;
;      - delay_line_next[165][13]~3133 ; 1                 ; 0       ;
;      - delay_line[164][14]           ; 1                 ; 0       ;
;      - delay_line_next[165][14]~3134 ; 1                 ; 0       ;
;      - delay_line[164][15]           ; 1                 ; 0       ;
;      - delay_line_next[165][15]~3135 ; 1                 ; 0       ;
;      - delay_line_next[164][0]~3136  ; 1                 ; 0       ;
;      - delay_line_next[164][1]~3137  ; 1                 ; 0       ;
;      - delay_line_next[164][2]~3138  ; 1                 ; 0       ;
;      - delay_line_next[164][3]~3139  ; 1                 ; 0       ;
;      - delay_line_next[164][4]~3140  ; 1                 ; 0       ;
;      - delay_line_next[164][5]~3141  ; 1                 ; 0       ;
;      - delay_line_next[164][6]~3142  ; 1                 ; 0       ;
;      - delay_line_next[164][7]~3143  ; 1                 ; 0       ;
;      - delay_line_next[164][8]~3144  ; 1                 ; 0       ;
;      - delay_line_next[164][9]~3145  ; 1                 ; 0       ;
;      - delay_line_next[164][10]~3146 ; 1                 ; 0       ;
;      - delay_line_next[164][11]~3147 ; 1                 ; 0       ;
;      - delay_line_next[164][12]~3148 ; 1                 ; 0       ;
;      - delay_line_next[164][13]~3149 ; 1                 ; 0       ;
;      - delay_line_next[164][14]~3150 ; 1                 ; 0       ;
;      - delay_line_next[164][15]~3151 ; 1                 ; 0       ;
;      - delay_line_next[158][0]~3152  ; 1                 ; 0       ;
;      - delay_line_next[158][1]~3153  ; 1                 ; 0       ;
;      - delay_line_next[158][2]~3154  ; 1                 ; 0       ;
;      - delay_line_next[158][3]~3155  ; 1                 ; 0       ;
;      - delay_line_next[158][4]~3156  ; 1                 ; 0       ;
;      - delay_line_next[158][5]~3157  ; 1                 ; 0       ;
;      - delay_line_next[158][6]~3158  ; 1                 ; 0       ;
;      - delay_line_next[158][7]~3159  ; 1                 ; 0       ;
;      - delay_line_next[158][8]~3160  ; 1                 ; 0       ;
;      - delay_line_next[158][9]~3161  ; 1                 ; 0       ;
;      - delay_line_next[158][10]~3162 ; 1                 ; 0       ;
;      - delay_line_next[158][11]~3163 ; 1                 ; 0       ;
;      - delay_line_next[158][12]~3164 ; 1                 ; 0       ;
;      - delay_line_next[158][13]~3165 ; 1                 ; 0       ;
;      - delay_line_next[158][14]~3166 ; 1                 ; 0       ;
;      - delay_line_next[158][15]~3167 ; 1                 ; 0       ;
;      - delay_line_next[156][0]~3168  ; 1                 ; 0       ;
;      - delay_line_next[156][1]~3169  ; 1                 ; 0       ;
;      - delay_line_next[156][2]~3170  ; 1                 ; 0       ;
;      - delay_line_next[156][3]~3171  ; 1                 ; 0       ;
;      - delay_line_next[156][4]~3172  ; 1                 ; 0       ;
;      - delay_line_next[156][5]~3173  ; 1                 ; 0       ;
;      - delay_line_next[156][6]~3174  ; 1                 ; 0       ;
;      - delay_line_next[156][7]~3175  ; 1                 ; 0       ;
;      - delay_line_next[156][8]~3176  ; 1                 ; 0       ;
;      - delay_line_next[156][9]~3177  ; 1                 ; 0       ;
;      - delay_line_next[156][10]~3178 ; 1                 ; 0       ;
;      - delay_line_next[156][11]~3179 ; 1                 ; 0       ;
;      - delay_line_next[156][12]~3180 ; 1                 ; 0       ;
;      - delay_line_next[156][13]~3181 ; 1                 ; 0       ;
;      - delay_line_next[156][14]~3182 ; 1                 ; 0       ;
;      - delay_line_next[156][15]~3183 ; 1                 ; 0       ;
;      - delay_line_next[154][0]~3184  ; 1                 ; 0       ;
;      - delay_line_next[154][1]~3185  ; 1                 ; 0       ;
;      - delay_line_next[154][2]~3186  ; 1                 ; 0       ;
;      - delay_line_next[154][3]~3187  ; 1                 ; 0       ;
;      - delay_line_next[154][4]~3188  ; 1                 ; 0       ;
;      - delay_line_next[154][5]~3189  ; 1                 ; 0       ;
;      - delay_line_next[154][6]~3190  ; 1                 ; 0       ;
;      - delay_line_next[154][7]~3191  ; 1                 ; 0       ;
;      - delay_line_next[154][8]~3192  ; 1                 ; 0       ;
;      - delay_line_next[154][9]~3193  ; 1                 ; 0       ;
;      - delay_line_next[154][10]~3194 ; 1                 ; 0       ;
;      - delay_line_next[154][11]~3195 ; 1                 ; 0       ;
;      - delay_line_next[154][12]~3196 ; 1                 ; 0       ;
;      - delay_line_next[154][13]~3197 ; 1                 ; 0       ;
;      - delay_line_next[154][14]~3198 ; 1                 ; 0       ;
;      - delay_line_next[154][15]~3199 ; 1                 ; 0       ;
;      - delay_line_next[152][0]~3200  ; 1                 ; 0       ;
;      - delay_line_next[152][1]~3201  ; 1                 ; 0       ;
;      - delay_line_next[152][2]~3202  ; 1                 ; 0       ;
;      - delay_line_next[152][3]~3203  ; 1                 ; 0       ;
;      - delay_line_next[152][4]~3204  ; 1                 ; 0       ;
;      - delay_line_next[152][5]~3205  ; 1                 ; 0       ;
;      - delay_line_next[152][6]~3206  ; 1                 ; 0       ;
;      - delay_line_next[152][7]~3207  ; 1                 ; 0       ;
;      - delay_line_next[152][8]~3208  ; 1                 ; 0       ;
;      - delay_line_next[152][9]~3209  ; 1                 ; 0       ;
;      - delay_line_next[152][10]~3210 ; 1                 ; 0       ;
;      - delay_line_next[152][11]~3211 ; 1                 ; 0       ;
;      - delay_line_next[152][12]~3212 ; 1                 ; 0       ;
;      - delay_line_next[152][13]~3213 ; 1                 ; 0       ;
;      - delay_line_next[152][14]~3214 ; 1                 ; 0       ;
;      - delay_line_next[152][15]~3215 ; 1                 ; 0       ;
;      - delay_line_next[148][0]~3216  ; 1                 ; 0       ;
;      - delay_line_next[148][1]~3217  ; 1                 ; 0       ;
;      - delay_line_next[148][2]~3218  ; 1                 ; 0       ;
;      - delay_line_next[148][3]~3219  ; 1                 ; 0       ;
;      - delay_line_next[148][4]~3220  ; 1                 ; 0       ;
;      - delay_line_next[148][5]~3221  ; 1                 ; 0       ;
;      - delay_line_next[148][6]~3222  ; 1                 ; 0       ;
;      - delay_line_next[148][7]~3223  ; 1                 ; 0       ;
;      - delay_line_next[148][8]~3224  ; 1                 ; 0       ;
;      - delay_line_next[148][9]~3225  ; 1                 ; 0       ;
;      - delay_line_next[148][10]~3226 ; 1                 ; 0       ;
;      - delay_line_next[148][11]~3227 ; 1                 ; 0       ;
;      - delay_line_next[148][12]~3228 ; 1                 ; 0       ;
;      - delay_line_next[148][13]~3229 ; 1                 ; 0       ;
;      - delay_line_next[148][14]~3230 ; 1                 ; 0       ;
;      - delay_line_next[148][15]~3231 ; 1                 ; 0       ;
;      - delay_line_next[62][0]~3232   ; 1                 ; 0       ;
;      - delay_line_next[62][1]~3233   ; 1                 ; 0       ;
;      - delay_line_next[62][2]~3234   ; 1                 ; 0       ;
;      - delay_line_next[62][3]~3235   ; 1                 ; 0       ;
;      - delay_line_next[62][4]~3236   ; 1                 ; 0       ;
;      - delay_line_next[62][5]~3237   ; 1                 ; 0       ;
;      - delay_line_next[62][6]~3238   ; 1                 ; 0       ;
;      - delay_line_next[62][7]~3239   ; 1                 ; 0       ;
;      - delay_line_next[62][8]~3240   ; 1                 ; 0       ;
;      - delay_line_next[62][9]~3241   ; 1                 ; 0       ;
;      - delay_line_next[62][10]~3242  ; 1                 ; 0       ;
;      - delay_line_next[62][11]~3243  ; 1                 ; 0       ;
;      - delay_line_next[62][12]~3244  ; 1                 ; 0       ;
;      - delay_line_next[62][13]~3245  ; 1                 ; 0       ;
;      - delay_line_next[62][14]~3246  ; 1                 ; 0       ;
;      - delay_line_next[62][15]~3247  ; 1                 ; 0       ;
;      - delay_line_next[58][0]~3248   ; 1                 ; 0       ;
;      - delay_line_next[58][1]~3249   ; 1                 ; 0       ;
;      - delay_line_next[58][2]~3250   ; 1                 ; 0       ;
;      - delay_line_next[58][3]~3251   ; 1                 ; 0       ;
;      - delay_line_next[58][4]~3252   ; 1                 ; 0       ;
;      - delay_line_next[58][5]~3253   ; 1                 ; 0       ;
;      - delay_line_next[58][6]~3254   ; 1                 ; 0       ;
;      - delay_line_next[58][7]~3255   ; 1                 ; 0       ;
;      - delay_line_next[58][8]~3256   ; 1                 ; 0       ;
;      - delay_line_next[58][9]~3257   ; 1                 ; 0       ;
;      - delay_line_next[58][10]~3258  ; 1                 ; 0       ;
;      - delay_line_next[58][11]~3259  ; 1                 ; 0       ;
;      - delay_line_next[58][12]~3260  ; 1                 ; 0       ;
;      - delay_line_next[58][13]~3261  ; 1                 ; 0       ;
;      - delay_line_next[58][14]~3262  ; 1                 ; 0       ;
;      - delay_line_next[58][15]~3263  ; 1                 ; 0       ;
;      - delay_line_next[56][0]~3264   ; 1                 ; 0       ;
;      - delay_line_next[56][1]~3265   ; 1                 ; 0       ;
;      - delay_line_next[56][2]~3266   ; 1                 ; 0       ;
;      - delay_line_next[56][3]~3267   ; 1                 ; 0       ;
;      - delay_line_next[56][4]~3268   ; 1                 ; 0       ;
;      - delay_line_next[56][5]~3269   ; 1                 ; 0       ;
;      - delay_line_next[56][6]~3270   ; 1                 ; 0       ;
;      - delay_line_next[56][7]~3271   ; 1                 ; 0       ;
;      - delay_line_next[56][8]~3272   ; 1                 ; 0       ;
;      - delay_line_next[56][9]~3273   ; 1                 ; 0       ;
;      - delay_line_next[56][10]~3274  ; 1                 ; 0       ;
;      - delay_line_next[56][11]~3275  ; 1                 ; 0       ;
;      - delay_line_next[56][12]~3276  ; 1                 ; 0       ;
;      - delay_line_next[56][13]~3277  ; 1                 ; 0       ;
;      - delay_line_next[56][14]~3278  ; 1                 ; 0       ;
;      - delay_line_next[56][15]~3279  ; 1                 ; 0       ;
;      - delay_line[210][13]           ; 1                 ; 0       ;
;      - delay_line[210][12]           ; 1                 ; 0       ;
;      - delay_line[210][11]           ; 1                 ; 0       ;
;      - delay_line[210][10]           ; 1                 ; 0       ;
;      - delay_line[210][9]            ; 1                 ; 0       ;
;      - delay_line[210][8]            ; 1                 ; 0       ;
;      - delay_line[210][7]            ; 1                 ; 0       ;
;      - delay_line[210][6]            ; 1                 ; 0       ;
;      - delay_line[210][5]            ; 1                 ; 0       ;
;      - delay_line[210][4]            ; 1                 ; 0       ;
;      - delay_line[210][3]            ; 1                 ; 0       ;
;      - delay_line[210][2]            ; 1                 ; 0       ;
;      - delay_line[210][1]            ; 1                 ; 0       ;
;      - delay_line[210][0]            ; 1                 ; 0       ;
; clk                                  ;                   ;         ;
; rst_n                                ;                   ;         ;
; sample_in[15]                        ;                   ;         ;
;      - Add110~13                     ; 0                 ; 0       ;
;      - Add110~17                     ; 0                 ; 0       ;
;      - Add110~21                     ; 0                 ; 0       ;
;      - Add110~25                     ; 0                 ; 0       ;
;      - Add110~29                     ; 0                 ; 0       ;
;      - Add110~33                     ; 0                 ; 0       ;
;      - Add110~37                     ; 0                 ; 0       ;
;      - Add110~41                     ; 0                 ; 0       ;
;      - Add110~45                     ; 0                 ; 0       ;
;      - Add110~49                     ; 0                 ; 0       ;
;      - Add110~53                     ; 0                 ; 0       ;
;      - Add110~57                     ; 0                 ; 0       ;
;      - Add110~5                      ; 0                 ; 0       ;
;      - Add110~1                      ; 0                 ; 0       ;
;      - delay_line[0][15]~feeder      ; 0                 ; 0       ;
; sample_in[14]                        ;                   ;         ;
;      - Add110~9                      ; 1                 ; 0       ;
;      - delay_line[0][14]~feeder      ; 1                 ; 0       ;
; sample_in[0]                         ;                   ;         ;
;      - Add110~113                    ; 1                 ; 0       ;
;      - delay_line[0][0]              ; 1                 ; 0       ;
; sample_in[1]                         ;                   ;         ;
;      - Add110~109                    ; 0                 ; 0       ;
;      - delay_line[0][1]              ; 0                 ; 0       ;
; sample_in[2]                         ;                   ;         ;
;      - Add110~105                    ; 1                 ; 0       ;
;      - delay_line[0][2]              ; 1                 ; 0       ;
; sample_in[3]                         ;                   ;         ;
;      - Add110~101                    ; 1                 ; 0       ;
;      - delay_line[0][3]~feeder       ; 1                 ; 0       ;
; sample_in[4]                         ;                   ;         ;
;      - Add110~97                     ; 1                 ; 0       ;
;      - delay_line[0][4]              ; 1                 ; 0       ;
; sample_in[5]                         ;                   ;         ;
;      - Add110~93                     ; 1                 ; 0       ;
;      - delay_line[0][5]              ; 1                 ; 0       ;
; sample_in[6]                         ;                   ;         ;
;      - Add110~89                     ; 1                 ; 0       ;
;      - delay_line[0][6]~feeder       ; 1                 ; 0       ;
; sample_in[7]                         ;                   ;         ;
;      - Add110~85                     ; 0                 ; 0       ;
;      - delay_line[0][7]              ; 0                 ; 0       ;
; sample_in[8]                         ;                   ;         ;
;      - Add110~81                     ; 1                 ; 0       ;
;      - delay_line[0][8]              ; 1                 ; 0       ;
; sample_in[9]                         ;                   ;         ;
;      - Add110~77                     ; 1                 ; 0       ;
;      - delay_line[0][9]              ; 1                 ; 0       ;
; sample_in[10]                        ;                   ;         ;
;      - Add110~73                     ; 1                 ; 0       ;
;      - delay_line[0][10]~feeder      ; 1                 ; 0       ;
; sample_in[11]                        ;                   ;         ;
;      - Add110~69                     ; 1                 ; 0       ;
;      - delay_line[0][11]             ; 1                 ; 0       ;
; sample_in[12]                        ;                   ;         ;
;      - Add110~65                     ; 1                 ; 0       ;
;      - delay_line[0][12]~feeder      ; 1                 ; 0       ;
; sample_in[13]                        ;                   ;         ;
;      - Add110~61                     ; 1                 ; 0       ;
;      - delay_line[0][13]             ; 1                 ; 0       ;
+--------------------------------------+-------------------+---------+


+-----------------------------------------------------------------------------------------------------------------------------------------------+
; Control Signals                                                                                                                               ;
+-----------------+---------------------+---------+--------------+--------+----------------------+------------------+---------------------------+
; Name            ; Location            ; Fan-Out ; Usage        ; Global ; Global Resource Used ; Global Line Name ; Enable Signal Source Name ;
+-----------------+---------------------+---------+--------------+--------+----------------------+------------------+---------------------------+
; clk             ; PIN_AC17            ; 3393    ; Clock        ; yes    ; Global Clock         ; GCLK6            ; --                        ;
; rst_n           ; PIN_V27             ; 3393    ; Async. clear ; yes    ; Global Clock         ; GCLK9            ; --                        ;
; sample_out[9]~3 ; LABCELL_X61_Y67_N30 ; 15      ; Sync. clear  ; no     ; --                   ; --               ; --                        ;
; sample_valid    ; PIN_C21             ; 6804    ; Clock enable ; no     ; --                   ; --               ; --                        ;
+-----------------+---------------------+---------+--------------+--------+----------------------+------------------+---------------------------+


+--------------------------------------------------------------------------------------------------+
; Global & Other Fast Signals                                                                      ;
+-------+----------+---------+----------------------+------------------+---------------------------+
; Name  ; Location ; Fan-Out ; Global Resource Used ; Global Line Name ; Enable Signal Source Name ;
+-------+----------+---------+----------------------+------------------+---------------------------+
; clk   ; PIN_AC17 ; 3393    ; Global Clock         ; GCLK6            ; --                        ;
; rst_n ; PIN_V27  ; 3393    ; Global Clock         ; GCLK9            ; --                        ;
+-------+----------+---------+----------------------+------------------+---------------------------+


+---------------------------------+
; Non-Global High Fan-Out Signals ;
+--------------------+------------+
; Name               ; Fan-Out    ;
+--------------------+------------+
; sample_valid~input ; 6804       ;
+--------------------+------------+


+-------------------------------------------------+
; Fitter DSP Block Usage Summary                  ;
+-----------------------------------+-------------+
; Statistic                         ; Number Used ;
+-----------------------------------+-------------+
; Two Independent 18x18             ; 205         ;
; Total number of DSP blocks        ; 205         ;
;                                   ;             ;
; Fixed Point Signed Multiplier     ; 90          ;
; Fixed Point Mixed Sign Multiplier ; 115         ;
+-----------------------------------+-------------+


+--------------------------------------------------------------------------------------------------------------------------------------------------------------------------------------------------------------------------------------------------------------------------------------------------------------------------------------------------------------------------------------------------------+
; DSP Block Details                                                                                                                                                                                                                                                                                                                                                                                      ;
+-----------+-----------------------+-----------------+---------------------+------------------------+------------------------+------------------------+------------------------+------------------------+------------------------+-----------------+--------------------------------+---------------------+-------------------------------+------------------------------+------------------------------+
; Name      ; Mode                  ; Location        ; Sign Representation ; Data AX Input Register ; Data AY Input Register ; Data AZ Input Register ; Data BX Input Register ; Data BY Input Register ; Data BZ Input Register ; Output Register ; Dedicated Shift Register Chain ; Dedicated Pre-Adder ; Dedicated Coefficient Storage ; Dedicated Output Adder Chain ; Dedicated Output Accumulator ;
+-----------+-----------------------+-----------------+---------------------+------------------------+------------------------+------------------------+------------------------+------------------------+------------------------+-----------------+--------------------------------+---------------------+-------------------------------+------------------------------+------------------------------+
; Mult47~8  ; Two Independent 18x18 ; DSP_X65_Y63_N0  ; Mixed               ; no                     ; no                     ; --                     ; --                     ; --                     ; --                     ; no              ; no                             ; no                  ; no                            ; no                           ; no                           ;
; Mult39~8  ; Two Independent 18x18 ; DSP_X82_Y33_N0  ; Mixed               ; no                     ; no                     ; --                     ; --                     ; --                     ; --                     ; no              ; no                             ; no                  ; no                            ; no                           ; no                           ;
; Mult183~8 ; Two Independent 18x18 ; DSP_X65_Y69_N0  ; Mixed               ; no                     ; no                     ; --                     ; --                     ; --                     ; --                     ; no              ; no                             ; no                  ; no                            ; no                           ; no                           ;
; Mult182~8 ; Two Independent 18x18 ; DSP_X82_Y69_N0  ; Mixed               ; no                     ; no                     ; --                     ; --                     ; --                     ; --                     ; no              ; no                             ; no                  ; no                            ; no                           ; no                           ;
; Mult180~8 ; Two Independent 18x18 ; DSP_X113_Y77_N0 ; Mixed               ; no                     ; no                     ; --                     ; --                     ; --                     ; --                     ; no              ; no                             ; no                  ; no                            ; no                           ; no                           ;
; Mult179~8 ; Two Independent 18x18 ; DSP_X113_Y75_N0 ; Mixed               ; no                     ; no                     ; --                     ; --                     ; --                     ; --                     ; no              ; no                             ; no                  ; no                            ; no                           ; no                           ;
; Mult20~8  ; Two Independent 18x18 ; DSP_X82_Y67_N0  ; Mixed               ; no                     ; no                     ; --                     ; --                     ; --                     ; --                     ; no              ; no                             ; no                  ; no                            ; no                           ; no                           ;
; Mult12~8  ; Two Independent 18x18 ; DSP_X113_Y87_N0 ; Mixed               ; no                     ; no                     ; --                     ; --                     ; --                     ; --                     ; no              ; no                             ; no                  ; no                            ; no                           ; no                           ;
; Mult11~8  ; Two Independent 18x18 ; DSP_X113_Y83_N0 ; Mixed               ; no                     ; no                     ; --                     ; --                     ; --                     ; --                     ; no              ; no                             ; no                  ; no                            ; no                           ; no                           ;
; Mult26~8  ; Two Independent 18x18 ; DSP_X65_Y75_N0  ; Mixed               ; no                     ; no                     ; --                     ; --                     ; --                     ; --                     ; no              ; no                             ; no                  ; no                            ; no                           ; no                           ;
; Mult23~8  ; Two Independent 18x18 ; DSP_X65_Y77_N0  ; Mixed               ; no                     ; no                     ; --                     ; --                     ; --                     ; --                     ; no              ; no                             ; no                  ; no                            ; no                           ; no                           ;
; Mult19~8  ; Two Independent 18x18 ; DSP_X82_Y87_N0  ; Mixed               ; no                     ; no                     ; --                     ; --                     ; --                     ; --                     ; no              ; no                             ; no                  ; no                            ; no                           ; no                           ;
; Mult18~8  ; Two Independent 18x18 ; DSP_X82_Y61_N0  ; Mixed               ; no                     ; no                     ; --                     ; --                     ; --                     ; --                     ; no              ; no                             ; no                  ; no                            ; no                           ; no                           ;
; Mult158~8 ; Two Independent 18x18 ; DSP_X49_Y71_N0  ; Mixed               ; no                     ; no                     ; --                     ; --                     ; --                     ; --                     ; no              ; no                             ; no                  ; no                            ; no                           ; no                           ;
; Mult46~8  ; Two Independent 18x18 ; DSP_X65_Y73_N0  ; Mixed               ; no                     ; no                     ; --                     ; --                     ; --                     ; --                     ; no              ; no                             ; no                  ; no                            ; no                           ; no                           ;
; Mult17~8  ; Two Independent 18x18 ; DSP_X82_Y91_N0  ; Mixed               ; no                     ; no                     ; --                     ; --                     ; --                     ; --                     ; no              ; no                             ; no                  ; no                            ; no                           ; no                           ;
; Mult16~8  ; Two Independent 18x18 ; DSP_X82_Y77_N0  ; Mixed               ; no                     ; no                     ; --                     ; --                     ; --                     ; --                     ; no              ; no                             ; no                  ; no                            ; no                           ; no                           ;
; Mult15~8  ; Two Independent 18x18 ; DSP_X82_Y89_N0  ; Mixed               ; no                     ; no                     ; --                     ; --                     ; --                     ; --                     ; no              ; no                             ; no                  ; no                            ; no                           ; no                           ;
; Mult13~8  ; Two Independent 18x18 ; DSP_X82_Y75_N0  ; Mixed               ; no                     ; no                     ; --                     ; --                     ; --                     ; --                     ; no              ; no                             ; no                  ; no                            ; no                           ; no                           ;
; Mult9~8   ; Two Independent 18x18 ; DSP_X82_Y79_N0  ; Mixed               ; no                     ; no                     ; --                     ; --                     ; --                     ; --                     ; no              ; no                             ; no                  ; no                            ; no                           ; no                           ;
; Mult7~8   ; Two Independent 18x18 ; DSP_X82_Y85_N0  ; Mixed               ; no                     ; no                     ; --                     ; --                     ; --                     ; --                     ; no              ; no                             ; no                  ; no                            ; no                           ; no                           ;
; Mult14~8  ; Two Independent 18x18 ; DSP_X113_Y89_N0 ; Mixed               ; no                     ; no                     ; --                     ; --                     ; --                     ; --                     ; no              ; no                             ; no                  ; no                            ; no                           ; no                           ;
; Mult8~8   ; Two Independent 18x18 ; DSP_X82_Y83_N0  ; Mixed               ; no                     ; no                     ; --                     ; --                     ; --                     ; --                     ; no              ; no                             ; no                  ; no                            ; no                           ; no                           ;
; Mult1~8   ; Two Independent 18x18 ; DSP_X82_Y73_N0  ; Mixed               ; no                     ; no                     ; --                     ; --                     ; --                     ; --                     ; no              ; no                             ; no                  ; no                            ; no                           ; no                           ;
; Mult168~8 ; Two Independent 18x18 ; DSP_X49_Y35_N0  ; Mixed               ; no                     ; no                     ; --                     ; --                     ; --                     ; --                     ; no              ; no                             ; no                  ; no                            ; no                           ; no                           ;
; Mult163~8 ; Two Independent 18x18 ; DSP_X49_Y49_N0  ; Mixed               ; no                     ; no                     ; --                     ; --                     ; --                     ; --                     ; no              ; no                             ; no                  ; no                            ; no                           ; no                           ;
; Mult154~8 ; Two Independent 18x18 ; DSP_X49_Y51_N0  ; Mixed               ; no                     ; no                     ; --                     ; --                     ; --                     ; --                     ; no              ; no                             ; no                  ; no                            ; no                           ; no                           ;
; Mult50~8  ; Two Independent 18x18 ; DSP_X49_Y33_N0  ; Mixed               ; no                     ; no                     ; --                     ; --                     ; --                     ; --                     ; no              ; no                             ; no                  ; no                            ; no                           ; no                           ;
; Mult41~8  ; Two Independent 18x18 ; DSP_X82_Y27_N0  ; Mixed               ; no                     ; no                     ; --                     ; --                     ; --                     ; --                     ; no              ; no                             ; no                  ; no                            ; no                           ; no                           ;
; Mult36~8  ; Two Independent 18x18 ; DSP_X82_Y39_N0  ; Mixed               ; no                     ; no                     ; --                     ; --                     ; --                     ; --                     ; no              ; no                             ; no                  ; no                            ; no                           ; no                           ;
; Mult189~8 ; Two Independent 18x18 ; DSP_X65_Y39_N0  ; Mixed               ; no                     ; no                     ; --                     ; --                     ; --                     ; --                     ; no              ; no                             ; no                  ; no                            ; no                           ; no                           ;
; Mult188~8 ; Two Independent 18x18 ; DSP_X65_Y37_N0  ; Mixed               ; no                     ; no                     ; --                     ; --                     ; --                     ; --                     ; no              ; no                             ; no                  ; no                            ; no                           ; no                           ;
; Mult187~8 ; Two Independent 18x18 ; DSP_X65_Y41_N0  ; Mixed               ; no                     ; no                     ; --                     ; --                     ; --                     ; --                     ; no              ; no                             ; no                  ; no                            ; no                           ; no                           ;
; Mult2~8   ; Two Independent 18x18 ; DSP_X82_Y71_N0  ; Mixed               ; no                     ; no                     ; --                     ; --                     ; --                     ; --                     ; no              ; no                             ; no                  ; no                            ; no                           ; no                           ;
; Mult204~8 ; Two Independent 18x18 ; DSP_X113_Y85_N0 ; Mixed               ; no                     ; no                     ; --                     ; --                     ; --                     ; --                     ; no              ; no                             ; no                  ; no                            ; no                           ; no                           ;
; Mult203~8 ; Two Independent 18x18 ; DSP_X113_Y81_N0 ; Mixed               ; no                     ; no                     ; --                     ; --                     ; --                     ; --                     ; no              ; no                             ; no                  ; no                            ; no                           ; no                           ;
; Mult196~8 ; Two Independent 18x18 ; DSP_X113_Y45_N0 ; Mixed               ; no                     ; no                     ; --                     ; --                     ; --                     ; --                     ; no              ; no                             ; no                  ; no                            ; no                           ; no                           ;
; Mult190~8 ; Two Independent 18x18 ; DSP_X82_Y41_N0  ; Mixed               ; no                     ; no                     ; --                     ; --                     ; --                     ; --                     ; no              ; no                             ; no                  ; no                            ; no                           ; no                           ;
; Mult172~8 ; Two Independent 18x18 ; DSP_X82_Y49_N0  ; Mixed               ; no                     ; no                     ; --                     ; --                     ; --                     ; --                     ; no              ; no                             ; no                  ; no                            ; no                           ; no                           ;
; Mult0~8   ; Two Independent 18x18 ; DSP_X113_Y73_N0 ; Mixed               ; no                     ; no                     ; --                     ; --                     ; --                     ; --                     ; no              ; no                             ; no                  ; no                            ; no                           ; no                           ;
; Mult186~8 ; Two Independent 18x18 ; DSP_X49_Y69_N0  ; Mixed               ; no                     ; no                     ; --                     ; --                     ; --                     ; --                     ; no              ; no                             ; no                  ; no                            ; no                           ; no                           ;
; Mult177~8 ; Two Independent 18x18 ; DSP_X65_Y71_N0  ; Mixed               ; no                     ; no                     ; --                     ; --                     ; --                     ; --                     ; no              ; no                             ; no                  ; no                            ; no                           ; no                           ;
; Mult104~8 ; Two Independent 18x18 ; DSP_X82_Y97_N0  ; Mixed               ; no                     ; no                     ; --                     ; --                     ; --                     ; --                     ; no              ; no                             ; no                  ; no                            ; no                           ; no                           ;
; Mult103~8 ; Two Independent 18x18 ; DSP_X65_Y95_N0  ; Mixed               ; no                     ; no                     ; --                     ; --                     ; --                     ; --                     ; no              ; no                             ; no                  ; no                            ; no                           ; no                           ;
; Mult102~8 ; Two Independent 18x18 ; DSP_X65_Y97_N0  ; Mixed               ; no                     ; no                     ; --                     ; --                     ; --                     ; --                     ; no              ; no                             ; no                  ; no                            ; no                           ; no                           ;
; Mult101~8 ; Two Independent 18x18 ; DSP_X65_Y99_N0  ; Mixed               ; no                     ; no                     ; --                     ; --                     ; --                     ; --                     ; no              ; no                             ; no                  ; no                            ; no                           ; no                           ;
; Mult108~8 ; Two Independent 18x18 ; DSP_X65_Y89_N0  ; Mixed               ; no                     ; no                     ; --                     ; --                     ; --                     ; --                     ; no              ; no                             ; no                  ; no                            ; no                           ; no                           ;
; Mult105~8 ; Two Independent 18x18 ; DSP_X65_Y91_N0  ; Mixed               ; no                     ; no                     ; --                     ; --                     ; --                     ; --                     ; no              ; no                             ; no                  ; no                            ; no                           ; no                           ;
; Mult99~8  ; Two Independent 18x18 ; DSP_X65_Y87_N0  ; Mixed               ; no                     ; no                     ; --                     ; --                     ; --                     ; --                     ; no              ; no                             ; no                  ; no                            ; no                           ; no                           ;
; Mult10~8  ; Two Independent 18x18 ; DSP_X82_Y93_N0  ; Mixed               ; no                     ; no                     ; --                     ; --                     ; --                     ; --                     ; no              ; no                             ; no                  ; no                            ; no                           ; no                           ;
; Mult6~8   ; Two Independent 18x18 ; DSP_X82_Y95_N0  ; Mixed               ; no                     ; no                     ; --                     ; --                     ; --                     ; --                     ; no              ; no                             ; no                  ; no                            ; no                           ; no                           ;
; Mult5~8   ; Two Independent 18x18 ; DSP_X82_Y81_N0  ; Mixed               ; no                     ; no                     ; --                     ; --                     ; --                     ; --                     ; no              ; no                             ; no                  ; no                            ; no                           ; no                           ;
; Mult100~8 ; Two Independent 18x18 ; DSP_X65_Y101_N0 ; Mixed               ; no                     ; no                     ; --                     ; --                     ; --                     ; --                     ; no              ; no                             ; no                  ; no                            ; no                           ; no                           ;
; Mult110~8 ; Two Independent 18x18 ; DSP_X65_Y81_N0  ; Mixed               ; no                     ; no                     ; --                     ; --                     ; --                     ; --                     ; no              ; no                             ; no                  ; no                            ; no                           ; no                           ;
; Mult109~8 ; Two Independent 18x18 ; DSP_X65_Y93_N0  ; Mixed               ; no                     ; no                     ; --                     ; --                     ; --                     ; --                     ; no              ; no                             ; no                  ; no                            ; no                           ; no                           ;
; Mult96~8  ; Two Independent 18x18 ; DSP_X49_Y91_N0  ; Mixed               ; no                     ; no                     ; --                     ; --                     ; --                     ; --                     ; no              ; no                             ; no                  ; no                            ; no                           ; no                           ;
; Mult95~8  ; Two Independent 18x18 ; DSP_X49_Y89_N0  ; Mixed               ; no                     ; no                     ; --                     ; --                     ; --                     ; --                     ; no              ; no                             ; no                  ; no                            ; no                           ; no                           ;
; Mult94~8  ; Two Independent 18x18 ; DSP_X49_Y93_N0  ; Mixed               ; no                     ; no                     ; --                     ; --                     ; --                     ; --                     ; no              ; no                             ; no                  ; no                            ; no                           ; no                           ;
; Mult98~8  ; Two Independent 18x18 ; DSP_X49_Y95_N0  ; Mixed               ; no                     ; no                     ; --                     ; --                     ; --                     ; --                     ; no              ; no                             ; no                  ; no                            ; no                           ; no                           ;
; Mult86~8  ; Two Independent 18x18 ; DSP_X49_Y87_N0  ; Mixed               ; no                     ; no                     ; --                     ; --                     ; --                     ; --                     ; no              ; no                             ; no                  ; no                            ; no                           ; no                           ;
; Mult85~8  ; Two Independent 18x18 ; DSP_X49_Y79_N0  ; Mixed               ; no                     ; no                     ; --                     ; --                     ; --                     ; --                     ; no              ; no                             ; no                  ; no                            ; no                           ; no                           ;
; Mult114~8 ; Two Independent 18x18 ; DSP_X49_Y81_N0  ; Mixed               ; no                     ; no                     ; --                     ; --                     ; --                     ; --                     ; no              ; no                             ; no                  ; no                            ; no                           ; no                           ;
; Mult113~8 ; Two Independent 18x18 ; DSP_X49_Y85_N0  ; Mixed               ; no                     ; no                     ; --                     ; --                     ; --                     ; --                     ; no              ; no                             ; no                  ; no                            ; no                           ; no                           ;
; Mult111~8 ; Two Independent 18x18 ; DSP_X65_Y83_N0  ; Mixed               ; no                     ; no                     ; --                     ; --                     ; --                     ; --                     ; no              ; no                             ; no                  ; no                            ; no                           ; no                           ;
; Mult119~8 ; Two Independent 18x18 ; DSP_X49_Y73_N0  ; Mixed               ; no                     ; no                     ; --                     ; --                     ; --                     ; --                     ; no              ; no                             ; no                  ; no                            ; no                           ; no                           ;
; Mult118~8 ; Two Independent 18x18 ; DSP_X49_Y77_N0  ; Mixed               ; no                     ; no                     ; --                     ; --                     ; --                     ; --                     ; no              ; no                             ; no                  ; no                            ; no                           ; no                           ;
; Mult106~8 ; Two Independent 18x18 ; DSP_X65_Y79_N0  ; Mixed               ; no                     ; no                     ; --                     ; --                     ; --                     ; --                     ; no              ; no                             ; no                  ; no                            ; no                           ; no                           ;
; Mult107~8 ; Two Independent 18x18 ; DSP_X65_Y85_N0  ; Mixed               ; no                     ; no                     ; --                     ; --                     ; --                     ; --                     ; no              ; no                             ; no                  ; no                            ; no                           ; no                           ;
; Mult97~8  ; Two Independent 18x18 ; DSP_X49_Y99_N0  ; Mixed               ; no                     ; no                     ; --                     ; --                     ; --                     ; --                     ; no              ; no                             ; no                  ; no                            ; no                           ; no                           ;
; Mult93~8  ; Two Independent 18x18 ; DSP_X49_Y97_N0  ; Mixed               ; no                     ; no                     ; --                     ; --                     ; --                     ; --                     ; no              ; no                             ; no                  ; no                            ; no                           ; no                           ;
; Mult51~8  ; Two Independent 18x18 ; DSP_X65_Y53_N0  ; Mixed               ; no                     ; no                     ; --                     ; --                     ; --                     ; --                     ; no              ; no                             ; no                  ; no                            ; no                           ; no                           ;
; Mult49~8  ; Two Independent 18x18 ; DSP_X65_Y59_N0  ; Mixed               ; no                     ; no                     ; --                     ; --                     ; --                     ; --                     ; no              ; no                             ; no                  ; no                            ; no                           ; no                           ;
; Mult44~8  ; Two Independent 18x18 ; DSP_X65_Y55_N0  ; Mixed               ; no                     ; no                     ; --                     ; --                     ; --                     ; --                     ; no              ; no                             ; no                  ; no                            ; no                           ; no                           ;
; Mult43~8  ; Two Independent 18x18 ; DSP_X82_Y31_N0  ; Mixed               ; no                     ; no                     ; --                     ; --                     ; --                     ; --                     ; no              ; no                             ; no                  ; no                            ; no                           ; no                           ;
; Mult40~8  ; Two Independent 18x18 ; DSP_X82_Y29_N0  ; Mixed               ; no                     ; no                     ; --                     ; --                     ; --                     ; --                     ; no              ; no                             ; no                  ; no                            ; no                           ; no                           ;
; Mult38~8  ; Two Independent 18x18 ; DSP_X65_Y31_N0  ; Mixed               ; no                     ; no                     ; --                     ; --                     ; --                     ; --                     ; no              ; no                             ; no                  ; no                            ; no                           ; no                           ;
; Mult140~8 ; Two Independent 18x18 ; DSP_X65_Y47_N0  ; Mixed               ; no                     ; no                     ; --                     ; --                     ; --                     ; --                     ; no              ; no                             ; no                  ; no                            ; no                           ; no                           ;
; Mult64~8  ; Two Independent 18x18 ; DSP_X49_Y37_N0  ; Mixed               ; no                     ; no                     ; --                     ; --                     ; --                     ; --                     ; no              ; no                             ; no                  ; no                            ; no                           ; no                           ;
; Mult27~8  ; Two Independent 18x18 ; DSP_X65_Y51_N0  ; Mixed               ; no                     ; no                     ; --                     ; --                     ; --                     ; --                     ; no              ; no                             ; no                  ; no                            ; no                           ; no                           ;
; Mult176~8 ; Two Independent 18x18 ; DSP_X82_Y55_N0  ; Mixed               ; no                     ; no                     ; --                     ; --                     ; --                     ; --                     ; no              ; no                             ; no                  ; no                            ; no                           ; no                           ;
; Mult175~8 ; Two Independent 18x18 ; DSP_X82_Y53_N0  ; Mixed               ; no                     ; no                     ; --                     ; --                     ; --                     ; --                     ; no              ; no                             ; no                  ; no                            ; no                           ; no                           ;
; Mult174~8 ; Two Independent 18x18 ; DSP_X82_Y51_N0  ; Mixed               ; no                     ; no                     ; --                     ; --                     ; --                     ; --                     ; no              ; no                             ; no                  ; no                            ; no                           ; no                           ;
; Mult30~8  ; Two Independent 18x18 ; DSP_X82_Y43_N0  ; Mixed               ; no                     ; no                     ; --                     ; --                     ; --                     ; --                     ; no              ; no                             ; no                  ; no                            ; no                           ; no                           ;
; Mult29~8  ; Two Independent 18x18 ; DSP_X82_Y47_N0  ; Mixed               ; no                     ; no                     ; --                     ; --                     ; --                     ; --                     ; no              ; no                             ; no                  ; no                            ; no                           ; no                           ;
; Mult28~8  ; Two Independent 18x18 ; DSP_X65_Y49_N0  ; Mixed               ; no                     ; no                     ; --                     ; --                     ; --                     ; --                     ; no              ; no                             ; no                  ; no                            ; no                           ; no                           ;
; Mult193~8 ; Two Independent 18x18 ; DSP_X113_Y43_N0 ; Mixed               ; no                     ; no                     ; --                     ; --                     ; --                     ; --                     ; no              ; no                             ; no                  ; no                            ; no                           ; no                           ;
; Mult192~8 ; Two Independent 18x18 ; DSP_X113_Y39_N0 ; Mixed               ; no                     ; no                     ; --                     ; --                     ; --                     ; --                     ; no              ; no                             ; no                  ; no                            ; no                           ; no                           ;
; Mult184~8 ; Two Independent 18x18 ; DSP_X65_Y57_N0  ; Mixed               ; no                     ; no                     ; --                     ; --                     ; --                     ; --                     ; no              ; no                             ; no                  ; no                            ; no                           ; no                           ;
; Mult173~8 ; Two Independent 18x18 ; DSP_X82_Y45_N0  ; Mixed               ; no                     ; no                     ; --                     ; --                     ; --                     ; --                     ; no              ; no                             ; no                  ; no                            ; no                           ; no                           ;
; Mult171~8 ; Two Independent 18x18 ; DSP_X65_Y33_N0  ; Mixed               ; no                     ; no                     ; --                     ; --                     ; --                     ; --                     ; no              ; no                             ; no                  ; no                            ; no                           ; no                           ;
; Mult170~8 ; Two Independent 18x18 ; DSP_X65_Y29_N0  ; Mixed               ; no                     ; no                     ; --                     ; --                     ; --                     ; --                     ; no              ; no                             ; no                  ; no                            ; no                           ; no                           ;
; Mult169~8 ; Two Independent 18x18 ; DSP_X65_Y35_N0  ; Mixed               ; no                     ; no                     ; --                     ; --                     ; --                     ; --                     ; no              ; no                             ; no                  ; no                            ; no                           ; no                           ;
; Mult167~8 ; Two Independent 18x18 ; DSP_X65_Y43_N0  ; Mixed               ; no                     ; no                     ; --                     ; --                     ; --                     ; --                     ; no              ; no                             ; no                  ; no                            ; no                           ; no                           ;
; Mult162~8 ; Two Independent 18x18 ; DSP_X65_Y45_N0  ; Mixed               ; no                     ; no                     ; --                     ; --                     ; --                     ; --                     ; no              ; no                             ; no                  ; no                            ; no                           ; no                           ;
; Mult159~8 ; Two Independent 18x18 ; DSP_X49_Y57_N0  ; Mixed               ; no                     ; no                     ; --                     ; --                     ; --                     ; --                     ; no              ; no                             ; no                  ; no                            ; no                           ; no                           ;
; Mult150~8 ; Two Independent 18x18 ; DSP_X49_Y59_N0  ; Mixed               ; no                     ; no                     ; --                     ; --                     ; --                     ; --                     ; no              ; no                             ; no                  ; no                            ; no                           ; no                           ;
; Mult135~8 ; Two Independent 18x18 ; DSP_X49_Y61_N0  ; Mixed               ; no                     ; no                     ; --                     ; --                     ; --                     ; --                     ; no              ; no                             ; no                  ; no                            ; no                           ; no                           ;
; Mult69~8  ; Two Independent 18x18 ; DSP_X65_Y65_N0  ; Mixed               ; no                     ; no                     ; --                     ; --                     ; --                     ; --                     ; no              ; no                             ; no                  ; no                            ; no                           ; no                           ;
; Mult54~8  ; Two Independent 18x18 ; DSP_X49_Y55_N0  ; Mixed               ; no                     ; no                     ; --                     ; --                     ; --                     ; --                     ; no              ; no                             ; no                  ; no                            ; no                           ; no                           ;
; Mult45~8  ; Two Independent 18x18 ; DSP_X65_Y61_N0  ; Mixed               ; no                     ; no                     ; --                     ; --                     ; --                     ; --                     ; no              ; no                             ; no                  ; no                            ; no                           ; no                           ;
; Mult42~8  ; Two Independent 18x18 ; DSP_X82_Y59_N0  ; Mixed               ; no                     ; no                     ; --                     ; --                     ; --                     ; --                     ; no              ; no                             ; no                  ; no                            ; no                           ; no                           ;
; Mult37~8  ; Two Independent 18x18 ; DSP_X82_Y35_N0  ; Mixed               ; no                     ; no                     ; --                     ; --                     ; --                     ; --                     ; no              ; no                             ; no                  ; no                            ; no                           ; no                           ;
; Mult35~8  ; Two Independent 18x18 ; DSP_X82_Y37_N0  ; Mixed               ; no                     ; no                     ; --                     ; --                     ; --                     ; --                     ; no              ; no                             ; no                  ; no                            ; no                           ; no                           ;
; Mult34~8  ; Two Independent 18x18 ; DSP_X49_Y53_N0  ; Mixed               ; no                     ; no                     ; --                     ; --                     ; --                     ; --                     ; no              ; no                             ; no                  ; no                            ; no                           ; no                           ;
; Mult33~8  ; Two Independent 18x18 ; DSP_X113_Y41_N0 ; Mixed               ; no                     ; no                     ; --                     ; --                     ; --                     ; --                     ; no              ; no                             ; no                  ; no                            ; no                           ; no                           ;
; Mult31~8  ; Two Independent 18x18 ; DSP_X65_Y67_N0  ; Mixed               ; no                     ; no                     ; --                     ; --                     ; --                     ; --                     ; no              ; no                             ; no                  ; no                            ; no                           ; no                           ;
; Mult4~8   ; Two Independent 18x18 ; DSP_X113_Y69_N0 ; Mixed               ; no                     ; no                     ; --                     ; --                     ; --                     ; --                     ; no              ; no                             ; no                  ; no                            ; no                           ; no                           ;
; Mult3~8   ; Two Independent 18x18 ; DSP_X113_Y71_N0 ; Mixed               ; no                     ; no                     ; --                     ; --                     ; --                     ; --                     ; no              ; no                             ; no                  ; no                            ; no                           ; no                           ;
; Mult202~8 ; Two Independent 18x18 ; DSP_X113_Y67_N0 ; Mixed               ; no                     ; no                     ; --                     ; --                     ; --                     ; --                     ; no              ; no                             ; no                  ; no                            ; no                           ; no                           ;
; Mult21~8  ; Two Independent 18x18 ; DSP_X113_Y63_N0 ; Mixed               ; no                     ; no                     ; --                     ; --                     ; --                     ; --                     ; no              ; no                             ; no                  ; no                            ; no                           ; no                           ;
; Mult201~8 ; Two Independent 18x18 ; DSP_X113_Y61_N0 ; Mixed               ; no                     ; no                     ; --                     ; --                     ; --                     ; --                     ; no              ; no                             ; no                  ; no                            ; no                           ; no                           ;
; Mult200~8 ; Two Independent 18x18 ; DSP_X113_Y59_N0 ; Mixed               ; no                     ; no                     ; --                     ; --                     ; --                     ; --                     ; no              ; no                             ; no                  ; no                            ; no                           ; no                           ;
; Mult199~8 ; Two Independent 18x18 ; DSP_X113_Y55_N0 ; Mixed               ; no                     ; no                     ; --                     ; --                     ; --                     ; --                     ; no              ; no                             ; no                  ; no                            ; no                           ; no                           ;
; Mult198~8 ; Two Independent 18x18 ; DSP_X113_Y57_N0 ; Mixed               ; no                     ; no                     ; --                     ; --                     ; --                     ; --                     ; no              ; no                             ; no                  ; no                            ; no                           ; no                           ;
; Mult194~8 ; Two Independent 18x18 ; DSP_X113_Y49_N0 ; Mixed               ; no                     ; no                     ; --                     ; --                     ; --                     ; --                     ; no              ; no                             ; no                  ; no                            ; no                           ; no                           ;
; Mult25~8  ; Two Independent 18x18 ; DSP_X82_Y63_N0  ; Mixed               ; no                     ; no                     ; --                     ; --                     ; --                     ; --                     ; no              ; no                             ; no                  ; no                            ; no                           ; no                           ;
; Mult24~8  ; Two Independent 18x18 ; DSP_X82_Y65_N0  ; Mixed               ; no                     ; no                     ; --                     ; --                     ; --                     ; --                     ; no              ; no                             ; no                  ; no                            ; no                           ; no                           ;
; Mult22~8  ; Two Independent 18x18 ; DSP_X113_Y65_N0 ; Mixed               ; no                     ; no                     ; --                     ; --                     ; --                     ; --                     ; no              ; no                             ; no                  ; no                            ; no                           ; no                           ;
; Mult197~8 ; Two Independent 18x18 ; DSP_X113_Y53_N0 ; Mixed               ; no                     ; no                     ; --                     ; --                     ; --                     ; --                     ; no              ; no                             ; no                  ; no                            ; no                           ; no                           ;
; Mult195~8 ; Two Independent 18x18 ; DSP_X113_Y47_N0 ; Mixed               ; no                     ; no                     ; --                     ; --                     ; --                     ; --                     ; no              ; no                             ; no                  ; no                            ; no                           ; no                           ;
; Mult191~8 ; Two Independent 18x18 ; DSP_X113_Y51_N0 ; Mixed               ; no                     ; no                     ; --                     ; --                     ; --                     ; --                     ; no              ; no                             ; no                  ; no                            ; no                           ; no                           ;
; Mult185~8 ; Two Independent 18x18 ; DSP_X82_Y57_N0  ; Mixed               ; no                     ; no                     ; --                     ; --                     ; --                     ; --                     ; no              ; no                             ; no                  ; no                            ; no                           ; no                           ;
; Mult181~8 ; Two Independent 18x18 ; DSP_X113_Y91_N0 ; Mixed               ; no                     ; no                     ; --                     ; --                     ; --                     ; --                     ; no              ; no                             ; no                  ; no                            ; no                           ; no                           ;
; Mult178~8 ; Two Independent 18x18 ; DSP_X113_Y79_N0 ; Mixed               ; no                     ; no                     ; --                     ; --                     ; --                     ; --                     ; no              ; no                             ; no                  ; no                            ; no                           ; no                           ;
; Mult87~8  ; Two Independent 18x18 ; DSP_X20_Y79_N0  ; Mixed               ; no                     ; no                     ; --                     ; --                     ; --                     ; --                     ; no              ; no                             ; no                  ; no                            ; no                           ; no                           ;
; Mult84~8  ; Two Independent 18x18 ; DSP_X33_Y83_N0  ; Mixed               ; no                     ; no                     ; --                     ; --                     ; --                     ; --                     ; no              ; no                             ; no                  ; no                            ; no                           ; no                           ;
; Mult77~8  ; Two Independent 18x18 ; DSP_X33_Y75_N0  ; Mixed               ; no                     ; no                     ; --                     ; --                     ; --                     ; --                     ; no              ; no                             ; no                  ; no                            ; no                           ; no                           ;
; Mult129~8 ; Two Independent 18x18 ; DSP_X20_Y87_N0  ; Mixed               ; no                     ; no                     ; --                     ; --                     ; --                     ; --                     ; no              ; no                             ; no                  ; no                            ; no                           ; no                           ;
; Mult128~8 ; Two Independent 18x18 ; DSP_X20_Y85_N0  ; Mixed               ; no                     ; no                     ; --                     ; --                     ; --                     ; --                     ; no              ; no                             ; no                  ; no                            ; no                           ; no                           ;
; Mult127~8 ; Two Independent 18x18 ; DSP_X20_Y77_N0  ; Mixed               ; no                     ; no                     ; --                     ; --                     ; --                     ; --                     ; no              ; no                             ; no                  ; no                            ; no                           ; no                           ;
; Mult120~8 ; Two Independent 18x18 ; DSP_X33_Y73_N0  ; Mixed               ; no                     ; no                     ; --                     ; --                     ; --                     ; --                     ; no              ; no                             ; no                  ; no                            ; no                           ; no                           ;
; Mult117~8 ; Two Independent 18x18 ; DSP_X49_Y75_N0  ; Mixed               ; no                     ; no                     ; --                     ; --                     ; --                     ; --                     ; no              ; no                             ; no                  ; no                            ; no                           ; no                           ;
; Mult115~8 ; Two Independent 18x18 ; DSP_X33_Y77_N0  ; Mixed               ; no                     ; no                     ; --                     ; --                     ; --                     ; --                     ; no              ; no                             ; no                  ; no                            ; no                           ; no                           ;
; Mult91~8  ; Two Independent 18x18 ; DSP_X20_Y93_N0  ; Mixed               ; no                     ; no                     ; --                     ; --                     ; --                     ; --                     ; no              ; no                             ; no                  ; no                            ; no                           ; no                           ;
; Mult90~8  ; Two Independent 18x18 ; DSP_X20_Y89_N0  ; Mixed               ; no                     ; no                     ; --                     ; --                     ; --                     ; --                     ; no              ; no                             ; no                  ; no                            ; no                           ; no                           ;
; Mult89~8  ; Two Independent 18x18 ; DSP_X20_Y91_N0  ; Mixed               ; no                     ; no                     ; --                     ; --                     ; --                     ; --                     ; no              ; no                             ; no                  ; no                            ; no                           ; no                           ;
; Mult76~8  ; Two Independent 18x18 ; DSP_X20_Y75_N0  ; Mixed               ; no                     ; no                     ; --                     ; --                     ; --                     ; --                     ; no              ; no                             ; no                  ; no                            ; no                           ; no                           ;
; Mult75~8  ; Two Independent 18x18 ; DSP_X20_Y71_N0  ; Mixed               ; no                     ; no                     ; --                     ; --                     ; --                     ; --                     ; no              ; no                             ; no                  ; no                            ; no                           ; no                           ;
; Mult147~8 ; Two Independent 18x18 ; DSP_X20_Y73_N0  ; Mixed               ; no                     ; no                     ; --                     ; --                     ; --                     ; --                     ; no              ; no                             ; no                  ; no                            ; no                           ; no                           ;
; Mult126~8 ; Two Independent 18x18 ; DSP_X20_Y97_N0  ; Mixed               ; no                     ; no                     ; --                     ; --                     ; --                     ; --                     ; no              ; no                             ; no                  ; no                            ; no                           ; no                           ;
; Mult125~8 ; Two Independent 18x18 ; DSP_X20_Y83_N0  ; Mixed               ; no                     ; no                     ; --                     ; --                     ; --                     ; --                     ; no              ; no                             ; no                  ; no                            ; no                           ; no                           ;
; Mult79~8  ; Two Independent 18x18 ; DSP_X20_Y81_N0  ; Mixed               ; no                     ; no                     ; --                     ; --                     ; --                     ; --                     ; no              ; no                             ; no                  ; no                            ; no                           ; no                           ;
; Mult133~8 ; Two Independent 18x18 ; DSP_X33_Y79_N0  ; Mixed               ; no                     ; no                     ; --                     ; --                     ; --                     ; --                     ; no              ; no                             ; no                  ; no                            ; no                           ; no                           ;
; Mult124~8 ; Two Independent 18x18 ; DSP_X33_Y93_N0  ; Mixed               ; no                     ; no                     ; --                     ; --                     ; --                     ; --                     ; no              ; no                             ; no                  ; no                            ; no                           ; no                           ;
; Mult123~8 ; Two Independent 18x18 ; DSP_X33_Y97_N0  ; Mixed               ; no                     ; no                     ; --                     ; --                     ; --                     ; --                     ; no              ; no                             ; no                  ; no                            ; no                           ; no                           ;
; Mult122~8 ; Two Independent 18x18 ; DSP_X33_Y85_N0  ; Mixed               ; no                     ; no                     ; --                     ; --                     ; --                     ; --                     ; no              ; no                             ; no                  ; no                            ; no                           ; no                           ;
; Mult112~8 ; Two Independent 18x18 ; DSP_X49_Y83_N0  ; Mixed               ; no                     ; no                     ; --                     ; --                     ; --                     ; --                     ; no              ; no                             ; no                  ; no                            ; no                           ; no                           ;
; Mult92~8  ; Two Independent 18x18 ; DSP_X33_Y95_N0  ; Mixed               ; no                     ; no                     ; --                     ; --                     ; --                     ; --                     ; no              ; no                             ; no                  ; no                            ; no                           ; no                           ;
; Mult82~8  ; Two Independent 18x18 ; DSP_X33_Y91_N0  ; Mixed               ; no                     ; no                     ; --                     ; --                     ; --                     ; --                     ; no              ; no                             ; no                  ; no                            ; no                           ; no                           ;
; Mult81~8  ; Two Independent 18x18 ; DSP_X33_Y89_N0  ; Mixed               ; no                     ; no                     ; --                     ; --                     ; --                     ; --                     ; no              ; no                             ; no                  ; no                            ; no                           ; no                           ;
; Mult80~8  ; Two Independent 18x18 ; DSP_X33_Y87_N0  ; Mixed               ; no                     ; no                     ; --                     ; --                     ; --                     ; --                     ; no              ; no                             ; no                  ; no                            ; no                           ; no                           ;
; Mult78~8  ; Two Independent 18x18 ; DSP_X20_Y67_N0  ; Mixed               ; no                     ; no                     ; --                     ; --                     ; --                     ; --                     ; no              ; no                             ; no                  ; no                            ; no                           ; no                           ;
; Mult74~8  ; Two Independent 18x18 ; DSP_X20_Y69_N0  ; Mixed               ; no                     ; no                     ; --                     ; --                     ; --                     ; --                     ; no              ; no                             ; no                  ; no                            ; no                           ; no                           ;
; Mult72~8  ; Two Independent 18x18 ; DSP_X20_Y63_N0  ; Mixed               ; no                     ; no                     ; --                     ; --                     ; --                     ; --                     ; no              ; no                             ; no                  ; no                            ; no                           ; no                           ;
; Mult121~8 ; Two Independent 18x18 ; DSP_X33_Y69_N0  ; Mixed               ; no                     ; no                     ; --                     ; --                     ; --                     ; --                     ; no              ; no                             ; no                  ; no                            ; no                           ; no                           ;
; Mult83~8  ; Two Independent 18x18 ; DSP_X33_Y71_N0  ; Mixed               ; no                     ; no                     ; --                     ; --                     ; --                     ; --                     ; no              ; no                             ; no                  ; no                            ; no                           ; no                           ;
; Mult32~8  ; Two Independent 18x18 ; DSP_X49_Y67_N0  ; Mixed               ; no                     ; no                     ; --                     ; --                     ; --                     ; --                     ; no              ; no                             ; no                  ; no                            ; no                           ; no                           ;
; Mult139~8 ; Two Independent 18x18 ; DSP_X20_Y39_N0  ; Mixed               ; no                     ; no                     ; --                     ; --                     ; --                     ; --                     ; no              ; no                             ; no                  ; no                            ; no                           ; no                           ;
; Mult138~8 ; Two Independent 18x18 ; DSP_X20_Y51_N0  ; Mixed               ; no                     ; no                     ; --                     ; --                     ; --                     ; --                     ; no              ; no                             ; no                  ; no                            ; no                           ; no                           ;
; Mult137~8 ; Two Independent 18x18 ; DSP_X20_Y59_N0  ; Mixed               ; no                     ; no                     ; --                     ; --                     ; --                     ; --                     ; no              ; no                             ; no                  ; no                            ; no                           ; no                           ;
; Mult71~8  ; Two Independent 18x18 ; DSP_X20_Y49_N0  ; Mixed               ; no                     ; no                     ; --                     ; --                     ; --                     ; --                     ; no              ; no                             ; no                  ; no                            ; no                           ; no                           ;
; Mult67~8  ; Two Independent 18x18 ; DSP_X20_Y41_N0  ; Mixed               ; no                     ; no                     ; --                     ; --                     ; --                     ; --                     ; no              ; no                             ; no                  ; no                            ; no                           ; no                           ;
; Mult66~8  ; Two Independent 18x18 ; DSP_X33_Y39_N0  ; Mixed               ; no                     ; no                     ; --                     ; --                     ; --                     ; --                     ; no              ; no                             ; no                  ; no                            ; no                           ; no                           ;
; Mult65~8  ; Two Independent 18x18 ; DSP_X33_Y37_N0  ; Mixed               ; no                     ; no                     ; --                     ; --                     ; --                     ; --                     ; no              ; no                             ; no                  ; no                            ; no                           ; no                           ;
; Mult57~8  ; Two Independent 18x18 ; DSP_X33_Y41_N0  ; Mixed               ; no                     ; no                     ; --                     ; --                     ; --                     ; --                     ; no              ; no                             ; no                  ; no                            ; no                           ; no                           ;
; Mult165~8 ; Two Independent 18x18 ; DSP_X49_Y41_N0  ; Mixed               ; no                     ; no                     ; --                     ; --                     ; --                     ; --                     ; no              ; no                             ; no                  ; no                            ; no                           ; no                           ;
; Mult148~8 ; Two Independent 18x18 ; DSP_X20_Y45_N0  ; Mixed               ; no                     ; no                     ; --                     ; --                     ; --                     ; --                     ; no              ; no                             ; no                  ; no                            ; no                           ; no                           ;
; Mult146~8 ; Two Independent 18x18 ; DSP_X20_Y43_N0  ; Mixed               ; no                     ; no                     ; --                     ; --                     ; --                     ; --                     ; no              ; no                             ; no                  ; no                            ; no                           ; no                           ;
; Mult143~8 ; Two Independent 18x18 ; DSP_X20_Y47_N0  ; Mixed               ; no                     ; no                     ; --                     ; --                     ; --                     ; --                     ; no              ; no                             ; no                  ; no                            ; no                           ; no                           ;
; Mult134~8 ; Two Independent 18x18 ; DSP_X33_Y29_N0  ; Mixed               ; no                     ; no                     ; --                     ; --                     ; --                     ; --                     ; no              ; no                             ; no                  ; no                            ; no                           ; no                           ;
; Mult132~8 ; Two Independent 18x18 ; DSP_X49_Y65_N0  ; Mixed               ; no                     ; no                     ; --                     ; --                     ; --                     ; --                     ; no              ; no                             ; no                  ; no                            ; no                           ; no                           ;
; Mult130~8 ; Two Independent 18x18 ; DSP_X33_Y67_N0  ; Mixed               ; no                     ; no                     ; --                     ; --                     ; --                     ; --                     ; no              ; no                             ; no                  ; no                            ; no                           ; no                           ;
; Mult70~8  ; Two Independent 18x18 ; DSP_X20_Y57_N0  ; Mixed               ; no                     ; no                     ; --                     ; --                     ; --                     ; --                     ; no              ; no                             ; no                  ; no                            ; no                           ; no                           ;
; Mult68~8  ; Two Independent 18x18 ; DSP_X20_Y55_N0  ; Mixed               ; no                     ; no                     ; --                     ; --                     ; --                     ; --                     ; no              ; no                             ; no                  ; no                            ; no                           ; no                           ;
; Mult63~8  ; Two Independent 18x18 ; DSP_X20_Y31_N0  ; Mixed               ; no                     ; no                     ; --                     ; --                     ; --                     ; --                     ; no              ; no                             ; no                  ; no                            ; no                           ; no                           ;
; Mult56~8  ; Two Independent 18x18 ; DSP_X33_Y45_N0  ; Mixed               ; no                     ; no                     ; --                     ; --                     ; --                     ; --                     ; no              ; no                             ; no                  ; no                            ; no                           ; no                           ;
; Mult52~8  ; Two Independent 18x18 ; DSP_X33_Y61_N0  ; Mixed               ; no                     ; no                     ; --                     ; --                     ; --                     ; --                     ; no              ; no                             ; no                  ; no                            ; no                           ; no                           ;
; Mult48~8  ; Two Independent 18x18 ; DSP_X49_Y63_N0  ; Mixed               ; no                     ; no                     ; --                     ; --                     ; --                     ; --                     ; no              ; no                             ; no                  ; no                            ; no                           ; no                           ;
; Mult144~8 ; Two Independent 18x18 ; DSP_X20_Y53_N0  ; Mixed               ; no                     ; no                     ; --                     ; --                     ; --                     ; --                     ; no              ; no                             ; no                  ; no                            ; no                           ; no                           ;
; Mult131~8 ; Two Independent 18x18 ; DSP_X20_Y65_N0  ; Mixed               ; no                     ; no                     ; --                     ; --                     ; --                     ; --                     ; no              ; no                             ; no                  ; no                            ; no                           ; no                           ;
; Mult116~8 ; Two Independent 18x18 ; DSP_X33_Y81_N0  ; Mixed               ; no                     ; no                     ; --                     ; --                     ; --                     ; --                     ; no              ; no                             ; no                  ; no                            ; no                           ; no                           ;
; Mult88~8  ; Two Independent 18x18 ; DSP_X20_Y95_N0  ; Mixed               ; no                     ; no                     ; --                     ; --                     ; --                     ; --                     ; no              ; no                             ; no                  ; no                            ; no                           ; no                           ;
; Mult73~8  ; Two Independent 18x18 ; DSP_X20_Y61_N0  ; Mixed               ; no                     ; no                     ; --                     ; --                     ; --                     ; --                     ; no              ; no                             ; no                  ; no                            ; no                           ; no                           ;
; Mult60~8  ; Two Independent 18x18 ; DSP_X33_Y31_N0  ; Mixed               ; no                     ; no                     ; --                     ; --                     ; --                     ; --                     ; no              ; no                             ; no                  ; no                            ; no                           ; no                           ;
; Mult157~8 ; Two Independent 18x18 ; DSP_X33_Y51_N0  ; Mixed               ; no                     ; no                     ; --                     ; --                     ; --                     ; --                     ; no              ; no                             ; no                  ; no                            ; no                           ; no                           ;
; Mult156~8 ; Two Independent 18x18 ; DSP_X33_Y63_N0  ; Mixed               ; no                     ; no                     ; --                     ; --                     ; --                     ; --                     ; no              ; no                             ; no                  ; no                            ; no                           ; no                           ;
; Mult152~8 ; Two Independent 18x18 ; DSP_X33_Y59_N0  ; Mixed               ; no                     ; no                     ; --                     ; --                     ; --                     ; --                     ; no              ; no                             ; no                  ; no                            ; no                           ; no                           ;
; Mult142~8 ; Two Independent 18x18 ; DSP_X49_Y43_N0  ; Mixed               ; no                     ; no                     ; --                     ; --                     ; --                     ; --                     ; no              ; no                             ; no                  ; no                            ; no                           ; no                           ;
; Mult141~8 ; Two Independent 18x18 ; DSP_X49_Y31_N0  ; Mixed               ; no                     ; no                     ; --                     ; --                     ; --                     ; --                     ; no              ; no                             ; no                  ; no                            ; no                           ; no                           ;
; Mult136~8 ; Two Independent 18x18 ; DSP_X33_Y43_N0  ; Mixed               ; no                     ; no                     ; --                     ; --                     ; --                     ; --                     ; no              ; no                             ; no                  ; no                            ; no                           ; no                           ;
; Mult62~8  ; Two Independent 18x18 ; DSP_X33_Y33_N0  ; Mixed               ; no                     ; no                     ; --                     ; --                     ; --                     ; --                     ; no              ; no                             ; no                  ; no                            ; no                           ; no                           ;
; Mult61~8  ; Two Independent 18x18 ; DSP_X33_Y27_N0  ; Mixed               ; no                     ; no                     ; --                     ; --                     ; --                     ; --                     ; no              ; no                             ; no                  ; no                            ; no                           ; no                           ;
; Mult58~8  ; Two Independent 18x18 ; DSP_X33_Y35_N0  ; Mixed               ; no                     ; no                     ; --                     ; --                     ; --                     ; --                     ; no              ; no                             ; no                  ; no                            ; no                           ; no                           ;
; Mult166~8 ; Two Independent 18x18 ; DSP_X49_Y39_N0  ; Mixed               ; no                     ; no                     ; --                     ; --                     ; --                     ; --                     ; no              ; no                             ; no                  ; no                            ; no                           ; no                           ;
; Mult164~8 ; Two Independent 18x18 ; DSP_X49_Y45_N0  ; Mixed               ; no                     ; no                     ; --                     ; --                     ; --                     ; --                     ; no              ; no                             ; no                  ; no                            ; no                           ; no                           ;
; Mult161~8 ; Two Independent 18x18 ; DSP_X49_Y47_N0  ; Mixed               ; no                     ; no                     ; --                     ; --                     ; --                     ; --                     ; no              ; no                             ; no                  ; no                            ; no                           ; no                           ;
; Mult160~8 ; Two Independent 18x18 ; DSP_X33_Y53_N0  ; Mixed               ; no                     ; no                     ; --                     ; --                     ; --                     ; --                     ; no              ; no                             ; no                  ; no                            ; no                           ; no                           ;
; Mult155~8 ; Two Independent 18x18 ; DSP_X33_Y65_N0  ; Mixed               ; no                     ; no                     ; --                     ; --                     ; --                     ; --                     ; no              ; no                             ; no                  ; no                            ; no                           ; no                           ;
; Mult153~8 ; Two Independent 18x18 ; DSP_X33_Y57_N0  ; Mixed               ; no                     ; no                     ; --                     ; --                     ; --                     ; --                     ; no              ; no                             ; no                  ; no                            ; no                           ; no                           ;
; Mult151~8 ; Two Independent 18x18 ; DSP_X33_Y55_N0  ; Mixed               ; no                     ; no                     ; --                     ; --                     ; --                     ; --                     ; no              ; no                             ; no                  ; no                            ; no                           ; no                           ;
; Mult149~8 ; Two Independent 18x18 ; DSP_X20_Y37_N0  ; Mixed               ; no                     ; no                     ; --                     ; --                     ; --                     ; --                     ; no              ; no                             ; no                  ; no                            ; no                           ; no                           ;
; Mult145~8 ; Two Independent 18x18 ; DSP_X20_Y35_N0  ; Mixed               ; no                     ; no                     ; --                     ; --                     ; --                     ; --                     ; no              ; no                             ; no                  ; no                            ; no                           ; no                           ;
; Mult59~8  ; Two Independent 18x18 ; DSP_X20_Y33_N0  ; Mixed               ; no                     ; no                     ; --                     ; --                     ; --                     ; --                     ; no              ; no                             ; no                  ; no                            ; no                           ; no                           ;
; Mult55~8  ; Two Independent 18x18 ; DSP_X33_Y49_N0  ; Mixed               ; no                     ; no                     ; --                     ; --                     ; --                     ; --                     ; no              ; no                             ; no                  ; no                            ; no                           ; no                           ;
; Mult53~8  ; Two Independent 18x18 ; DSP_X33_Y47_N0  ; Mixed               ; no                     ; no                     ; --                     ; --                     ; --                     ; --                     ; no              ; no                             ; no                  ; no                            ; no                           ; no                           ;
+-----------+-----------------------+-----------------+---------------------+------------------------+------------------------+------------------------+------------------------+------------------------+------------------------+-----------------+--------------------------------+---------------------+-------------------------------+------------------------------+------------------------------+


+----------------------------------------------------------+
; Routing Usage Summary                                    ;
+------------------------------+---------------------------+
; Routing Resource Type        ; Usage                     ;
+------------------------------+---------------------------+
; Block interconnects          ; 17,580 / 721,028 ( 2 % )  ;
; C12 interconnects            ; 4,420 / 30,780 ( 14 % )   ;
; C2 interconnects             ; 10,743 / 303,248 ( 4 % )  ;
; C4 interconnects             ; 6,607 / 140,620 ( 5 % )   ;
; DQS bus muxes                ; 0 / 35 ( 0 % )            ;
; DQS-18 I/O buses             ; 0 / 35 ( 0 % )            ;
; DQS-9 I/O buses              ; 0 / 35 ( 0 % )            ;
; Direct links                 ; 1,246 / 721,028 ( < 1 % ) ;
; Global clocks                ; 2 / 16 ( 13 % )           ;
; Horizontal periphery clocks  ; 0 / 96 ( 0 % )            ;
; Local interconnects          ; 4,750 / 227,120 ( 2 % )   ;
; Quadrant clocks              ; 0 / 88 ( 0 % )            ;
; R14 interconnects            ; 4,172 / 30,168 ( 14 % )   ;
; R14/C12 interconnect drivers ; 8,555 / 53,952 ( 16 % )   ;
; R3 interconnects             ; 12,461 / 331,920 ( 4 % )  ;
; R6 interconnects             ; 13,410 / 622,512 ( 2 % )  ;
; Spine clocks                 ; 28 / 480 ( 6 % )          ;
; Wire stub REs                ; 0 / 40,996 ( 0 % )        ;
+------------------------------+---------------------------+


+------------------------------------------+
; I/O Rules Summary                        ;
+----------------------------------+-------+
; I/O Rules Statistic              ; Total ;
+----------------------------------+-------+
; Total I/O Rules                  ; 28    ;
; Number of I/O Rules Passed       ; 6     ;
; Number of I/O Rules Failed       ; 0     ;
; Number of I/O Rules Unchecked    ; 0     ;
; Number of I/O Rules Inapplicable ; 22    ;
+----------------------------------+-------+


+-----------------------------------------------------------------------------------------------------------------------------------------------------------------------------------------------------------------------------------------------------------------------------------+
; I/O Rules Details                                                                                                                                                                                                                                                                 ;
+--------------+-----------+-----------------------------------+------------------------------------------------------------------------------------+----------+--------------------------------------------------------------------------+---------------------+-------------------+
; Status       ; ID        ; Category                          ; Rule Description                                                                   ; Severity ; Information                                                              ; Area                ; Extra Information ;
+--------------+-----------+-----------------------------------+------------------------------------------------------------------------------------+----------+--------------------------------------------------------------------------+---------------------+-------------------+
; Inapplicable ; IO_000001 ; Capacity Checks                   ; Number of pins in an I/O bank should not exceed the number of locations available. ; Critical ; No Location assignments found.                                           ; I/O                 ;                   ;
; Inapplicable ; IO_000002 ; Capacity Checks                   ; Number of clocks in an I/O bank should not exceed the number of clocks available.  ; Critical ; No Global Signal assignments found.                                      ; I/O                 ;                   ;
; Inapplicable ; IO_000003 ; Capacity Checks                   ; Number of pins in a Vrefgroup should not exceed the number of locations available. ; Critical ; No Location assignments found.                                           ; I/O                 ;                   ;
; Inapplicable ; IO_000004 ; Voltage Compatibility Checks      ; The I/O bank should support the requested VCCIO.                                   ; Critical ; No IOBANK_VCCIO assignments found.                                       ; I/O                 ;                   ;
; Inapplicable ; IO_000005 ; Voltage Compatibility Checks      ; The I/O bank should not have competing VREF values.                                ; Critical ; No VREF I/O Standard assignments found.                                  ; I/O                 ;                   ;
; Pass         ; IO_000006 ; Voltage Compatibility Checks      ; The I/O bank should not have competing VCCIO values.                               ; Critical ; 0 such failures found.                                                   ; I/O                 ;                   ;
; Inapplicable ; IO_000007 ; Valid Location Checks             ; Checks for unavailable locations.                                                  ; Critical ; No Location assignments found.                                           ; I/O                 ;                   ;
; Inapplicable ; IO_000008 ; Valid Location Checks             ; Checks for reserved locations.                                                     ; Critical ; No reserved LogicLock region found.                                      ; I/O                 ;                   ;
; Pass         ; IO_000009 ; I/O Properties Checks for One I/O ; The location should support the requested I/O standard.                            ; Critical ; 0 such failures found.                                                   ; I/O                 ;                   ;
; Pass         ; IO_000010 ; I/O Properties Checks for One I/O ; The location should support the requested I/O direction.                           ; Critical ; 0 such failures found.                                                   ; I/O                 ;                   ;
; Inapplicable ; IO_000011 ; I/O Properties Checks for One I/O ; The location should support the requested Current Strength.                        ; Critical ; No Current Strength assignments found.                                   ; I/O                 ;                   ;
; Pass         ; IO_000012 ; I/O Properties Checks for One I/O ; The location should support the requested On Chip Termination value.               ; Critical ; 0 such failures found.                                                   ; I/O                 ;                   ;
; Inapplicable ; IO_000013 ; I/O Properties Checks for One I/O ; The location should support the requested Bus Hold value.                          ; Critical ; No Enable Bus-Hold Circuitry assignments found.                          ; I/O                 ;                   ;
; Inapplicable ; IO_000014 ; I/O Properties Checks for One I/O ; The location should support the requested Weak Pull Up value.                      ; Critical ; No Weak Pull-Up Resistor assignments found.                              ; I/O                 ;                   ;
; Inapplicable ; IO_000015 ; I/O Properties Checks for One I/O ; The location should support the requested PCI Clamp Diode.                         ; Critical ; No Clamping Diode assignments found.                                     ; I/O                 ;                   ;
; Inapplicable ; IO_000018 ; I/O Properties Checks for One I/O ; The I/O standard should support the requested Current Strength.                    ; Critical ; No Current Strength assignments found.                                   ; I/O                 ;                   ;
; Pass         ; IO_000019 ; I/O Properties Checks for One I/O ; The I/O standard should support the requested On Chip Termination value.           ; Critical ; 0 such failures found.                                                   ; I/O                 ;                   ;
; Inapplicable ; IO_000020 ; I/O Properties Checks for One I/O ; The I/O standard should support the requested PCI Clamp Diode.                     ; Critical ; No Clamping Diode assignments found.                                     ; I/O                 ;                   ;
; Inapplicable ; IO_000021 ; I/O Properties Checks for One I/O ; The I/O standard should support the requested Weak Pull Up value.                  ; Critical ; No Weak Pull-Up Resistor assignments found.                              ; I/O                 ;                   ;
; Inapplicable ; IO_000022 ; I/O Properties Checks for One I/O ; The I/O standard should support the requested Bus Hold value.                      ; Critical ; No Enable Bus-Hold Circuitry assignments found.                          ; I/O                 ;                   ;
; Inapplicable ; IO_000023 ; I/O Properties Checks for One I/O ; The I/O standard should support the Open Drain value.                              ; Critical ; No open drain assignments found.                                         ; I/O                 ;                   ;
; Pass         ; IO_000024 ; I/O Properties Checks for One I/O ; The I/O direction should support the On Chip Termination value.                    ; Critical ; 0 such failures found.                                                   ; I/O                 ;                   ;
; Inapplicable ; IO_000026 ; I/O Properties Checks for One I/O ; On Chip Termination and Current Strength should not be used at the same time.      ; Critical ; No Current Strength assignments found.                                   ; I/O                 ;                   ;
; Inapplicable ; IO_000027 ; I/O Properties Checks for One I/O ; Weak Pull Up and Bus Hold should not be used at the same time.                     ; Critical ; No Enable Bus-Hold Circuitry or Weak Pull-Up Resistor assignments found. ; I/O                 ;                   ;
; Inapplicable ; IO_000045 ; I/O Properties Checks for One I/O ; The I/O standard should support the requested Slew Rate value.                     ; Critical ; No Slew Rate assignments found.                                          ; I/O                 ;                   ;
; Inapplicable ; IO_000046 ; I/O Properties Checks for One I/O ; The location should support the requested Slew Rate value.                         ; Critical ; No Slew Rate assignments found.                                          ; I/O                 ;                   ;
; Inapplicable ; IO_000047 ; I/O Properties Checks for One I/O ; On Chip Termination and Slew Rate should not be used at the same time.             ; Critical ; No Slew Rate assignments found.                                          ; I/O                 ;                   ;
; Inapplicable ; IO_000034 ; SI Related Distance Checks        ; Single-ended outputs should be 0 LAB row(s) away from a differential I/O.          ; High     ; No Differential I/O Standard assignments found.                          ; I/O                 ;                   ;
; ----         ; ----      ; Disclaimer                        ; OCT rules are checked but not reported.                                            ; None     ; ----                                                                     ; On Chip Termination ;                   ;
+--------------+-----------+-----------------------------------+------------------------------------------------------------------------------------+----------+--------------------------------------------------------------------------+---------------------+-------------------+


+-----------------------------------------------------------------------------------------------------------------------------------------------------------------------------------------------------------------------------------------------------------------------------------------------------------------------------------------------------------------------------------------------------------------------------------------------+
; I/O Rules Matrix                                                                                                                                                                                                                                                                                                                                                                                                                              ;
+--------------------+--------------+--------------+--------------+--------------+--------------+-----------+--------------+--------------+-----------+-----------+--------------+--------------+--------------+--------------+--------------+--------------+--------------+--------------+--------------+--------------+--------------+--------------+--------------+--------------+--------------+--------------+--------------+--------------+
; Pin/Rules          ; IO_000001    ; IO_000002    ; IO_000003    ; IO_000004    ; IO_000005    ; IO_000006 ; IO_000007    ; IO_000008    ; IO_000009 ; IO_000010 ; IO_000011    ; IO_000012    ; IO_000013    ; IO_000014    ; IO_000015    ; IO_000018    ; IO_000019    ; IO_000020    ; IO_000021    ; IO_000022    ; IO_000023    ; IO_000024    ; IO_000026    ; IO_000027    ; IO_000045    ; IO_000046    ; IO_000047    ; IO_000034    ;
+--------------------+--------------+--------------+--------------+--------------+--------------+-----------+--------------+--------------+-----------+-----------+--------------+--------------+--------------+--------------+--------------+--------------+--------------+--------------+--------------+--------------+--------------+--------------+--------------+--------------+--------------+--------------+--------------+--------------+
; Total Pass         ; 0            ; 0            ; 0            ; 0            ; 0            ; 36        ; 0            ; 0            ; 36        ; 36        ; 0            ; 17           ; 0            ; 0            ; 0            ; 0            ; 17           ; 0            ; 0            ; 0            ; 0            ; 17           ; 0            ; 0            ; 0            ; 0            ; 0            ; 0            ;
; Total Unchecked    ; 0            ; 0            ; 0            ; 0            ; 0            ; 0         ; 0            ; 0            ; 0         ; 0         ; 0            ; 0            ; 0            ; 0            ; 0            ; 0            ; 0            ; 0            ; 0            ; 0            ; 0            ; 0            ; 0            ; 0            ; 0            ; 0            ; 0            ; 0            ;
; Total Inapplicable ; 36           ; 36           ; 36           ; 36           ; 36           ; 0         ; 36           ; 36           ; 0         ; 0         ; 36           ; 19           ; 36           ; 36           ; 36           ; 36           ; 19           ; 36           ; 36           ; 36           ; 36           ; 19           ; 36           ; 36           ; 36           ; 36           ; 36           ; 36           ;
; Total Fail         ; 0            ; 0            ; 0            ; 0            ; 0            ; 0         ; 0            ; 0            ; 0         ; 0         ; 0            ; 0            ; 0            ; 0            ; 0            ; 0            ; 0            ; 0            ; 0            ; 0            ; 0            ; 0            ; 0            ; 0            ; 0            ; 0            ; 0            ; 0            ;
; sample_out_valid   ; Inapplicable ; Inapplicable ; Inapplicable ; Inapplicable ; Inapplicable ; Pass      ; Inapplicable ; Inapplicable ; Pass      ; Pass      ; Inapplicable ; Pass         ; Inapplicable ; Inapplicable ; Inapplicable ; Inapplicable ; Pass         ; Inapplicable ; Inapplicable ; Inapplicable ; Inapplicable ; Pass         ; Inapplicable ; Inapplicable ; Inapplicable ; Inapplicable ; Inapplicable ; Inapplicable ;
; sample_out[0]      ; Inapplicable ; Inapplicable ; Inapplicable ; Inapplicable ; Inapplicable ; Pass      ; Inapplicable ; Inapplicable ; Pass      ; Pass      ; Inapplicable ; Pass         ; Inapplicable ; Inapplicable ; Inapplicable ; Inapplicable ; Pass         ; Inapplicable ; Inapplicable ; Inapplicable ; Inapplicable ; Pass         ; Inapplicable ; Inapplicable ; Inapplicable ; Inapplicable ; Inapplicable ; Inapplicable ;
; sample_out[1]      ; Inapplicable ; Inapplicable ; Inapplicable ; Inapplicable ; Inapplicable ; Pass      ; Inapplicable ; Inapplicable ; Pass      ; Pass      ; Inapplicable ; Pass         ; Inapplicable ; Inapplicable ; Inapplicable ; Inapplicable ; Pass         ; Inapplicable ; Inapplicable ; Inapplicable ; Inapplicable ; Pass         ; Inapplicable ; Inapplicable ; Inapplicable ; Inapplicable ; Inapplicable ; Inapplicable ;
; sample_out[2]      ; Inapplicable ; Inapplicable ; Inapplicable ; Inapplicable ; Inapplicable ; Pass      ; Inapplicable ; Inapplicable ; Pass      ; Pass      ; Inapplicable ; Pass         ; Inapplicable ; Inapplicable ; Inapplicable ; Inapplicable ; Pass         ; Inapplicable ; Inapplicable ; Inapplicable ; Inapplicable ; Pass         ; Inapplicable ; Inapplicable ; Inapplicable ; Inapplicable ; Inapplicable ; Inapplicable ;
; sample_out[3]      ; Inapplicable ; Inapplicable ; Inapplicable ; Inapplicable ; Inapplicable ; Pass      ; Inapplicable ; Inapplicable ; Pass      ; Pass      ; Inapplicable ; Pass         ; Inapplicable ; Inapplicable ; Inapplicable ; Inapplicable ; Pass         ; Inapplicable ; Inapplicable ; Inapplicable ; Inapplicable ; Pass         ; Inapplicable ; Inapplicable ; Inapplicable ; Inapplicable ; Inapplicable ; Inapplicable ;
; sample_out[4]      ; Inapplicable ; Inapplicable ; Inapplicable ; Inapplicable ; Inapplicable ; Pass      ; Inapplicable ; Inapplicable ; Pass      ; Pass      ; Inapplicable ; Pass         ; Inapplicable ; Inapplicable ; Inapplicable ; Inapplicable ; Pass         ; Inapplicable ; Inapplicable ; Inapplicable ; Inapplicable ; Pass         ; Inapplicable ; Inapplicable ; Inapplicable ; Inapplicable ; Inapplicable ; Inapplicable ;
; sample_out[5]      ; Inapplicable ; Inapplicable ; Inapplicable ; Inapplicable ; Inapplicable ; Pass      ; Inapplicable ; Inapplicable ; Pass      ; Pass      ; Inapplicable ; Pass         ; Inapplicable ; Inapplicable ; Inapplicable ; Inapplicable ; Pass         ; Inapplicable ; Inapplicable ; Inapplicable ; Inapplicable ; Pass         ; Inapplicable ; Inapplicable ; Inapplicable ; Inapplicable ; Inapplicable ; Inapplicable ;
; sample_out[6]      ; Inapplicable ; Inapplicable ; Inapplicable ; Inapplicable ; Inapplicable ; Pass      ; Inapplicable ; Inapplicable ; Pass      ; Pass      ; Inapplicable ; Pass         ; Inapplicable ; Inapplicable ; Inapplicable ; Inapplicable ; Pass         ; Inapplicable ; Inapplicable ; Inapplicable ; Inapplicable ; Pass         ; Inapplicable ; Inapplicable ; Inapplicable ; Inapplicable ; Inapplicable ; Inapplicable ;
; sample_out[7]      ; Inapplicable ; Inapplicable ; Inapplicable ; Inapplicable ; Inapplicable ; Pass      ; Inapplicable ; Inapplicable ; Pass      ; Pass      ; Inapplicable ; Pass         ; Inapplicable ; Inapplicable ; Inapplicable ; Inapplicable ; Pass         ; Inapplicable ; Inapplicable ; Inapplicable ; Inapplicable ; Pass         ; Inapplicable ; Inapplicable ; Inapplicable ; Inapplicable ; Inapplicable ; Inapplicable ;
; sample_out[8]      ; Inapplicable ; Inapplicable ; Inapplicable ; Inapplicable ; Inapplicable ; Pass      ; Inapplicable ; Inapplicable ; Pass      ; Pass      ; Inapplicable ; Pass         ; Inapplicable ; Inapplicable ; Inapplicable ; Inapplicable ; Pass         ; Inapplicable ; Inapplicable ; Inapplicable ; Inapplicable ; Pass         ; Inapplicable ; Inapplicable ; Inapplicable ; Inapplicable ; Inapplicable ; Inapplicable ;
; sample_out[9]      ; Inapplicable ; Inapplicable ; Inapplicable ; Inapplicable ; Inapplicable ; Pass      ; Inapplicable ; Inapplicable ; Pass      ; Pass      ; Inapplicable ; Pass         ; Inapplicable ; Inapplicable ; Inapplicable ; Inapplicable ; Pass         ; Inapplicable ; Inapplicable ; Inapplicable ; Inapplicable ; Pass         ; Inapplicable ; Inapplicable ; Inapplicable ; Inapplicable ; Inapplicable ; Inapplicable ;
; sample_out[10]     ; Inapplicable ; Inapplicable ; Inapplicable ; Inapplicable ; Inapplicable ; Pass      ; Inapplicable ; Inapplicable ; Pass      ; Pass      ; Inapplicable ; Pass         ; Inapplicable ; Inapplicable ; Inapplicable ; Inapplicable ; Pass         ; Inapplicable ; Inapplicable ; Inapplicable ; Inapplicable ; Pass         ; Inapplicable ; Inapplicable ; Inapplicable ; Inapplicable ; Inapplicable ; Inapplicable ;
; sample_out[11]     ; Inapplicable ; Inapplicable ; Inapplicable ; Inapplicable ; Inapplicable ; Pass      ; Inapplicable ; Inapplicable ; Pass      ; Pass      ; Inapplicable ; Pass         ; Inapplicable ; Inapplicable ; Inapplicable ; Inapplicable ; Pass         ; Inapplicable ; Inapplicable ; Inapplicable ; Inapplicable ; Pass         ; Inapplicable ; Inapplicable ; Inapplicable ; Inapplicable ; Inapplicable ; Inapplicable ;
; sample_out[12]     ; Inapplicable ; Inapplicable ; Inapplicable ; Inapplicable ; Inapplicable ; Pass      ; Inapplicable ; Inapplicable ; Pass      ; Pass      ; Inapplicable ; Pass         ; Inapplicable ; Inapplicable ; Inapplicable ; Inapplicable ; Pass         ; Inapplicable ; Inapplicable ; Inapplicable ; Inapplicable ; Pass         ; Inapplicable ; Inapplicable ; Inapplicable ; Inapplicable ; Inapplicable ; Inapplicable ;
; sample_out[13]     ; Inapplicable ; Inapplicable ; Inapplicable ; Inapplicable ; Inapplicable ; Pass      ; Inapplicable ; Inapplicable ; Pass      ; Pass      ; Inapplicable ; Pass         ; Inapplicable ; Inapplicable ; Inapplicable ; Inapplicable ; Pass         ; Inapplicable ; Inapplicable ; Inapplicable ; Inapplicable ; Pass         ; Inapplicable ; Inapplicable ; Inapplicable ; Inapplicable ; Inapplicable ; Inapplicable ;
; sample_out[14]     ; Inapplicable ; Inapplicable ; Inapplicable ; Inapplicable ; Inapplicable ; Pass      ; Inapplicable ; Inapplicable ; Pass      ; Pass      ; Inapplicable ; Pass         ; Inapplicable ; Inapplicable ; Inapplicable ; Inapplicable ; Pass         ; Inapplicable ; Inapplicable ; Inapplicable ; Inapplicable ; Pass         ; Inapplicable ; Inapplicable ; Inapplicable ; Inapplicable ; Inapplicable ; Inapplicable ;
; sample_out[15]     ; Inapplicable ; Inapplicable ; Inapplicable ; Inapplicable ; Inapplicable ; Pass      ; Inapplicable ; Inapplicable ; Pass      ; Pass      ; Inapplicable ; Pass         ; Inapplicable ; Inapplicable ; Inapplicable ; Inapplicable ; Pass         ; Inapplicable ; Inapplicable ; Inapplicable ; Inapplicable ; Pass         ; Inapplicable ; Inapplicable ; Inapplicable ; Inapplicable ; Inapplicable ; Inapplicable ;
; sample_valid       ; Inapplicable ; Inapplicable ; Inapplicable ; Inapplicable ; Inapplicable ; Pass      ; Inapplicable ; Inapplicable ; Pass      ; Pass      ; Inapplicable ; Inapplicable ; Inapplicable ; Inapplicable ; Inapplicable ; Inapplicable ; Inapplicable ; Inapplicable ; Inapplicable ; Inapplicable ; Inapplicable ; Inapplicable ; Inapplicable ; Inapplicable ; Inapplicable ; Inapplicable ; Inapplicable ; Inapplicable ;
; clk                ; Inapplicable ; Inapplicable ; Inapplicable ; Inapplicable ; Inapplicable ; Pass      ; Inapplicable ; Inapplicable ; Pass      ; Pass      ; Inapplicable ; Inapplicable ; Inapplicable ; Inapplicable ; Inapplicable ; Inapplicable ; Inapplicable ; Inapplicable ; Inapplicable ; Inapplicable ; Inapplicable ; Inapplicable ; Inapplicable ; Inapplicable ; Inapplicable ; Inapplicable ; Inapplicable ; Inapplicable ;
; rst_n              ; Inapplicable ; Inapplicable ; Inapplicable ; Inapplicable ; Inapplicable ; Pass      ; Inapplicable ; Inapplicable ; Pass      ; Pass      ; Inapplicable ; Inapplicable ; Inapplicable ; Inapplicable ; Inapplicable ; Inapplicable ; Inapplicable ; Inapplicable ; Inapplicable ; Inapplicable ; Inapplicable ; Inapplicable ; Inapplicable ; Inapplicable ; Inapplicable ; Inapplicable ; Inapplicable ; Inapplicable ;
; sample_in[15]      ; Inapplicable ; Inapplicable ; Inapplicable ; Inapplicable ; Inapplicable ; Pass      ; Inapplicable ; Inapplicable ; Pass      ; Pass      ; Inapplicable ; Inapplicable ; Inapplicable ; Inapplicable ; Inapplicable ; Inapplicable ; Inapplicable ; Inapplicable ; Inapplicable ; Inapplicable ; Inapplicable ; Inapplicable ; Inapplicable ; Inapplicable ; Inapplicable ; Inapplicable ; Inapplicable ; Inapplicable ;
; sample_in[14]      ; Inapplicable ; Inapplicable ; Inapplicable ; Inapplicable ; Inapplicable ; Pass      ; Inapplicable ; Inapplicable ; Pass      ; Pass      ; Inapplicable ; Inapplicable ; Inapplicable ; Inapplicable ; Inapplicable ; Inapplicable ; Inapplicable ; Inapplicable ; Inapplicable ; Inapplicable ; Inapplicable ; Inapplicable ; Inapplicable ; Inapplicable ; Inapplicable ; Inapplicable ; Inapplicable ; Inapplicable ;
; sample_in[0]       ; Inapplicable ; Inapplicable ; Inapplicable ; Inapplicable ; Inapplicable ; Pass      ; Inapplicable ; Inapplicable ; Pass      ; Pass      ; Inapplicable ; Inapplicable ; Inapplicable ; Inapplicable ; Inapplicable ; Inapplicable ; Inapplicable ; Inapplicable ; Inapplicable ; Inapplicable ; Inapplicable ; Inapplicable ; Inapplicable ; Inapplicable ; Inapplicable ; Inapplicable ; Inapplicable ; Inapplicable ;
; sample_in[1]       ; Inapplicable ; Inapplicable ; Inapplicable ; Inapplicable ; Inapplicable ; Pass      ; Inapplicable ; Inapplicable ; Pass      ; Pass      ; Inapplicable ; Inapplicable ; Inapplicable ; Inapplicable ; Inapplicable ; Inapplicable ; Inapplicable ; Inapplicable ; Inapplicable ; Inapplicable ; Inapplicable ; Inapplicable ; Inapplicable ; Inapplicable ; Inapplicable ; Inapplicable ; Inapplicable ; Inapplicable ;
; sample_in[2]       ; Inapplicable ; Inapplicable ; Inapplicable ; Inapplicable ; Inapplicable ; Pass      ; Inapplicable ; Inapplicable ; Pass      ; Pass      ; Inapplicable ; Inapplicable ; Inapplicable ; Inapplicable ; Inapplicable ; Inapplicable ; Inapplicable ; Inapplicable ; Inapplicable ; Inapplicable ; Inapplicable ; Inapplicable ; Inapplicable ; Inapplicable ; Inapplicable ; Inapplicable ; Inapplicable ; Inapplicable ;
; sample_in[3]       ; Inapplicable ; Inapplicable ; Inapplicable ; Inapplicable ; Inapplicable ; Pass      ; Inapplicable ; Inapplicable ; Pass      ; Pass      ; Inapplicable ; Inapplicable ; Inapplicable ; Inapplicable ; Inapplicable ; Inapplicable ; Inapplicable ; Inapplicable ; Inapplicable ; Inapplicable ; Inapplicable ; Inapplicable ; Inapplicable ; Inapplicable ; Inapplicable ; Inapplicable ; Inapplicable ; Inapplicable ;
; sample_in[4]       ; Inapplicable ; Inapplicable ; Inapplicable ; Inapplicable ; Inapplicable ; Pass      ; Inapplicable ; Inapplicable ; Pass      ; Pass      ; Inapplicable ; Inapplicable ; Inapplicable ; Inapplicable ; Inapplicable ; Inapplicable ; Inapplicable ; Inapplicable ; Inapplicable ; Inapplicable ; Inapplicable ; Inapplicable ; Inapplicable ; Inapplicable ; Inapplicable ; Inapplicable ; Inapplicable ; Inapplicable ;
; sample_in[5]       ; Inapplicable ; Inapplicable ; Inapplicable ; Inapplicable ; Inapplicable ; Pass      ; Inapplicable ; Inapplicable ; Pass      ; Pass      ; Inapplicable ; Inapplicable ; Inapplicable ; Inapplicable ; Inapplicable ; Inapplicable ; Inapplicable ; Inapplicable ; Inapplicable ; Inapplicable ; Inapplicable ; Inapplicable ; Inapplicable ; Inapplicable ; Inapplicable ; Inapplicable ; Inapplicable ; Inapplicable ;
; sample_in[6]       ; Inapplicable ; Inapplicable ; Inapplicable ; Inapplicable ; Inapplicable ; Pass      ; Inapplicable ; Inapplicable ; Pass      ; Pass      ; Inapplicable ; Inapplicable ; Inapplicable ; Inapplicable ; Inapplicable ; Inapplicable ; Inapplicable ; Inapplicable ; Inapplicable ; Inapplicable ; Inapplicable ; Inapplicable ; Inapplicable ; Inapplicable ; Inapplicable ; Inapplicable ; Inapplicable ; Inapplicable ;
; sample_in[7]       ; Inapplicable ; Inapplicable ; Inapplicable ; Inapplicable ; Inapplicable ; Pass      ; Inapplicable ; Inapplicable ; Pass      ; Pass      ; Inapplicable ; Inapplicable ; Inapplicable ; Inapplicable ; Inapplicable ; Inapplicable ; Inapplicable ; Inapplicable ; Inapplicable ; Inapplicable ; Inapplicable ; Inapplicable ; Inapplicable ; Inapplicable ; Inapplicable ; Inapplicable ; Inapplicable ; Inapplicable ;
; sample_in[8]       ; Inapplicable ; Inapplicable ; Inapplicable ; Inapplicable ; Inapplicable ; Pass      ; Inapplicable ; Inapplicable ; Pass      ; Pass      ; Inapplicable ; Inapplicable ; Inapplicable ; Inapplicable ; Inapplicable ; Inapplicable ; Inapplicable ; Inapplicable ; Inapplicable ; Inapplicable ; Inapplicable ; Inapplicable ; Inapplicable ; Inapplicable ; Inapplicable ; Inapplicable ; Inapplicable ; Inapplicable ;
; sample_in[9]       ; Inapplicable ; Inapplicable ; Inapplicable ; Inapplicable ; Inapplicable ; Pass      ; Inapplicable ; Inapplicable ; Pass      ; Pass      ; Inapplicable ; Inapplicable ; Inapplicable ; Inapplicable ; Inapplicable ; Inapplicable ; Inapplicable ; Inapplicable ; Inapplicable ; Inapplicable ; Inapplicable ; Inapplicable ; Inapplicable ; Inapplicable ; Inapplicable ; Inapplicable ; Inapplicable ; Inapplicable ;
; sample_in[10]      ; Inapplicable ; Inapplicable ; Inapplicable ; Inapplicable ; Inapplicable ; Pass      ; Inapplicable ; Inapplicable ; Pass      ; Pass      ; Inapplicable ; Inapplicable ; Inapplicable ; Inapplicable ; Inapplicable ; Inapplicable ; Inapplicable ; Inapplicable ; Inapplicable ; Inapplicable ; Inapplicable ; Inapplicable ; Inapplicable ; Inapplicable ; Inapplicable ; Inapplicable ; Inapplicable ; Inapplicable ;
; sample_in[11]      ; Inapplicable ; Inapplicable ; Inapplicable ; Inapplicable ; Inapplicable ; Pass      ; Inapplicable ; Inapplicable ; Pass      ; Pass      ; Inapplicable ; Inapplicable ; Inapplicable ; Inapplicable ; Inapplicable ; Inapplicable ; Inapplicable ; Inapplicable ; Inapplicable ; Inapplicable ; Inapplicable ; Inapplicable ; Inapplicable ; Inapplicable ; Inapplicable ; Inapplicable ; Inapplicable ; Inapplicable ;
; sample_in[12]      ; Inapplicable ; Inapplicable ; Inapplicable ; Inapplicable ; Inapplicable ; Pass      ; Inapplicable ; Inapplicable ; Pass      ; Pass      ; Inapplicable ; Inapplicable ; Inapplicable ; Inapplicable ; Inapplicable ; Inapplicable ; Inapplicable ; Inapplicable ; Inapplicable ; Inapplicable ; Inapplicable ; Inapplicable ; Inapplicable ; Inapplicable ; Inapplicable ; Inapplicable ; Inapplicable ; Inapplicable ;
; sample_in[13]      ; Inapplicable ; Inapplicable ; Inapplicable ; Inapplicable ; Inapplicable ; Pass      ; Inapplicable ; Inapplicable ; Pass      ; Pass      ; Inapplicable ; Inapplicable ; Inapplicable ; Inapplicable ; Inapplicable ; Inapplicable ; Inapplicable ; Inapplicable ; Inapplicable ; Inapplicable ; Inapplicable ; Inapplicable ; Inapplicable ; Inapplicable ; Inapplicable ; Inapplicable ; Inapplicable ; Inapplicable ;
+--------------------+--------------+--------------+--------------+--------------+--------------+-----------+--------------+--------------+-----------+-----------+--------------+--------------+--------------+--------------+--------------+--------------+--------------+--------------+--------------+--------------+--------------+--------------+--------------+--------------+--------------+--------------+--------------+--------------+


+------------------------------------------------------------------------------------------------+
; Fitter Device Options                                                                          ;
+------------------------------------------------------------------+-----------------------------+
; Option                                                           ; Setting                     ;
+------------------------------------------------------------------+-----------------------------+
; Enable user-supplied start-up clock (CLKUSR)                     ; Off                         ;
; Enable device-wide reset (DEV_CLRn)                              ; Off                         ;
; Enable device-wide output enable (DEV_OE)                        ; Off                         ;
; Enable INIT_DONE output                                          ; Off                         ;
; Configuration scheme                                             ; Passive Serial              ;
; Enable Error Detection CRC_ERROR pin                             ; Off                         ;
; Enable CvP_CONFDONE pin                                          ; Off                         ;
; Enable open drain on CRC_ERROR pin                               ; On                          ;
; Enable open drain on CvP_CONFDONE pin                            ; On                          ;
; Enable open drain on INIT_DONE pin                               ; On                          ;
; Enable open drain on Partial Reconfiguration pins                ; Off                         ;
; Enable open drain on nCEO pin                                    ; On                          ;
; Enable Partial Reconfiguration pins                              ; Off                         ;
; Enable input tri-state on active configuration pins in user mode ; Off                         ;
; Enable internal scrubbing                                        ; Off                         ;
; Active Serial clock source                                       ; 100 MHz Internal Oscillator ;
; Device initialization clock source                               ; Internal Oscillator         ;
; Configuration via Protocol                                       ; Off                         ;
; Configuration Voltage Level                                      ; Auto                        ;
; Force Configuration Voltage Level                                ; Off                         ;
; Enable nCEO output                                               ; Off                         ;
; Data[15..8]                                                      ; Unreserved                  ;
; Data[7..5]                                                       ; Unreserved                  ;
; Base pin-out file on sameframe device                            ; Off                         ;
+------------------------------------------------------------------+-----------------------------+


+------------------------------------+
; Operating Settings and Conditions  ;
+---------------------------+--------+
; Setting                   ; Value  ;
+---------------------------+--------+
; Nominal Core Voltage      ; 1.10 V ;
; Low Junction Temperature  ; 0 °C   ;
; High Junction Temperature ; 85 °C  ;
+---------------------------+--------+


+------------------------------------------------------------+
; Estimated Delay Added for Hold Timing Summary              ;
+-----------------+----------------------+-------------------+
; Source Clock(s) ; Destination Clock(s) ; Delay Added in ns ;
+-----------------+----------------------+-------------------+
; clk,I/O         ; clk                  ; 49.4              ;
; clk             ; clk                  ; 30.6              ;
+-----------------+----------------------+-------------------+
Note: For more information on problematic transfers, consider running the Fitter again with the Optimize hold timing option (Settings Menu) turned off.
This will disable optimization of problematic paths and expose them for further analysis using the Timing Analyzer.


+----------------------------------------------------------------+
; Estimated Delay Added for Hold Timing Details                  ;
+---------------------+----------------------+-------------------+
; Source Register     ; Destination Register ; Delay Added in ns ;
+---------------------+----------------------+-------------------+
; delay_line[115][13] ; sample_out[15]~reg0  ; 0.355             ;
; delay_line[178][2]  ; sample_out[15]~reg0  ; 0.337             ;
; delay_line[130][7]  ; sample_out[15]~reg0  ; 0.336             ;
; delay_line[104][9]  ; sample_out[15]~reg0  ; 0.335             ;
; delay_line[96][3]   ; sample_out[15]~reg0  ; 0.334             ;
; delay_line[57][9]   ; sample_out[15]~reg0  ; 0.304             ;
; delay_line[175][7]  ; sample_out[15]~reg0  ; 0.300             ;
; delay_line[106][9]  ; sample_out[15]~reg0  ; 0.299             ;
; delay_line[153][7]  ; sample_out[15]~reg0  ; 0.295             ;
; delay_line[153][11] ; sample_out[15]~reg0  ; 0.295             ;
; delay_line[123][12] ; sample_out[15]~reg0  ; 0.293             ;
; delay_line[41][4]   ; sample_out[15]~reg0  ; 0.291             ;
; delay_line[198][1]  ; sample_out[15]~reg0  ; 0.290             ;
; delay_line[200][6]  ; sample_out[15]~reg0  ; 0.290             ;
; delay_line[93][5]   ; sample_out[15]~reg0  ; 0.290             ;
; delay_line[62][14]  ; sample_out[15]~reg0  ; 0.290             ;
; delay_line[40][1]   ; sample_out[15]~reg0  ; 0.290             ;
; delay_line[42][8]   ; sample_out[15]~reg0  ; 0.289             ;
; delay_line[131][4]  ; sample_out[15]~reg0  ; 0.288             ;
; delay_line[71][12]  ; sample_out[15]~reg0  ; 0.288             ;
; delay_line[98][6]   ; sample_out[15]~reg0  ; 0.287             ;
; delay_line[24][13]  ; sample_out[15]~reg0  ; 0.287             ;
; delay_line[158][3]  ; sample_out[15]~reg0  ; 0.287             ;
; delay_line[40][3]   ; sample_out[15]~reg0  ; 0.285             ;
; delay_line[118][2]  ; sample_out[15]~reg0  ; 0.285             ;
; delay_line[118][4]  ; sample_out[15]~reg0  ; 0.285             ;
; delay_line[118][10] ; sample_out[15]~reg0  ; 0.285             ;
; delay_line[118][7]  ; sample_out[15]~reg0  ; 0.284             ;
; delay_line[44][10]  ; sample_out[15]~reg0  ; 0.284             ;
; delay_line[92][14]  ; sample_out[15]~reg0  ; 0.283             ;
; delay_line[162][3]  ; sample_out[15]~reg0  ; 0.283             ;
; delay_line[79][1]   ; sample_out[15]~reg0  ; 0.283             ;
; delay_line[106][12] ; sample_out[15]~reg0  ; 0.282             ;
; delay_line[148][10] ; sample_out[15]~reg0  ; 0.282             ;
; delay_line[144][12] ; sample_out[15]~reg0  ; 0.282             ;
; delay_line[154][1]  ; sample_out[15]~reg0  ; 0.281             ;
; delay_line[120][5]  ; sample_out[15]~reg0  ; 0.281             ;
; delay_line[104][12] ; sample_out[15]~reg0  ; 0.281             ;
; delay_line[64][13]  ; sample_out[15]~reg0  ; 0.281             ;
; delay_line[199][1]  ; sample_out[15]~reg0  ; 0.280             ;
; delay_line[154][7]  ; sample_out[15]~reg0  ; 0.280             ;
; delay_line[147][11] ; sample_out[15]~reg0  ; 0.280             ;
; delay_line[154][0]  ; sample_out[15]~reg0  ; 0.279             ;
; delay_line[154][8]  ; sample_out[15]~reg0  ; 0.279             ;
; delay_line[97][5]   ; sample_out[15]~reg0  ; 0.279             ;
; delay_line[100][9]  ; sample_out[15]~reg0  ; 0.279             ;
; delay_line[148][11] ; sample_out[15]~reg0  ; 0.279             ;
; delay_line[100][11] ; sample_out[15]~reg0  ; 0.279             ;
; delay_line[100][12] ; sample_out[15]~reg0  ; 0.279             ;
; delay_line[100][2]  ; sample_out[15]~reg0  ; 0.278             ;
; delay_line[42][7]   ; sample_out[15]~reg0  ; 0.278             ;
; delay_line[43][4]   ; sample_out[15]~reg0  ; 0.277             ;
; delay_line[43][10]  ; sample_out[15]~reg0  ; 0.277             ;
; delay_line[197][1]  ; sample_out[15]~reg0  ; 0.276             ;
; delay_line[200][2]  ; sample_out[15]~reg0  ; 0.276             ;
; delay_line[41][13]  ; sample_out[15]~reg0  ; 0.276             ;
; delay_line[41][14]  ; sample_out[15]~reg0  ; 0.276             ;
; delay_line[198][6]  ; sample_out[15]~reg0  ; 0.275             ;
; delay_line[154][10] ; sample_out[15]~reg0  ; 0.275             ;
; delay_line[150][14] ; sample_out[15]~reg0  ; 0.275             ;
; delay_line[93][12]  ; sample_out[15]~reg0  ; 0.275             ;
; delay_line[63][14]  ; sample_out[15]~reg0  ; 0.275             ;
; delay_line[146][14] ; sample_out[15]~reg0  ; 0.275             ;
; delay_line[62][12]  ; sample_out[15]~reg0  ; 0.275             ;
; delay_line[62][13]  ; sample_out[15]~reg0  ; 0.275             ;
; delay_line[57][14]  ; sample_out[15]~reg0  ; 0.275             ;
; delay_line[7][1]    ; sample_out[15]~reg0  ; 0.275             ;
; delay_line[41][1]   ; sample_out[15]~reg0  ; 0.275             ;
; delay_line[43][8]   ; sample_out[15]~reg0  ; 0.275             ;
; delay_line[166][6]  ; sample_out[15]~reg0  ; 0.274             ;
; delay_line[149][1]  ; sample_out[15]~reg0  ; 0.274             ;
; delay_line[150][6]  ; sample_out[15]~reg0  ; 0.274             ;
; delay_line[150][8]  ; sample_out[15]~reg0  ; 0.274             ;
; delay_line[131][3]  ; sample_out[15]~reg0  ; 0.274             ;
; delay_line[79][13]  ; sample_out[15]~reg0  ; 0.274             ;
; delay_line[40][12]  ; sample_out[15]~reg0  ; 0.274             ;
; delay_line[168][2]  ; sample_out[15]~reg0  ; 0.273             ;
; delay_line[149][0]  ; sample_out[15]~reg0  ; 0.273             ;
; delay_line[149][7]  ; sample_out[15]~reg0  ; 0.273             ;
; delay_line[149][11] ; sample_out[15]~reg0  ; 0.273             ;
; delay_line[150][11] ; sample_out[15]~reg0  ; 0.273             ;
; delay_line[131][2]  ; sample_out[15]~reg0  ; 0.273             ;
; delay_line[106][4]  ; sample_out[15]~reg0  ; 0.273             ;
; delay_line[106][7]  ; sample_out[15]~reg0  ; 0.273             ;
; delay_line[201][13] ; sample_out[15]~reg0  ; 0.272             ;
; delay_line[86][6]   ; sample_out[15]~reg0  ; 0.271             ;
; delay_line[99][11]  ; sample_out[15]~reg0  ; 0.271             ;
; delay_line[134][0]  ; sample_out[15]~reg0  ; 0.270             ;
; delay_line[118][6]  ; sample_out[15]~reg0  ; 0.270             ;
; delay_line[118][13] ; sample_out[15]~reg0  ; 0.270             ;
; delay_line[118][12] ; sample_out[15]~reg0  ; 0.269             ;
; delay_line[64][12]  ; sample_out[15]~reg0  ; 0.267             ;
; delay_line[169][3]  ; sample_out[15]~reg0  ; 0.266             ;
; delay_line[151][11] ; sample_out[15]~reg0  ; 0.266             ;
; delay_line[120][0]  ; sample_out[15]~reg0  ; 0.266             ;
; delay_line[105][9]  ; sample_out[15]~reg0  ; 0.266             ;
; delay_line[17][3]   ; sample_out[15]~reg0  ; 0.266             ;
; delay_line[202][3]  ; sample_out[15]~reg0  ; 0.266             ;
; delay_line[199][6]  ; sample_out[15]~reg0  ; 0.266             ;
; delay_line[105][12] ; sample_out[15]~reg0  ; 0.265             ;
+---------------------+----------------------+-------------------+
Note: This table only shows the top 100 path(s) that have the largest delay added for hold.


+-----------------+
; Fitter Messages ;
+-----------------+
Info (20032): Parallel compilation is enabled and will use up to 4 processors
Info (119006): Selected device 5CGXFC9E6F35C7 for design "fir_filter"
Info (21076): High junction temperature operating condition is not set. Assuming a default value of '85'.
Info (21076): Low junction temperature operating condition is not set. Assuming a default value of '0'.
Info (171003): Fitter is performing an Auto Fit compilation, which may decrease Fitter effort to reduce compilation time
Warning (292013): Feature LogicLock is only available with a valid subscription license. You can purchase a software subscription to gain full access to this feature.
Warning (15714): Some pins have incomplete I/O assignments. Refer to the I/O Assignment Warnings report for details
Critical Warning (169085): No exact pin location assignment(s) for 36 pins of 36 total pins. For the list of pins please refer to the I/O Assignment Warnings table in the fitter report.
Info (184020): Starting Fitter periphery placement operations
Info (11191): Automatically promoted 2 clocks (2 global)
    Info (11162): clk~inputCLKENA0 with 3393 fanout uses global clock CLKCTRL_G6
    Info (11162): rst_n~inputCLKENA0 with 3393 fanout uses global clock CLKCTRL_G9
Info (184021): Fitter periphery placement operations ending: elapsed time is 00:00:01
Info (176233): Starting register packing
Info (332104): Reading SDC File: 'vendor/quartus/fir_filter.sdc'
Info (332143): No user constrained clock uncertainty found in the design. Calling "derive_clock_uncertainty"
Info (332123): Deriving Clock Uncertainty. Please refer to report_sdc in the Timing Analyzer to see clock uncertainties.
Info (332129): Detected timing requirements -- optimizing circuit to achieve only the specified requirements
Info (332111): Found 1 clocks
    Info (332111):   Period   Clock Name
    Info (332111): ======== ============
    Info (332111):   10.000          clk
Info (176235): Finished register packing
    Extra Info (176219): No registers were packed into other blocks
Info (11798): Fitter preparation operations ending: elapsed time is 00:00:34
Info (170189): Fitter placement preparation operations beginning
Info (14951): The Fitter is using Advanced Physical Optimization.
Info (170190): Fitter placement preparation operations ending: elapsed time is 00:01:18
Info (170191): Fitter placement operations beginning
Info (170137): Fitter placement was successful
Info (170192): Fitter placement operations ending: elapsed time is 00:01:13
Info (170193): Fitter routing operations beginning
Info (170195): Router estimated average interconnect usage is 3% of the available device resources
    Info (170196): Router estimated peak interconnect usage is 21% of the available device resources in the region that extends from location X61_Y69 to location X72_Y80
Info (170199): The Fitter performed an Auto Fit compilation.  Optimizations were skipped to reduce compilation time.
    Info (170201): Optimizations that may affect the design's routability were skipped
Info (170194): Fitter routing operations ending: elapsed time is 00:01:55
Info (11888): Total time spent on timing analysis during the Fitter is 34.10 seconds.
Info (334003): Started post-fitting delay annotation
Info (334004): Delay annotation completed successfully
Info (334003): Started post-fitting delay annotation
Info (334004): Delay annotation completed successfully
Info (11801): Fitter post-fit operations ending: elapsed time is 00:00:58
Info (144001): Generated suppressed messages file C:/Mac/Home/Desktop/avlsi-fir-filter-design/fir-filter-hardware-optimized/output_files/fir_filter.fit.smsg
Info: Quartus Prime Fitter was successful. 0 errors, 3 warnings
    Info: Peak virtual memory: 15867 megabytes
    Info: Processing ended: Tue Mar 24 22:11:52 2026
    Info: Elapsed time: 00:08:55
    Info: Total CPU time (on all processors): 00:16:34


+----------------------------+
; Fitter Suppressed Messages ;
+----------------------------+
The suppressed messages can be found in C:/Mac/Home/Desktop/avlsi-fir-filter-design/fir-filter-hardware-optimized/output_files/fir_filter.fit.smsg.


