taps,stopband_weight,coeff_fraction_bits,total_bits,float_pb_ripple_db,float_sb_peak_db,float_ok,quant_pb_ripple_db,quant_sb_peak_db,quant_ok,cost
100,1,15,16,0.401644,-32.695365,0,0.403424,-32.693085,0,1600
100,1,17,18,0.401644,-32.695365,0,0.401800,-32.704899,0,1800
100,1,19,20,0.401644,-32.695365,0,0.401639,-32.693039,0,2000
100,1,21,22,0.401644,-32.695365,0,0.401630,-32.694358,0,2200
100,1,23,24,0.401644,-32.695365,0,0.401638,-32.695459,0,2400
100,1,25,26,0.401644,-32.695365,0,0.401645,-32.695368,0,2600
100,1,27,28,0.401644,-32.695365,0,0.401645,-32.695374,0,2800
100,1,31,32,0.401644,-32.695365,0,0.401644,-32.695365,0,3200
100,2,15,16,0.570654,-35.675076,0,0.571940,-35.589382,0,1600
100,2,17,18,0.570654,-35.675076,0,0.570609,-35.660403,0,1800
100,2,19,20,0.570654,-35.675076,0,0.570681,-35.670515,0,2000
100,2,21,22,0.570654,-35.675076,0,0.570637,-35.675401,0,2200
100,2,23,24,0.570654,-35.675076,0,0.570652,-35.674980,0,2400
100,2,25,26,0.570654,-35.675076,0,0.570654,-35.675101,0,2600
100,2,27,28,0.570654,-35.675076,0,0.570654,-35.675064,0,2800
100,2,31,32,0.570654,-35.675076,0,0.570654,-35.675074,0,3200
100,5,15,16,0.929730,-39.366219,0,0.929319,-39.303142,0,1600
100,5,17,18,0.929730,-39.366219,0,0.930180,-39.345227,0,1800
100,5,19,20,0.929730,-39.366219,0,0.929699,-39.371848,0,2000
100,5,21,22,0.929730,-39.366219,0,0.929748,-39.364591,0,2200
100,5,23,24,0.929730,-39.366219,0,0.929727,-39.366187,0,2400
100,5,25,26,0.929730,-39.366219,0,0.929730,-39.366307,0,2600
100,5,27,28,0.929730,-39.366219,0,0.929730,-39.366218,0,2800
100,5,31,32,0.929730,-39.366219,0,0.929730,-39.366220,0,3200
100,10,15,16,1.247549,-42.843863,0,1.248187,-42.640135,0,1600
100,10,17,18,1.247549,-42.843863,0,1.247387,-42.830642,0,1800
100,10,19,20,1.247549,-42.843863,0,1.247481,-42.837540,0,2000
100,10,21,22,1.247549,-42.843863,0,1.247549,-42.842773,0,2200
100,10,23,24,1.247549,-42.843863,0,1.247558,-42.843499,0,2400
100,10,25,26,1.247549,-42.843863,0,1.247548,-42.843842,0,2600
100,10,27,28,1.247549,-42.843863,0,1.247549,-42.843837,0,2800
100,10,31,32,1.247549,-42.843863,0,1.247549,-42.843863,0,3200
100,20,15,16,1.585035,-46.812312,0,1.585847,-46.551364,0,1600
100,20,17,18,1.585035,-46.812312,0,1.584947,-46.732680,0,1800
100,20,19,20,1.585035,-46.812312,0,1.584928,-46.813805,0,2000
100,20,21,22,1.585035,-46.812312,0,1.585056,-46.806921,0,2200
100,20,23,24,1.585035,-46.812312,0,1.585033,-46.812539,0,2400
100,20,25,26,1.585035,-46.812312,0,1.585034,-46.812784,0,2600
100,20,27,28,1.585035,-46.812312,0,1.585035,-46.812280,0,2800
100,20,31,32,1.585035,-46.812312,0,1.585035,-46.812313,0,3200
100,40,15,16,2.231769,-49.771635,0,2.231600,-49.419793,0,1600
100,40,17,18,2.231769,-49.771635,0,2.231389,-49.792826,0,1800
100,40,19,20,2.231769,-49.771635,0,2.231776,-49.761737,0,2000
100,40,21,22,2.231769,-49.771635,0,2.231775,-49.776552,0,2200
100,40,23,24,2.231769,-49.771635,0,2.231770,-49.772523,0,2400
100,40,25,26,2.231769,-49.771635,0,2.231767,-49.771872,0,2600
100,40,27,28,2.231769,-49.771635,0,2.231769,-49.771695,0,2800
100,40,31,32,2.231769,-49.771635,0,2.231769,-49.771640,0,3200
100,80,15,16,3.013927,-53.248660,0,3.013393,-52.690106,0,1600
100,80,17,18,3.013927,-53.248660,0,3.013824,-53.220020,0,1800
100,80,19,20,3.013927,-53.248660,0,3.013918,-53.231173,0,2000
100,80,21,22,3.013927,-53.248660,0,3.013920,-53.248826,0,2200
100,80,23,24,3.013927,-53.248660,0,3.013925,-53.249668,0,2400
100,80,25,26,3.013927,-53.248660,0,3.013928,-53.248448,0,2600
100,80,27,28,3.013927,-53.248660,0,3.013928,-53.248554,0,2800
100,80,31,32,3.013927,-53.248660,0,3.013927,-53.248656,0,3200
100,160,15,16,3.807983,-57.372406,0,3.807788,-56.258475,0,1600
100,160,17,18,3.807983,-57.372406,0,3.807745,-57.064135,0,1800
100,160,19,20,3.807983,-57.372406,0,3.807899,-57.313167,0,2000
100,160,21,22,3.807983,-57.372406,0,3.807995,-57.369264,0,2200
100,160,23,24,3.807983,-57.372406,0,3.807978,-57.370513,0,2400
100,160,25,26,3.807983,-57.372406,0,3.807983,-57.373419,0,2600
100,160,27,28,3.807983,-57.372406,0,3.807983,-57.372272,0,2800
100,160,31,32,3.807983,-57.372406,0,3.807983,-57.372396,0,3200
101,1,15,16,0.401301,-32.741435,0,0.400883,-32.703760,0,1616
101,1,17,18,0.401301,-32.741435,0,0.401382,-32.740988,0,1818
101,1,19,20,0.401301,-32.741435,0,0.401376,-32.738782,0,2020
101,1,21,22,0.401301,-32.741435,0,0.401271,-32.741417,0,2222
101,1,23,24,0.401301,-32.741435,0,0.401301,-32.741551,0,2424
101,1,25,26,0.401301,-32.741435,0,0.401301,-32.741478,0,2626
101,1,27,28,0.401301,-32.741435,0,0.401301,-32.741439,0,2828
101,1,31,32,0.401301,-32.741435,0,0.401301,-32.741435,0,3232
101,2,15,16,0.539460,-36.155397,0,0.540955,-36.076613,0,1616
101,2,17,18,0.539460,-36.155397,0,0.539405,-36.147912,0,1818
101,2,19,20,0.539460,-36.155397,0,0.539468,-36.150836,0,2020
101,2,21,22,0.539460,-36.155397,0,0.539458,-36.155350,0,2222
101,2,23,24,0.539460,-36.155397,0,0.539466,-36.155337,0,2424
101,2,25,26,0.539460,-36.155397,0,0.539459,-36.155411,0,2626
101,2,27,28,0.539460,-36.155397,0,0.539460,-36.155388,0,2828
101,2,31,32,0.539460,-36.155397,0,0.539460,-36.155398,0,3232
101,5,15,16,0.898847,-39.665854,0,0.900190,-39.571827,0,1616
101,5,17,18,0.898847,-39.665854,0,0.898485,-39.650115,0,1818
101,5,19,20,0.898847,-39.665854,0,0.898794,-39.667020,0,2020
101,5,21,22,0.898847,-39.665854,0,0.898839,-39.665596,0,2222
101,5,23,24,0.898847,-39.665854,0,0.898848,-39.665769,0,2424
101,5,25,26,0.898847,-39.665854,0,0.898846,-39.665927,0,2626
101,5,27,28,0.898847,-39.665854,0,0.898847,-39.665852,0,2828
101,5,31,32,0.898847,-39.665854,0,0.898847,-39.665855,0,3232
101,10,15,16,1.233513,-42.965096,0,1.233084,-42.716657,0,1616
101,10,17,18,1.233513,-42.965096,0,1.233299,-42.959676,0,1818
101,10,19,20,1.233513,-42.965096,0,1.233569,-42.961241,0,2020
101,10,21,22,1.233513,-42.965096,0,1.233535,-42.966369,0,2222
101,10,23,24,1.233513,-42.965096,0,1.233507,-42.965300,0,2424
101,10,25,26,1.233513,-42.965096,0,1.233512,-42.965080,0,2626
101,10,27,28,1.233513,-42.965096,0,1.233513,-42.965064,0,2828
101,10,31,32,1.233513,-42.965096,0,1.233513,-42.965096,0,3232
101,20,15,16,1.589376,-46.788114,0,1.588295,-46.572609,0,1616
101,20,17,18,1.589376,-46.788114,0,1.588967,-46.781246,0,1818
101,20,19,20,1.589376,-46.788114,0,1.589319,-46.783077,0,2020
101,20,21,22,1.589376,-46.788114,0,1.589412,-46.788165,0,2222
101,20,23,24,1.589376,-46.788114,0,1.589378,-46.787834,0,2424
101,20,25,26,1.589376,-46.788114,0,1.589375,-46.788281,0,2626
101,20,27,28,1.589376,-46.788114,0,1.589375,-46.788129,0,2828
101,20,31,32,1.589376,-46.788114,0,1.589376,-46.788111,0,3232
101,40,15,16,2.122895,-50.198662,0,2.123176,-49.764898,0,1616
101,40,17,18,2.122895,-50.198662,0,2.122931,-50.201346,0,1818
101,40,19,20,2.122895,-50.198662,0,2.122863,-50.203418,0,2020
101,40,21,22,2.122895,-50.198662,0,2.122909,-50.195697,0,2222
101,40,23,24,2.122895,-50.198662,0,2.122888,-50.198745,0,2424
101,40,25,26,2.122895,-50.198662,0,2.122895,-50.198273,0,2626
101,40,27,28,2.122895,-50.198662,0,2.122895,-50.198617,0,2828
101,40,31,32,2.122895,-50.198662,0,2.122895,-50.198663,0,3232
101,80,15,16,2.923670,-53.498883,0,2.924332,-53.037716,0,1616
101,80,17,18,2.923670,-53.498883,0,2.923902,-53.417552,0,1818
101,80,19,20,2.923670,-53.498883,0,2.923662,-53.448263,0,2020
101,80,21,22,2.923670,-53.498883,0,2.923678,-53.499378,0,2222
101,80,23,24,2.923670,-53.498883,0,2.923680,-53.499044,0,2424
101,80,25,26,2.923670,-53.498883,0,2.923669,-53.498550,0,2626
101,80,27,28,2.923670,-53.498883,0,2.923671,-53.498921,0,2828
101,80,31,32,2.923670,-53.498883,0,2.923670,-53.498880,0,3232
101,160,15,16,3.774303,-57.453687,0,3.774681,-56.199239,0,1616
101,160,17,18,3.774303,-57.453687,0,3.774880,-57.072949,0,1818
101,160,19,20,3.774303,-57.453687,0,3.774319,-57.377649,0,2020
101,160,21,22,3.774303,-57.453687,0,3.774299,-57.450041,0,2222
101,160,23,24,3.774303,-57.453687,0,3.774312,-57.453300,0,2424
101,160,25,26,3.774303,-57.453687,0,3.774305,-57.454141,0,2626
101,160,27,28,3.774303,-57.453687,0,3.774303,-57.453462,0,2828
101,160,31,32,3.774303,-57.453687,0,3.774303,-57.453695,0,3232
102,1,15,16,0.397560,-32.808151,0,0.398042,-32.779664,0,1632
102,1,17,18,0.397560,-32.808151,0,0.397840,-32.806372,0,1836
102,1,19,20,0.397560,-32.808151,0,0.397517,-32.805809,0,2040
102,1,21,22,0.397560,-32.808151,0,0.397564,-32.809018,0,2244
102,1,23,24,0.397560,-32.808151,0,0.397557,-32.808069,0,2448
102,1,25,26,0.397560,-32.808151,0,0.397557,-32.808123,0,2652
102,1,27,28,0.397560,-32.808151,0,0.397560,-32.808159,0,2856
102,1,31,32,0.397560,-32.808151,0,0.397560,-32.808151,0,3264
102,2,15,16,0.532191,-36.285854,0,0.535662,-36.206042,0,1632
102,2,17,18,0.532191,-36.285854,0,0.531784,-36.280920,0,1836
102,2,19,20,0.532191,-36.285854,0,0.532185,-36.283812,0,2040
102,2,21,22,0.532191,-36.285854,0,0.532211,-36.286179,0,2244
102,2,23,24,0.532191,-36.285854,0,0.532189,-36.286088,0,2448
102,2,25,26,0.532191,-36.285854,0,0.532191,-36.285868,0,2652
102,2,27,28,0.532191,-36.285854,0,0.532191,-36.285847,0,2856
102,2,31,32,0.532191,-36.285854,0,0.532191,-36.285853,0,3264
102,5,15,16,0.860101,-40.004268,0,0.861882,-39.959910,0,1632
102,5,17,18,0.860101,-40.004268,0,0.859994,-40.017873,0,1836
102,5,19,20,0.860101,-40.004268,0,0.860196,-39.999806,0,2040
102,5,21,22,0.860101,-40.004268,0,0.860105,-40.004079,0,2244
102,5,23,24,0.860101,-40.004268,0,0.860099,-40.004067,0,2448
102,5,25,26,0.860101,-40.004268,0,0.860102,-40.004371,0,2652
102,5,27,28,0.860101,-40.004268,0,0.860101,-40.004305,0,2856
102,5,31,32,0.860101,-40.004268,0,0.860101,-40.004269,0,3264
102,10,15,16,1.208023,-43.129611,0,1.210034,-42.960167,0,1632
102,10,17,18,1.208023,-43.129611,0,1.208693,-43.093095,0,1836
102,10,19,20,1.208023,-43.129611,0,1.208000,-43.143058,0,2040
102,10,21,22,1.208023,-43.129611,0,1.207979,-43.129986,0,2244
102,10,23,24,1.208023,-43.129611,0,1.208027,-43.129098,0,2448
102,10,25,26,1.208023,-43.129611,0,1.208023,-43.129661,0,2652
102,10,27,28,1.208023,-43.129611,0,1.208023,-43.129635,0,2856
102,10,31,32,1.208023,-43.129611,0,1.208023,-43.129613,0,3264
102,20,15,16,1.585911,-46.811263,0,1.586409,-46.442825,0,1632
102,20,17,18,1.585911,-46.811263,0,1.585952,-46.761280,0,1836
102,20,19,20,1.585911,-46.811263,0,1.585952,-46.819461,0,2040
102,20,21,22,1.585911,-46.811263,0,1.585943,-46.808284,0,2244
102,20,23,24,1.585911,-46.811263,0,1.585912,-46.812572,0,2448
102,20,25,26,1.585911,-46.811263,0,1.585913,-46.811181,0,2652
102,20,27,28,1.585911,-46.811263,0,1.585911,-46.811295,0,2856
102,20,31,32,1.585911,-46.811263,0,1.585911,-46.811263,0,3264
102,40,15,16,2.010465,-50.596513,0,2.009793,-50.098960,0,1632
102,40,17,18,2.010465,-50.596513,0,2.010126,-50.669661,0,1836
102,40,19,20,2.010465,-50.596513,0,2.010413,-50.587473,0,2040
102,40,21,22,2.010465,-50.596513,0,2.010475,-50.595364,0,2244
102,40,23,24,2.010465,-50.596513,0,2.010464,-50.597634,0,2448
102,40,25,26,2.010465,-50.596513,0,2.010466,-50.595798,0,2652
102,40,27,28,2.010465,-50.596513,0,2.010465,-50.596561,0,2856
102,40,31,32,2.010465,-50.596513,0,2.010465,-50.596517,0,3264
102,80,15,16,2.809827,-53.876583,0,2.810270,-53.042449,0,1632
102,80,17,18,2.809827,-53.876583,0,2.809819,-53.734471,0,1836
102,80,19,20,2.809827,-53.876583,0,2.809777,-53.843824,0,2040
102,80,21,22,2.809827,-53.876583,0,2.809863,-53.877692,0,2244
102,80,23,24,2.809827,-53.876583,0,2.809829,-53.874543,0,2448
102,80,25,26,2.809827,-53.876583,0,2.809828,-53.876101,0,2652
102,80,27,28,2.809827,-53.876583,0,2.809827,-53.876832,0,2856
102,80,31,32,2.809827,-53.876583,0,2.809827,-53.876588,0,3264
102,160,15,16,3.711707,-57.590323,0,3.711332,-56.724829,0,1632
102,160,17,18,3.711707,-57.590323,0,3.711594,-57.262860,0,1836
102,160,19,20,3.711707,-57.590323,0,3.711760,-57.537307,0,2040
102,160,21,22,3.711707,-57.590323,0,3.711741,-57.599394,0,2244
102,160,23,24,3.711707,-57.590323,0,3.711693,-57.587439,0,2448
102,160,25,26,3.711707,-57.590323,0,3.711706,-57.589999,0,2652
102,160,27,28,3.711707,-57.590323,0,3.711707,-57.590292,0,2856
102,160,31,32,3.711707,-57.590323,0,3.711707,-57.590314,0,3264
103,1,15,16,0.389823,-32.962293,0,0.390972,-32.928991,0,1648
103,1,17,18,0.389823,-32.962293,0,0.390281,-32.949691,0,1854
103,1,19,20,0.389823,-32.962293,0,0.389855,-32.961482,0,2060
103,1,21,22,0.389823,-32.962293,0,0.389828,-32.961265,0,2266
103,1,23,24,0.389823,-32.962293,0,0.389824,-32.962282,0,2472
103,1,25,26,0.389823,-32.962293,0,0.389823,-32.962286,0,2678
103,1,27,28,0.389823,-32.962293,0,0.389823,-32.962291,0,2884
103,1,31,32,0.389823,-32.962293,0,0.389823,-32.962293,0,3296
103,2,15,16,0.531297,-36.299704,0,0.533440,-36.199401,0,1648
103,2,17,18,0.531297,-36.299704,0,0.531408,-36.261797,0,1854
103,2,19,20,0.531297,-36.299704,0,0.531205,-36.300510,0,2060
103,2,21,22,0.531297,-36.299704,0,0.531307,-36.301235,0,2266
103,2,23,24,0.531297,-36.299704,0,0.531297,-36.299567,0,2472
103,2,25,26,0.531297,-36.299704,0,0.531296,-36.299637,0,2678
103,2,27,28,0.531297,-36.299704,0,0.531297,-36.299693,0,2884
103,2,31,32,0.531297,-36.299704,0,0.531297,-36.299705,0,3296
103,5,15,16,0.817039,-40.437430,0,0.818606,-40.369599,0,1648
103,5,17,18,0.817039,-40.437430,0,0.817375,-40.440772,0,1854
103,5,19,20,0.817039,-40.437430,0,0.817051,-40.436578,0,2060
103,5,21,22,0.817039,-40.437430,0,0.817024,-40.436178,0,2266
103,5,23,24,0.817039,-40.437430,0,0.817039,-40.437465,0,2472
103,5,25,26,0.817039,-40.437430,0,0.817038,-40.437344,0,2678
103,5,27,28,0.817039,-40.437430,0,0.817039,-40.437469,0,2884
103,5,31,32,0.817039,-40.437430,0,0.817039,-40.437427,0,3296
103,10,15,16,1.172591,-43.412292,0,1.174131,-43.187416,0,1648
103,10,17,18,1.172591,-43.412292,0,1.172457,-43.347518,0,1854
103,10,19,20,1.172591,-43.412292,0,1.172571,-43.407601,0,2060
103,10,21,22,1.172591,-43.412292,0,1.172614,-43.413323,0,2266
103,10,23,24,1.172591,-43.412292,0,1.172592,-43.412012,0,2472
103,10,25,26,1.172591,-43.412292,0,1.172591,-43.412133,0,2678
103,10,27,28,1.172591,-43.412292,0,1.172591,-43.412280,0,2884
103,10,31,32,1.172591,-43.412292,0,1.172591,-43.412294,0,3296
103,20,15,16,1.571862,-46.892820,0,1.571680,-46.565196,0,1648
103,20,17,18,1.571862,-46.892820,0,1.571936,-46.840317,0,1854
103,20,19,20,1.571862,-46.892820,0,1.571969,-46.887569,0,2060
103,20,21,22,1.571862,-46.892820,0,1.571884,-46.893551,0,2266
103,20,23,24,1.571862,-46.892820,0,1.571871,-46.893193,0,2472
103,20,25,26,1.571862,-46.892820,0,1.571862,-46.892941,0,2678
103,20,27,28,1.571862,-46.892820,0,1.571862,-46.892855,0,2884
103,20,31,32,1.571862,-46.892820,0,1.571862,-46.892816,0,3296
103,40,15,16,1.982732,-50.749629,0,1.982793,-50.377235,0,1648
103,40,17,18,1.982732,-50.749629,0,1.982697,-50.660724,0,1854
103,40,19,20,1.982732,-50.749629,0,1.982688,-50.746852,0,2060
103,40,21,22,1.982732,-50.749629,0,1.982710,-50.748353,0,2266
103,40,23,24,1.982732,-50.749629,0,1.982729,-50.749861,0,2472
103,40,25,26,1.982732,-50.749629,0,1.982732,-50.749841,0,2678
103,40,27,28,1.982732,-50.749629,0,1.982732,-50.749585,0,2884
103,40,31,32,1.982732,-50.749629,0,1.982732,-50.749629,0,3296
103,80,15,16,2.682219,-54.283288,0,2.684908,-53.312313,0,1648
103,80,17,18,2.682219,-54.283288,0,2.682405,-54.094654,0,1854
103,80,19,20,2.682219,-54.283288,0,2.682282,-54.274792,0,2060
103,80,21,22,2.682219,-54.283288,0,2.682209,-54.282143,0,2266
103,80,23,24,2.682219,-54.283288,0,2.682214,-54.284110,0,2472
103,80,25,26,2.682219,-54.283288,0,2.682217,-54.282700,0,2678
103,80,27,28,2.682219,-54.283288,0,2.682219,-54.283212,0,2884
103,80,31,32,2.682219,-54.283288,0,2.682219,-54.283289,0,3296
103,160,15,16,3.615503,-57.808608,0,3.614162,-55.989286,0,1648
103,160,17,18,3.615503,-57.808608,0,3.615619,-57.579899,0,1854
103,160,19,20,3.615503,-57.808608,0,3.615484,-57.747412,0,2060
103,160,21,22,3.615503,-57.808608,0,3.615469,-57.811703,0,2266
103,160,23,24,3.615503,-57.808608,0,3.615507,-57.805710,0,2472
103,160,25,26,3.615503,-57.808608,0,3.615503,-57.810150,0,2678
103,160,27,28,3.615503,-57.808608,0,3.615503,-57.808561,0,2884
103,160,31,32,3.615503,-57.808608,0,3.615503,-57.808619,0,3296
104,1,15,16,0.379463,-33.175635,0,0.381066,-33.147759,0,1664
104,1,17,18,0.379463,-33.175635,0,0.379816,-33.160450,0,1872
104,1,19,20,0.379463,-33.175635,0,0.379453,-33.177835,0,2080
104,1,21,22,0.379463,-33.175635,0,0.379442,-33.175224,0,2288
104,1,23,24,0.379463,-33.175635,0,0.379461,-33.175483,0,2496
104,1,25,26,0.379463,-33.175635,0,0.379461,-33.175694,0,2704
104,1,27,28,0.379463,-33.175635,0,0.379463,-33.175638,0,2912
104,1,31,32,0.379463,-33.175635,0,0.379463,-33.175635,0,3328
104,2,15,16,0.528394,-36.353078,0,0.528276,-36.259590,0,1664
104,2,17,18,0.528394,-36.353078,0,0.528219,-36.348708,0,1872
104,2,19,20,0.528394,-36.353078,0,0.528402,-36.353169,0,2080
104,2,21,22,0.528394,-36.353078,0,0.528367,-36.352970,0,2288
104,2,23,24,0.528394,-36.353078,0,0.528399,-36.353147,0,2496
104,2,25,26,0.528394,-36.353078,0,0.528394,-36.353131,0,2704
104,2,27,28,0.528394,-36.353078,0,0.528395,-36.353069,0,2912
104,2,31,32,0.528394,-36.353078,0,0.528394,-36.353079,0,3328
104,5,15,16,0.773580,-40.935787,0,0.773837,-40.793688,0,1664
104,5,17,18,0.773580,-40.935787,0,0.774142,-40.959291,0,1872
104,5,19,20,0.773580,-40.935787,0,0.773611,-40.933641,0,2080
104,5,21,22,0.773580,-40.935787,0,0.773563,-40.933262,0,2288
104,5,23,24,0.773580,-40.935787,0,0.773584,-40.935824,0,2496
104,5,25,26,0.773580,-40.935787,0,0.773580,-40.935817,0,2704
104,5,27,28,0.773580,-40.935787,0,0.773580,-40.935800,0,2912
104,5,31,32,0.773580,-40.935787,0,0.773580,-40.935790,0,3328
104,10,15,16,1.126827,-43.757844,0,1.128870,-43.495295,0,1664
104,10,17,18,1.126827,-43.757844,0,1.126699,-43.717383,0,1872
104,10,19,20,1.126827,-43.757844,0,1.126658,-43.753105,0,2080
104,10,21,22,1.126827,-43.757844,0,1.126846,-43.756992,0,2288
104,10,23,24,1.126827,-43.757844,0,1.126826,-43.757923,0,2496
104,10,25,26,1.126827,-43.757844,0,1.126827,-43.757813,0,2704
104,10,27,28,1.126827,-43.757844,0,1.126827,-43.757859,0,2912
104,10,31,32,1.126827,-43.757844,0,1.126827,-43.757847,0,3328
104,20,15,16,1.545942,-47.009728,0,1.546566,-46.767887,0,1664
104,20,17,18,1.545942,-47.009728,0,1.545478,-46.956205,0,1872
104,20,19,20,1.545942,-47.009728,0,1.545949,-47.017187,0,2080
104,20,21,22,1.545942,-47.009728,0,1.545942,-47.010564,0,2288
104,20,23,24,1.545942,-47.009728,0,1.545934,-47.008903,0,2496
104,20,25,26,1.545942,-47.009728,0,1.545940,-47.009614,0,2704
104,20,27,28,1.545942,-47.009728,0,1.545942,-47.009758,0,2912
104,20,31,32,1.545942,-47.009728,0,1.545942,-47.009729,0,3328
104,40,15,16,1.981811,-50.752402,0,1.982896,-50.435126,0,1664
104,40,17,18,1.981811,-50.752402,0,1.981998,-50.771305,0,1872
104,40,19,20,1.981811,-50.752402,0,1.981697,-50.737916,0,2080
104,40,21,22,1.981811,-50.752402,0,1.981795,-50.752231,0,2288
104,40,23,24,1.981811,-50.752402,0,1.981811,-50.750849,0,2496
104,40,25,26,1.981811,-50.752402,0,1.981811,-50.752318,0,2704
104,40,27,28,1.981811,-50.752402,0,1.981811,-50.752410,0,2912
104,40,31,32,1.981811,-50.752402,0,1.981811,-50.752401,0,3328
104,80,15,16,2.549710,-54.744469,0,2.549196,-54.056802,0,1664
104,80,17,18,2.549710,-54.744469,0,2.549375,-54.627304,0,1872
104,80,19,20,2.549710,-54.744469,0,2.549772,-54.718145,0,2080
104,80,21,22,2.549710,-54.744469,0,2.549726,-54.743636,0,2288
104,80,23,24,2.549710,-54.744469,0,2.549713,-54.743911,0,2496
104,80,25,26,2.549710,-54.744469,0,2.549708,-54.744701,0,2704
104,80,27,28,2.549710,-54.744469,0,2.549710,-54.744505,0,2912
104,80,31,32,2.549710,-54.744469,0,2.549710,-54.744474,0,3328
104,160,15,16,3.492358,-58.111780,0,3.490581,-56.556566,0,1664
104,160,17,18,3.492358,-58.111780,0,3.492189,-57.811850,0,1872
104,160,19,20,3.492358,-58.111780,0,3.492439,-58.051360,0,2080
104,160,21,22,3.492358,-58.111780,0,3.492371,-58.089646,0,2288
104,160,23,24,3.492358,-58.111780,0,3.492348,-58.108365,0,2496
104,160,25,26,3.492358,-58.111780,0,3.492358,-58.110270,0,2704
104,160,27,28,3.492358,-58.111780,0,3.492358,-58.111711,0,2912
104,160,31,32,3.492358,-58.111780,0,3.492358,-58.111780,0,3328
105,1,15,16,0.366052,-33.494389,0,0.367971,-33.489661,0,1680
105,1,17,18,0.366052,-33.494389,0,0.365984,-33.500805,0,1890
105,1,19,20,0.366052,-33.494389,0,0.366051,-33.493099,0,2100
105,1,21,22,0.366052,-33.494389,0,0.366043,-33.494860,0,2310
105,1,23,24,0.366052,-33.494389,0,0.366056,-33.494235,0,2520
105,1,25,26,0.366052,-33.494389,0,0.366053,-33.494359,0,2730
105,1,27,28,0.366052,-33.494389,0,0.366052,-33.494372,0,2940
105,1,31,32,0.366052,-33.494389,0,0.366052,-33.494389,0,3360
105,2,15,16,0.521069,-36.473857,0,0.523337,-36.399847,0,1680
105,2,17,18,0.521069,-36.473857,0,0.521277,-36.465638,0,1890
105,2,19,20,0.521069,-36.473857,0,0.521027,-36.469799,0,2100
105,2,21,22,0.521069,-36.473857,0,0.521058,-36.473862,0,2310
105,2,23,24,0.521069,-36.473857,0,0.521066,-36.474240,0,2520
105,2,25,26,0.521069,-36.473857,0,0.521069,-36.473746,0,2730
105,2,27,28,0.521069,-36.473857,0,0.521069,-36.473845,0,2940
105,2,31,32,0.521069,-36.473857,0,0.521069,-36.473856,0,3360
105,5,15,16,0.754399,-41.126395,0,0.754999,-41.043464,0,1680
105,5,17,18,0.754399,-41.126395,0,0.754914,-41.140401,0,1890
105,5,19,20,0.754399,-41.126395,0,0.754450,-41.132450,0,2100
105,5,21,22,0.754399,-41.126395,0,0.754391,-41.127515,0,2310
105,5,23,24,0.754399,-41.126395,0,0.754398,-41.126250,0,2520
105,5,25,26,0.754399,-41.126395,0,0.754398,-41.126345,0,2730
105,5,27,28,0.754399,-41.126395,0,0.754398,-41.126392,0,2940
105,5,31,32,0.754399,-41.126395,0,0.754399,-41.126397,0,3360
105,10,15,16,1.074484,-44.163441,0,1.076093,-43.984182,0,1680
105,10,17,18,1.074484,-44.163441,0,1.074385,-44.120803,0,1890
105,10,19,20,1.074484,-44.163441,0,1.074372,-44.161964,0,2100
105,10,21,22,1.074484,-44.163441,0,1.074480,-44.164880,0,2310
105,10,23,24,1.074484,-44.163441,0,1.074481,-44.162509,0,2520
105,10,25,26,1.074484,-44.163441,0,1.074485,-44.163518,0,2730
105,10,27,28,1.074484,-44.163441,0,1.074484,-44.163443,0,2940
105,10,31,32,1.074484,-44.163441,0,1.074484,-44.163443,0,3360
105,20,15,16,1.507143,-47.251423,0,1.506852,-46.977430,0,1680
105,20,17,18,1.507143,-47.251423,0,1.507501,-47.201674,0,1890
105,20,19,20,1.507143,-47.251423,0,1.507036,-47.233537,0,2100
105,20,21,22,1.507143,-47.251423,0,1.507161,-47.248203,0,2310
105,20,23,24,1.507143,-47.251423,0,1.507147,-47.252388,0,2520
105,20,25,26,1.507143,-47.251423,0,1.507143,-47.251308,0,2730
105,20,27,28,1.507143,-47.251423,0,1.507143,-47.251453,0,2940
105,20,31,32,1.507143,-47.251423,0,1.507143,-47.251421,0,3360
105,40,15,16,1.974440,-50.837785,0,1.973005,-50.309409,0,1680
105,40,17,18,1.974440,-50.837785,0,1.974580,-50.849004,0,1890
105,40,19,20,1.974440,-50.837785,0,1.974378,-50.833431,0,2100
105,40,21,22,1.974440,-50.837785,0,1.974407,-50.834271,0,2310
105,40,23,24,1.974440,-50.837785,0,1.974434,-50.838570,0,2520
105,40,25,26,1.974440,-50.837785,0,1.974441,-50.837592,0,2730
105,40,27,28,1.974440,-50.837785,0,1.974440,-50.837792,0,2940
105,40,31,32,1.974440,-50.837785,0,1.974440,-50.837785,0,3360
105,80,15,16,2.457104,-55.066714,0,2.456973,-54.085995,0,1680
105,80,17,18,2.457104,-55.066714,0,2.457494,-54.839650,0,1890
105,80,19,20,2.457104,-55.066714,0,2.457154,-55.051988,0,2100
105,80,21,22,2.457104,-55.066714,0,2.457071,-55.067715,0,2310
105,80,23,24,2.457104,-55.066714,0,2.457104,-55.068379,0,2520
105,80,25,26,2.457104,-55.066714,0,2.457103,-55.066994,0,2730
105,80,27,28,2.457104,-55.066714,0,2.457104,-55.066809,0,2940
105,80,31,32,2.457104,-55.066714,0,2.457104,-55.066714,0,3360
105,160,15,16,3.346416,-58.475747,0,3.346489,-56.898419,0,1680
105,160,17,18,3.346416,-58.475747,0,3.346060,-58.130324,0,1890
105,160,19,20,3.346416,-58.475747,0,3.346507,-58.407523,0,2100
105,160,21,22,3.346416,-58.475747,0,3.346417,-58.467835,0,2310
105,160,23,24,3.346416,-58.475747,0,3.346410,-58.472320,0,2520
105,160,25,26,3.346416,-58.475747,0,3.346413,-58.475091,0,2730
105,160,27,28,3.346416,-58.475747,0,3.346416,-58.475758,0,2940
105,160,31,32,3.346416,-58.475747,0,3.346416,-58.475754,0,3360
106,1,15,16,0.348893,-33.876194,0,0.350537,-33.875269,0,1696
106,1,17,18,0.348893,-33.876194,0,0.349292,-33.884463,0,1908
106,1,19,20,0.348893,-33.876194,0,0.348873,-33.876098,0,2120
106,1,21,22,0.348893,-33.876194,0,0.348895,-33.877042,0,2332
106,1,23,24,0.348893,-33.876194,0,0.348893,-33.876577,0,2544
106,1,25,26,0.348893,-33.876194,0,0.348893,-33.876170,0,2756
106,1,27,28,0.348893,-33.876194,0,0.348893,-33.876187,0,2968
106,1,31,32,0.348893,-33.876194,0,0.348893,-33.876195,0,3392
106,2,15,16,0.510473,-36.677630,0,0.510223,-36.580951,0,1696
106,2,17,18,0.510473,-36.677630,0,0.510918,-36.658401,0,1908
106,2,19,20,0.510473,-36.677630,0,0.510407,-36.676887,0,2120
106,2,21,22,0.510473,-36.677630,0,0.510452,-36.677273,0,2332
106,2,23,24,0.510473,-36.677630,0,0.510478,-36.677499,0,2544
106,2,25,26,0.510473,-36.677630,0,0.510472,-36.677613,0,2756
106,2,27,28,0.510473,-36.677630,0,0.510473,-36.677632,0,2968
106,2,31,32,0.510473,-36.677630,0,0.510473,-36.677630,0,3392
106,5,15,16,0.754563,-41.124363,0,0.756167,-40.992439,0,1696
106,5,17,18,0.754563,-41.124363,0,0.754686,-41.146834,0,1908
106,5,19,20,0.754563,-41.124363,0,0.754592,-41.125959,0,2120
106,5,21,22,0.754563,-41.124363,0,0.754554,-41.124241,0,2332
106,5,23,24,0.754563,-41.124363,0,0.754568,-41.124291,0,2544
106,5,25,26,0.754563,-41.124363,0,0.754563,-41.124442,0,2756
106,5,27,28,0.754563,-41.124363,0,0.754562,-41.124342,0,2968
106,5,31,32,0.754563,-41.124363,0,0.754563,-41.124364,0,3392
106,10,15,16,1.018412,-44.616664,0,1.018208,-44.387019,0,1696
106,10,17,18,1.018412,-44.616664,0,1.018175,-44.591779,0,1908
106,10,19,20,1.018412,-44.616664,0,1.018447,-44.607628,0,2120
106,10,21,22,1.018412,-44.616664,0,1.018433,-44.615962,0,2332
106,10,23,24,1.018412,-44.616664,0,1.018409,-44.617014,0,2544
106,10,25,26,1.018412,-44.616664,0,1.018412,-44.616875,0,2756
106,10,27,28,1.018412,-44.616664,0,1.018412,-44.616637,0,2968
106,10,31,32,1.018412,-44.616664,0,1.018412,-44.616665,0,3392
106,20,15,16,1.454072,-47.557909,0,1.455071,-47.066971,0,1696
106,20,17,18,1.454072,-47.557909,0,1.454657,-47.422503,0,1908
106,20,19,20,1.454072,-47.557909,0,1.454028,-47.547560,0,2120
106,20,21,22,1.454072,-47.557909,0,1.454077,-47.556283,0,2332
106,20,23,24,1.454072,-47.557909,0,1.454073,-47.557883,0,2544
106,20,25,26,1.454072,-47.557909,0,1.454071,-47.557921,0,2756
106,20,27,28,1.454072,-47.557909,0,1.454072,-47.557936,0,2968
106,20,31,32,1.454072,-47.557909,0,1.454072,-47.557907,0,3392
106,40,15,16,1.948325,-50.930963,0,1.949072,-50.392951,0,1696
106,40,17,18,1.948325,-50.930963,0,1.948178,-50.839948,0,1908
106,40,19,20,1.948325,-50.930963,0,1.948355,-50.930190,0,2120
106,40,21,22,1.948325,-50.930963,0,1.948356,-50.929987,0,2332
106,40,23,24,1.948325,-50.930963,0,1.948322,-50.932148,0,2544
106,40,25,26,1.948325,-50.930963,0,1.948326,-50.930722,0,2756
106,40,27,28,1.948325,-50.930963,0,1.948325,-50.931000,0,2968
106,40,31,32,1.948325,-50.930963,0,1.948325,-50.930955,0,3392
106,80,15,16,2.459170,-55.058425,0,2.461343,-54.091906,0,1696
106,80,17,18,2.459170,-55.058425,0,2.459381,-54.918618,0,1908
106,80,19,20,2.459170,-55.058425,0,2.459160,-54.997500,0,2120
106,80,21,22,2.459170,-55.058425,0,2.459140,-55.049943,0,2332
106,80,23,24,2.459170,-55.058425,0,2.459173,-55.059714,0,2544
106,80,25,26,2.459170,-55.058425,0,2.459169,-55.058438,0,2756
106,80,27,28,2.459170,-55.058425,0,2.459170,-55.058382,0,2968
106,80,31,32,2.459170,-55.058425,0,2.459170,-55.058431,0,3392
106,160,15,16,3.184933,-58.890394,0,3.186826,-57.508317,0,1696
106,160,17,18,3.184933,-58.890394,0,3.185319,-58.514018,0,1908
106,160,19,20,3.184933,-58.890394,0,3.184982,-58.813844,0,2120
106,160,21,22,3.184933,-58.890394,0,3.184925,-58.882330,0,2332
106,160,23,24,3.184933,-58.890394,0,3.184934,-58.888923,0,2544
106,160,25,26,3.184933,-58.890394,0,3.184934,-58.891192,0,2756
106,160,27,28,3.184933,-58.890394,0,3.184933,-58.890673,0,2968
106,160,31,32,3.184933,-58.890394,0,3.184933,-58.890392,0,3392
107,1,15,16,0.331482,-34.353319,0,0.332544,-34.302838,0,1712
107,1,17,18,0.331482,-34.353319,0,0.331352,-34.344372,0,1926
107,1,19,20,0.331482,-34.353319,0,0.331571,-34.354112,0,2140
107,1,21,22,0.331482,-34.353319,0,0.331474,-34.352622,0,2354
107,1,23,24,0.331482,-34.353319,0,0.331479,-34.353158,0,2568
107,1,25,26,0.331482,-34.353319,0,0.331483,-34.353411,0,2782
107,1,27,28,0.331482,-34.353319,0,0.331483,-34.353329,0,2996
107,1,31,32,0.331482,-34.353319,0,0.331482,-34.353319,0,3424
107,2,15,16,0.493286,-36.958274,0,0.493564,-36.847300,0,1712
107,2,17,18,0.493286,-36.958274,0,0.493814,-36.950985,0,1926
107,2,19,20,0.493286,-36.958274,0,0.493233,-36.955454,0,2140
107,2,21,22,0.493286,-36.958274,0,0.493284,-36.958143,0,2354
107,2,23,24,0.493286,-36.958274,0,0.493282,-36.958315,0,2568
107,2,25,26,0.493286,-36.958274,0,0.493286,-36.958343,0,2782
107,2,27,28,0.493286,-36.958274,0,0.493286,-36.958286,0,2996
107,2,31,32,0.493286,-36.958274,0,0.493286,-36.958273,0,3424
107,5,15,16,0.751436,-41.157588,0,0.751951,-41.091390,0,1712
107,5,17,18,0.751436,-41.157588,0,0.751231,-41.175470,0,1926
107,5,19,20,0.751436,-41.157588,0,0.751464,-41.160807,0,2140
107,5,21,22,0.751436,-41.157588,0,0.751412,-41.157460,0,2354
107,5,23,24,0.751436,-41.157588,0,0.751441,-41.157190,0,2568
107,5,25,26,0.751436,-41.157588,0,0.751435,-41.157553,0,2782
107,5,27,28,0.751436,-41.157588,0,0.751435,-41.157593,0,2996
107,5,31,32,0.751436,-41.157588,0,0.751436,-41.157588,0,3424
107,10,15,16,0.972105,-45.050531,0,0.972407,-44.770978,0,1712
107,10,17,18,0.972105,-45.050531,0,0.972310,-44.980200,0,1926
107,10,19,20,0.972105,-45.050531,0,0.972049,-45.048543,0,2140
107,10,21,22,0.972105,-45.050531,0,0.972142,-45.049439,0,2354
107,10,23,24,0.972105,-45.050531,0,0.972104,-45.049974,0,2568
107,10,25,26,0.972105,-45.050531,0,0.972105,-45.050564,0,2782
107,10,27,28,0.972105,-45.050531,0,0.972105,-45.050563,0,2996
107,10,31,32,0.972105,-45.050531,0,0.972105,-45.050528,0,3424
107,20,15,16,1.390433,-47.943086,0,1.390308,-47.502401,0,1712
107,20,17,18,1.390433,-47.943086,0,1.390721,-47.874145,0,1926
107,20,19,20,1.390433,-47.943086,0,1.390422,-47.924827,0,2140
107,20,21,22,1.390433,-47.943086,0,1.390454,-47.942373,0,2354
107,20,23,24,1.390433,-47.943086,0,1.390431,-47.942491,0,2568
107,20,25,26,1.390433,-47.943086,0,1.390432,-47.943229,0,2782
107,20,27,28,1.390433,-47.943086,0,1.390433,-47.943059,0,2996
107,20,31,32,1.390433,-47.943086,0,1.390433,-47.943087,0,3424
107,40,15,16,1.906928,-51.136154,0,1.906480,-50.545388,0,1712
107,40,17,18,1.906928,-51.136154,0,1.907022,-51.076626,0,1926
107,40,19,20,1.906928,-51.136154,0,1.906834,-51.143853,0,2140
107,40,21,22,1.906928,-51.136154,0,1.906926,-51.135633,0,2354
107,40,23,24,1.906928,-51.136154,0,1.906928,-51.136051,0,2568
107,40,25,26,1.906928,-51.136154,0,1.906929,-51.136572,0,2782
107,40,27,28,1.906928,-51.136154,0,1.906928,-51.136063,0,2996
107,40,31,32,1.906928,-51.136154,0,1.906928,-51.136156,0,3424
107,80,15,16,2.452413,-55.056358,0,2.453306,-54.080096,0,1712
107,80,17,18,2.452413,-55.056358,0,2.452459,-54.855662,0,1926
107,80,19,20,2.452413,-55.056358,0,2.452483,-55.060688,0,2140
107,80,21,22,2.452413,-55.056358,0,2.452418,-55.057185,0,2354
107,80,23,24,2.452413,-55.056358,0,2.452414,-55.058267,0,2568
107,80,25,26,2.452413,-55.056358,0,2.452415,-55.056916,0,2782
107,80,27,28,2.452413,-55.056358,0,2.452413,-55.056481,0,2996
107,80,31,32,2.452413,-55.056358,0,2.452413,-55.056361,0,3424
107,160,15,16,3.027069,-59.341527,0,3.026953,-57.820813,0,1712
107,160,17,18,3.027069,-59.341527,0,3.027145,-58.891876,0,1926
107,160,19,20,3.027069,-59.341527,0,3.027132,-59.267605,0,2140
107,160,21,22,3.027069,-59.341527,0,3.027080,-59.328237,0,2354
107,160,23,24,3.027069,-59.341527,0,3.027066,-59.335941,0,2568
107,160,25,26,3.027069,-59.341527,0,3.027070,-59.340685,0,2782
107,160,27,28,3.027069,-59.341527,0,3.027069,-59.341558,0,2996
107,160,31,32,3.027069,-59.341527,0,3.027069,-59.341536,0,3424
108,1,15,16,0.314490,-34.868117,0,0.315305,-34.782810,0,1728
108,1,17,18,0.314490,-34.868117,0,0.314976,-34.865465,0,1944
108,1,19,20,0.314490,-34.868117,0,0.314467,-34.871738,0,2160
108,1,21,22,0.314490,-34.868117,0,0.314507,-34.867791,0,2376
108,1,23,24,0.314490,-34.868117,0,0.314488,-34.868115,0,2592
108,1,25,26,0.314490,-34.868117,0,0.314490,-34.868125,0,2808
108,1,27,28,0.314490,-34.868117,0,0.314490,-34.868109,0,3024
108,1,31,32,0.314490,-34.868117,0,0.314490,-34.868117,0,3456
108,2,15,16,0.472161,-37.316807,0,0.473061,-37.221375,0,1728
108,2,17,18,0.472161,-37.316807,0,0.472391,-37.309864,0,1944
108,2,19,20,0.472161,-37.316807,0,0.472087,-37.317714,0,2160
108,2,21,22,0.472161,-37.316807,0,0.472158,-37.316172,0,2376
108,2,23,24,0.472161,-37.316807,0,0.472168,-37.316806,0,2592
108,2,25,26,0.472161,-37.316807,0,0.472160,-37.316793,0,2808
108,2,27,28,0.472161,-37.316807,0,0.472161,-37.316795,0,3024
108,2,31,32,0.472161,-37.316807,0,0.472161,-37.316806,0,3456
108,5,15,16,0.741158,-41.246831,0,0.742645,-41.177883,0,1728
108,5,17,18,0.741158,-41.246831,0,0.740647,-41.240392,0,1944
108,5,19,20,0.741158,-41.246831,0,0.741179,-41.240009,0,2160
108,5,21,22,0.741158,-41.246831,0,0.741194,-41.247947,0,2376
108,5,23,24,0.741158,-41.246831,0,0.741164,-41.246465,0,2592
108,5,25,26,0.741158,-41.246831,0,0.741159,-41.246805,0,2808
108,5,27,28,0.741158,-41.246831,0,0.741158,-41.246832,0,3024
108,5,31,32,0.741158,-41.246831,0,0.741158,-41.246830,0,3456
108,10,15,16,0.973304,-45.035582,0,0.975838,-44.549269,0,1728
108,10,17,18,0.973304,-45.035582,0,0.973518,-44.980105,0,1944
108,10,19,20,0.973304,-45.035582,0,0.973293,-45.025836,0,2160
108,10,21,22,0.973304,-45.035582,0,0.973328,-45.038172,0,2376
108,10,23,24,0.973304,-45.035582,0,0.973294,-45.034802,0,2592
108,10,25,26,0.973304,-45.035582,0,0.973304,-45.035669,0,2808
108,10,27,28,0.973304,-45.035582,0,0.973303,-45.035618,0,3024
108,10,31,32,0.973304,-45.035582,0,0.973304,-45.035579,0,3456
108,20,15,16,1.323618,-48.376504,0,1.324348,-47.827772,0,1728
108,20,17,18,1.323618,-48.376504,0,1.323611,-48.322696,0,1944
108,20,19,20,1.323618,-48.376504,0,1.323566,-48.360105,0,2160
108,20,21,22,1.323618,-48.376504,0,1.323637,-48.380209,0,2376
108,20,23,24,1.323618,-48.376504,0,1.323623,-48.378089,0,2592
108,20,25,26,1.323618,-48.376504,0,1.323617,-48.376606,0,2808
108,20,27,28,1.323618,-48.376504,0,1.323619,-48.376599,0,3024
108,20,31,32,1.323618,-48.376504,0,1.323618,-48.376502,0,3456
108,40,15,16,1.846132,-51.372437,0,1.844057,-50.847415,0,1728
108,40,17,18,1.846132,-51.372437,0,1.845935,-51.334204,0,1944
108,40,19,20,1.846132,-51.372437,0,1.846094,-51.405929,0,2160
108,40,21,22,1.846132,-51.372437,0,1.846157,-51.369296,0,2376
108,40,23,24,1.846132,-51.372437,0,1.846134,-51.372245,0,2592
108,40,25,26,1.846132,-51.372437,0,1.846133,-51.372401,0,2808
108,40,27,28,1.846132,-51.372437,0,1.846132,-51.372502,0,3024
108,40,31,32,1.846132,-51.372437,0,1.846132,-51.372433,0,3456
108,80,15,16,2.428423,-55.145884,0,2.428469,-54.118957,0,1728
108,80,17,18,2.428423,-55.145884,0,2.428608,-55.053291,0,1944
108,80,19,20,2.428423,-55.145884,0,2.428324,-55.162259,0,2160
108,80,21,22,2.428423,-55.145884,0,2.428438,-55.149484,0,2376
108,80,23,24,2.428423,-55.145884,0,2.428424,-55.147338,0,2592
108,80,25,26,2.428423,-55.145884,0,2.428423,-55.145634,0,2808
108,80,27,28,2.428423,-55.145884,0,2.428422,-55.145926,0,3024
108,80,31,32,2.428423,-55.145884,0,2.428423,-55.145885,0,3456
108,160,15,16,3.012751,-59.368777,0,3.013457,-57.930063,0,1728
108,160,17,18,3.012751,-59.368777,0,3.012933,-58.855986,0,1944
108,160,19,20,3.012751,-59.368777,0,3.012723,-59.268685,0,2160
108,160,21,22,3.012751,-59.368777,0,3.012772,-59.357636,0,2376
108,160,23,24,3.012751,-59.368777,0,3.012753,-59.365038,0,2592
108,160,25,26,3.012751,-59.368777,0,3.012751,-59.368238,0,2808
108,160,27,28,3.012751,-59.368777,0,3.012751,-59.368837,0,3024
108,160,31,32,3.012751,-59.368777,0,3.012751,-59.368758,0,3456
109,1,15,16,0.310661,-34.944553,0,0.311879,-34.873808,0,1744
109,1,17,18,0.310661,-34.944553,0,0.310779,-34.931325,0,1962
109,1,19,20,0.310661,-34.944553,0,0.310714,-34.944253,0,2180
109,1,21,22,0.310661,-34.944553,0,0.310636,-34.944888,0,2398
109,1,23,24,0.310661,-34.944553,0,0.310661,-34.944796,0,2616
109,1,25,26,0.310661,-34.944553,0,0.310662,-34.944439,0,2834
109,1,27,28,0.310661,-34.944553,0,0.310661,-34.944552,0,3052
109,1,31,32,0.310661,-34.944553,0,0.310661,-34.944553,0,3488
109,2,15,16,0.448955,-37.744908,0,0.449549,-37.612884,0,1744
109,2,17,18,0.448955,-37.744908,0,0.449620,-37.733051,0,1962
109,2,19,20,0.448955,-37.744908,0,0.449031,-37.739039,0,2180
109,2,21,22,0.448955,-37.744908,0,0.448976,-37.744399,0,2398
109,2,23,24,0.448955,-37.744908,0,0.448953,-37.744591,0,2616
109,2,25,26,0.448955,-37.744908,0,0.448956,-37.744865,0,2834
109,2,27,28,0.448955,-37.744908,0,0.448955,-37.744910,0,3052
109,2,31,32,0.448955,-37.744908,0,0.448955,-37.744908,0,3488
109,5,15,16,0.727096,-41.445967,0,0.726691,-41.377837,0,1744
109,5,17,18,0.727096,-41.445967,0,0.727344,-41.424134,0,1962
109,5,19,20,0.727096,-41.445967,0,0.727109,-41.443124,0,2180
109,5,21,22,0.727096,-41.445967,0,0.727112,-41.444704,0,2398
109,5,23,24,0.727096,-41.445967,0,0.727100,-41.446062,0,2616
109,5,25,26,0.727096,-41.445967,0,0.727097,-41.446103,0,2834
109,5,27,28,0.727096,-41.445967,0,0.727096,-41.445958,0,3052
109,5,31,32,0.727096,-41.445967,0,0.727096,-41.445966,0,3488
109,10,15,16,0.971987,-45.061911,0,0.972066,-44.800670,0,1744
109,10,17,18,0.971987,-45.061911,0,0.972266,-45.017096,0,1962
109,10,19,20,0.971987,-45.061911,0,0.971940,-45.060709,0,2180
109,10,21,22,0.971987,-45.061911,0,0.971982,-45.061657,0,2398
109,10,23,24,0.971987,-45.061911,0,0.971986,-45.061379,0,2616
109,10,25,26,0.971987,-45.061911,0,0.971987,-45.061778,0,2834
109,10,27,28,0.971987,-45.061911,0,0.971988,-45.061908,0,3052
109,10,31,32,0.971987,-45.061911,0,0.971987,-45.061911,0,3488
109,20,15,16,1.252831,-48.834750,0,1.254818,-48.361808,0,1744
109,20,17,18,1.252831,-48.834750,0,1.252487,-48.755407,0,1962
109,20,19,20,1.252831,-48.834750,0,1.252897,-48.825694,0,2180
109,20,21,22,1.252831,-48.834750,0,1.252814,-48.830612,0,2398
109,20,23,24,1.252831,-48.834750,0,1.252835,-48.835370,0,2616
109,20,25,26,1.252831,-48.834750,0,1.252831,-48.835156,0,2834
109,20,27,28,1.252831,-48.834750,0,1.252831,-48.834689,0,3052
109,20,31,32,1.252831,-48.834750,0,1.252831,-48.834746,0,3488
109,40,15,16,1.773712,-51.717079,0,1.774426,-51.197941,0,1744
109,40,17,18,1.773712,-51.717079,0,1.773898,-51.634050,0,1962
109,40,19,20,1.773712,-51.717079,0,1.773709,-51.714117,0,2180
109,40,21,22,1.773712,-51.717079,0,1.773740,-51.720447,0,2398
109,40,23,24,1.773712,-51.717079,0,1.773716,-51.716120,0,2616
109,40,25,26,1.773712,-51.717079,0,1.773713,-51.716922,0,2834
109,40,27,28,1.773712,-51.717079,0,1.773712,-51.717128,0,3052
109,40,31,32,1.773712,-51.717079,0,1.773712,-51.717077,0,3488
109,80,15,16,2.388262,-55.279722,0,2.389138,-54.558613,0,1744
109,80,17,18,2.388262,-55.279722,0,2.387904,-55.078417,0,1962
109,80,19,20,2.388262,-55.279722,0,2.388353,-55.303787,0,2180
109,80,21,22,2.388262,-55.279722,0,2.388271,-55.280479,0,2398
109,80,23,24,2.388262,-55.279722,0,2.388265,-55.278654,0,2616
109,80,25,26,2.388262,-55.279722,0,2.388262,-55.280005,0,2834
109,80,27,28,2.388262,-55.279722,0,2.388263,-55.279693,0,3052
109,80,31,32,2.388262,-55.279722,0,2.388262,-55.279719,0,3488
109,160,15,16,3.010320,-59.374255,0,3.009638,-57.394353,0,1744
109,160,17,18,3.010320,-59.374255,0,3.010058,-59.021653,0,1962
109,160,19,20,3.010320,-59.374255,0,3.010384,-59.300219,0,2180
109,160,21,22,3.010320,-59.374255,0,3.010349,-59.363125,0,2398
109,160,23,24,3.010320,-59.374255,0,3.010321,-59.372586,0,2616
109,160,25,26,3.010320,-59.374255,0,3.010320,-59.374436,0,2834
109,160,27,28,3.010320,-59.374255,0,3.010320,-59.374110,0,3052
109,160,31,32,3.010320,-59.374255,0,3.010320,-59.374264,0,3488
110,1,15,16,0.310454,-34.951135,0,0.312018,-34.884118,0,1760
110,1,17,18,0.310454,-34.951135,0,0.310590,-34.932687,0,1980
110,1,19,20,0.310454,-34.951135,0,0.310418,-34.949203,0,2200
110,1,21,22,0.310454,-34.951135,0,0.310482,-34.951398,0,2420
110,1,23,24,0.310454,-34.951135,0,0.310456,-34.951039,0,2640
110,1,25,26,0.310454,-34.951135,0,0.310451,-34.951204,0,2860
110,1,27,28,0.310454,-34.951135,0,0.310453,-34.951110,0,3080
110,1,31,32,0.310454,-34.951135,0,0.310454,-34.951134,0,3520
110,2,15,16,0.425589,-38.229532,0,0.427571,-38.106763,0,1760
110,2,17,18,0.425589,-38.229532,0,0.425845,-38.200008,0,1980
110,2,19,20,0.425589,-38.229532,0,0.425448,-38.226702,0,2200
110,2,21,22,0.425589,-38.229532,0,0.425607,-38.229978,0,2420
110,2,23,24,0.425589,-38.229532,0,0.425590,-38.229788,0,2640
110,2,25,26,0.425589,-38.229532,0,0.425590,-38.229386,0,2860
110,2,27,28,0.425589,-38.229532,0,0.425589,-38.229521,0,3080
110,2,31,32,0.425589,-38.229532,0,0.425589,-38.229532,0,3520
110,5,15,16,0.704009,-41.717350,0,0.704238,-41.635764,0,1760
110,5,17,18,0.704009,-41.717350,0,0.704383,-41.733075,0,1980
110,5,19,20,0.704009,-41.717350,0,0.704069,-41.716700,0,2200
110,5,21,22,0.704009,-41.717350,0,0.704022,-41.718678,0,2420
110,5,23,24,0.704009,-41.717350,0,0.704013,-41.717388,0,2640
110,5,25,26,0.704009,-41.717350,0,0.704009,-41.717323,0,2860
110,5,27,28,0.704009,-41.717350,0,0.704009,-41.717361,0,3080
110,5,31,32,0.704009,-41.717350,0,0.704009,-41.717349,0,3520
110,10,15,16,0.963633,-45.135273,0,0.963052,-44.824778,0,1760
110,10,17,18,0.963633,-45.135273,0,0.963566,-45.103468,0,1980
110,10,19,20,0.963633,-45.135273,0,0.963675,-45.119250,0,2200
110,10,21,22,0.963633,-45.135273,0,0.963615,-45.133133,0,2420
110,10,23,24,0.963633,-45.135273,0,0.963636,-45.134770,0,2640
110,10,25,26,0.963633,-45.135273,0,0.963633,-45.135189,0,2860
110,10,27,28,0.963633,-45.135273,0,0.963633,-45.135275,0,3080
110,10,31,32,0.963633,-45.135273,0,0.963633,-45.135273,0,3520
110,20,15,16,1.235125,-48.937491,0,1.234595,-48.397619,0,1760
110,20,17,18,1.235125,-48.937491,0,1.235288,-48.916579,0,1980
110,20,19,20,1.235125,-48.937491,0,1.235064,-48.941563,0,2200
110,20,21,22,1.235125,-48.937491,0,1.235122,-48.939238,0,2420
110,20,23,24,1.235125,-48.937491,0,1.235131,-48.937643,0,2640
110,20,25,26,1.235125,-48.937491,0,1.235124,-48.937448,0,2860
110,20,27,28,1.235125,-48.937491,0,1.235124,-48.937521,0,3080
110,20,31,32,1.235125,-48.937491,0,1.235125,-48.937481,0,3520
110,40,15,16,1.690418,-52.103323,0,1.690418,-51.657643,0,1760
110,40,17,18,1.690418,-52.103323,0,1.690391,-51.886524,0,1980
110,40,19,20,1.690418,-52.103323,0,1.690440,-52.081315,0,2200
110,40,21,22,1.690418,-52.103323,0,1.690409,-52.104624,0,2420
110,40,23,24,1.690418,-52.103323,0,1.690417,-52.103883,0,2640
110,40,25,26,1.690418,-52.103323,0,1.690419,-52.102666,0,2860
110,40,27,28,1.690418,-52.103323,0,1.690417,-52.103330,0,3080
110,40,31,32,1.690418,-52.103323,0,1.690418,-52.103325,0,3520
110,80,15,16,2.322650,-55.528946,0,2.322216,-54.657020,0,1760
110,80,17,18,2.322650,-55.528946,0,2.323085,-55.282626,0,1980
110,80,19,20,2.322650,-55.528946,0,2.322659,-55.533696,0,2200
110,80,21,22,2.322650,-55.528946,0,2.322659,-55.511401,0,2420
110,80,23,24,2.322650,-55.528946,0,2.322651,-55.532330,0,2640
110,80,25,26,2.322650,-55.528946,0,2.322649,-55.529069,0,2860
110,80,27,28,2.322650,-55.528946,0,2.322650,-55.528954,0,3080
110,80,31,32,2.322650,-55.528946,0,2.322650,-55.528944,0,3520
110,160,15,16,2.989532,-59.426060,0,2.988895,-57.844444,0,1760
110,160,17,18,2.989532,-59.426060,0,2.990101,-59.125546,0,1980
110,160,19,20,2.989532,-59.426060,0,2.989452,-59.353074,0,2200
110,160,21,22,2.989532,-59.426060,0,2.989513,-59.412106,0,2420
110,160,23,24,2.989532,-59.426060,0,2.989534,-59.422445,0,2640
110,160,25,26,2.989532,-59.426060,0,2.989532,-59.425084,0,2860
110,160,27,28,2.989532,-59.426060,0,2.989532,-59.426411,0,3080
110,160,31,32,2.989532,-59.426060,0,2.989532,-59.426044,0,3520
111,1,15,16,0.308195,-34.980846,0,0.309257,-34.918414,0,1776
111,1,17,18,0.308195,-34.980846,0,0.308728,-34.981798,0,1998
111,1,19,20,0.308195,-34.980846,0,0.308185,-34.976757,0,2220
111,1,21,22,0.308195,-34.980846,0,0.308216,-34.980427,0,2442
111,1,23,24,0.308195,-34.980846,0,0.308204,-34.980855,0,2664
111,1,25,26,0.308195,-34.980846,0,0.308194,-34.980844,0,2886
111,1,27,28,0.308195,-34.980846,0,0.308195,-34.980862,0,3108
111,1,31,32,0.308195,-34.980846,0,0.308195,-34.980846,0,3552
111,2,15,16,0.412077,-38.531999,0,0.414218,-38.444794,0,1776
111,2,17,18,0.412077,-38.531999,0,0.412217,-38.511223,0,1998
111,2,19,20,0.412077,-38.531999,0,0.412039,-38.530888,0,2220
111,2,21,22,0.412077,-38.531999,0,0.412043,-38.532172,0,2442
111,2,23,24,0.412077,-38.531999,0,0.412081,-38.532013,0,2664
111,2,25,26,0.412077,-38.531999,0,0.412078,-38.531964,0,2886
111,2,27,28,0.412077,-38.531999,0,0.412077,-38.532002,0,3108
111,2,31,32,0.412077,-38.531999,0,0.412077,-38.531999,0,3552
111,5,15,16,0.677506,-42.077302,0,0.677347,-42.043396,0,1776
111,5,17,18,0.677506,-42.077302,0,0.677286,-42.105439,0,1998
111,5,19,20,0.677506,-42.077302,0,0.677580,-42.081086,0,2220
111,5,21,22,0.677506,-42.077302,0,0.677509,-42.075732,0,2442
111,5,23,24,0.677506,-42.077302,0,0.677505,-42.077221,0,2664
111,5,25,26,0.677506,-42.077302,0,0.677507,-42.077257,0,2886
111,5,27,28,0.677506,-42.077302,0,0.677507,-42.077292,0,3108
111,5,31,32,0.677506,-42.077302,0,0.677506,-42.077302,0,3552
111,10,15,16,0.946573,-45.281797,0,0.947253,-45.028385,0,1776
111,10,17,18,0.946573,-45.281797,0,0.946412,-45.209706,0,1998
111,10,19,20,0.946573,-45.281797,0,0.946597,-45.274636,0,2220
111,10,21,22,0.946573,-45.281797,0,0.946594,-45.281962,0,2442
111,10,23,24,0.946573,-45.281797,0,0.946569,-45.281052,0,2664
111,10,25,26,0.946573,-45.281797,0,0.946573,-45.281860,0,2886
111,10,27,28,0.946573,-45.281797,0,0.946573,-45.281809,0,3108
111,10,31,32,0.946573,-45.281797,0,0.946573,-45.281799,0,3552
111,20,15,16,1.235598,-48.970659,0,1.236333,-48.459974,0,1776
111,20,17,18,1.235598,-48.970659,0,1.235612,-48.850516,0,1998
111,20,19,20,1.235598,-48.970659,0,1.235643,-48.943506,0,2220
111,20,21,22,1.235598,-48.970659,0,1.235610,-48.973435,0,2442
111,20,23,24,1.235598,-48.970659,0,1.235596,-48.970218,0,2664
111,20,25,26,1.235598,-48.970659,0,1.235598,-48.970893,0,2886
111,20,27,28,1.235598,-48.970659,0,1.235598,-48.970703,0,3108
111,20,31,32,1.235598,-48.970659,0,1.235598,-48.970659,0,3552
111,40,15,16,1.604165,-52.569125,0,1.603298,-51.943669,0,1776
111,40,17,18,1.604165,-52.569125,0,1.604287,-52.476815,0,1998
111,40,19,20,1.604165,-52.569125,0,1.604036,-52.566551,0,2220
111,40,21,22,1.604165,-52.569125,0,1.604158,-52.565640,0,2442
111,40,23,24,1.604165,-52.569125,0,1.604162,-52.568006,0,2664
111,40,25,26,1.604165,-52.569125,0,1.604163,-52.569089,0,2886
111,40,27,28,1.604165,-52.569125,0,1.604164,-52.569139,0,3108
111,40,31,32,1.604165,-52.569125,0,1.604165,-52.569128,0,3552
111,80,15,16,2.244147,-55.829909,0,2.245394,-55.071963,0,1776
111,80,17,18,2.244147,-55.829909,0,2.244863,-55.676729,0,1998
111,80,19,20,2.244147,-55.829909,0,2.244075,-55.785361,0,2220
111,80,21,22,2.244147,-55.829909,0,2.244139,-55.834648,0,2442
111,80,23,24,2.244147,-55.829909,0,2.244143,-55.829159,0,2664
111,80,25,26,2.244147,-55.829909,0,2.244149,-55.830188,0,2886
111,80,27,28,2.244147,-55.829909,0,2.244148,-55.830147,0,3108
111,80,31,32,2.244147,-55.829909,0,2.244147,-55.829907,0,3552
111,160,15,16,2.949565,-59.540481,0,2.950765,-58.001591,0,1776
111,160,17,18,2.949565,-59.540481,0,2.950002,-59.193996,0,1998
111,160,19,20,2.949565,-59.540481,0,2.949609,-59.441601,0,2220
111,160,21,22,2.949565,-59.540481,0,2.949556,-59.528701,0,2442
111,160,23,24,2.949565,-59.540481,0,2.949555,-59.537963,0,2664
111,160,25,26,2.949565,-59.540481,0,2.949567,-59.539304,0,2886
111,160,27,28,2.949565,-59.540481,0,2.949565,-59.540702,0,3108
111,160,31,32,2.949565,-59.540481,0,2.949565,-59.540472,0,3552
112,1,15,16,0.303730,-35.119414,0,0.304868,-35.080205,0,1792
112,1,17,18,0.303730,-35.119414,0,0.304294,-35.095131,0,2016
112,1,19,20,0.303730,-35.119414,0,0.303782,-35.115217,0,2240
112,1,21,22,0.303730,-35.119414,0,0.303738,-35.118937,0,2464
112,1,23,24,0.303730,-35.119414,0,0.303737,-35.119572,0,2688
112,1,25,26,0.303730,-35.119414,0,0.303731,-35.119431,0,2912
112,1,27,28,0.303730,-35.119414,0,0.303730,-35.119401,0,3136
112,1,31,32,0.303730,-35.119414,0,0.303730,-35.119414,0,3584
112,2,15,16,0.412351,-38.521217,0,0.412754,-38.329116,0,1792
112,2,17,18,0.412351,-38.521217,0,0.412383,-38.497268,0,2016
112,2,19,20,0.412351,-38.521217,0,0.412432,-38.520344,0,2240
112,2,21,22,0.412351,-38.521217,0,0.412350,-38.519985,0,2464
112,2,23,24,0.412351,-38.521217,0,0.412354,-38.520914,0,2688
112,2,25,26,0.412351,-38.521217,0,0.412351,-38.521276,0,2912
112,2,27,28,0.412351,-38.521217,0,0.412351,-38.521201,0,3136
112,2,31,32,0.412351,-38.521217,0,0.412351,-38.521216,0,3584
112,5,15,16,0.645761,-42.538056,0,0.647559,-42.337892,0,1792
112,5,17,18,0.645761,-42.538056,0,0.645891,-42.528506,0,2016
112,5,19,20,0.645761,-42.538056,0,0.645747,-42.539783,0,2240
112,5,21,22,0.645761,-42.538056,0,0.645761,-42.540520,0,2464
112,5,23,24,0.645761,-42.538056,0,0.645752,-42.538048,0,2688
112,5,25,26,0.645761,-42.538056,0,0.645761,-42.538172,0,2912
112,5,27,28,0.645761,-42.538056,0,0.645760,-42.538030,0,3136
112,5,31,32,0.645761,-42.538056,0,0.645761,-42.538055,0,3584
112,10,15,16,0.920932,-45.495644,0,0.921031,-45.144161,0,1792
112,10,17,18,0.920932,-45.495644,0,0.921055,-45.434719,0,2016
112,10,19,20,0.920932,-45.495644,0,0.920941,-45.476400,0,2240
112,10,21,22,0.920932,-45.495644,0,0.920933,-45.495163,0,2464
112,10,23,24,0.920932,-45.495644,0,0.920937,-45.495313,0,2688
112,10,25,26,0.920932,-45.495644,0,0.920931,-45.495595,0,2912
112,10,27,28,0.920932,-45.495644,0,0.920932,-45.495648,0,3136
112,10,31,32,0.920932,-45.495644,0,0.920932,-45.495642,0,3584
112,20,15,16,1.228994,-49.015660,0,1.229508,-48.457711,0,1792
112,20,17,18,1.228994,-49.015660,0,1.228965,-48.947126,0,2016
112,20,19,20,1.228994,-49.015660,0,1.229089,-49.010857,0,2240
112,20,21,22,1.228994,-49.015660,0,1.228981,-49.008762,0,2464
112,20,23,24,1.228994,-49.015660,0,1.228995,-49.016403,0,2688
112,20,25,26,1.228994,-49.015660,0,1.228992,-49.015506,0,2912
112,20,27,28,1.228994,-49.015660,0,1.228993,-49.015570,0,3136
112,20,31,32,1.228994,-49.015660,0,1.228994,-49.015655,0,3584
112,40,15,16,1.551339,-52.918872,0,1.552812,-52.393526,0,1792
112,40,17,18,1.551339,-52.918872,0,1.550943,-52.881545,0,2016
112,40,19,20,1.551339,-52.918872,0,1.551386,-52.919039,0,2240
112,40,21,22,1.551339,-52.918872,0,1.551337,-52.907052,0,2464
112,40,23,24,1.551339,-52.918872,0,1.551333,-52.919094,0,2688
112,40,25,26,1.551339,-52.918872,0,1.551341,-52.918943,0,2912
112,40,27,28,1.551339,-52.918872,0,1.551340,-52.919084,0,3136
112,40,31,32,1.551339,-52.918872,0,1.551339,-52.918869,0,3584
112,80,15,16,2.146927,-56.198278,0,2.148511,-55.091359,0,1792
112,80,17,18,2.146927,-56.198278,0,2.147280,-55.963570,0,2016
112,80,19,20,2.146927,-56.198278,0,2.146839,-56.171048,0,2240
112,80,21,22,2.146927,-56.198278,0,2.146884,-56.190857,0,2464
112,80,23,24,2.146927,-56.198278,0,2.146930,-56.196807,0,2688
112,80,25,26,2.146927,-56.198278,0,2.146927,-56.197816,0,2912
112,80,27,28,2.146927,-56.198278,0,2.146927,-56.198374,0,3136
112,80,31,32,2.146927,-56.198278,0,2.146927,-56.198274,0,3584
112,160,15,16,2.889997,-59.725372,0,2.890940,-58.006460,0,1792
112,160,17,18,2.889997,-59.725372,0,2.889744,-59.454663,0,2016
112,160,19,20,2.889997,-59.725372,0,2.889982,-59.665187,0,2240
112,160,21,22,2.889997,-59.725372,0,2.889994,-59.717169,0,2464
112,160,23,24,2.889997,-59.725372,0,2.889992,-59.724695,0,2688
112,160,25,26,2.889997,-59.725372,0,2.889998,-59.725310,0,2912
112,160,27,28,2.889997,-59.725372,0,2.889997,-59.725360,0,3136
112,160,31,32,2.889997,-59.725372,0,2.889997,-59.725361,0,3584
113,1,15,16,0.296281,-35.312893,0,0.298625,-35.272676,0,1808
113,1,17,18,0.296281,-35.312893,0,0.296392,-35.304479,0,2034
113,1,19,20,0.296281,-35.312893,0,0.296296,-35.315324,0,2260
113,1,21,22,0.296281,-35.312893,0,0.296292,-35.312636,0,2486
113,1,23,24,0.296281,-35.312893,0,0.296283,-35.313221,0,2712
113,1,25,26,0.296281,-35.312893,0,0.296283,-35.312917,0,2938
113,1,27,28,0.296281,-35.312893,0,0.296282,-35.312875,0,3164
113,1,31,32,0.296281,-35.312893,0,0.296281,-35.312893,0,3616
113,2,15,16,0.411173,-38.563893,0,0.411407,-38.467961,0,1808
113,2,17,18,0.411173,-38.563893,0,0.411420,-38.531198,0,2034
113,2,19,20,0.411173,-38.563893,0,0.411112,-38.559937,0,2260
113,2,21,22,0.411173,-38.563893,0,0.411171,-38.562992,0,2486
113,2,23,24,0.411173,-38.563893,0,0.411175,-38.563261,0,2712
113,2,25,26,0.411173,-38.563893,0,0.411172,-38.563918,0,2938
113,2,27,28,0.411173,-38.563893,0,0.411173,-38.563893,0,3164
113,2,31,32,0.411173,-38.563893,0,0.411173,-38.563893,0,3616
113,5,15,16,0.611671,-43.004237,0,0.612704,-42.772465,0,1808
113,5,17,18,0.611671,-43.004237,0,0.611896,-42.987023,0,2034
113,5,19,20,0.611671,-43.004237,0,0.611771,-43.000990,0,2260
113,5,21,22,0.611671,-43.004237,0,0.611655,-43.004926,0,2486
113,5,23,24,0.611671,-43.004237,0,0.611672,-43.004605,0,2712
113,5,25,26,0.611671,-43.004237,0,0.611673,-43.004228,0,2938
113,5,27,28,0.611671,-43.004237,0,0.611672,-43.004217,0,3164
113,5,31,32,0.611671,-43.004237,0,0.611671,-43.004238,0,3616
113,10,15,16,0.888763,-45.808292,0,0.890879,-45.461677,0,1808
113,10,17,18,0.888763,-45.808292,0,0.888705,-45.760087,0,2034
113,10,19,20,0.888763,-45.808292,0,0.888835,-45.792893,0,2260
113,10,21,22,0.888763,-45.808292,0,0.888762,-45.807575,0,2486
113,10,23,24,0.888763,-45.808292,0,0.888766,-45.808378,0,2712
113,10,25,26,0.888763,-45.808292,0,0.888765,-45.808605,0,2938
113,10,27,28,0.888763,-45.808292,0,0.888763,-45.808343,0,3164
113,10,31,32,0.888763,-45.808292,0,0.888763,-45.808292,0,3616
113,20,15,16,1.213395,-49.142284,0,1.215632,-48.740877,0,1808
113,20,17,18,1.213395,-49.142284,0,1.213507,-49.072696,0,2034
113,20,19,20,1.213395,-49.142284,0,1.213376,-49.128879,0,2260
113,20,21,22,1.213395,-49.142284,0,1.213399,-49.138778,0,2486
113,20,23,24,1.213395,-49.142284,0,1.213391,-49.142554,0,2712
113,20,25,26,1.213395,-49.142284,0,1.213396,-49.142279,0,2938
113,20,27,28,1.213395,-49.142284,0,1.213396,-49.142253,0,3164
113,20,31,32,1.213395,-49.142284,0,1.213395,-49.142286,0,3616
113,40,15,16,1.550623,-52.869354,0,1.551775,-52.139765,0,1808
113,40,17,18,1.550623,-52.869354,0,1.550550,-52.895852,0,2034
113,40,19,20,1.550623,-52.869354,0,1.550522,-52.875279,0,2260
113,40,21,22,1.550623,-52.869354,0,1.550665,-52.868408,0,2486
113,40,23,24,1.550623,-52.869354,0,1.550624,-52.868252,0,2712
113,40,25,26,1.550623,-52.869354,0,1.550624,-52.869203,0,2938
113,40,27,28,1.550623,-52.869354,0,1.550623,-52.869375,0,3164
113,40,31,32,1.550623,-52.869354,0,1.550623,-52.869348,0,3616
113,80,15,16,2.043469,-56.621663,0,2.044216,-55.474380,0,1808
113,80,17,18,2.043469,-56.621663,0,2.043533,-56.460057,0,2034
113,80,19,20,2.043469,-56.621663,0,2.043673,-56.591884,0,2260
113,80,21,22,2.043469,-56.621663,0,2.043453,-56.624662,0,2486
113,80,23,24,2.043469,-56.621663,0,2.043470,-56.623548,0,2712
113,80,25,26,2.043469,-56.621663,0,2.043472,-56.622185,0,2938
113,80,27,28,2.043469,-56.621663,0,2.043469,-56.621831,0,3164
113,80,31,32,2.043469,-56.621663,0,2.043469,-56.621653,0,3616
113,160,15,16,2.797909,-59.999773,0,2.798097,-58.484049,0,1808
113,160,17,18,2.797909,-59.999773,0,2.798275,-59.610600,0,2034
113,160,19,20,2.797909,-59.999773,0,2.797813,-59.895831,0,2260
113,160,21,22,2.797909,-59.999773,0,2.797925,-59.991474,0,2486
113,160,23,24,2.797909,-59.999773,0,2.797908,-59.997939,0,2712
113,160,25,26,2.797909,-59.999773,0,2.797907,-60.000177,0,2938
113,160,27,28,2.797909,-59.999773,0,2.797909,-59.999698,0,3164
113,160,31,32,2.797909,-59.999773,0,2.797909,-59.999767,0,3616
114,1,15,16,0.287121,-35.628368,0,0.288640,-35.523970,0,1824
114,1,17,18,0.287121,-35.628368,0,0.287047,-35.611516,0,2052
114,1,19,20,0.287121,-35.628368,0,0.287228,-35.626651,0,2280
114,1,21,22,0.287121,-35.628368,0,0.287131,-35.629754,0,2508
114,1,23,24,0.287121,-35.628368,0,0.287125,-35.628359,0,2736
114,1,25,26,0.287121,-35.628368,0,0.287121,-35.628375,0,2964
114,1,27,28,0.287121,-35.628368,0,0.287121,-35.628371,0,3192
114,1,31,32,0.287121,-35.628368,0,0.287121,-35.628370,0,3648
114,2,15,16,0.406394,-38.651586,0,0.407324,-38.507956,0,1824
114,2,17,18,0.406394,-38.651586,0,0.406454,-38.623715,0,2052
114,2,19,20,0.406394,-38.651586,0,0.406415,-38.643553,0,2280
114,2,21,22,0.406394,-38.651586,0,0.406424,-38.651249,0,2508
114,2,23,24,0.406394,-38.651586,0,0.406387,-38.651978,0,2736
114,2,25,26,0.406394,-38.651586,0,0.406395,-38.651522,0,2964
114,2,27,28,0.406394,-38.651586,0,0.406394,-38.651578,0,3192
114,2,31,32,0.406394,-38.651586,0,0.406394,-38.651584,0,3648
114,5,15,16,0.586236,-43.385860,0,0.587663,-43.137125,0,1824
114,5,17,18,0.586236,-43.385860,0,0.586520,-43.362142,0,2052
114,5,19,20,0.586236,-43.385860,0,0.586215,-43.391837,0,2280
114,5,21,22,0.586236,-43.385860,0,0.586241,-43.389557,0,2508
114,5,23,24,0.586236,-43.385860,0,0.586234,-43.386582,0,2736
114,5,25,26,0.586236,-43.385860,0,0.586235,-43.385870,0,2964
114,5,27,28,0.586236,-43.385860,0,0.586236,-43.385851,0,3192
114,5,31,32,0.586236,-43.385860,0,0.586236,-43.385857,0,3648
114,10,15,16,0.850368,-46.198284,0,0.850656,-45.728730,0,1824
114,10,17,18,0.850368,-46.198284,0,0.850273,-46.156582,0,2052
114,10,19,20,0.850368,-46.198284,0,0.850390,-46.192917,0,2280
114,10,21,22,0.850368,-46.198284,0,0.850337,-46.197043,0,2508
114,10,23,24,0.850368,-46.198284,0,0.850357,-46.199406,0,2736
114,10,25,26,0.850368,-46.198284,0,0.850369,-46.198217,0,2964
114,10,27,28,0.850368,-46.198284,0,0.850367,-46.198312,0,3192
114,10,31,32,0.850368,-46.198284,0,0.850368,-46.198277,0,3648
114,20,15,16,1.186440,-49.324415,0,1.187847,-48.782016,0,1824
114,20,17,18,1.186440,-49.324415,0,1.186496,-49.253591,0,2052
114,20,19,20,1.186440,-49.324415,0,1.186388,-49.312109,0,2280
114,20,21,22,1.186440,-49.324415,0,1.186432,-49.319099,0,2508
114,20,23,24,1.186440,-49.324415,0,1.186442,-49.323429,0,2736
114,20,25,26,1.186440,-49.324415,0,1.186440,-49.324621,0,2964
114,20,27,28,1.186440,-49.324415,0,1.186440,-49.324293,0,3192
114,20,31,32,1.186440,-49.324415,0,1.186440,-49.324417,0,3648
114,40,15,16,1.546107,-52.900930,0,1.548192,-52.296377,0,1824
114,40,17,18,1.546107,-52.900930,0,1.545668,-52.800950,0,2052
114,40,19,20,1.546107,-52.900930,0,1.546142,-52.876606,0,2280
114,40,21,22,1.546107,-52.900930,0,1.546132,-52.910944,0,2508
114,40,23,24,1.546107,-52.900930,0,1.546112,-52.902051,0,2736
114,40,25,26,1.546107,-52.900930,0,1.546106,-52.900648,0,2964
114,40,27,28,1.546107,-52.900930,0,1.546107,-52.900857,0,3192
114,40,31,32,1.546107,-52.900930,0,1.546107,-52.900930,0,3648
114,80,15,16,1.937506,-57.114817,0,1.939652,-56.012525,0,1824
114,80,17,18,1.937506,-57.114817,0,1.937983,-56.791303,0,2052
114,80,19,20,1.937506,-57.114817,0,1.937483,-57.033729,0,2280
114,80,21,22,1.937506,-57.114817,0,1.937510,-57.114887,0,2508
114,80,23,24,1.937506,-57.114817,0,1.937506,-57.115831,0,2736
114,80,25,26,1.937506,-57.114817,0,1.937509,-57.114973,0,2964
114,80,27,28,1.937506,-57.114817,0,1.937506,-57.114890,0,3192
114,80,31,32,1.937506,-57.114817,0,1.937506,-57.114806,0,3648
114,160,15,16,2.688876,-60.335601,0,2.690301,-58.824229,0,1824
114,160,17,18,2.688876,-60.335601,0,2.688705,-59.685768,0,2052
114,160,19,20,2.688876,-60.335601,0,2.688966,-60.188898,0,2280
114,160,21,22,2.688876,-60.335601,0,2.688908,-60.323490,0,2508
114,160,23,24,2.688876,-60.335601,0,2.688878,-60.333259,0,2736
114,160,25,26,2.688876,-60.335601,0,2.688876,-60.335074,0,2964
114,160,27,28,2.688876,-60.335601,0,2.688875,-60.335361,0,3192
114,160,31,32,2.688876,-60.335601,0,2.688876,-60.335638,0,3648
115,1,15,16,0.274711,-36.005007,0,0.276535,-35.896176,0,1840
115,1,17,18,0.274711,-36.005007,0,0.274816,-35.996668,0,2070
115,1,19,20,0.274711,-36.005007,0,0.274681,-36.001834,0,2300
115,1,21,22,0.274711,-36.005007,0,0.274721,-36.004719,0,2530
115,1,23,24,0.274711,-36.005007,0,0.274709,-36.005269,0,2760
115,1,25,26,0.274711,-36.005007,0,0.274709,-36.004936,0,2990
115,1,27,28,0.274711,-36.005007,0,0.274711,-36.004984,0,3220
115,1,31,32,0.274711,-36.005007,0,0.274711,-36.005007,0,3680
115,2,15,16,0.397481,-38.807233,0,0.399098,-38.590726,0,1840
115,2,17,18,0.397481,-38.807233,0,0.397542,-38.793744,0,2070
115,2,19,20,0.397481,-38.807233,0,0.397548,-38.809587,0,2300
115,2,21,22,0.397481,-38.807233,0,0.397494,-38.807117,0,2530
115,2,23,24,0.397481,-38.807233,0,0.397480,-38.807310,0,2760
115,2,25,26,0.397481,-38.807233,0,0.397480,-38.807283,0,2990
115,2,27,28,0.397481,-38.807233,0,0.397481,-38.807242,0,3220
115,2,31,32,0.397481,-38.807233,0,0.397481,-38.807233,0,3680
115,5,15,16,0.586855,-43.380142,0,0.588382,-43.173777,0,1840
115,5,17,18,0.586855,-43.380142,0,0.586999,-43.341175,0,2070
115,5,19,20,0.586855,-43.380142,0,0.586797,-43.381681,0,2300
115,5,21,22,0.586855,-43.380142,0,0.586839,-43.376632,0,2530
115,5,23,24,0.586855,-43.380142,0,0.586854,-43.381420,0,2760
115,5,25,26,0.586855,-43.380142,0,0.586857,-43.380304,0,2990
115,5,27,28,0.586855,-43.380142,0,0.586855,-43.380109,0,3220
115,5,31,32,0.586855,-43.380142,0,0.586855,-43.380141,0,3680
115,10,15,16,0.808459,-46.640017,0,0.808084,-46.346225,0,1840
115,10,17,18,0.808459,-46.640017,0,0.808818,-46.570890,0,2070
115,10,19,20,0.808459,-46.640017,0,0.808473,-46.640277,0,2300
115,10,21,22,0.808459,-46.640017,0,0.808465,-46.640719,0,2530
115,10,23,24,0.808459,-46.640017,0,0.808459,-46.640282,0,2760
115,10,25,26,0.808459,-46.640017,0,0.808459,-46.639845,0,2990
115,10,27,28,0.808459,-46.640017,0,0.808459,-46.640016,0,3220
115,10,31,32,0.808459,-46.640017,0,0.808459,-46.640015,0,3680
115,20,15,16,1.148735,-49.606676,0,1.148902,-49.065982,0,1840
115,20,17,18,1.148735,-49.606676,0,1.148796,-49.549995,0,2070
115,20,19,20,1.148735,-49.606676,0,1.148765,-49.600419,0,2300
115,20,21,22,1.148735,-49.606676,0,1.148746,-49.608799,0,2530
115,20,23,24,1.148735,-49.606676,0,1.148727,-49.606652,0,2760
115,20,25,26,1.148735,-49.606676,0,1.148733,-49.606741,0,2990
115,20,27,28,1.148735,-49.606676,0,1.148735,-49.606642,0,3220
115,20,31,32,1.148735,-49.606676,0,1.148735,-49.606674,0,3680
115,40,15,16,1.529352,-52.958455,0,1.531903,-52.273961,0,1840
115,40,17,18,1.529352,-52.958455,0,1.528966,-52.995957,0,2070
115,40,19,20,1.529352,-52.958455,0,1.529405,-52.963839,0,2300
115,40,21,22,1.529352,-52.958455,0,1.529350,-52.954561,0,2530
115,40,23,24,1.529352,-52.958455,0,1.529344,-52.958371,0,2760
115,40,25,26,1.529352,-52.958455,0,1.529354,-52.958702,0,2990
115,40,27,28,1.529352,-52.958455,0,1.529352,-52.958341,0,3220
115,40,31,32,1.529352,-52.958455,0,1.529352,-52.958453,0,3680
115,80,15,16,1.932121,-57.105653,0,1.933368,-55.968692,0,1840
115,80,17,18,1.932121,-57.105653,0,1.932658,-56.905813,0,2070
115,80,19,20,1.932121,-57.105653,0,1.932316,-57.015798,0,2300
115,80,21,22,1.932121,-57.105653,0,1.932114,-57.095036,0,2530
115,80,23,24,1.932121,-57.105653,0,1.932123,-57.108370,0,2760
115,80,25,26,1.932121,-57.105653,0,1.932120,-57.105778,0,2990
115,80,27,28,1.932121,-57.105653,0,1.932121,-57.105580,0,3220
115,80,31,32,1.932121,-57.105653,0,1.932121,-57.105644,0,3680
115,160,15,16,2.568189,-60.737197,0,2.566565,-58.354094,0,1840
115,160,17,18,2.568189,-60.737197,0,2.567819,-60.357399,0,2070
115,160,19,20,2.568189,-60.737197,0,2.568177,-60.656201,0,2300
115,160,21,22,2.568189,-60.737197,0,2.568176,-60.722162,0,2530
115,160,23,24,2.568189,-60.737197,0,2.568192,-60.735292,0,2760
115,160,25,26,2.568189,-60.737197,0,2.568191,-60.736077,0,2990
115,160,27,28,2.568189,-60.737197,0,2.568190,-60.736956,0,3220
115,160,31,32,2.568189,-60.737197,0,2.568189,-60.737209,0,3680
116,1,15,16,0.262378,-36.442898,0,0.263517,-36.328472,0,1856
116,1,17,18,0.262378,-36.442898,0,0.262422,-36.429541,0,2088
116,1,19,20,0.262378,-36.442898,0,0.262367,-36.436810,0,2320
116,1,21,22,0.262378,-36.442898,0,0.262386,-36.442929,0,2552
116,1,23,24,0.262378,-36.442898,0,0.262385,-36.442922,0,2784
116,1,25,26,0.262378,-36.442898,0,0.262379,-36.442872,0,3016
116,1,27,28,0.262378,-36.442898,0,0.262378,-36.442911,0,3248
116,1,31,32,0.262378,-36.442898,0,0.262378,-36.442897,0,3712
116,2,15,16,0.386408,-39.065282,0,0.386677,-38.906164,0,1856
116,2,17,18,0.386408,-39.065282,0,0.386756,-39.032160,0,2088
116,2,19,20,0.386408,-39.065282,0,0.386371,-39.063264,0,2320
116,2,21,22,0.386408,-39.065282,0,0.386444,-39.064068,0,2552
116,2,23,24,0.386408,-39.065282,0,0.386405,-39.064665,0,2784
116,2,25,26,0.386408,-39.065282,0,0.386407,-39.065366,0,3016
116,2,27,28,0.386408,-39.065282,0,0.386408,-39.065290,0,3248
116,2,31,32,0.386408,-39.065282,0,0.386408,-39.065282,0,3712
116,5,15,16,0.585263,-43.405742,0,0.587370,-43.217906,0,1856
116,5,17,18,0.585263,-43.405742,0,0.585646,-43.343021,0,2088
116,5,19,20,0.585263,-43.405742,0,0.585269,-43.409980,0,2320
116,5,21,22,0.585263,-43.405742,0,0.585284,-43.403098,0,2552
116,5,23,24,0.585263,-43.405742,0,0.585262,-43.405994,0,2784
116,5,25,26,0.585263,-43.405742,0,0.585263,-43.405644,0,3016
116,5,27,28,0.585263,-43.405742,0,0.585263,-43.405745,0,3248
116,5,31,32,0.585263,-43.405742,0,0.585263,-43.405740,0,3712
116,10,15,16,0.764519,-47.093735,0,0.765039,-46.836270,0,1856
116,10,17,18,0.764519,-47.093735,0,0.765222,-47.055630,0,2088
116,10,19,20,0.764519,-47.093735,0,0.764492,-47.067056,0,2320
116,10,21,22,0.764519,-47.093735,0,0.764525,-47.091351,0,2552
116,10,23,24,0.764519,-47.093735,0,0.764521,-47.093443,0,2784
116,10,25,26,0.764519,-47.093735,0,0.764516,-47.093584,0,3016
116,10,27,28,0.764519,-47.093735,0,0.764519,-47.093725,0,3248
116,10,31,32,0.764519,-47.093735,0,0.764519,-47.093730,0,3712
116,20,15,16,1.102805,-49.926702,0,1.105045,-49.540223,0,1856
116,20,17,18,1.102805,-49.926702,0,1.102554,-49.880798,0,2088
116,20,19,20,1.102805,-49.926702,0,1.102900,-49.948348,0,2320
116,20,21,22,1.102805,-49.926702,0,1.102816,-49.927952,0,2552
116,20,23,24,1.102805,-49.926702,0,1.102810,-49.927740,0,2784
116,20,25,26,1.102805,-49.926702,0,1.102805,-49.926537,0,3016
116,20,27,28,1.102805,-49.926702,0,1.102806,-49.926748,0,3248
116,20,31,32,1.102805,-49.926702,0,1.102805,-49.926700,0,3712
116,40,15,16,1.503157,-53.125277,0,1.503191,-52.540785,0,1856
116,40,17,18,1.503157,-53.125277,0,1.503128,-53.077112,0,2088
116,40,19,20,1.503157,-53.125277,0,1.503015,-53.078633,0,2320
116,40,21,22,1.503157,-53.125277,0,1.503156,-53.129333,0,2552
116,40,23,24,1.503157,-53.125277,0,1.503161,-53.124450,0,2784
116,40,25,26,1.503157,-53.125277,0,1.503156,-53.125081,0,3016
116,40,27,28,1.503157,-53.125277,0,1.503157,-53.125407,0,3248
116,40,31,32,1.503157,-53.125277,0,1.503157,-53.125284,0,3712
116,80,15,16,1.930175,-57.118000,0,1.929378,-55.980848,0,1856
116,80,17,18,1.930175,-57.118000,0,1.929676,-56.889615,0,2088
116,80,19,20,1.930175,-57.118000,0,1.930168,-57.119081,0,2320
116,80,21,22,1.930175,-57.118000,0,1.930175,-57.125430,0,2552
116,80,23,24,1.930175,-57.118000,0,1.930172,-57.118437,0,2784
116,80,25,26,1.930175,-57.118000,0,1.930176,-57.117380,0,3016
116,80,27,28,1.930175,-57.118000,0,1.930175,-57.118173,0,3248
116,80,31,32,1.930175,-57.118000,0,1.930175,-57.118000,0,3712
116,160,15,16,2.435299,-61.147935,0,2.437240,-59.205356,0,1856
116,160,17,18,2.435299,-61.147935,0,2.435465,-60.579732,0,2088
116,160,19,20,2.435299,-61.147935,0,2.435307,-61.041354,0,2320
116,160,21,22,2.435299,-61.147935,0,2.435299,-61.148408,0,2552
116,160,23,24,2.435299,-61.147935,0,2.435302,-61.153612,0,2784
116,160,25,26,2.435299,-61.147935,0,2.435298,-61.145358,0,3016
116,160,27,28,2.435299,-61.147935,0,2.435299,-61.148057,0,3248
116,160,31,32,2.435299,-61.147935,0,2.435299,-61.147947,0,3712
117,1,15,16,0.248014,-36.908195,0,0.249481,-36.835721,0,1872
117,1,17,18,0.248014,-36.908195,0,0.248808,-36.892790,0,2106
117,1,19,20,0.248014,-36.908195,0,0.248012,-36.906688,0,2340
117,1,21,22,0.248014,-36.908195,0,0.248028,-36.908914,0,2574
117,1,23,24,0.248014,-36.908195,0,0.248001,-36.908381,0,2808
117,1,25,26,0.248014,-36.908195,0,0.248015,-36.908205,0,3042
117,1,27,28,0.248014,-36.908195,0,0.248013,-36.908194,0,3276
117,1,31,32,0.248014,-36.908195,0,0.248014,-36.908195,0,3744
117,2,15,16,0.371518,-39.406398,0,0.374769,-39.295093,0,1872
117,2,17,18,0.371518,-39.406398,0,0.371493,-39.368432,0,2106
117,2,19,20,0.371518,-39.406398,0,0.371416,-39.401758,0,2340
117,2,21,22,0.371518,-39.406398,0,0.371506,-39.406279,0,2574
117,2,23,24,0.371518,-39.406398,0,0.371518,-39.406040,0,2808
117,2,25,26,0.371518,-39.406398,0,0.371518,-39.406509,0,3042
117,2,27,28,0.371518,-39.406398,0,0.371518,-39.406346,0,3276
117,2,31,32,0.371518,-39.406398,0,0.371518,-39.406397,0,3744
117,5,15,16,0.579325,-43.464084,0,0.580476,-43.320977,0,1872
117,5,17,18,0.579325,-43.464084,0,0.578789,-43.467843,0,2106
117,5,19,20,0.579325,-43.464084,0,0.579456,-43.451421,0,2340
117,5,21,22,0.579325,-43.464084,0,0.579283,-43.461978,0,2574
117,5,23,24,0.579325,-43.464084,0,0.579327,-43.463413,0,2808
117,5,25,26,0.579325,-43.464084,0,0.579325,-43.464119,0,3042
117,5,27,28,0.579325,-43.464084,0,0.579324,-43.464054,0,3276
117,5,31,32,0.579325,-43.464084,0,0.579325,-43.464085,0,3744
117,10,15,16,0.756897,-47.215666,0,0.758727,-46.712592,0,1872
117,10,17,18,0.756897,-47.215666,0,0.756948,-47.130995,0,2106
117,10,19,20,0.756897,-47.215666,0,0.756956,-47.201714,0,2340
117,10,21,22,0.756897,-47.215666,0,0.756883,-47.215639,0,2574
117,10,23,24,0.756897,-47.215666,0,0.756898,-47.215638,0,2808
117,10,25,26,0.756897,-47.215666,0,0.756897,-47.215606,0,3042
117,10,27,28,0.756897,-47.215666,0,0.756896,-47.215648,0,3276
117,10,31,32,0.756897,-47.215666,0,0.756897,-47.215667,0,3744
117,20,15,16,1.051915,-50.334604,0,1.051656,-49.799273,0,1872
117,20,17,18,1.051915,-50.334604,0,1.052140,-50.232812,0,2106
117,20,19,20,1.051915,-50.334604,0,1.051847,-50.323202,0,2340
117,20,21,22,1.051915,-50.334604,0,1.051919,-50.330465,0,2574
117,20,23,24,1.051915,-50.334604,0,1.051917,-50.333596,0,2808
117,20,25,26,1.051915,-50.334604,0,1.051914,-50.334567,0,3042
117,20,27,28,1.051915,-50.334604,0,1.051915,-50.334596,0,3276
117,20,31,32,1.051915,-50.334604,0,1.051915,-50.334604,0,3744
117,40,15,16,1.462196,-53.349959,0,1.462347,-52.855726,0,1872
117,40,17,18,1.462196,-53.349959,0,1.462413,-53.283803,0,2106
117,40,19,20,1.462196,-53.349959,0,1.462300,-53.346846,0,2340
117,40,21,22,1.462196,-53.349959,0,1.462173,-53.352806,0,2574
117,40,23,24,1.462196,-53.349959,0,1.462205,-53.347131,0,2808
117,40,25,26,1.462196,-53.349959,0,1.462198,-53.350036,0,3042
117,40,27,28,1.462196,-53.349959,0,1.462196,-53.349935,0,3276
117,40,31,32,1.462196,-53.349959,0,1.462196,-53.349952,0,3744
117,80,15,16,1.918265,-57.202431,0,1.920019,-55.889554,0,1872
117,80,17,18,1.918265,-57.202431,0,1.918059,-57.002903,0,2106
117,80,19,20,1.918265,-57.202431,0,1.918245,-57.120840,0,2340
117,80,21,22,1.918265,-57.202431,0,1.918261,-57.193330,0,2574
117,80,23,24,1.918265,-57.202431,0,1.918266,-57.200886,0,2808
117,80,25,26,1.918265,-57.202431,0,1.918265,-57.202801,0,3042
117,80,27,28,1.918265,-57.202431,0,1.918265,-57.202331,0,3276
117,80,31,32,1.918265,-57.202431,0,1.918265,-57.202423,0,3744
117,160,15,16,2.378247,-61.363626,0,2.379010,-59.941517,0,1872
117,160,17,18,2.378247,-61.363626,0,2.377858,-60.870699,0,2106
117,160,19,20,2.378247,-61.363626,0,2.378305,-61.273247,0,2340
117,160,21,22,2.378247,-61.363626,0,2.378287,-61.345469,0,2574
117,160,23,24,2.378247,-61.363626,0,2.378253,-61.364527,0,2808
117,160,25,26,2.378247,-61.363626,0,2.378245,-61.364401,0,3042
117,160,27,28,2.378247,-61.363626,0,2.378247,-61.363193,0,3276
117,160,31,32,2.378247,-61.363626,0,2.378247,-61.363619,0,3744
118,1,15,16,0.240724,-37.149297,0,0.242000,-37.052889,0,1888
118,1,17,18,0.240724,-37.149297,0,0.241047,-37.128704,0,2124
118,1,19,20,0.240724,-37.149297,0,0.240748,-37.141469,0,2360
118,1,21,22,0.240724,-37.149297,0,0.240728,-37.151091,0,2596
118,1,23,24,0.240724,-37.149297,0,0.240723,-37.149433,0,2832
118,1,25,26,0.240724,-37.149297,0,0.240725,-37.149194,0,3068
118,1,27,28,0.240724,-37.149297,0,0.240723,-37.149305,0,3304
118,1,31,32,0.240724,-37.149297,0,0.240724,-37.149297,0,3776
118,2,15,16,0.354469,-39.815888,0,0.355284,-39.597032,0,1888
118,2,17,18,0.354469,-39.815888,0,0.354660,-39.800116,0,2124
118,2,19,20,0.354469,-39.815888,0,0.354451,-39.813947,0,2360
118,2,21,22,0.354469,-39.815888,0,0.354486,-39.816621,0,2596
118,2,23,24,0.354469,-39.815888,0,0.354464,-39.815623,0,2832
118,2,25,26,0.354469,-39.815888,0,0.354468,-39.815949,0,3068
118,2,27,28,0.354469,-39.815888,0,0.354469,-39.815913,0,3304
118,2,31,32,0.354469,-39.815888,0,0.354469,-39.815888,0,3776
118,5,15,16,0.569646,-43.636899,0,0.572679,-43.393080,0,1888
118,5,17,18,0.569646,-43.636899,0,0.569851,-43.606339,0,2124
118,5,19,20,0.569646,-43.636899,0,0.569637,-43.657634,0,2360
118,5,21,22,0.569646,-43.636899,0,0.569650,-43.633371,0,2596
118,5,23,24,0.569646,-43.636899,0,0.569645,-43.637059,0,2832
118,5,25,26,0.569646,-43.636899,0,0.569646,-43.637077,0,3068
118,5,27,28,0.569646,-43.636899,0,0.569646,-43.636922,0,3304
118,5,31,32,0.569646,-43.636899,0,0.569646,-43.636897,0,3776
118,10,15,16,0.756470,-47.220599,0,0.757704,-46.863457,0,1888
118,10,17,18,0.756470,-47.220599,0,0.756914,-47.134729,0,2124
118,10,19,20,0.756470,-47.220599,0,0.756422,-47.206118,0,2360
118,10,21,22,0.756470,-47.220599,0,0.756496,-47.219372,0,2596
118,10,23,24,0.756470,-47.220599,0,0.756461,-47.220964,0,2832
118,10,25,26,0.756470,-47.220599,0,0.756469,-47.220997,0,3068
118,10,27,28,0.756470,-47.220599,0,0.756470,-47.220576,0,3304
118,10,31,32,0.756470,-47.220599,0,0.756470,-47.220595,0,3776
118,20,15,16,0.996145,-50.751789,0,0.997818,-50.317773,0,1888
118,20,17,18,0.996145,-50.751789,0,0.996018,-50.732590,0,2124
118,20,19,20,0.996145,-50.751789,0,0.996251,-50.756127,0,2360
118,20,21,22,0.996145,-50.751789,0,0.996166,-50.748833,0,2596
118,20,23,24,0.996145,-50.751789,0,0.996149,-50.752245,0,2832
118,20,25,26,0.996145,-50.751789,0,0.996145,-50.752337,0,3068
118,20,27,28,0.996145,-50.751789,0,0.996145,-50.751737,0,3304
118,20,31,32,0.996145,-50.751789,0,0.996145,-50.751790,0,3776
118,40,15,16,1.409676,-53.701753,0,1.411566,-53.192276,0,1888
118,40,17,18,1.409676,-53.701753,0,1.409718,-53.519033,0,2124
118,40,19,20,1.409676,-53.701753,0,1.409741,-53.710577,0,2360
118,40,21,22,1.409676,-53.701753,0,1.409653,-53.699605,0,2596
118,40,23,24,1.409676,-53.701753,0,1.409686,-53.701470,0,2832
118,40,25,26,1.409676,-53.701753,0,1.409676,-53.701201,0,3068
118,40,27,28,1.409676,-53.701753,0,1.409677,-53.701579,0,3304
118,40,31,32,1.409676,-53.701753,0,1.409676,-53.701749,0,3776
118,80,15,16,1.892307,-57.295243,0,1.893212,-56.283616,0,1888
118,80,17,18,1.892307,-57.295243,0,1.892428,-56.875565,0,2124
118,80,19,20,1.892307,-57.295243,0,1.892162,-57.279458,0,2360
118,80,21,22,1.892307,-57.295243,0,1.892269,-57.293334,0,2596
118,80,23,24,1.892307,-57.295243,0,1.892310,-57.293419,0,2832
118,80,25,26,1.892307,-57.295243,0,1.892308,-57.295790,0,3068
118,80,27,28,1.892307,-57.295243,0,1.892307,-57.295300,0,3304
118,80,31,32,1.892307,-57.295243,0,1.892307,-57.295238,0,3776
118,160,15,16,2.379127,-61.361611,0,2.379273,-58.923409,0,1888
118,160,17,18,2.379127,-61.361611,0,2.379137,-60.603007,0,2124
118,160,19,20,2.379127,-61.361611,0,2.379089,-61.269156,0,2360
118,160,21,22,2.379127,-61.361611,0,2.379130,-61.356139,0,2596
118,160,23,24,2.379127,-61.361611,0,2.379123,-61.361455,0,2832
118,160,25,26,2.379127,-61.361611,0,2.379127,-61.359934,0,3068
118,160,27,28,2.379127,-61.361611,0,2.379127,-61.361442,0,3304
118,160,31,32,2.379127,-61.361611,0,2.379127,-61.361619,0,3776
119,1,15,16,0.241147,-37.143841,0,0.243737,-37.040939,0,1904
119,1,17,18,0.241147,-37.143841,0,0.241510,-37.133250,0,2142
119,1,19,20,0.241147,-37.143841,0,0.241213,-37.140462,0,2380
119,1,21,22,0.241147,-37.143841,0,0.241161,-37.144524,0,2618
119,1,23,24,0.241147,-37.143841,0,0.241149,-37.143621,0,2856
119,1,25,26,0.241147,-37.143841,0,0.241147,-37.143829,0,3094
119,1,27,28,0.241147,-37.143841,0,0.241147,-37.143840,0,3332
119,1,31,32,0.241147,-37.143841,0,0.241147,-37.143841,0,3808
119,2,15,16,0.336259,-40.273748,0,0.337810,-40.130564,0,1904
119,2,17,18,0.336259,-40.273748,0,0.336281,-40.247364,0,2142
119,2,19,20,0.336259,-40.273748,0,0.336237,-40.280904,0,2380
119,2,21,22,0.336259,-40.273748,0,0.336284,-40.273937,0,2618
119,2,23,24,0.336259,-40.273748,0,0.336262,-40.273677,0,2856
119,2,25,26,0.336259,-40.273748,0,0.336262,-40.273767,0,3094
119,2,27,28,0.336259,-40.273748,0,0.336258,-40.273760,0,3332
119,2,31,32,0.336259,-40.273748,0,0.336259,-40.273750,0,3808
119,5,15,16,0.554687,-43.874404,0,0.555246,-43.587646,0,1904
119,5,17,18,0.554687,-43.874404,0,0.554961,-43.814710,0,2142
119,5,19,20,0.554687,-43.874404,0,0.554654,-43.877769,0,2380
119,5,21,22,0.554687,-43.874404,0,0.554694,-43.873517,0,2618
119,5,23,24,0.554687,-43.874404,0,0.554684,-43.874290,0,2856
119,5,25,26,0.554687,-43.874404,0,0.554688,-43.874476,0,3094
119,5,27,28,0.554687,-43.874404,0,0.554687,-43.874429,0,3332
119,5,31,32,0.554687,-43.874404,0,0.554687,-43.874402,0,3808
119,10,15,16,0.752028,-47.267139,0,0.751722,-46.909999,0,1904
119,10,17,18,0.752028,-47.267139,0,0.752512,-47.191890,0,2142
119,10,19,20,0.752028,-47.267139,0,0.751894,-47.265757,0,2380
119,10,21,22,0.752028,-47.267139,0,0.752021,-47.267421,0,2618
119,10,23,24,0.752028,-47.267139,0,0.752025,-47.267704,0,2856
119,10,25,26,0.752028,-47.267139,0,0.752029,-47.266868,0,3094
119,10,27,28,0.752028,-47.267139,0,0.752028,-47.267155,0,3332
119,10,31,32,0.752028,-47.267139,0,0.752028,-47.267137,0,3808
119,20,15,16,0.962300,-51.053622,0,0.963200,-50.617586,0,1904
119,20,17,18,0.962300,-51.053622,0,0.962613,-51.004462,0,2142
119,20,19,20,0.962300,-51.053622,0,0.962275,-51.028093,0,2380
119,20,21,22,0.962300,-51.053622,0,0.962327,-51.050733,0,2618
119,20,23,24,0.962300,-51.053622,0,0.962300,-51.053139,0,2856
119,20,25,26,0.962300,-51.053622,0,0.962300,-51.053701,0,3094
119,20,27,28,0.962300,-51.053622,0,0.962299,-51.053561,0,3332
119,20,31,32,0.962300,-51.053622,0,0.962300,-51.053619,0,3808
119,40,15,16,1.349834,-54.099437,0,1.352365,-53.477531,0,1904
119,40,17,18,1.349834,-54.099437,0,1.349897,-54.063040,0,2142
119,40,19,20,1.349834,-54.099437,0,1.349850,-54.088040,0,2380
119,40,21,22,1.349834,-54.099437,0,1.349823,-54.090388,0,2618
119,40,23,24,1.349834,-54.099437,0,1.349835,-54.098065,0,2856
119,40,25,26,1.349834,-54.099437,0,1.349834,-54.099811,0,3094
119,40,27,28,1.349834,-54.099437,0,1.349834,-54.099341,0,3332
119,40,31,32,1.349834,-54.099437,0,1.349834,-54.099434,0,3808
119,80,15,16,1.848820,-57.518838,0,1.848607,-56.242233,0,1904
119,80,17,18,1.848820,-57.518838,0,1.849109,-57.181770,0,2142
119,80,19,20,1.848820,-57.518838,0,1.848976,-57.434512,0,2380
119,80,21,22,1.848820,-57.518838,0,1.848788,-57.527356,0,2618
119,80,23,24,1.848820,-57.518838,0,1.848825,-57.514095,0,2856
119,80,25,26,1.848820,-57.518838,0,1.848821,-57.518321,0,3094
119,80,27,28,1.848820,-57.518838,0,1.848819,-57.518677,0,3332
119,80,31,32,1.848820,-57.518838,0,1.848820,-57.518843,0,3808
119,160,15,16,2.366607,-61.414799,0,2.368141,-59.621458,0,1904
119,160,17,18,2.366607,-61.414799,0,2.366936,-60.830331,0,2142
119,160,19,20,2.366607,-61.414799,0,2.366491,-61.279774,0,2380
119,160,21,22,2.366607,-61.414799,0,2.366613,-61.400326,0,2618
119,160,23,24,2.366607,-61.414799,0,2.366618,-61.407882,0,2856
119,160,25,26,2.366607,-61.414799,0,2.366605,-61.413493,0,3094
119,160,27,28,2.366607,-61.414799,0,2.366606,-61.414778,0,3332
119,160,31,32,2.366607,-61.414799,0,2.366607,-61.414778,0,3808
120,1,15,16,0.240182,-37.179020,0,0.241012,-37.095007,0,1920
120,1,17,18,0.240182,-37.179020,0,0.240503,-37.158085,0,2160
120,1,19,20,0.240182,-37.179020,0,0.240252,-37.176387,0,2400
120,1,21,22,0.240182,-37.179020,0,0.240196,-37.179186,0,2640
120,1,23,24,0.240182,-37.179020,0,0.240179,-37.179304,0,2880
120,1,25,26,0.240182,-37.179020,0,0.240183,-37.179029,0,3120
120,1,27,28,0.240182,-37.179020,0,0.240182,-37.179020,0,3360
120,1,31,32,0.240182,-37.179020,0,0.240182,-37.179018,0,3840
120,2,15,16,0.319396,-40.693244,0,0.320787,-40.559172,0,1920
120,2,17,18,0.319396,-40.693244,0,0.319299,-40.678257,0,2160
120,2,19,20,0.319396,-40.693244,0,0.319383,-40.697929,0,2400
120,2,21,22,0.319396,-40.693244,0,0.319401,-40.692406,0,2640
120,2,23,24,0.319396,-40.693244,0,0.319404,-40.693405,0,2880
120,2,25,26,0.319396,-40.693244,0,0.319395,-40.693312,0,3120
120,2,27,28,0.319396,-40.693244,0,0.319396,-40.693246,0,3360
120,2,31,32,0.319396,-40.693244,0,0.319396,-40.693245,0,3840
120,5,15,16,0.534732,-44.215519,0,0.535078,-43.963367,0,1920
120,5,17,18,0.534732,-44.215519,0,0.534653,-44.169306,0,2160
120,5,19,20,0.534732,-44.215519,0,0.534714,-44.214221,0,2400
120,5,21,22,0.534732,-44.215519,0,0.534713,-44.210733,0,2640
120,5,23,24,0.534732,-44.215519,0,0.534726,-44.215553,0,2880
120,5,25,26,0.534732,-44.215519,0,0.534733,-44.215380,0,3120
120,5,27,28,0.534732,-44.215519,0,0.534732,-44.215539,0,3360
120,5,31,32,0.534732,-44.215519,0,0.534732,-44.215515,0,3840
120,10,15,16,0.741812,-47.378443,0,0.742226,-46.977637,0,1920
120,10,17,18,0.741812,-47.378443,0,0.741549,-47.266386,0,2160
120,10,19,20,0.741812,-47.378443,0,0.741806,-47.357450,0,2400
120,10,21,22,0.741812,-47.378443,0,0.741786,-47.382394,0,2640
120,10,23,24,0.741812,-47.378443,0,0.741811,-47.377480,0,2880
120,10,25,26,0.741812,-47.378443,0,0.741813,-47.378583,0,3120
120,10,27,28,0.741812,-47.378443,0,0.741812,-47.378495,0,3360
120,10,31,32,0.741812,-47.378443,0,0.741812,-47.378446,0,3840
120,20,15,16,0.962956,-51.048097,0,0.962593,-50.407710,0,1920
120,20,17,18,0.962956,-51.048097,0,0.963355,-50.984533,0,2160
120,20,19,20,0.962956,-51.048097,0,0.963024,-51.033768,0,2400
120,20,21,22,0.962956,-51.048097,0,0.962977,-51.047443,0,2640
120,20,23,24,0.962956,-51.048097,0,0.962960,-51.050325,0,2880
120,20,25,26,0.962956,-51.048097,0,0.962957,-51.047982,0,3120
120,20,27,28,0.962956,-51.048097,0,0.962956,-51.048181,0,3360
120,20,31,32,0.962956,-51.048097,0,0.962956,-51.048096,0,3840
120,40,15,16,1.283092,-54.587069,0,1.284037,-53.551640,0,1920
120,40,17,18,1.283092,-54.587069,0,1.283104,-54.289127,0,2160
120,40,19,20,1.283092,-54.587069,0,1.282917,-54.560591,0,2400
120,40,21,22,1.283092,-54.587069,0,1.283092,-54.582073,0,2640
120,40,23,24,1.283092,-54.587069,0,1.283095,-54.590567,0,2880
120,40,25,26,1.283092,-54.587069,0,1.283092,-54.586665,0,3120
120,40,27,28,1.283092,-54.587069,0,1.283092,-54.587092,0,3360
120,40,31,32,1.283092,-54.587069,0,1.283092,-54.587077,0,3840
120,80,15,16,1.790006,-57.775982,0,1.789073,-56.287496,0,1920
120,80,17,18,1.790006,-57.775982,0,1.789678,-57.598463,0,2160
120,80,19,20,1.790006,-57.775982,0,1.790063,-57.763249,0,2400
120,80,21,22,1.790006,-57.775982,0,1.790022,-57.775624,0,2640
120,80,23,24,1.790006,-57.775982,0,1.790006,-57.773305,0,2880
120,80,25,26,1.790006,-57.775982,0,1.790005,-57.776236,0,3120
120,80,27,28,1.790006,-57.775982,0,1.790006,-57.775949,0,3360
120,80,31,32,1.790006,-57.775982,0,1.790006,-57.775983,0,3840
120,160,15,16,2.343652,-61.509300,0,2.345060,-59.292906,0,1920
120,160,17,18,2.343652,-61.509300,0,2.343577,-61.065296,0,2160
120,160,19,20,2.343652,-61.509300,0,2.343660,-61.366494,0,2400
120,160,21,22,2.343652,-61.509300,0,2.343638,-61.504167,0,2640
120,160,23,24,2.343652,-61.509300,0,2.343644,-61.504471,0,2880
120,160,25,26,2.343652,-61.509300,0,2.343651,-61.509788,0,3120
120,160,27,28,2.343652,-61.509300,0,2.343652,-61.509997,0,3360
120,160,31,32,2.343652,-61.509300,0,2.343652,-61.509294,0,3840
121,1,15,16,0.237261,-37.276906,0,0.240058,-37.194208,0,1936
121,1,17,18,0.237261,-37.276906,0,0.237706,-37.271930,0,2178
121,1,19,20,0.237261,-37.276906,0,0.237429,-37.271448,0,2420
121,1,21,22,0.237261,-37.276906,0,0.237270,-37.277871,0,2662
121,1,23,24,0.237261,-37.276906,0,0.237256,-37.276785,0,2904
121,1,25,26,0.237261,-37.276906,0,0.237261,-37.276875,0,3146
121,1,27,28,0.237261,-37.276906,0,0.237261,-37.276903,0,3388
121,1,31,32,0.237261,-37.276906,0,0.237261,-37.276905,0,3872
121,2,15,16,0.319527,-40.702848,0,0.321018,-40.516032,0,1936
121,2,17,18,0.319527,-40.702848,0,0.319476,-40.694262,0,2178
121,2,19,20,0.319527,-40.702848,0,0.319591,-40.705040,0,2420
121,2,21,22,0.319527,-40.702848,0,0.319503,-40.701529,0,2662
121,2,23,24,0.319527,-40.702848,0,0.319525,-40.702764,0,2904
121,2,25,26,0.319527,-40.702848,0,0.319526,-40.702891,0,3146
121,2,27,28,0.319527,-40.702848,0,0.319527,-40.702823,0,3388
121,2,31,32,0.319527,-40.702848,0,0.319527,-40.702848,0,3872
121,5,15,16,0.510329,-44.593851,0,0.511189,-44.313704,0,1936
121,5,17,18,0.510329,-44.593851,0,0.510370,-44.567725,0,2178
121,5,19,20,0.510329,-44.593851,0,0.510491,-44.590268,0,2420
121,5,21,22,0.510329,-44.593851,0,0.510322,-44.596841,0,2662
121,5,23,24,0.510329,-44.593851,0,0.510330,-44.593971,0,2904
121,5,25,26,0.510329,-44.593851,0,0.510329,-44.593551,0,3146
121,5,27,28,0.510329,-44.593851,0,0.510329,-44.593889,0,3388
121,5,31,32,0.510329,-44.593851,0,0.510329,-44.593848,0,3872
121,10,15,16,0.725375,-47.585032,0,0.724670,-47.286806,0,1936
121,10,17,18,0.725375,-47.585032,0,0.725278,-47.486404,0,2178
121,10,19,20,0.725375,-47.585032,0,0.725345,-47.575969,0,2420
121,10,21,22,0.725375,-47.585032,0,0.725375,-47.581746,0,2662
121,10,23,24,0.725375,-47.585032,0,0.725380,-47.585620,0,2904
121,10,25,26,0.725375,-47.585032,0,0.725375,-47.585030,0,3146
121,10,27,28,0.725375,-47.585032,0,0.725376,-47.585039,0,3388
121,10,31,32,0.725375,-47.585032,0,0.725375,-47.585033,0,3872
121,20,15,16,0.961665,-51.110505,0,0.964059,-50.664123,0,1936
121,20,17,18,0.961665,-51.110505,0,0.961380,-51.036287,0,2178
121,20,19,20,0.961665,-51.110505,0,0.961516,-51.072333,0,2420
121,20,21,22,0.961665,-51.110505,0,0.961662,-51.111229,0,2662
121,20,23,24,0.961665,-51.110505,0,0.961664,-51.112245,0,2904
121,20,25,26,0.961665,-51.110505,0,0.961664,-51.110225,0,3146
121,20,27,28,0.961665,-51.110505,0,0.961665,-51.110594,0,3388
121,20,31,32,0.961665,-51.110505,0,0.961665,-51.110502,0,3872
121,40,15,16,1.216519,-55.058280,0,1.216727,-54.059591,0,1936
121,40,17,18,1.216519,-55.058280,0,1.216970,-54.871309,0,2178
121,40,19,20,1.216519,-55.058280,0,1.216504,-55.056547,0,2420
121,40,21,22,1.216519,-55.058280,0,1.216540,-55.060895,0,2662
121,40,23,24,1.216519,-55.058280,0,1.216523,-55.062069,0,2904
121,40,25,26,1.216519,-55.058280,0,1.216519,-55.058348,0,3146
121,40,27,28,1.216519,-55.058280,0,1.216519,-55.058306,0,3388
121,40,31,32,1.216519,-55.058280,0,1.216519,-55.058286,0,3872
121,80,15,16,1.717946,-58.125758,0,1.717439,-56.638983,0,1936
121,80,17,18,1.717946,-58.125758,0,1.718290,-57.825905,0,2178
121,80,19,20,1.717946,-58.125758,0,1.717982,-58.108810,0,2420
121,80,21,22,1.717946,-58.125758,0,1.717933,-58.105909,0,2662
121,80,23,24,1.717946,-58.125758,0,1.717952,-58.129240,0,2904
121,80,25,26,1.717946,-58.125758,0,1.717946,-58.125931,0,3146
121,80,27,28,1.717946,-58.125758,0,1.717946,-58.125756,0,3388
121,80,31,32,1.717946,-58.125758,0,1.717947,-58.125760,0,3872
121,160,15,16,2.301001,-61.673015,0,2.299918,-59.600799,0,1936
121,160,17,18,2.301001,-61.673015,0,2.300850,-61.252962,0,2178
121,160,19,20,2.301001,-61.673015,0,2.300937,-61.515775,0,2420
121,160,21,22,2.301001,-61.673015,0,2.300958,-61.635029,0,2662
121,160,23,24,2.301001,-61.673015,0,2.301001,-61.665165,0,2904
121,160,25,26,2.301001,-61.673015,0,2.301003,-61.670947,0,3146
121,160,27,28,2.301001,-61.673015,0,2.301001,-61.673180,0,3388
121,160,31,32,2.301001,-61.673015,0,2.301001,-61.673020,0,3872
122,1,15,16,0.232327,-37.457381,0,0.235642,-37.330206,0,1952
122,1,17,18,0.232327,-37.457381,0,0.232362,-37.434407,0,2196
122,1,19,20,0.232327,-37.457381,0,0.232334,-37.453808,0,2440
122,1,21,22,0.232327,-37.457381,0,0.232319,-37.456994,0,2684
122,1,23,24,0.232327,-37.457381,0,0.232320,-37.457126,0,2928
122,1,25,26,0.232327,-37.457381,0,0.232326,-37.457429,0,3172
122,1,27,28,0.232327,-37.457381,0,0.232328,-37.457377,0,3416
122,1,31,32,0.232327,-37.457381,0,0.232327,-37.457380,0,3904
122,2,15,16,0.318896,-40.717983,0,0.320397,-40.535738,0,1952
122,2,17,18,0.318896,-40.717983,0,0.319035,-40.703368,0,2196
122,2,19,20,0.318896,-40.717983,0,0.318792,-40.715540,0,2440
122,2,21,22,0.318896,-40.717983,0,0.318890,-40.718156,0,2684
122,2,23,24,0.318896,-40.717983,0,0.318899,-40.717917,0,2928
122,2,25,26,0.318896,-40.717983,0,0.318894,-40.717909,0,3172
122,2,27,28,0.318896,-40.717983,0,0.318896,-40.717989,0,3416
122,2,31,32,0.318896,-40.717983,0,0.318896,-40.717981,0,3904
122,5,15,16,0.485184,-45.042900,0,0.487565,-44.735962,0,1952
122,5,17,18,0.485184,-45.042900,0,0.485275,-45.001229,0,2196
122,5,19,20,0.485184,-45.042900,0,0.485112,-45.036611,0,2440
122,5,21,22,0.485184,-45.042900,0,0.485216,-45.043295,0,2684
122,5,23,24,0.485184,-45.042900,0,0.485190,-45.042637,0,2928
122,5,25,26,0.485184,-45.042900,0,0.485183,-45.043140,0,3172
122,5,27,28,0.485184,-45.042900,0,0.485184,-45.042903,0,3416
122,5,31,32,0.485184,-45.042900,0,0.485184,-45.042894,0,3904
122,10,15,16,0.701363,-47.869977,0,0.702054,-47.450934,0,1952
122,10,17,18,0.701363,-47.869977,0,0.701087,-47.760381,0,2196
122,10,19,20,0.701363,-47.869977,0,0.701468,-47.855113,0,2440
122,10,21,22,0.701363,-47.869977,0,0.701348,-47.869550,0,2684
122,10,23,24,0.701363,-47.869977,0,0.701364,-47.870220,0,2928
122,10,25,26,0.701363,-47.869977,0,0.701363,-47.869770,0,3172
122,10,27,28,0.701363,-47.869977,0,0.701363,-47.870020,0,3416
122,10,31,32,0.701363,-47.869977,0,0.701363,-47.869977,0,3904
122,20,15,16,0.951842,-51.191698,0,0.952840,-50.718500,0,1952
122,20,17,18,0.951842,-51.191698,0,0.952063,-51.149856,0,2196
122,20,19,20,0.951842,-51.191698,0,0.951917,-51.188403,0,2440
122,20,21,22,0.951842,-51.191698,0,0.951854,-51.196091,0,2684
122,20,23,24,0.951842,-51.191698,0,0.951849,-51.191050,0,2928
122,20,25,26,0.951842,-51.191698,0,0.951841,-51.191628,0,3172
122,20,27,28,0.951842,-51.191698,0,0.951842,-51.191815,0,3416
122,20,31,32,0.951842,-51.191698,0,0.951842,-51.191699,0,3904
122,40,15,16,1.216167,-55.066576,0,1.218095,-53.909252,0,1952
122,40,17,18,1.216167,-55.066576,0,1.216456,-54.773870,0,2196
122,40,19,20,1.216167,-55.066576,0,1.216159,-55.038085,0,2440
122,40,21,22,1.216167,-55.066576,0,1.216147,-55.060337,0,2684
122,40,23,24,1.216167,-55.066576,0,1.216175,-55.066489,0,2928
122,40,25,26,1.216167,-55.066576,0,1.216166,-55.067020,0,3172
122,40,27,28,1.216167,-55.066576,0,1.216167,-55.066559,0,3416
122,40,31,32,1.216167,-55.066576,0,1.216167,-55.066588,0,3904
122,80,15,16,1.640393,-58.568617,0,1.640256,-57.403797,0,1952
122,80,17,18,1.640393,-58.568617,0,1.640151,-58.081420,0,2196
122,80,19,20,1.640393,-58.568617,0,1.640385,-58.462846,0,2440
122,80,21,22,1.640393,-58.568617,0,1.640363,-58.554528,0,2684
122,80,23,24,1.640393,-58.568617,0,1.640400,-58.569499,0,2928
122,80,25,26,1.640393,-58.568617,0,1.640394,-58.568581,0,3172
122,80,27,28,1.640393,-58.568617,0,1.640393,-58.568657,0,3416
122,80,31,32,1.640393,-58.568617,0,1.640393,-58.568612,0,3904
122,160,15,16,2.239009,-61.907271,0,2.241206,-60.003781,0,1952
122,160,17,18,2.239009,-61.907271,0,2.239017,-61.315395,0,2196
122,160,19,20,2.239009,-61.907271,0,2.238973,-61.822337,0,2440
122,160,21,22,2.239009,-61.907271,0,2.238980,-61.875410,0,2684
122,160,23,24,2.239009,-61.907271,0,2.239010,-61.903771,0,2928
122,160,25,26,2.239009,-61.907271,0,2.239009,-61.905953,0,3172
122,160,27,28,2.239009,-61.907271,0,2.239008,-61.907107,0,3416
122,160,31,32,2.239009,-61.907271,0,2.239009,-61.907274,0,3904
123,1,15,16,0.225435,-37.727264,0,0.225890,-37.594285,0,1968
123,1,17,18,0.225435,-37.727264,0,0.225658,-37.707082,0,2214
123,1,19,20,0.225435,-37.727264,0,0.225561,-37.723250,0,2460
123,1,21,22,0.225435,-37.727264,0,0.225433,-37.725938,0,2706
123,1,23,24,0.225435,-37.727264,0,0.225435,-37.726872,0,2952
123,1,25,26,0.225435,-37.727264,0,0.225434,-37.727278,0,3198
123,1,27,28,0.225435,-37.727264,0,0.225435,-37.727260,0,3444
123,1,31,32,0.225435,-37.727264,0,0.225435,-37.727264,0,3936
123,2,15,16,0.316549,-40.796989,0,0.318943,-40.664301,0,1968
123,2,17,18,0.316549,-40.796989,0,0.316644,-40.763679,0,2214
123,2,19,20,0.316549,-40.796989,0,0.316510,-40.799527,0,2460
123,2,21,22,0.316549,-40.796989,0,0.316585,-40.797849,0,2706
123,2,23,24,0.316549,-40.796989,0,0.316554,-40.796546,0,2952
123,2,25,26,0.316549,-40.796989,0,0.316549,-40.797018,0,3198
123,2,27,28,0.316549,-40.796989,0,0.316549,-40.796974,0,3444
123,2,31,32,0.316549,-40.796989,0,0.316549,-40.796990,0,3936
123,5,15,16,0.459067,-45.528696,0,0.461493,-45.196284,0,1968
123,5,17,18,0.459067,-45.528696,0,0.458660,-45.481759,0,2214
123,5,19,20,0.459067,-45.528696,0,0.458984,-45.520759,0,2460
123,5,21,22,0.459067,-45.528696,0,0.459048,-45.526254,0,2706
123,5,23,24,0.459067,-45.528696,0,0.459070,-45.527098,0,2952
123,5,25,26,0.459067,-45.528696,0,0.459067,-45.528541,0,3198
123,5,27,28,0.459067,-45.528696,0,0.459067,-45.528710,0,3444
123,5,31,32,0.459067,-45.528696,0,0.459067,-45.528695,0,3936
123,10,15,16,0.672987,-48.235126,0,0.672991,-47.767479,0,1968
123,10,17,18,0.672987,-48.235126,0,0.673161,-48.108771,0,2214
123,10,19,20,0.672987,-48.235126,0,0.672961,-48.209987,0,2460
123,10,21,22,0.672987,-48.235126,0,0.672998,-48.236337,0,2706
123,10,23,24,0.672987,-48.235126,0,0.672987,-48.234586,0,2952
123,10,25,26,0.672987,-48.235126,0,0.672987,-48.235033,0,3198
123,10,27,28,0.672987,-48.235126,0,0.672987,-48.235113,0,3444
123,10,31,32,0.672987,-48.235126,0,0.672987,-48.235123,0,3936
123,20,15,16,0.933679,-51.360064,0,0.934373,-50.699973,0,1968
123,20,17,18,0.933679,-51.360064,0,0.933442,-51.227782,0,2214
123,20,19,20,0.933679,-51.360064,0,0.933720,-51.389064,0,2460
123,20,21,22,0.933679,-51.360064,0,0.933691,-51.364035,0,2706
123,20,23,24,0.933679,-51.360064,0,0.933679,-51.358698,0,2952
123,20,25,26,0.933679,-51.360064,0,0.933680,-51.360311,0,3198
123,20,27,28,0.933679,-51.360064,0,0.933679,-51.360023,0,3444
123,20,31,32,0.933679,-51.360064,0,0.933679,-51.360074,0,3936
123,40,15,16,1.213124,-55.041582,0,1.214346,-54.101054,0,1968
123,40,17,18,1.213124,-55.041582,0,1.213410,-54.850591,0,2214
123,40,19,20,1.213124,-55.041582,0,1.213025,-55.031785,0,2460
123,40,21,22,1.213124,-55.041582,0,1.213142,-55.049783,0,2706
123,40,23,24,1.213124,-55.041582,0,1.213126,-55.042471,0,2952
123,40,25,26,1.213124,-55.041582,0,1.213123,-55.042458,0,3198
123,40,27,28,1.213124,-55.041582,0,1.213124,-55.041529,0,3444
123,40,31,32,1.213124,-55.041582,0,1.213124,-55.041588,0,3936
123,80,15,16,1.555930,-59.022968,0,1.557077,-57.820772,0,1968
123,80,17,18,1.555930,-59.022968,0,1.556111,-58.692652,0,2214
123,80,19,20,1.555930,-59.022968,0,1.555873,-58.945647,0,2460
123,80,21,22,1.555930,-59.022968,0,1.555937,-59.013372,0,2706
123,80,23,24,1.555930,-59.022968,0,1.555928,-59.019833,0,2952
123,80,25,26,1.555930,-59.022968,0,1.555930,-59.023622,0,3198
123,80,27,28,1.555930,-59.022968,0,1.555930,-59.023143,0,3444
123,80,31,32,1.555930,-59.022968,0,1.555930,-59.022960,0,3936
123,160,15,16,2.160197,-62.219839,0,2.159496,-60.212201,0,1968
123,160,17,18,2.160197,-62.219839,0,2.160168,-61.366404,0,2214
123,160,19,20,2.160197,-62.219839,0,2.160251,-62.105913,0,2460
123,160,21,22,2.160197,-62.219839,0,2.160179,-62.203884,0,2706
123,160,23,24,2.160197,-62.219839,0,2.160191,-62.219905,0,2952
123,160,25,26,2.160197,-62.219839,0,2.160197,-62.221010,0,3198
123,160,27,28,2.160197,-62.219839,0,2.160196,-62.220281,0,3444
123,160,31,32,2.160197,-62.219839,0,2.160197,-62.219838,0,3936
124,1,15,16,0.216915,-38.077336,0,0.217935,-37.959502,0,1984
124,1,17,18,0.216915,-38.077336,0,0.217418,-38.057019,0,2232
124,1,19,20,0.216915,-38.077336,0,0.216992,-38.078062,0,2480
124,1,21,22,0.216915,-38.077336,0,0.216922,-38.077256,0,2728
124,1,23,24,0.216915,-38.077336,0,0.216917,-38.077346,0,2976
124,1,25,26,0.216915,-38.077336,0,0.216914,-38.077395,0,3224
124,1,27,28,0.216915,-38.077336,0,0.216915,-38.077306,0,3472
124,1,31,32,0.216915,-38.077336,0,0.216915,-38.077334,0,3968
124,2,15,16,0.311103,-40.932748,0,0.313429,-40.825494,0,1984
124,2,17,18,0.311103,-40.932748,0,0.311562,-40.908685,0,2232
124,2,19,20,0.311103,-40.932748,0,0.311151,-40.931045,0,2480
124,2,21,22,0.311103,-40.932748,0,0.311082,-40.934648,0,2728
124,2,23,24,0.311103,-40.932748,0,0.311105,-40.933156,0,2976
124,2,25,26,0.311103,-40.932748,0,0.311104,-40.932681,0,3224
124,2,27,28,0.311103,-40.932748,0,0.311102,-40.932708,0,3472
124,2,31,32,0.311103,-40.932748,0,0.311103,-40.932747,0,3968
124,5,15,16,0.456676,-45.577852,0,0.460208,-45.260716,0,1984
124,5,17,18,0.456676,-45.577852,0,0.456624,-45.478571,0,2232
124,5,19,20,0.456676,-45.577852,0,0.456821,-45.580363,0,2480
124,5,21,22,0.456676,-45.577852,0,0.456679,-45.575965,0,2728
124,5,23,24,0.456676,-45.577852,0,0.456680,-45.577238,0,2976
124,5,25,26,0.456676,-45.577852,0,0.456679,-45.577790,0,3224
124,5,27,28,0.456676,-45.577852,0,0.456676,-45.577760,0,3472
124,5,31,32,0.456676,-45.577852,0,0.456676,-45.577850,0,3968
124,10,15,16,0.641085,-48.651452,0,0.642218,-48.281202,0,1984
124,10,17,18,0.641085,-48.651452,0,0.641149,-48.533557,0,2232
124,10,19,20,0.641085,-48.651452,0,0.641069,-48.632781,0,2480
124,10,21,22,0.641085,-48.651452,0,0.641068,-48.648261,0,2728
124,10,23,24,0.641085,-48.651452,0,0.641094,-48.651012,0,2976
124,10,25,26,0.641085,-48.651452,0,0.641085,-48.651746,0,3224
124,10,27,28,0.641085,-48.651452,0,0.641086,-48.651453,0,3472
124,10,31,32,0.641085,-48.651452,0,0.641085,-48.651448,0,3968
124,20,15,16,0.906756,-51.577302,0,0.907294,-51.168397,0,1984
124,20,17,18,0.906756,-51.577302,0,0.907029,-51.476924,0,2232
124,20,19,20,0.906756,-51.577302,0,0.906694,-51.554934,0,2480
124,20,21,22,0.906756,-51.577302,0,0.906775,-51.576707,0,2728
124,20,23,24,0.906756,-51.577302,0,0.906766,-51.578622,0,2976
124,20,25,26,0.906756,-51.577302,0,0.906757,-51.577262,0,3224
124,20,27,28,0.906756,-51.577302,0,0.906756,-51.577295,0,3472
124,20,31,32,0.906756,-51.577302,0,0.906756,-51.577301,0,3968
124,40,15,16,1.205794,-55.108436,0,1.207865,-54.528059,0,1984
124,40,17,18,1.205794,-55.108436,0,1.206267,-54.984477,0,2232
124,40,19,20,1.205794,-55.108436,0,1.205823,-55.128010,0,2480
124,40,21,22,1.205794,-55.108436,0,1.205776,-55.104529,0,2728
124,40,23,24,1.205794,-55.108436,0,1.205788,-55.109655,0,2976
124,40,25,26,1.205794,-55.108436,0,1.205793,-55.109011,0,3224
124,40,27,28,1.205794,-55.108436,0,1.205794,-55.108513,0,3472
124,40,31,32,1.205794,-55.108436,0,1.205794,-55.108435,0,3968
124,80,15,16,1.518310,-59.235878,0,1.520175,-57.779018,0,1984
124,80,17,18,1.518310,-59.235878,0,1.518814,-58.803217,0,2232
124,80,19,20,1.518310,-59.235878,0,1.518375,-59.170318,0,2480
124,80,21,22,1.518310,-59.235878,0,1.518288,-59.226070,0,2728
124,80,23,24,1.518310,-59.235878,0,1.518312,-59.236274,0,2976
124,80,25,26,1.518310,-59.235878,0,1.518310,-59.235935,0,3224
124,80,27,28,1.518310,-59.235878,0,1.518310,-59.235714,0,3472
124,80,31,32,1.518310,-59.235878,0,1.518310,-59.235861,0,3968
124,160,15,16,2.065011,-62.566687,0,2.065988,-60.619771,0,1984
124,160,17,18,2.065011,-62.566687,0,2.064938,-62.062013,0,2232
124,160,19,20,2.065011,-62.566687,0,2.065038,-62.442344,0,2480
124,160,21,22,2.065011,-62.566687,0,2.065014,-62.562888,0,2728
124,160,23,24,2.065011,-62.566687,0,2.065012,-62.559617,0,2976
124,160,25,26,2.065011,-62.566687,0,2.065012,-62.565372,0,3224
124,160,27,28,2.065011,-62.566687,0,2.065011,-62.566633,0,3472
124,160,31,32,2.065011,-62.566687,0,2.065011,-62.566700,0,3968
125,1,15,16,0.207128,-38.491782,0,0.207675,-38.358974,0,2000
125,1,17,18,0.207128,-38.491782,0,0.207335,-38.478622,0,2250
125,1,19,20,0.207128,-38.491782,0,0.207065,-38.488085,0,2500
125,1,21,22,0.207128,-38.491782,0,0.207141,-38.492868,0,2750
125,1,23,24,0.207128,-38.491782,0,0.207123,-38.491619,0,3000
125,1,25,26,0.207128,-38.491782,0,0.207128,-38.491814,0,3250
125,1,27,28,0.207128,-38.491782,0,0.207128,-38.491752,0,3500
125,1,31,32,0.207128,-38.491782,0,0.207128,-38.491783,0,4000
125,2,15,16,0.303517,-41.161456,0,0.306533,-41.019452,0,2000
125,2,17,18,0.303517,-41.161456,0,0.303862,-41.143738,0,2250
125,2,19,20,0.303517,-41.161456,0,0.303586,-41.168228,0,2500
125,2,21,22,0.303517,-41.161456,0,0.303519,-41.159114,0,2750
125,2,23,24,0.303517,-41.161456,0,0.303505,-41.160886,0,3000
125,2,25,26,0.303517,-41.161456,0,0.303516,-41.161440,0,3250
125,2,27,28,0.303517,-41.161456,0,0.303517,-41.161480,0,3500
125,2,31,32,0.303517,-41.161456,0,0.303517,-41.161458,0,4000
125,5,15,16,0.455721,-45.592172,0,0.457509,-45.298040,0,2000
125,5,17,18,0.455721,-45.592172,0,0.455990,-45.537261,0,2250
125,5,19,20,0.455721,-45.592172,0,0.455703,-45.589639,0,2500
125,5,21,22,0.455721,-45.592172,0,0.455724,-45.588213,0,2750
125,5,23,24,0.455721,-45.592172,0,0.455729,-45.592622,0,3000
125,5,25,26,0.455721,-45.592172,0,0.455722,-45.592365,0,3250
125,5,27,28,0.455721,-45.592172,0,0.455721,-45.592127,0,3500
125,5,31,32,0.455721,-45.592172,0,0.455721,-45.592167,0,4000
125,10,15,16,0.606942,-49.119935,0,0.609524,-48.589537,0,2000
125,10,17,18,0.606942,-49.119935,0,0.606934,-49.011267,0,2250
125,10,19,20,0.606942,-49.119935,0,0.606928,-49.107892,0,2500
125,10,21,22,0.606942,-49.119935,0,0.606980,-49.114026,0,2750
125,10,23,24,0.606942,-49.119935,0,0.606942,-49.120234,0,3000
125,10,25,26,0.606942,-49.119935,0,0.606943,-49.119684,0,3250
125,10,27,28,0.606942,-49.119935,0,0.606942,-49.119849,0,3500
125,10,31,32,0.606942,-49.119935,0,0.606942,-49.119928,0,4000
125,20,15,16,0.873826,-51.897318,0,0.874625,-51.519213,0,2000
125,20,17,18,0.873826,-51.897318,0,0.874051,-51.835194,0,2250
125,20,19,20,0.873826,-51.897318,0,0.873735,-51.872679,0,2500
125,20,21,22,0.873826,-51.897318,0,0.873864,-51.904481,0,2750
125,20,23,24,0.873826,-51.897318,0,0.873823,-51.895907,0,3000
125,20,25,26,0.873826,-51.897318,0,0.873826,-51.897549,0,3250
125,20,27,28,0.873826,-51.897318,0,0.873826,-51.897219,0,3500
125,20,31,32,0.873826,-51.897318,0,0.873826,-51.897305,0,4000
125,40,15,16,1.187899,-55.217943,0,1.188955,-54.508506,0,2000
125,40,17,18,1.187899,-55.217943,0,1.187797,-55.055148,0,2250
125,40,19,20,1.187899,-55.217943,0,1.187982,-55.284525,0,2500
125,40,21,22,1.187899,-55.217943,0,1.187909,-55.214752,0,2750
125,40,23,24,1.187899,-55.217943,0,1.187899,-55.218593,0,3000
125,40,25,26,1.187899,-55.217943,0,1.187900,-55.218211,0,3250
125,40,27,28,1.187899,-55.217943,0,1.187899,-55.218010,0,3500
125,40,31,32,1.187899,-55.217943,0,1.187899,-55.217940,0,4000
125,80,15,16,1.518177,-59.214863,0,1.519602,-57.854088,0,2000
125,80,17,18,1.518177,-59.214863,0,1.518315,-58.867784,0,2250
125,80,19,20,1.518177,-59.214863,0,1.518090,-59.152789,0,2500
125,80,21,22,1.518177,-59.214863,0,1.518153,-59.217834,0,2750
125,80,23,24,1.518177,-59.214863,0,1.518181,-59.215117,0,3000
125,80,25,26,1.518177,-59.214863,0,1.518178,-59.215582,0,3250
125,80,27,28,1.518177,-59.214863,0,1.518177,-59.214690,0,3500
125,80,31,32,1.518177,-59.214863,0,1.518177,-59.214872,0,4000
125,160,15,16,1.963911,-62.986390,0,1.965951,-60.686888,0,2000
125,160,17,18,1.963911,-62.986390,0,1.963809,-62.240227,0,2250
125,160,19,20,1.963911,-62.986390,0,1.963880,-62.881140,0,2500
125,160,21,22,1.963911,-62.986390,0,1.963901,-62.986545,0,2750
125,160,23,24,1.963911,-62.986390,0,1.963909,-62.989832,0,3000
125,160,25,26,1.963911,-62.986390,0,1.963910,-62.987115,0,3250
125,160,27,28,1.963911,-62.986390,0,1.963911,-62.985986,0,3500
125,160,31,32,1.963911,-62.986390,0,1.963911,-62.986403,0,4000
126,1,15,16,0.196011,-38.946536,0,0.197015,-38.854899,0,2016
126,1,17,18,0.196011,-38.946536,0,0.196265,-38.930627,0,2268
126,1,19,20,0.196011,-38.946536,0,0.196034,-38.947807,0,2520
126,1,21,22,0.196011,-38.946536,0,0.196001,-38.946507,0,2772
126,1,23,24,0.196011,-38.946536,0,0.196011,-38.946630,0,3024
126,1,25,26,0.196011,-38.946536,0,0.196010,-38.946577,0,3276
126,1,27,28,0.196011,-38.946536,0,0.196010,-38.946531,0,3528
126,1,31,32,0.196011,-38.946536,0,0.196011,-38.946535,0,4032
126,2,15,16,0.292150,-41.445366,0,0.294014,-41.275731,0,2016
126,2,17,18,0.292150,-41.445366,0,0.292203,-41.438294,0,2268
126,2,19,20,0.292150,-41.445366,0,0.292257,-41.454991,0,2520
126,2,21,22,0.292150,-41.445366,0,0.292137,-41.442056,0,2772
126,2,23,24,0.292150,-41.445366,0,0.292144,-41.445303,0,3024
126,2,25,26,0.292150,-41.445366,0,0.292148,-41.445275,0,3276
126,2,27,28,0.292150,-41.445366,0,0.292150,-41.445363,0,3528
126,2,31,32,0.292150,-41.445366,0,0.292150,-41.445365,0,4032
126,5,15,16,0.452899,-45.654139,0,0.454802,-45.388630,0,2016
126,5,17,18,0.452899,-45.654139,0,0.453043,-45.584341,0,2268
126,5,19,20,0.452899,-45.654139,0,0.452901,-45.647635,0,2520
126,5,21,22,0.452899,-45.654139,0,0.452907,-45.653812,0,2772
126,5,23,24,0.452899,-45.654139,0,0.452899,-45.653236,0,3024
126,5,25,26,0.452899,-45.654139,0,0.452898,-45.654133,0,3276
126,5,27,28,0.452899,-45.654139,0,0.452899,-45.654148,0,3528
126,5,31,32,0.452899,-45.654139,0,0.452899,-45.654139,0,4032
126,10,15,16,0.589543,-49.377275,0,0.588412,-48.917422,0,2016
126,10,17,18,0.589543,-49.377275,0,0.589768,-49.238969,0,2268
126,10,19,20,0.589543,-49.377275,0,0.589551,-49.363078,0,2520
126,10,21,22,0.589543,-49.377275,0,0.589512,-49.376030,0,2772
126,10,23,24,0.589543,-49.377275,0,0.589546,-49.377828,0,3024
126,10,25,26,0.589543,-49.377275,0,0.589545,-49.377024,0,3276
126,10,27,28,0.589543,-49.377275,0,0.589543,-49.377246,0,3528
126,10,31,32,0.589543,-49.377275,0,0.589543,-49.377276,0,4032
126,20,15,16,0.833850,-52.254042,0,0.833859,-51.626565,0,2016
126,20,17,18,0.833850,-52.254042,0,0.833748,-52.220937,0,2268
126,20,19,20,0.833850,-52.254042,0,0.833896,-52.225405,0,2520
126,20,21,22,0.833850,-52.254042,0,0.833870,-52.252307,0,2772
126,20,23,24,0.833850,-52.254042,0,0.833852,-52.252659,0,3024
126,20,25,26,0.833850,-52.254042,0,0.833850,-52.254230,0,3276
126,20,27,28,0.833850,-52.254042,0,0.833850,-52.254064,0,3528
126,20,31,32,0.833850,-52.254042,0,0.833850,-52.254048,0,4032
126,40,15,16,1.160272,-55.447182,0,1.162277,-54.584639,0,2016
126,40,17,18,1.160272,-55.447182,0,1.160532,-55.155785,0,2268
126,40,19,20,1.160272,-55.447182,0,1.160186,-55.490500,0,2520
126,40,21,22,1.160272,-55.447182,0,1.160265,-55.432955,0,2772
126,40,23,24,1.160272,-55.447182,0,1.160275,-55.443302,0,3024
126,40,25,26,1.160272,-55.447182,0,1.160272,-55.447305,0,3276
126,40,27,28,1.160272,-55.447182,0,1.160272,-55.446976,0,3528
126,40,31,32,1.160272,-55.447182,0,1.160272,-55.447184,0,4032
126,80,15,16,1.512496,-59.254552,0,1.510825,-57.599336,0,2016
126,80,17,18,1.512496,-59.254552,0,1.512860,-58.862767,0,2268
126,80,19,20,1.512496,-59.254552,0,1.512675,-59.149321,0,2520
126,80,21,22,1.512496,-59.254552,0,1.512508,-59.268418,0,2772
126,80,23,24,1.512496,-59.254552,0,1.512496,-59.250535,0,3024
126,80,25,26,1.512496,-59.254552,0,1.512497,-59.255389,0,3276
126,80,27,28,1.512496,-59.254552,0,1.512496,-59.254831,0,3528
126,80,31,32,1.512496,-59.254552,0,1.512496,-59.254569,0,4032
126,160,15,16,1.877300,-63.399009,0,1.876982,-60.246128,0,2016
126,160,17,18,1.877300,-63.399009,0,1.876700,-62.801628,0,2268
126,160,19,20,1.877300,-63.399009,0,1.877325,-63.250209,0,2520
126,160,21,22,1.877300,-63.399009,0,1.877290,-63.398477,0,2772
126,160,23,24,1.877300,-63.399009,0,1.877301,-63.399165,0,3024
126,160,25,26,1.877300,-63.399009,0,1.877300,-63.399909,0,3276
126,160,27,28,1.877300,-63.399009,0,1.877300,-63.398979,0,3528
126,160,31,32,1.877300,-63.399009,0,1.877300,-63.399018,0,4032
127,1,15,16,0.187471,-39.341062,0,0.189203,-39.254525,0,2032
127,1,17,18,0.187471,-39.341062,0,0.187836,-39.303817,0,2286
127,1,19,20,0.187471,-39.341062,0,0.187627,-39.329998,0,2540
127,1,21,22,0.187471,-39.341062,0,0.187477,-39.342974,0,2794
127,1,23,24,0.187471,-39.341062,0,0.187473,-39.340933,0,3048
127,1,25,26,0.187471,-39.341062,0,0.187470,-39.341103,0,3302
127,1,27,28,0.187471,-39.341062,0,0.187471,-39.341055,0,3556
127,1,31,32,0.187471,-39.341062,0,0.187471,-39.341061,0,4064
127,2,15,16,0.279551,-41.829107,0,0.282200,-41.707898,0,2032
127,2,17,18,0.279551,-41.829107,0,0.279651,-41.850469,0,2286
127,2,19,20,0.279551,-41.829107,0,0.279532,-41.822026,0,2540
127,2,21,22,0.279551,-41.829107,0,0.279575,-41.828748,0,2794
127,2,23,24,0.279551,-41.829107,0,0.279550,-41.829134,0,3048
127,2,25,26,0.279551,-41.829107,0,0.279549,-41.829031,0,3302
127,2,27,28,0.279551,-41.829107,0,0.279551,-41.829091,0,3556
127,2,31,32,0.279551,-41.829107,0,0.279551,-41.829107,0,4064
127,5,15,16,0.446267,-45.756581,0,0.447414,-45.376135,0,2032
127,5,17,18,0.446267,-45.756581,0,0.446451,-45.738250,0,2286
127,5,19,20,0.446267,-45.756581,0,0.446129,-45.744195,0,2540
127,5,21,22,0.446267,-45.756581,0,0.446305,-45.755526,0,2794
127,5,23,24,0.446267,-45.756581,0,0.446272,-45.757500,0,3048
127,5,25,26,0.446267,-45.756581,0,0.446267,-45.756899,0,3302
127,5,27,28,0.446267,-45.756581,0,0.446267,-45.756564,0,3556
127,5,31,32,0.446267,-45.756581,0,0.446267,-45.756580,0,4064
127,10,15,16,0.589775,-49.356781,0,0.590010,-48.871973,0,2032
127,10,17,18,0.589775,-49.356781,0,0.590253,-49.243582,0,2286
127,10,19,20,0.589775,-49.356781,0,0.589747,-49.349640,0,2540
127,10,21,22,0.589775,-49.356781,0,0.589766,-49.356121,0,2794
127,10,23,24,0.589775,-49.356781,0,0.589782,-49.359732,0,3048
127,10,25,26,0.589775,-49.356781,0,0.589775,-49.356702,0,3302
127,10,27,28,0.589775,-49.356781,0,0.589774,-49.356833,0,3556
127,10,31,32,0.589775,-49.356781,0,0.589775,-49.356787,0,4064
127,20,15,16,0.792582,-52.696752,0,0.793572,-52.100300,0,2032
127,20,17,18,0.792582,-52.696752,0,0.792366,-52.608063,0,2286
127,20,19,20,0.792582,-52.696752,0,0.792425,-52.692040,0,2540
127,20,21,22,0.792582,-52.696752,0,0.792580,-52.690698,0,2794
127,20,23,24,0.792582,-52.696752,0,0.792588,-52.698977,0,3048
127,20,25,26,0.792582,-52.696752,0,0.792582,-52.696183,0,3302
127,20,27,28,0.792582,-52.696752,0,0.792583,-52.696653,0,3556
127,20,31,32,0.792582,-52.696752,0,0.792582,-52.696748,0,4064
127,40,15,16,1.123527,-55.737893,0,1.124090,-54.662822,0,2032
127,40,17,18,1.123527,-55.737893,0,1.123133,-55.462971,0,2286
127,40,19,20,1.123527,-55.737893,0,1.123543,-55.704490,0,2540
127,40,21,22,1.123527,-55.737893,0,1.123513,-55.734730,0,2794
127,40,23,24,1.123527,-55.737893,0,1.123530,-55.738266,0,3048
127,40,25,26,1.123527,-55.737893,0,1.123529,-55.738005,0,3302
127,40,27,28,1.123527,-55.737893,0,1.123527,-55.738001,0,3556
127,40,31,32,1.123527,-55.737893,0,1.123527,-55.737892,0,4064
127,80,15,16,1.496483,-59.346876,0,1.498195,-57.869632,0,2032
127,80,17,18,1.496483,-59.346876,0,1.496477,-58.880992,0,2286
127,80,19,20,1.496483,-59.346876,0,1.496451,-59.292883,0,2540
127,80,21,22,1.496483,-59.346876,0,1.496478,-59.346838,0,2794
127,80,23,24,1.496483,-59.346876,0,1.496479,-59.349893,0,3048
127,80,25,26,1.496483,-59.346876,0,1.496485,-59.346059,0,3302
127,80,27,28,1.496483,-59.346876,0,1.496483,-59.347224,0,3556
127,80,31,32,1.496483,-59.346876,0,1.496483,-59.346867,0,4064
127,160,15,16,1.877697,-63.375182,0,1.879346,-60.570303,0,2032
127,160,17,18,1.877697,-63.375182,0,1.877635,-62.926171,0,2286
127,160,19,20,1.877697,-63.375182,0,1.877675,-63.220275,0,2540
127,160,21,22,1.877697,-63.375182,0,1.877703,-63.352729,0,2794
127,160,23,24,1.877697,-63.375182,0,1.877690,-63.369429,0,3048
127,160,25,26,1.877697,-63.375182,0,1.877698,-63.376204,0,3302
127,160,27,28,1.877697,-63.375182,0,1.877696,-63.374492,0,3556
127,160,31,32,1.877697,-63.375182,0,1.877697,-63.375189,0,4064
128,1,15,16,0.187694,-39.330659,0,0.191005,-39.092483,0,2048
128,1,17,18,0.187694,-39.330659,0,0.187809,-39.299195,0,2304
128,1,19,20,0.187694,-39.330659,0,0.187791,-39.322308,0,2560
128,1,21,22,0.187694,-39.330659,0,0.187691,-39.330926,0,2816
128,1,23,24,0.187694,-39.330659,0,0.187694,-39.330703,0,3072
128,1,25,26,0.187694,-39.330659,0,0.187694,-39.330623,0,3328
128,1,27,28,0.187694,-39.330659,0,0.187694,-39.330669,0,3584
128,1,31,32,0.187694,-39.330659,0,0.187694,-39.330658,0,4096
128,2,15,16,0.266059,-42.235264,0,0.266908,-42.138590,0,2048
128,2,17,18,0.266059,-42.235264,0,0.266095,-42.240501,0,2304
128,2,19,20,0.266059,-42.235264,0,0.266054,-42.240549,0,2560
128,2,21,22,0.266059,-42.235264,0,0.266086,-42.237861,0,2816
128,2,23,24,0.266059,-42.235264,0,0.266062,-42.235131,0,3072
128,2,25,26,0.266059,-42.235264,0,0.266059,-42.235216,0,3328
128,2,27,28,0.266059,-42.235264,0,0.266059,-42.235228,0,3584
128,2,31,32,0.266059,-42.235264,0,0.266059,-42.235264,0,4096
128,5,15,16,0.436117,-45.986175,0,0.436591,-45.604587,0,2048
128,5,17,18,0.436117,-45.986175,0,0.436197,-45.931497,0,2304
128,5,19,20,0.436117,-45.986175,0,0.436095,-45.971746,0,2560
128,5,21,22,0.436117,-45.986175,0,0.436141,-45.984562,0,2816
128,5,23,24,0.436117,-45.986175,0,0.436110,-45.985246,0,3072
128,5,25,26,0.436117,-45.986175,0,0.436116,-45.986317,0,3328
128,5,27,28,0.436117,-45.986175,0,0.436117,-45.986166,0,3584
128,5,31,32,0.436117,-45.986175,0,0.436117,-45.986175,0,4096
128,10,15,16,0.587472,-49.397569,0,0.588955,-49.027283,0,2048
128,10,17,18,0.587472,-49.397569,0,0.587938,-49.311239,0,2304
128,10,19,20,0.587472,-49.397569,0,0.587429,-49.374351,0,2560
128,10,21,22,0.587472,-49.397569,0,0.587478,-49.398884,0,2816
128,10,23,24,0.587472,-49.397569,0,0.587462,-49.397191,0,3072
128,10,25,26,0.587472,-49.397569,0,0.587473,-49.397553,0,3328
128,10,27,28,0.587472,-49.397569,0,0.587472,-49.397503,0,3584
128,10,31,32,0.587472,-49.397569,0,0.587472,-49.397566,0,4096
128,20,15,16,0.750839,-53.116047,0,0.751980,-52.637309,0,2048
128,20,17,18,0.750839,-53.116047,0,0.750628,-53.028276,0,2304
128,20,19,20,0.750839,-53.116047,0,0.750826,-53.098036,0,2560
128,20,21,22,0.750839,-53.116047,0,0.750837,-53.107168,0,2816
128,20,23,24,0.750839,-53.116047,0,0.750847,-53.116382,0,3072
128,20,25,26,0.750839,-53.116047,0,0.750841,-53.115858,0,3328
128,20,27,28,0.750839,-53.116047,0,0.750838,-53.115979,0,3584
128,20,31,32,0.750839,-53.116047,0,0.750839,-53.116043,0,4096
128,40,15,16,1.076879,-56.129277,0,1.078308,-55.177105,0,2048
128,40,17,18,1.076879,-56.129277,0,1.077250,-55.962086,0,2304
128,40,19,20,1.076879,-56.129277,0,1.076978,-56.074308,0,2560
128,40,21,22,1.076879,-56.129277,0,1.076869,-56.118868,0,2816
128,40,23,24,1.076879,-56.129277,0,1.076876,-56.129154,0,3072
128,40,25,26,1.076879,-56.129277,0,1.076878,-56.129167,0,3328
128,40,27,28,1.076879,-56.129277,0,1.076878,-56.129153,0,3584
128,40,31,32,1.076879,-56.129277,0,1.076879,-56.129269,0,4096
128,80,15,16,1.467797,-59.505164,0,1.466857,-57.762469,0,2048
128,80,17,18,1.467797,-59.505164,0,1.468482,-59.090654,0,2304
128,80,19,20,1.467797,-59.505164,0,1.467817,-59.472237,0,2560
128,80,21,22,1.467797,-59.505164,0,1.467792,-59.489500,0,2816
128,80,23,24,1.467797,-59.505164,0,1.467800,-59.501349,0,3072
128,80,25,26,1.467797,-59.505164,0,1.467797,-59.505799,0,3328
128,80,27,28,1.467797,-59.505164,0,1.467797,-59.504951,0,3584
128,80,31,32,1.467797,-59.505164,0,1.467797,-59.505147,0,4096
128,160,15,16,1.874058,-63.387372,0,1.873656,-61.472557,0,2048
128,160,17,18,1.874058,-63.387372,0,1.874143,-62.725121,0,2304
128,160,19,20,1.874058,-63.387372,0,1.874094,-63.223237,0,2560
128,160,21,22,1.874058,-63.387372,0,1.874041,-63.400477,0,2816
128,160,23,24,1.874058,-63.387372,0,1.874048,-63.380523,0,3072
128,160,25,26,1.874058,-63.387372,0,1.874060,-63.386016,0,3328
128,160,27,28,1.874058,-63.387372,0,1.874058,-63.387127,0,3584
128,160,31,32,1.874058,-63.387372,0,1.874058,-63.387357,0,4096
129,1,15,16,0.187149,-39.339927,0,0.189600,-39.130027,0,2064
129,1,17,18,0.187149,-39.339927,0,0.187272,-39.316642,0,2322
129,1,19,20,0.187149,-39.339927,0,0.187138,-39.344661,0,2580
129,1,21,22,0.187149,-39.339927,0,0.187142,-39.340588,0,2838
129,1,23,24,0.187149,-39.339927,0,0.187152,-39.340042,0,3096
129,1,25,26,0.187149,-39.339927,0,0.187148,-39.339973,0,3354
129,1,27,28,0.187149,-39.339927,0,0.187149,-39.339914,0,3612
129,1,31,32,0.187149,-39.339927,0,0.187149,-39.339928,0,4128
129,2,15,16,0.251337,-42.704878,0,0.253137,-42.520387,0,2064
129,2,17,18,0.251337,-42.704878,0,0.251452,-42.699571,0,2322
129,2,19,20,0.251337,-42.704878,0,0.251331,-42.709209,0,2580
129,2,21,22,0.251337,-42.704878,0,0.251337,-42.705889,0,2838
129,2,23,24,0.251337,-42.704878,0,0.251330,-42.704515,0,3096
129,2,25,26,0.251337,-42.704878,0,0.251337,-42.705061,0,3354
129,2,27,28,0.251337,-42.704878,0,0.251338,-42.704902,0,3612
129,2,31,32,0.251337,-42.704878,0,0.251337,-42.704876,0,4128
129,5,15,16,0.421557,-46.261578,0,0.422577,-45.797334,0,2064
129,5,17,18,0.421557,-46.261578,0,0.421618,-46.159677,0,2322
129,5,19,20,0.421557,-46.261578,0,0.421635,-46.254555,0,2580
129,5,21,22,0.421557,-46.261578,0,0.421555,-46.260529,0,2838
129,5,23,24,0.421557,-46.261578,0,0.421559,-46.261777,0,3096
129,5,25,26,0.421557,-46.261578,0,0.421557,-46.261297,0,3354
129,5,27,28,0.421557,-46.261578,0,0.421557,-46.261589,0,3612
129,5,31,32,0.421557,-46.261578,0,0.421557,-46.261578,0,4128
129,10,15,16,0.580873,-49.475293,0,0.582294,-48.971904,0,2064
129,10,17,18,0.580873,-49.475293,0,0.580643,-49.330680,0,2322
129,10,19,20,0.580873,-49.475293,0,0.581006,-49.492869,0,2580
129,10,21,22,0.580873,-49.475293,0,0.580885,-49.479131,0,2838
129,10,23,24,0.580873,-49.475293,0,0.580870,-49.472869,0,3096
129,10,25,26,0.580873,-49.475293,0,0.580873,-49.475329,0,3354
129,10,27,28,0.580873,-49.475293,0,0.580873,-49.475223,0,3612
129,10,31,32,0.580873,-49.475293,0,0.580873,-49.475297,0,4128
129,20,15,16,0.750560,-53.123131,0,0.751879,-52.607184,0,2064
129,20,17,18,0.750560,-53.123131,0,0.751181,-53.031918,0,2322
129,20,19,20,0.750560,-53.123131,0,0.750593,-53.134546,0,2580
129,20,21,22,0.750560,-53.123131,0,0.750554,-53.112690,0,2838
129,20,23,24,0.750560,-53.123131,0,0.750560,-53.123178,0,3096
129,20,25,26,0.750560,-53.123131,0,0.750560,-53.122779,0,3354
129,20,27,28,0.750560,-53.123131,0,0.750560,-53.123038,0,3612
129,20,31,32,0.750560,-53.123131,0,0.750560,-53.123143,0,4128
129,40,15,16,1.025817,-56.553676,0,1.025328,-55.595844,0,2064
129,40,17,18,1.025817,-56.553676,0,1.025699,-56.333035,0,2322
129,40,19,20,1.025817,-56.553676,0,1.025790,-56.548643,0,2580
129,40,21,22,1.025817,-56.553676,0,1.025817,-56.547761,0,2838
129,40,23,24,1.025817,-56.553676,0,1.025826,-56.554164,0,3096
129,40,25,26,1.025817,-56.553676,0,1.025818,-56.553897,0,3354
129,40,27,28,1.025817,-56.553676,0,1.025818,-56.553779,0,3612
129,40,31,32,1.025817,-56.553676,0,1.025817,-56.553667,0,4128
129,80,15,16,1.426437,-59.770790,0,1.427041,-58.270716,0,2064
129,80,17,18,1.426437,-59.770790,0,1.426938,-59.418712,0,2322
129,80,19,20,1.426437,-59.770790,0,1.426349,-59.712190,0,2580
129,80,21,22,1.426437,-59.770790,0,1.426476,-59.759207,0,2838
129,80,23,24,1.426437,-59.770790,0,1.426439,-59.773467,0,3096
129,80,25,26,1.426437,-59.770790,0,1.426438,-59.770453,0,3354
129,80,27,28,1.426437,-59.770790,0,1.426438,-59.770837,0,3612
129,80,31,32,1.426437,-59.770790,0,1.426437,-59.770774,0,4128
129,160,15,16,1.861554,-63.477485,0,1.863596,-60.311848,0,2064
129,160,17,18,1.861554,-63.477485,0,1.861497,-62.803591,0,2322
129,160,19,20,1.861554,-63.477485,0,1.861624,-63.368209,0,2580
129,160,21,22,1.861554,-63.477485,0,1.861571,-63.469921,0,2838
129,160,23,24,1.861554,-63.477485,0,1.861556,-63.475774,0,3096
129,160,25,26,1.861554,-63.477485,0,1.861555,-63.477144,0,3354
129,160,27,28,1.861554,-63.477485,0,1.861554,-63.478009,0,3612
129,160,31,32,1.861554,-63.477485,0,1.861554,-63.477483,0,4128
130,1,15,16,0.185521,-39.425091,0,0.188354,-39.322986,0,2080
130,1,17,18,0.185521,-39.425091,0,0.186038,-39.397362,0,2340
130,1,19,20,0.185521,-39.425091,0,0.185626,-39.423737,0,2600
130,1,21,22,0.185521,-39.425091,0,0.185524,-39.425330,0,2860
130,1,23,24,0.185521,-39.425091,0,0.185524,-39.424939,0,3120
130,1,25,26,0.185521,-39.425091,0,0.185521,-39.425153,0,3380
130,1,27,28,0.185521,-39.425091,0,0.185521,-39.425078,0,3640
130,1,31,32,0.185521,-39.425091,0,0.185521,-39.425092,0,4160
130,2,15,16,0.248338,-42.820485,0,0.249208,-42.646459,0,2080
130,2,17,18,0.248338,-42.820485,0,0.248600,-42.832294,0,2340
130,2,19,20,0.248338,-42.820485,0,0.248380,-42.828968,0,2600
130,2,21,22,0.248338,-42.820485,0,0.248345,-42.821882,0,2860
130,2,23,24,0.248338,-42.820485,0,0.248330,-42.820943,0,3120
130,2,25,26,0.248338,-42.820485,0,0.248337,-42.820370,0,3380
130,2,27,28,0.248338,-42.820485,0,0.248337,-42.820449,0,3640
130,2,31,32,0.248338,-42.820485,0,0.248338,-42.820488,0,4160
130,5,15,16,0.404459,-46.627096,0,0.405539,-46.110795,0,2080
130,5,17,18,0.404459,-46.627096,0,0.404712,-46.537462,0,2340
130,5,19,20,0.404459,-46.627096,0,0.404363,-46.612072,0,2600
130,5,21,22,0.404459,-46.627096,0,0.404472,-46.627109,0,2860
130,5,23,24,0.404459,-46.627096,0,0.404458,-46.628539,0,3120
130,5,25,26,0.404459,-46.627096,0,0.404460,-46.626955,0,3380
130,5,27,28,0.404459,-46.627096,0,0.404458,-46.627052,0,3640
130,5,31,32,0.404459,-46.627096,0,0.404459,-46.627097,0,4160
130,10,15,16,0.569390,-49.659615,0,0.569735,-49.185798,0,2080
130,10,17,18,0.569390,-49.659615,0,0.569842,-49.560032,0,2340
130,10,19,20,0.569390,-49.659615,0,0.569296,-49.652785,0,2600
130,10,21,22,0.569390,-49.659615,0,0.569354,-49.664755,0,2860
130,10,23,24,0.569390,-49.659615,0,0.569382,-49.659506,0,3120
130,10,25,26,0.569390,-49.659615,0,0.569389,-49.659294,0,3380
130,10,27,28,0.569390,-49.659615,0,0.569390,-49.659570,0,3640
130,10,31,32,0.569390,-49.659615,0,0.569390,-49.659613,0,4160
130,20,15,16,0.749177,-53.135118,0,0.749430,-52.360705,0,2080
130,20,17,18,0.749177,-53.135118,0,0.749734,-53.161447,0,2340
130,20,19,20,0.749177,-53.135118,0,0.749156,-53.129055,0,2600
130,20,21,22,0.749177,-53.135118,0,0.749174,-53.137408,0,2860
130,20,23,24,0.749177,-53.135118,0,0.749174,-53.136013,0,3120
130,20,25,26,0.749177,-53.135118,0,0.749175,-53.134856,0,3380
130,20,27,28,0.749177,-53.135118,0,0.749177,-53.135196,0,3640
130,20,31,32,0.749177,-53.135118,0,0.749177,-53.135126,0,4160
130,40,15,16,0.973313,-57.039314,0,0.974424,-55.890717,0,2080
130,40,17,18,0.973313,-57.039314,0,0.973436,-56.726722,0,2340
130,40,19,20,0.973313,-57.039314,0,0.973302,-56.991120,0,2600
130,40,21,22,0.973313,-57.039314,0,0.973322,-57.043026,0,2860
130,40,23,24,0.973313,-57.039314,0,0.973313,-57.041447,0,3120
130,40,25,26,0.973313,-57.039314,0,0.973314,-57.039811,0,3380
130,40,27,28,0.973313,-57.039314,0,0.973313,-57.039055,0,3640
130,40,31,32,0.973313,-57.039314,0,0.973313,-57.039318,0,4160
130,80,15,16,1.375461,-60.094073,0,1.377091,-58.285544,0,2080
130,80,17,18,1.375461,-60.094073,0,1.375640,-59.736199,0,2340
130,80,19,20,1.375461,-60.094073,0,1.375584,-59.986176,0,2600
130,80,21,22,1.375461,-60.094073,0,1.375461,-60.061102,0,2860
130,80,23,24,1.375461,-60.094073,0,1.375462,-60.092718,0,3120
130,80,25,26,1.375461,-60.094073,0,1.375462,-60.093225,0,3380
130,80,27,28,1.375461,-60.094073,0,1.375461,-60.093747,0,3640
130,80,31,32,1.375461,-60.094073,0,1.375461,-60.094050,0,4160
130,160,15,16,1.830390,-63.603150,0,1.830555,-60.734669,0,2080
130,160,17,18,1.830390,-63.603150,0,1.830713,-62.740019,0,2340
130,160,19,20,1.830390,-63.603150,0,1.830500,-63.442387,0,2600
130,160,21,22,1.830390,-63.603150,0,1.830395,-63.590240,0,2860
130,160,23,24,1.830390,-63.603150,0,1.830390,-63.611632,0,3120
130,160,25,26,1.830390,-63.603150,0,1.830389,-63.605678,0,3380
130,160,27,28,1.830390,-63.603150,0,1.830390,-63.603336,0,3640
130,160,31,32,1.830390,-63.603150,0,1.830390,-63.603171,0,4160
131,1,15,16,0.182069,-39.564453,0,0.184872,-39.485324,0,2096
131,1,17,18,0.182069,-39.564453,0,0.182224,-39.562757,0,2358
131,1,19,20,0.182069,-39.564453,0,0.182012,-39.557906,0,2620
131,1,21,22,0.182069,-39.564453,0,0.182094,-39.565258,0,2882
131,1,23,24,0.182069,-39.564453,0,0.182074,-39.564420,0,3144
131,1,25,26,0.182069,-39.564453,0,0.182069,-39.564510,0,3406
131,1,27,28,0.182069,-39.564453,0,0.182069,-39.564445,0,3668
131,1,31,32,0.182069,-39.564453,0,0.182069,-39.564451,0,4192
131,2,15,16,0.248338,-42.813864,0,0.250389,-42.676015,0,2096
131,2,17,18,0.248338,-42.813864,0,0.248692,-42.729443,0,2358
131,2,19,20,0.248338,-42.813864,0,0.248550,-42.829164,0,2620
131,2,21,22,0.248338,-42.813864,0,0.248343,-42.811902,0,2882
131,2,23,24,0.248338,-42.813864,0,0.248344,-42.814411,0,3144
131,2,25,26,0.248338,-42.813864,0,0.248341,-42.813890,0,3406
131,2,27,28,0.248338,-42.813864,0,0.248338,-42.813904,0,3668
131,2,31,32,0.248338,-42.813864,0,0.248338,-42.813862,0,4192
131,5,15,16,0.384660,-47.056817,0,0.386355,-46.633448,0,2096
131,5,17,18,0.384660,-47.056817,0,0.384865,-46.922520,0,2358
131,5,19,20,0.384660,-47.056817,0,0.384609,-47.044492,0,2620
131,5,21,22,0.384660,-47.056817,0,0.384621,-47.057139,0,2882
131,5,23,24,0.384660,-47.056817,0,0.384662,-47.056493,0,3144
131,5,25,26,0.384660,-47.056817,0,0.384661,-47.056960,0,3406
131,5,27,28,0.384660,-47.056817,0,0.384661,-47.056760,0,3668
131,5,31,32,0.384660,-47.056817,0,0.384660,-47.056811,0,4192
131,10,15,16,0.553978,-49.908604,0,0.554036,-49.302697,0,2096
131,10,17,18,0.553978,-49.908604,0,0.554198,-49.794086,0,2358
131,10,19,20,0.553978,-49.908604,0,0.554032,-49.903489,0,2620
131,10,21,22,0.553978,-49.908604,0,0.554003,-49.906383,0,2882
131,10,23,24,0.553978,-49.908604,0,0.553971,-49.911082,0,3144
131,10,25,26,0.553978,-49.908604,0,0.553976,-49.908015,0,3406
131,10,27,28,0.553978,-49.908604,0,0.553978,-49.908506,0,3668
131,10,31,32,0.553978,-49.908604,0,0.553978,-49.908604,0,4192
131,20,15,16,0.745401,-53.228653,0,0.745861,-52.456092,0,2096
131,20,17,18,0.745401,-53.228653,0,0.745323,-53.176536,0,2358
131,20,19,20,0.745401,-53.228653,0,0.745409,-53.246769,0,2620
131,20,21,22,0.745401,-53.228653,0,0.745399,-53.230253,0,2882
131,20,23,24,0.745401,-53.228653,0,0.745406,-53.226514,0,3144
131,20,25,26,0.745401,-53.228653,0,0.745401,-53.228288,0,3406
131,20,27,28,0.745401,-53.228653,0,0.745401,-53.228805,0,3668
131,20,31,32,0.745401,-53.228653,0,0.745401,-53.228650,0,4192
131,40,15,16,0.952997,-57.225676,0,0.953296,-55.429540,0,2096
131,40,17,18,0.952997,-57.225676,0,0.953095,-56.985061,0,2358
131,40,19,20,0.952997,-57.225676,0,0.953018,-57.190685,0,2620
131,40,21,22,0.952997,-57.225676,0,0.953012,-57.228452,0,2882
131,40,23,24,0.952997,-57.225676,0,0.952999,-57.230252,0,3144
131,40,25,26,0.952997,-57.225676,0,0.952996,-57.226018,0,3406
131,40,27,28,0.952997,-57.225676,0,0.952997,-57.225669,0,3668
131,40,31,32,0.952997,-57.225676,0,0.952997,-57.225678,0,4192
131,80,15,16,1.314317,-60.486985,0,1.314752,-58.822743,0,2096
131,80,17,18,1.314317,-60.486985,0,1.314352,-60.062454,0,2358
131,80,19,20,1.314317,-60.486985,0,1.314330,-60.416205,0,2620
131,80,21,22,1.314317,-60.486985,0,1.314335,-60.471428,0,2882
131,80,23,24,1.314317,-60.486985,0,1.314312,-60.484486,0,3144
131,80,25,26,1.314317,-60.486985,0,1.314317,-60.486317,0,3406
131,80,27,28,1.314317,-60.486985,0,1.314317,-60.487072,0,3668
131,80,31,32,1.314317,-60.486985,0,1.314317,-60.487001,0,4192
131,160,15,16,1.788478,-63.808527,0,1.788945,-61.342866,0,2096
131,160,17,18,1.788478,-63.808527,0,1.788603,-63.264495,0,2358
131,160,19,20,1.788478,-63.808527,0,1.788585,-63.689961,0,2620
131,160,21,22,1.788478,-63.808527,0,1.788504,-63.782938,0,2882
131,160,23,24,1.788478,-63.808527,0,1.788480,-63.809288,0,3144
131,160,25,26,1.788478,-63.808527,0,1.788478,-63.808492,0,3406
131,160,27,28,1.788478,-63.808527,0,1.788478,-63.808416,0,3668
131,160,31,32,1.788478,-63.808527,0,1.788478,-63.808521,0,4192
132,1,15,16,0.177308,-39.819133,0,0.178670,-39.658281,0,2112
132,1,17,18,0.177308,-39.819133,0,0.177728,-39.805756,0,2376
132,1,19,20,0.177308,-39.819133,0,0.177373,-39.814142,0,2640
132,1,21,22,0.177308,-39.819133,0,0.177286,-39.818719,0,2904
132,1,23,24,0.177308,-39.819133,0,0.177305,-39.818576,0,3168
132,1,25,26,0.177308,-39.819133,0,0.177311,-39.819239,0,3432
132,1,27,28,0.177308,-39.819133,0,0.177308,-39.819160,0,3696
132,1,31,32,0.177308,-39.819133,0,0.177308,-39.819135,0,4224
132,2,15,16,0.246850,-42.858051,0,0.247774,-42.755399,0,2112
132,2,17,18,0.246850,-42.858051,0,0.247276,-42.838011,0,2376
132,2,19,20,0.246850,-42.858051,0,0.246852,-42.855173,0,2640
132,2,21,22,0.246850,-42.858051,0,0.246857,-42.854211,0,2904
132,2,23,24,0.246850,-42.858051,0,0.246854,-42.858243,0,3168
132,2,25,26,0.246850,-42.858051,0,0.246850,-42.858054,0,3432
132,2,27,28,0.246850,-42.858051,0,0.246851,-42.858117,0,3696
132,2,31,32,0.246850,-42.858051,0,0.246850,-42.858049,0,4224
132,5,15,16,0.364804,-47.526302,0,0.366384,-47.023164,0,2112
132,5,17,18,0.364804,-47.526302,0,0.364728,-47.456080,0,2376
132,5,19,20,0.364804,-47.526302,0,0.364874,-47.514228,0,2640
132,5,21,22,0.364804,-47.526302,0,0.364807,-47.524415,0,2904
132,5,23,24,0.364804,-47.526302,0,0.364807,-47.526107,0,3168
132,5,25,26,0.364804,-47.526302,0,0.364806,-47.526541,0,3432
132,5,27,28,0.364804,-47.526302,0,0.364804,-47.526336,0,3696
132,5,31,32,0.364804,-47.526302,0,0.364804,-47.526303,0,4224
132,10,15,16,0.532370,-50.262459,0,0.533820,-49.642386,0,2112
132,10,17,18,0.532370,-50.262459,0,0.532397,-50.052780,0,2376
132,10,19,20,0.532370,-50.262459,0,0.532379,-50.240115,0,2640
132,10,21,22,0.532370,-50.262459,0,0.532388,-50.263708,0,2904
132,10,23,24,0.532370,-50.262459,0,0.532370,-50.264838,0,3168
132,10,25,26,0.532370,-50.262459,0,0.532370,-50.262267,0,3432
132,10,27,28,0.532370,-50.262459,0,0.532369,-50.262553,0,3696
132,10,31,32,0.532370,-50.262459,0,0.532370,-50.262461,0,4224
132,20,15,16,0.734312,-53.345474,0,0.735296,-52.390075,0,2112
132,20,17,18,0.734312,-53.345474,0,0.734221,-53.264383,0,2376
132,20,19,20,0.734312,-53.345474,0,0.734311,-53.322246,0,2640
132,20,21,22,0.734312,-53.345474,0,0.734292,-53.346128,0,2904
132,20,23,24,0.734312,-53.345474,0,0.734318,-53.346925,0,3168
132,20,25,26,0.734312,-53.345474,0,0.734313,-53.345270,0,3432
132,20,27,28,0.734312,-53.345474,0,0.734312,-53.345550,0,3696
132,20,31,32,0.734312,-53.345474,0,0.734312,-53.345485,0,4224
132,40,15,16,0.953107,-57.224659,0,0.952923,-56.247533,0,2112
132,40,17,18,0.953107,-57.224659,0,0.952416,-56.972437,0,2376
132,40,19,20,0.953107,-57.224659,0,0.953139,-57.185369,0,2640
132,40,21,22,0.953107,-57.224659,0,0.953083,-57.220727,0,2904
132,40,23,24,0.953107,-57.224659,0,0.953110,-57.225169,0,3168
132,40,25,26,0.953107,-57.224659,0,0.953107,-57.225645,0,3432
132,40,27,28,0.953107,-57.224659,0,0.953107,-57.224649,0,3696
132,40,31,32,0.953107,-57.224659,0,0.953107,-57.224647,0,4224
132,80,15,16,1.249317,-60.915357,0,1.251184,-58.631708,0,2112
132,80,17,18,1.249317,-60.915357,0,1.249182,-60.402000,0,2376
132,80,19,20,1.249317,-60.915357,0,1.249279,-60.800460,0,2640
132,80,21,22,1.249317,-60.915357,0,1.249327,-60.905099,0,2904
132,80,23,24,1.249317,-60.915357,0,1.249317,-60.920128,0,3168
132,80,25,26,1.249317,-60.915357,0,1.249316,-60.916875,0,3432
132,80,27,28,1.249317,-60.915357,0,1.249317,-60.915548,0,3696
132,80,31,32,1.249317,-60.915357,0,1.249317,-60.915365,0,4224
132,160,15,16,1.730244,-64.069652,0,1.732368,-60.790347,0,2112
132,160,17,18,1.730244,-64.069652,0,1.729538,-63.180606,0,2376
132,160,19,20,1.730244,-64.069652,0,1.730271,-63.941324,0,2640
132,160,21,22,1.730244,-64.069652,0,1.730255,-64.068250,0,2904
132,160,23,24,1.730244,-64.069652,0,1.730239,-64.073579,0,3168
132,160,25,26,1.730244,-64.069652,0,1.730244,-64.070399,0,3432
132,160,27,28,1.730244,-64.069652,0,1.730244,-64.070182,0,3696
132,160,31,32,1.730244,-64.069652,0,1.730244,-64.069690,0,4224
133,1,15,16,0.171361,-40.148792,0,0.173874,-39.999492,0,2128
133,1,17,18,0.171361,-40.148792,0,0.171514,-40.112356,0,2394
133,1,19,20,0.171361,-40.148792,0,0.171335,-40.134910,0,2660
133,1,21,22,0.171361,-40.148792,0,0.171353,-40.146817,0,2926
133,1,23,24,0.171361,-40.148792,0,0.171361,-40.148657,0,3192
133,1,25,26,0.171361,-40.148792,0,0.171360,-40.148595,0,3458
133,1,27,28,0.171361,-40.148792,0,0.171361,-40.148782,0,3724
133,1,31,32,0.171361,-40.148792,0,0.171361,-40.148791,0,4256
133,2,15,16,0.243315,-42.995243,0,0.243251,-42.794647,0,2128
133,2,17,18,0.243315,-42.995243,0,0.243725,-43.034176,0,2394
133,2,19,20,0.243315,-42.995243,0,0.243368,-43.003677,0,2660
133,2,21,22,0.243315,-42.995243,0,0.243311,-42.993563,0,2926
133,2,23,24,0.243315,-42.995243,0,0.243322,-42.994458,0,3192
133,2,25,26,0.243315,-42.995243,0,0.243316,-42.995335,0,3458
133,2,27,28,0.243315,-42.995243,0,0.243314,-42.995212,0,3724
133,2,31,32,0.243315,-42.995243,0,0.243315,-42.995245,0,4256
133,5,15,16,0.355939,-47.757065,0,0.355958,-47.329626,0,2128
133,5,17,18,0.355939,-47.757065,0,0.355684,-47.660619,0,2394
133,5,19,20,0.355939,-47.757065,0,0.355959,-47.751646,0,2660
133,5,21,22,0.355939,-47.757065,0,0.355934,-47.756990,0,2926
133,5,23,24,0.355939,-47.757065,0,0.355941,-47.757008,0,3192
133,5,25,26,0.355939,-47.757065,0,0.355939,-47.757243,0,3458
133,5,27,28,0.355939,-47.757065,0,0.355938,-47.757041,0,3724
133,5,31,32,0.355939,-47.757065,0,0.355939,-47.757069,0,4256
133,10,15,16,0.508617,-50.651846,0,0.510177,-50.123125,0,2128
133,10,17,18,0.508617,-50.651846,0,0.508649,-50.490938,0,2394
133,10,19,20,0.508617,-50.651846,0,0.508527,-50.629692,0,2660
133,10,21,22,0.508617,-50.651846,0,0.508617,-50.644727,0,2926
133,10,23,24,0.508617,-50.651846,0,0.508614,-50.651629,0,3192
133,10,25,26,0.508617,-50.651846,0,0.508616,-50.652114,0,3458
133,10,27,28,0.508617,-50.651846,0,0.508617,-50.651837,0,3724
133,10,31,32,0.508617,-50.651846,0,0.508616,-50.651842,0,4256
133,20,15,16,0.716175,-53.571258,0,0.715732,-52.820042,0,2128
133,20,17,18,0.716175,-53.571258,0,0.716113,-53.345898,0,2394
133,20,19,20,0.716175,-53.571258,0,0.716236,-53.564032,0,2660
133,20,21,22,0.716175,-53.571258,0,0.716130,-53.561456,0,2926
133,20,23,24,0.716175,-53.571258,0,0.716175,-53.571850,0,3192
133,20,25,26,0.716175,-53.571258,0,0.716176,-53.571035,0,3458
133,20,27,28,0.716175,-53.571258,0,0.716175,-53.571230,0,3724
133,20,31,32,0.716175,-53.571258,0,0.716175,-53.571258,0,4256
133,40,15,16,0.949524,-57.246333,0,0.950998,-55.661755,0,2128
133,40,17,18,0.949524,-57.246333,0,0.949881,-56.821623,0,2394
133,40,19,20,0.949524,-57.246333,0,0.949567,-57.192746,0,2660
133,40,21,22,0.949524,-57.246333,0,0.949523,-57.230722,0,2926
133,40,23,24,0.949524,-57.246333,0,0.949520,-57.251050,0,3192
133,40,25,26,0.949524,-57.246333,0,0.949523,-57.246212,0,3458
133,40,27,28,0.949524,-57.246333,0,0.949524,-57.246270,0,3724
133,40,31,32,0.949524,-57.246333,0,0.949524,-57.246320,0,4256
133,80,15,16,1.194687,-61.307981,0,1.195247,-59.110693,0,2128
133,80,17,18,1.194687,-61.307981,0,1.194409,-60.917801,0,2394
133,80,19,20,1.194687,-61.307981,0,1.194749,-61.193562,0,2660
133,80,21,22,1.194687,-61.307981,0,1.194723,-61.266102,0,2926
133,80,23,24,1.194687,-61.307981,0,1.194676,-61.311765,0,3192
133,80,25,26,1.194687,-61.307981,0,1.194684,-61.307281,0,3458
133,80,27,28,1.194687,-61.307981,0,1.194687,-61.307898,0,3724
133,80,31,32,1.194687,-61.307981,0,1.194687,-61.307974,0,4256
133,160,15,16,1.660392,-64.419847,0,1.660838,-61.408701,0,2128
133,160,17,18,1.660392,-64.419847,0,1.660353,-63.516015,0,2394
133,160,19,20,1.660392,-64.419847,0,1.660425,-64.305751,0,2660
133,160,21,22,1.660392,-64.419847,0,1.660400,-64.379395,0,2926
133,160,23,24,1.660392,-64.419847,0,1.660395,-64.424695,0,3192
133,160,25,26,1.660392,-64.419847,0,1.660390,-64.419022,0,3458
133,160,27,28,1.660392,-64.419847,0,1.660392,-64.419751,0,3724
133,160,31,32,1.660392,-64.419847,0,1.660392,-64.419868,0,4256
134,1,15,16,0.163739,-40.533142,0,0.165479,-40.383237,0,2144
134,1,17,18,0.163739,-40.533142,0,0.163991,-40.491789,0,2412
134,1,19,20,0.163739,-40.533142,0,0.163738,-40.535367,0,2680
134,1,21,22,0.163739,-40.533142,0,0.163730,-40.534663,0,2948
134,1,23,24,0.163739,-40.533142,0,0.163737,-40.532952,0,3216
134,1,25,26,0.163739,-40.533142,0,0.163740,-40.533071,0,3484
134,1,27,28,0.163739,-40.533142,0,0.163740,-40.533159,0,3752
134,1,31,32,0.163739,-40.533142,0,0.163739,-40.533143,0,4288
134,2,15,16,0.237977,-43.170020,0,0.240950,-43.055137,0,2144
134,2,17,18,0.237977,-43.170020,0,0.238015,-43.131036,0,2412
134,2,19,20,0.237977,-43.170020,0,0.237957,-43.170062,0,2680
134,2,21,22,0.237977,-43.170020,0,0.237978,-43.168612,0,2948
134,2,23,24,0.237977,-43.170020,0,0.237974,-43.170500,0,3216
134,2,25,26,0.237977,-43.170020,0,0.237977,-43.169975,0,3484
134,2,27,28,0.237977,-43.170020,0,0.237977,-43.169966,0,3752
134,2,31,32,0.237977,-43.170020,0,0.237977,-43.170022,0,4288
134,5,15,16,0.356056,-47.754087,0,0.357638,-47.161177,0,2144
134,5,17,18,0.356056,-47.754087,0,0.355922,-47.536819,0,2412
134,5,19,20,0.356056,-47.754087,0,0.356064,-47.753748,0,2680
134,5,21,22,0.356056,-47.754087,0,0.356073,-47.751633,0,2948
134,5,23,24,0.356056,-47.754087,0,0.356053,-47.754442,0,3216
134,5,25,26,0.356056,-47.754087,0,0.356056,-47.753812,0,3484
134,5,27,28,0.356056,-47.754087,0,0.356056,-47.754078,0,3752
134,5,31,32,0.356056,-47.754087,0,0.356057,-47.754095,0,4288
134,10,15,16,0.482485,-51.073385,0,0.485988,-50.300441,0,2144
134,10,17,18,0.482485,-51.073385,0,0.482132,-50.941219,0,2412
134,10,19,20,0.482485,-51.073385,0,0.482639,-51.073562,0,2680
134,10,21,22,0.482485,-51.073385,0,0.482489,-51.062828,0,2948
134,10,23,24,0.482485,-51.073385,0,0.482478,-51.072891,0,3216
134,10,25,26,0.482485,-51.073385,0,0.482486,-51.073897,0,3484
134,10,27,28,0.482485,-51.073385,0,0.482484,-51.073304,0,3752
134,10,31,32,0.482485,-51.073385,0,0.482485,-51.073382,0,4288
134,20,15,16,0.691345,-53.833128,0,0.691248,-53.332645,0,2144
134,20,17,18,0.691345,-53.833128,0,0.691319,-53.830258,0,2412
134,20,19,20,0.691345,-53.833128,0,0.691295,-53.819647,0,2680
134,20,21,22,0.691345,-53.833128,0,0.691335,-53.829508,0,2948
134,20,23,24,0.691345,-53.833128,0,0.691348,-53.833189,0,3216
134,20,25,26,0.691345,-53.833128,0,0.691346,-53.833636,0,3484
134,20,27,28,0.691345,-53.833128,0,0.691344,-53.833126,0,3752
134,20,31,32,0.691345,-53.833128,0,0.691345,-53.833133,0,4288
134,40,15,16,0.938320,-57.354922,0,0.938479,-55.919179,0,2144
134,40,17,18,0.938320,-57.354922,0,0.938244,-57.004346,0,2412
134,40,19,20,0.938320,-57.354922,0,0.938331,-57.314208,0,2680
134,40,21,22,0.938320,-57.354922,0,0.938323,-57.345765,0,2948
134,40,23,24,0.938320,-57.354922,0,0.938313,-57.350896,0,3216
134,40,25,26,0.938320,-57.354922,0,0.938320,-57.355344,0,3484
134,40,27,28,0.938320,-57.354922,0,0.938320,-57.354457,0,3752
134,40,31,32,0.938320,-57.354922,0,0.938320,-57.354922,0,4288
134,80,15,16,1.196142,-61.298827,0,1.198799,-59.578946,0,2144
134,80,17,18,1.196142,-61.298827,0,1.195650,-60.748884,0,2412
134,80,19,20,1.196142,-61.298827,0,1.196165,-61.197819,0,2680
134,80,21,22,1.196142,-61.298827,0,1.196162,-61.282312,0,2948
134,80,23,24,1.196142,-61.298827,0,1.196153,-61.291945,0,3216
134,80,25,26,1.196142,-61.298827,0,1.196141,-61.300054,0,3484
134,80,27,28,1.196142,-61.298827,0,1.196142,-61.298405,0,3752
134,80,31,32,1.196142,-61.298827,0,1.196142,-61.298808,0,4288
134,160,15,16,1.581953,-64.876861,0,1.582762,-62.634095,0,2144
134,160,17,18,1.581953,-64.876861,0,1.581586,-64.091298,0,2412
134,160,19,20,1.581953,-64.876861,0,1.582002,-64.617918,0,2680
134,160,21,22,1.581953,-64.876861,0,1.581946,-64.843041,0,2948
134,160,23,24,1.581953,-64.876861,0,1.581951,-64.869750,0,3216
134,160,25,26,1.581953,-64.876861,0,1.581950,-64.876498,0,3484
134,160,27,28,1.581953,-64.876861,0,1.581953,-64.876889,0,3752
134,160,31,32,1.581953,-64.876861,0,1.581952,-64.876841,0,4288
135,1,15,16,0.155310,-40.970807,0,0.157346,-40.680849,0,2160
135,1,17,18,0.155310,-40.970807,0,0.155340,-40.939172,0,2430
135,1,19,20,0.155310,-40.970807,0,0.155464,-40.968511,0,2700
135,1,21,22,0.155310,-40.970807,0,0.155296,-40.971155,0,2970
135,1,23,24,0.155310,-40.970807,0,0.155309,-40.970244,0,3240
135,1,25,26,0.155310,-40.970807,0,0.155308,-40.970746,0,3510
135,1,27,28,0.155310,-40.970807,0,0.155310,-40.970832,0,3780
135,1,31,32,0.155310,-40.970807,0,0.155310,-40.970806,0,4320
135,2,15,16,0.230360,-43.457809,0,0.233012,-43.281340,0,2160
135,2,17,18,0.230360,-43.457809,0,0.230640,-43.485236,0,2430
135,2,19,20,0.230360,-43.457809,0,0.230258,-43.445451,0,2700
135,2,21,22,0.230360,-43.457809,0,0.230385,-43.460060,0,2970
135,2,23,24,0.230360,-43.457809,0,0.230365,-43.457616,0,3240
135,2,25,26,0.230360,-43.457809,0,0.230361,-43.457905,0,3510
135,2,27,28,0.230360,-43.457809,0,0.230360,-43.457802,0,3780
135,2,31,32,0.230360,-43.457809,0,0.230360,-43.457809,0,4320
135,5,15,16,0.354186,-47.786146,0,0.355549,-47.402106,0,2160
135,5,17,18,0.354186,-47.786146,0,0.353990,-47.667026,0,2430
135,5,19,20,0.354186,-47.786146,0,0.354199,-47.762542,0,2700
135,5,21,22,0.354186,-47.786146,0,0.354208,-47.782134,0,2970
135,5,23,24,0.354186,-47.786146,0,0.354190,-47.786043,0,3240
135,5,25,26,0.354186,-47.786146,0,0.354184,-47.786095,0,3510
135,5,27,28,0.354186,-47.786146,0,0.354186,-47.786119,0,3780
135,5,31,32,0.354186,-47.786146,0,0.354186,-47.786148,0,4320
135,10,15,16,0.459670,-51.494546,0,0.460811,-50.717389,0,2160
135,10,17,18,0.459670,-51.494546,0,0.460015,-51.321538,0,2430
135,10,19,20,0.459670,-51.494546,0,0.459709,-51.490353,0,2700
135,10,21,22,0.459670,-51.494546,0,0.459713,-51.499950,0,2970
135,10,23,24,0.459670,-51.494546,0,0.459674,-51.495834,0,3240
135,10,25,26,0.459670,-51.494546,0,0.459668,-51.494480,0,3510
135,10,27,28,0.459670,-51.494546,0,0.459670,-51.494576,0,3780
135,10,31,32,0.459670,-51.494546,0,0.459670,-51.494552,0,4320
135,20,15,16,0.662620,-54.204334,0,0.664056,-53.573520,0,2160
135,20,17,18,0.662620,-54.204334,0,0.663174,-54.207923,0,2430
135,20,19,20,0.662620,-54.204334,0,0.662563,-54.220546,0,2700
135,20,21,22,0.662620,-54.204334,0,0.662605,-54.200026,0,2970
135,20,23,24,0.662620,-54.204334,0,0.662623,-54.203151,0,3240
135,20,25,26,0.662620,-54.204334,0,0.662620,-54.204418,0,3510
135,20,27,28,0.662620,-54.204334,0,0.662621,-54.204319,0,3780
135,20,31,32,0.662620,-54.204334,0,0.662620,-54.204327,0,4320
135,40,15,16,0.919174,-57.510730,0,0.920583,-56.005138,0,2160
135,40,17,18,0.919174,-57.510730,0,0.919637,-57.207849,0,2430
135,40,19,20,0.919174,-57.510730,0,0.919149,-57.502285,0,2700
135,40,21,22,0.919174,-57.510730,0,0.919199,-57.509124,0,2970
135,40,23,24,0.919174,-57.510730,0,0.919166,-57.508864,0,3240
135,40,25,26,0.919174,-57.510730,0,0.919174,-57.510328,0,3510
135,40,27,28,0.919174,-57.510730,0,0.919174,-57.510830,0,3780
135,40,31,32,0.919174,-57.510730,0,0.919174,-57.510736,0,4320
135,80,15,16,1.193457,-61.320663,0,1.196897,-58.828262,0,2160
135,80,17,18,1.193457,-61.320663,0,1.193257,-60.888403,0,2430
135,80,19,20,1.193457,-61.320663,0,1.193308,-61.192527,0,2700
135,80,21,22,1.193457,-61.320663,0,1.193456,-61.285901,0,2970
135,80,23,24,1.193457,-61.320663,0,1.193450,-61.321344,0,3240
135,80,25,26,1.193457,-61.320663,0,1.193457,-61.320451,0,3510
135,80,27,28,1.193457,-61.320663,0,1.193457,-61.320119,0,3780
135,80,31,32,1.193457,-61.320663,0,1.193457,-61.320688,0,4320
135,160,15,16,1.502786,-65.335480,0,1.504674,-62.890020,0,2160
135,160,17,18,1.502786,-65.335480,0,1.503157,-64.464981,0,2430
135,160,19,20,1.502786,-65.335480,0,1.502724,-65.168403,0,2700
135,160,21,22,1.502786,-65.335480,0,1.502754,-65.310951,0,2970
135,160,23,24,1.502786,-65.335480,0,1.502786,-65.323590,0,3240
135,160,25,26,1.502786,-65.335480,0,1.502785,-65.332649,0,3510
135,160,27,28,1.502786,-65.335480,0,1.502786,-65.335277,0,3780
135,160,31,32,1.502786,-65.335480,0,1.502786,-65.335486,0,4320
136,1,15,16,0.146841,-41.421362,0,0.148624,-41.270989,0,2176
136,1,17,18,0.146841,-41.421362,0,0.147016,-41.416105,0,2448
136,1,19,20,0.146841,-41.421362,0,0.146957,-41.417454,0,2720
136,1,21,22,0.146841,-41.421362,0,0.146859,-41.423080,0,2992
136,1,23,24,0.146841,-41.421362,0,0.146843,-41.420735,0,3264
136,1,25,26,0.146841,-41.421362,0,0.146840,-41.421252,0,3536
136,1,27,28,0.146841,-41.421362,0,0.146841,-41.421376,0,3808
136,1,31,32,0.146841,-41.421362,0,0.146841,-41.421362,0,4352
136,2,15,16,0.221385,-43.858679,0,0.222156,-43.574639,0,2176
136,2,17,18,0.221385,-43.858679,0,0.221608,-43.847993,0,2448
136,2,19,20,0.221385,-43.858679,0,0.221432,-43.851166,0,2720
136,2,21,22,0.221385,-43.858679,0,0.221379,-43.856727,0,2992
136,2,23,24,0.221385,-43.858679,0,0.221382,-43.858526,0,3264
136,2,25,26,0.221385,-43.858679,0,0.221384,-43.858578,0,3536
136,2,27,28,0.221385,-43.858679,0,0.221385,-43.858682,0,3808
136,2,31,32,0.221385,-43.858679,0,0.221385,-43.858677,0,4352
136,5,15,16,0.350063,-47.880058,0,0.352540,-47.360264,0,2176
136,5,17,18,0.350063,-47.880058,0,0.350319,-47.785939,0,2448
136,5,19,20,0.350063,-47.880058,0,0.349981,-47.844280,0,2720
136,5,21,22,0.350063,-47.880058,0,0.350098,-47.882789,0,2992
136,5,23,24,0.350063,-47.880058,0,0.350057,-47.879010,0,3264
136,5,25,26,0.350063,-47.880058,0,0.350065,-47.880425,0,3536
136,5,27,28,0.350063,-47.880058,0,0.350064,-47.880069,0,3808
136,5,31,32,0.350063,-47.880058,0,0.350063,-47.880055,0,4352
136,10,15,16,0.460328,-51.483766,0,0.461808,-50.752891,0,2176
136,10,17,18,0.460328,-51.483766,0,0.460338,-51.359071,0,2448
136,10,19,20,0.460328,-51.483766,0,0.460298,-51.470560,0,2720
136,10,21,22,0.460328,-51.483766,0,0.460377,-51.483895,0,2992
136,10,23,24,0.460328,-51.483766,0,0.460324,-51.485435,0,3264
136,10,25,26,0.460328,-51.483766,0,0.460329,-51.483637,0,3536
136,10,27,28,0.460328,-51.483766,0,0.460328,-51.483788,0,3808
136,10,31,32,0.460328,-51.483766,0,0.460328,-51.483766,0,4352
136,20,15,16,0.630973,-54.649745,0,0.633411,-53.961906,0,2176
136,20,17,18,0.630973,-54.649745,0,0.631314,-54.498479,0,2448
136,20,19,20,0.630973,-54.649745,0,0.630965,-54.617028,0,2720
136,20,21,22,0.630973,-54.649745,0,0.630972,-54.655517,0,2992
136,20,23,24,0.630973,-54.649745,0,0.630983,-54.649592,0,3264
136,20,25,26,0.630973,-54.649745,0,0.630973,-54.649900,0,3536
136,20,27,28,0.630973,-54.649745,0,0.630973,-54.649593,0,3808
136,20,31,32,0.630973,-54.649745,0,0.630973,-54.649749,0,4352
136,40,15,16,0.892329,-57.788624,0,0.894849,-56.383188,0,2176
136,40,17,18,0.892329,-57.788624,0,0.892286,-57.357234,0,2448
136,40,19,20,0.892329,-57.788624,0,0.892455,-57.745078,0,2720
136,40,21,22,0.892329,-57.788624,0,0.892324,-57.766114,0,2992
136,40,23,24,0.892329,-57.788624,0,0.892332,-57.791387,0,3264
136,40,25,26,0.892329,-57.788624,0,0.892329,-57.789311,0,3536
136,40,27,28,0.892329,-57.788624,0,0.892329,-57.788594,0,3808
136,40,31,32,0.892329,-57.788624,0,0.892329,-57.788614,0,4352
136,80,15,16,1.183800,-61.387007,0,1.184518,-59.216502,0,2176
136,80,17,18,1.183800,-61.387007,0,1.183633,-60.885312,0,2448
136,80,19,20,1.183800,-61.387007,0,1.183893,-61.279323,0,2720
136,80,21,22,1.183800,-61.387007,0,1.183838,-61.372400,0,2992
136,80,23,24,1.183800,-61.387007,0,1.183803,-61.383823,0,3264
136,80,25,26,1.183800,-61.387007,0,1.183800,-61.385867,0,3536
136,80,27,28,1.183800,-61.387007,0,1.183799,-61.386815,0,3808
136,80,31,32,1.183800,-61.387007,0,1.183800,-61.386991,0,4352
136,160,15,16,1.481989,-65.450534,0,1.483745,-61.578060,0,2176
136,160,17,18,1.481989,-65.450534,0,1.482261,-64.535010,0,2448
136,160,19,20,1.481989,-65.450534,0,1.481853,-65.298221,0,2720
136,160,21,22,1.481989,-65.450534,0,1.481999,-65.421934,0,2992
136,160,23,24,1.481989,-65.450534,0,1.481987,-65.449980,0,3264
136,160,25,26,1.481989,-65.450534,0,1.481988,-65.451042,0,3536
136,160,27,28,1.481989,-65.450534,0,1.481988,-65.450556,0,3808
136,160,31,32,1.481989,-65.450534,0,1.481989,-65.450536,0,4352
137,1,15,16,0.146045,-41.486185,0,0.149330,-41.292629,0,2192
137,1,17,18,0.146045,-41.486185,0,0.146062,-41.447602,0,2466
137,1,19,20,0.146045,-41.486185,0,0.146135,-41.480377,0,2740
137,1,21,22,0.146045,-41.486185,0,0.146062,-41.485597,0,3014
137,1,23,24,0.146045,-41.486185,0,0.146041,-41.485965,0,3288
137,1,25,26,0.146045,-41.486185,0,0.146045,-41.486173,0,3562
137,1,27,28,0.146045,-41.486185,0,0.146044,-41.486231,0,3836
137,1,31,32,0.146045,-41.486185,0,0.146045,-41.486182,0,4384
137,2,15,16,0.210796,-44.290354,0,0.212975,-43.943817,0,2192
137,2,17,18,0.210796,-44.290354,0,0.210853,-44.277476,0,2466
137,2,19,20,0.210796,-44.290354,0,0.210727,-44.279803,0,2740
137,2,21,22,0.210796,-44.290354,0,0.210805,-44.292388,0,3014
137,2,23,24,0.210796,-44.290354,0,0.210795,-44.289480,0,3288
137,2,25,26,0.210796,-44.290354,0,0.210798,-44.290313,0,3562
137,2,27,28,0.210796,-44.290354,0,0.210796,-44.290405,0,3836
137,2,31,32,0.210796,-44.290354,0,0.210796,-44.290355,0,4384
137,5,15,16,0.343196,-48.053980,0,0.344819,-47.673675,0,2192
137,5,17,18,0.343196,-48.053980,0,0.343443,-47.914713,0,2466
137,5,19,20,0.343196,-48.053980,0,0.343255,-48.043163,0,2740
137,5,21,22,0.343196,-48.053980,0,0.343231,-48.050537,0,3014
137,5,23,24,0.343196,-48.053980,0,0.343189,-48.054006,0,3288
137,5,25,26,0.343196,-48.053980,0,0.343197,-48.053561,0,3562
137,5,27,28,0.343196,-48.053980,0,0.343196,-48.054042,0,3836
137,5,31,32,0.343196,-48.053980,0,0.343196,-48.053981,0,4384
137,10,15,16,0.459681,-51.531961,0,0.461182,-50.934698,0,2192
137,10,17,18,0.459681,-51.531961,0,0.459685,-51.452382,0,2466
137,10,19,20,0.459681,-51.531961,0,0.459813,-51.503326,0,2740
137,10,21,22,0.459681,-51.531961,0,0.459680,-51.532977,0,3014
137,10,23,24,0.459681,-51.531961,0,0.459683,-51.533063,0,3288
137,10,25,26,0.459681,-51.531961,0,0.459681,-51.531971,0,3562
137,10,27,28,0.459681,-51.531961,0,0.459681,-51.531959,0,3836
137,10,31,32,0.459681,-51.531961,0,0.459681,-51.531968,0,4384
137,20,15,16,0.598101,-55.120413,0,0.599679,-54.171776,0,2192
137,20,17,18,0.598101,-55.120413,0,0.597876,-55.003819,0,2466
137,20,19,20,0.598101,-55.120413,0,0.598075,-55.104971,0,2740
137,20,21,22,0.598101,-55.120413,0,0.598126,-55.113049,0,3014
137,20,23,24,0.598101,-55.120413,0,0.598109,-55.121517,0,3288
137,20,25,26,0.598101,-55.120413,0,0.598099,-55.120251,0,3562
137,20,27,28,0.598101,-55.120413,0,0.598101,-55.120310,0,3836
137,20,31,32,0.598101,-55.120413,0,0.598101,-55.120414,0,4384
137,40,15,16,0.859175,-58.123699,0,0.860903,-56.388840,0,2192
137,40,17,18,0.859175,-58.123699,0,0.859289,-57.779161,0,2466
137,40,19,20,0.859175,-58.123699,0,0.859208,-58.072129,0,2740
137,40,21,22,0.859175,-58.123699,0,0.859172,-58.105543,0,3014
137,40,23,24,0.859175,-58.123699,0,0.859170,-58.128800,0,3288
137,40,25,26,0.859175,-58.123699,0,0.859175,-58.123540,0,3562
137,40,27,28,0.859175,-58.123699,0,0.859174,-58.123494,0,3836
137,40,31,32,0.859175,-58.123699,0,0.859175,-58.123694,0,4384
137,80,15,16,1.165480,-61.528759,0,1.168329,-59.751413,0,2192
137,80,17,18,1.165480,-61.528759,0,1.164892,-60.909543,0,2466
137,80,19,20,1.165480,-61.528759,0,1.165418,-61.412894,0,2740
137,80,21,22,1.165480,-61.528759,0,1.165509,-61.510916,0,3014
137,80,23,24,1.165480,-61.528759,0,1.165479,-61.524887,0,3288
137,80,25,26,1.165480,-61.528759,0,1.165477,-61.527561,0,3562
137,80,27,28,1.165480,-61.528759,0,1.165480,-61.529024,0,3836
137,80,31,32,1.165480,-61.528759,0,1.165480,-61.528754,0,4384
137,160,15,16,1.482371,-65.432507,0,1.482329,-62.167420,0,2192
137,160,17,18,1.482371,-65.432507,0,1.482884,-64.698756,0,2466
137,160,19,20,1.482371,-65.432507,0,1.482333,-65.268870,0,2740
137,160,21,22,1.482371,-65.432507,0,1.482369,-65.427435,0,3014
137,160,23,24,1.482371,-65.432507,0,1.482374,-65.439814,0,3288
137,160,25,26,1.482371,-65.432507,0,1.482370,-65.432531,0,3562
137,160,27,28,1.482371,-65.432507,0,1.482370,-65.432466,0,3836
137,160,31,32,1.482371,-65.432507,0,1.482371,-65.432538,0,4384
138,1,15,16,0.145889,-41.494375,0,0.148836,-41.302582,0,2208
138,1,17,18,0.145889,-41.494375,0,0.146390,-41.439811,0,2484
138,1,19,20,0.145889,-41.494375,0,0.145990,-41.483318,0,2760
138,1,21,22,0.145889,-41.494375,0,0.145898,-41.493765,0,3036
138,1,23,24,0.145889,-41.494375,0,0.145882,-41.494453,0,3312
138,1,25,26,0.145889,-41.494375,0,0.145888,-41.494488,0,3588
138,1,27,28,0.145889,-41.494375,0,0.145890,-41.494352,0,3864
138,1,31,32,0.145889,-41.494375,0,0.145889,-41.494374,0,4416
138,2,15,16,0.199795,-44.783179,0,0.201520,-44.507407,0,2208
138,2,17,18,0.199795,-44.783179,0,0.200088,-44.729347,0,2484
138,2,19,20,0.199795,-44.783179,0,0.199854,-44.770045,0,2760
138,2,21,22,0.199795,-44.783179,0,0.199818,-44.786802,0,3036
138,2,23,24,0.199795,-44.783179,0,0.199794,-44.783367,0,3312
138,2,25,26,0.199795,-44.783179,0,0.199795,-44.783270,0,3588
138,2,27,28,0.199795,-44.783179,0,0.199795,-44.783114,0,3864
138,2,31,32,0.199795,-44.783179,0,0.199795,-44.783181,0,4416
138,5,15,16,0.332912,-48.315949,0,0.335487,-47.731043,0,2208
138,5,17,18,0.332912,-48.315949,0,0.333169,-48.216847,0,2484
138,5,19,20,0.332912,-48.315949,0,0.332952,-48.309176,0,2760
138,5,21,22,0.332912,-48.315949,0,0.332878,-48.314623,0,3036
138,5,23,24,0.332912,-48.315949,0,0.332914,-48.315811,0,3312
138,5,25,26,0.332912,-48.315949,0,0.332913,-48.316038,0,3588
138,5,27,28,0.332912,-48.315949,0,0.332912,-48.315895,0,3864
138,5,31,32,0.332912,-48.315949,0,0.332912,-48.315949,0,4416
138,10,15,16,0.456094,-51.596498,0,0.457318,-50.903624,0,2208
138,10,17,18,0.456094,-51.596498,0,0.456510,-51.455950,0,2484
138,10,19,20,0.456094,-51.596498,0,0.456182,-51.594016,0,2760
138,10,21,22,0.456094,-51.596498,0,0.456098,-51.603641,0,3036
138,10,23,24,0.456094,-51.596498,0,0.456092,-51.594794,0,3312
138,10,25,26,0.456094,-51.596498,0,0.456096,-51.596576,0,3588
138,10,27,28,0.456094,-51.596498,0,0.456094,-51.596397,0,3864
138,10,31,32,0.456094,-51.596498,0,0.456094,-51.596493,0,4416
138,20,15,16,0.589093,-55.279152,0,0.590873,-54.526741,0,2208
138,20,17,18,0.589093,-55.279152,0,0.589183,-55.190028,0,2484
138,20,19,20,0.589093,-55.279152,0,0.589149,-55.264689,0,2760
138,20,21,22,0.589093,-55.279152,0,0.589069,-55.262801,0,3036
138,20,23,24,0.589093,-55.279152,0,0.589090,-55.278821,0,3312
138,20,25,26,0.589093,-55.279152,0,0.589092,-55.278666,0,3588
138,20,27,28,0.589093,-55.279152,0,0.589093,-55.279121,0,3864
138,20,31,32,0.589093,-55.279152,0,0.589093,-55.279154,0,4416
138,40,15,16,0.820382,-58.504350,0,0.821206,-57.183237,0,2208
138,40,17,18,0.820382,-58.504350,0,0.820294,-58.042736,0,2484
138,40,19,20,0.820382,-58.504350,0,0.820433,-58.423238,0,2760
138,40,21,22,0.820382,-58.504350,0,0.820400,-58.513889,0,3036
138,40,23,24,0.820382,-58.504350,0,0.820383,-58.500821,0,3312
138,40,25,26,0.820382,-58.504350,0,0.820382,-58.503673,0,3588
138,40,27,28,0.820382,-58.504350,0,0.820382,-58.504314,0,3864
138,40,31,32,0.820382,-58.504350,0,0.820382,-58.504329,0,4416
138,80,15,16,1.136651,-61.747879,0,1.137711,-59.239986,0,2208
138,80,17,18,1.136651,-61.747879,0,1.137286,-61.129701,0,2484
138,80,19,20,1.136651,-61.747879,0,1.136471,-61.593204,0,2760
138,80,21,22,1.136651,-61.747879,0,1.136608,-61.725390,0,3036
138,80,23,24,1.136651,-61.747879,0,1.136657,-61.741819,0,3312
138,80,25,26,1.136651,-61.747879,0,1.136649,-61.747862,0,3588
138,80,27,28,1.136651,-61.747879,0,1.136651,-61.747515,0,3864
138,80,31,32,1.136651,-61.747879,0,1.136651,-61.747865,0,4416
138,160,15,16,1.475110,-65.483440,0,1.475080,-61.739455,0,2208
138,160,17,18,1.475110,-65.483440,0,1.475311,-64.452892,0,2484
138,160,19,20,1.475110,-65.483440,0,1.475185,-65.295068,0,2760
138,160,21,22,1.475110,-65.483440,0,1.475147,-65.466725,0,3036
138,160,23,24,1.475110,-65.483440,0,1.475108,-65.481553,0,3312
138,160,25,26,1.475110,-65.483440,0,1.475106,-65.483205,0,3588
138,160,27,28,1.475110,-65.483440,0,1.475110,-65.483984,0,3864
138,160,31,32,1.475110,-65.483440,0,1.475110,-65.483406,0,4416
139,1,15,16,0.144982,-41.565790,0,0.148707,-41.293412,0,2224
139,1,17,18,0.144982,-41.565790,0,0.145420,-41.520141,0,2502
139,1,19,20,0.144982,-41.565790,0,0.144963,-41.556930,0,2780
139,1,21,22,0.144982,-41.565790,0,0.144986,-41.563744,0,3058
139,1,23,24,0.144982,-41.565790,0,0.144978,-41.565928,0,3336
139,1,25,26,0.144982,-41.565790,0,0.144982,-41.565610,0,3614
139,1,27,28,0.144982,-41.565790,0,0.144982,-41.565792,0,3892
139,1,31,32,0.144982,-41.565790,0,0.144982,-41.565790,0,4448
139,2,15,16,0.193691,-45.039355,0,0.196641,-44.733848,0,2224
139,2,17,18,0.193691,-45.039355,0,0.193698,-44.995613,0,2502
139,2,19,20,0.193691,-45.039355,0,0.193691,-45.038014,0,2780
139,2,21,22,0.193691,-45.039355,0,0.193728,-45.036673,0,3058
139,2,23,24,0.193691,-45.039355,0,0.193693,-45.039399,0,3336
139,2,25,26,0.193691,-45.039355,0,0.193690,-45.039262,0,3614
139,2,27,28,0.193691,-45.039355,0,0.193690,-45.039383,0,3892
139,2,31,32,0.193691,-45.039355,0,0.193691,-45.039355,0,4448
139,5,15,16,0.320101,-48.659814,0,0.321899,-48.246971,0,2224
139,5,17,18,0.320101,-48.659814,0,0.320232,-48.522899,0,2502
139,5,19,20,0.320101,-48.659814,0,0.320076,-48.637224,0,2780
139,5,21,22,0.320101,-48.659814,0,0.320113,-48.652772,0,3058
139,5,23,24,0.320101,-48.659814,0,0.320095,-48.657494,0,3336
139,5,25,26,0.320101,-48.659814,0,0.320101,-48.659625,0,3614
139,5,27,28,0.320101,-48.659814,0,0.320100,-48.659854,0,3892
139,5,31,32,0.320101,-48.659814,0,0.320101,-48.659819,0,4448
139,10,15,16,0.448283,-51.744758,0,0.448741,-50.982059,0,2224
139,10,17,18,0.448283,-51.744758,0,0.448004,-51.595729,0,2502
139,10,19,20,0.448283,-51.744758,0,0.448427,-51.726455,0,2780
139,10,21,22,0.448283,-51.744758,0,0.448276,-51.744384,0,3058
139,10,23,24,0.448283,-51.744758,0,0.448281,-51.743761,0,3336
139,10,25,26,0.448283,-51.744758,0,0.448282,-51.744729,0,3614
139,10,27,28,0.448283,-51.744758,0,0.448283,-51.744842,0,3892
139,10,31,32,0.448283,-51.744758,0,0.448283,-51.744769,0,4448
139,20,15,16,0.587917,-55.249923,0,0.589789,-54.417863,0,2224
139,20,17,18,0.587917,-55.249923,0,0.588332,-55.128106,0,2502
139,20,19,20,0.587917,-55.249923,0,0.587886,-55.228710,0,2780
139,20,21,22,0.587917,-55.249923,0,0.587942,-55.264555,0,3058
139,20,23,24,0.587917,-55.249923,0,0.587917,-55.249464,0,3336
139,20,25,26,0.587917,-55.249923,0,0.587918,-55.250271,0,3614
139,20,27,28,0.587917,-55.249923,0,0.587918,-55.249820,0,3892
139,20,31,32,0.587917,-55.249923,0,0.587917,-55.249925,0,4448
139,40,15,16,0.779961,-58.945396,0,0.778833,-57.711043,0,2224
139,40,17,18,0.779961,-58.945396,0,0.780062,-58.625475,0,2502
139,40,19,20,0.779961,-58.945396,0,0.779928,-58.893328,0,2780
139,40,21,22,0.779961,-58.945396,0,0.779926,-58.937208,0,3058
139,40,23,24,0.779961,-58.945396,0,0.779954,-58.939242,0,3336
139,40,25,26,0.779961,-58.945396,0,0.779961,-58.945719,0,3614
139,40,27,28,0.779961,-58.945396,0,0.779961,-58.945387,0,3892
139,40,31,32,0.779961,-58.945396,0,0.779961,-58.945415,0,4448
139,80,15,16,1.098994,-62.045837,0,1.098045,-59.507920,0,2224
139,80,17,18,1.098994,-62.045837,0,1.099389,-61.027003,0,2502
139,80,19,20,1.098994,-62.045837,0,1.098972,-61.919439,0,2780
139,80,21,22,1.098994,-62.045837,0,1.098979,-62.012507,0,3058
139,80,23,24,1.098994,-62.045837,0,1.098994,-62.040944,0,3336
139,80,25,26,1.098994,-62.045837,0,1.098997,-62.046077,0,3614
139,80,27,28,1.098994,-62.045837,0,1.098994,-62.045705,0,3892
139,80,31,32,1.098994,-62.045837,0,1.098994,-62.045847,0,4448
139,160,15,16,1.456022,-65.546264,0,1.455979,-63.110547,0,2224
139,160,17,18,1.456022,-65.546264,0,1.455958,-64.535100,0,2502
139,160,19,20,1.456022,-65.546264,0,1.456016,-65.278196,0,2780
139,160,21,22,1.456022,-65.546264,0,1.456045,-65.532576,0,3058
139,160,23,24,1.456022,-65.546264,0,1.456022,-65.544350,0,3336
139,160,25,26,1.456022,-65.546264,0,1.456021,-65.546250,0,3614
139,160,27,28,1.456022,-65.546264,0,1.456022,-65.545891,0,3892
139,160,31,32,1.456022,-65.546264,0,1.456022,-65.546288,0,4448
140,1,15,16,0.142922,-41.690683,0,0.145821,-41.443929,0,2240
140,1,17,18,0.142922,-41.690683,0,0.143234,-41.657311,0,2520
140,1,19,20,0.142922,-41.690683,0,0.142968,-41.683733,0,2800
140,1,21,22,0.142922,-41.690683,0,0.142966,-41.689995,0,3080
140,1,23,24,0.142922,-41.690683,0,0.142916,-41.690207,0,3360
140,1,25,26,0.142922,-41.690683,0,0.142921,-41.690656,0,3640
140,1,27,28,0.142922,-41.690683,0,0.142922,-41.690773,0,3920
140,1,31,32,0.142922,-41.690683,0,0.142922,-41.690686,0,4480
140,2,15,16,0.193806,-45.033696,0,0.195400,-44.731926,0,2240
140,2,17,18,0.193806,-45.033696,0,0.194247,-45.003067,0,2520
140,2,19,20,0.193806,-45.033696,0,0.193833,-45.025414,0,2800
140,2,21,22,0.193806,-45.033696,0,0.193835,-45.034428,0,3080
140,2,23,24,0.193806,-45.033696,0,0.193806,-45.033961,0,3360
140,2,25,26,0.193806,-45.033696,0,0.193806,-45.033715,0,3640
140,2,27,28,0.193806,-45.033696,0,0.193807,-45.033667,0,3920
140,2,31,32,0.193806,-45.033696,0,0.193806,-45.033695,0,4480
140,5,15,16,0.305256,-49.080124,0,0.308340,-48.564575,0,2240
140,5,17,18,0.305256,-49.080124,0,0.305497,-48.938039,0,2520
140,5,19,20,0.305256,-49.080124,0,0.305268,-49.056592,0,2800
140,5,21,22,0.305256,-49.080124,0,0.305243,-49.077220,0,3080
140,5,23,24,0.305256,-49.080124,0,0.305258,-49.079094,0,3360
140,5,25,26,0.305256,-49.080124,0,0.305255,-49.080363,0,3640
140,5,27,28,0.305256,-49.080124,0,0.305256,-49.080149,0,3920
140,5,31,32,0.305256,-49.080124,0,0.305256,-49.080124,0,4480
140,10,15,16,0.436975,-51.946730,0,0.437996,-51.495011,0,2240
140,10,17,18,0.436975,-51.946730,0,0.436922,-51.822331,0,2520
140,10,19,20,0.436975,-51.946730,0,0.436924,-51.903825,0,2800
140,10,21,22,0.436975,-51.946730,0,0.436970,-51.939446,0,3080
140,10,23,24,0.436975,-51.946730,0,0.436973,-51.947310,0,3360
140,10,25,26,0.436975,-51.946730,0,0.436974,-51.946710,0,3640
140,10,27,28,0.436975,-51.946730,0,0.436975,-51.946694,0,3920
140,10,31,32,0.436975,-51.946730,0,0.436975,-51.946734,0,4480
140,20,15,16,0.584662,-55.299832,0,0.585797,-53.752223,0,2240
140,20,17,18,0.584662,-55.299832,0,0.584911,-55.139300,0,2520
140,20,19,20,0.584662,-55.299832,0,0.584722,-55.254289,0,2800
140,20,21,22,0.584662,-55.299832,0,0.584654,-55.303038,0,3080
140,20,23,24,0.584662,-55.299832,0,0.584655,-55.302535,0,3360
140,20,25,26,0.584662,-55.299832,0,0.584660,-55.299687,0,3640
140,20,27,28,0.584662,-55.299832,0,0.584662,-55.299866,0,3920
140,20,31,32,0.584662,-55.299832,0,0.584662,-55.299842,0,4480
140,40,15,16,0.747798,-59.340188,0,0.751819,-57.975225,0,2240
140,40,17,18,0.747798,-59.340188,0,0.747589,-58.805786,0,2520
140,40,19,20,0.747798,-59.340188,0,0.747853,-59.273891,0,2800
140,40,21,22,0.747798,-59.340188,0,0.747798,-59.340337,0,3080
140,40,23,24,0.747798,-59.340188,0,0.747801,-59.336717,0,3360
140,40,25,26,0.747798,-59.340188,0,0.747797,-59.339203,0,3640
140,40,27,28,0.747798,-59.340188,0,0.747798,-59.340081,0,3920
140,40,31,32,0.747798,-59.340188,0,0.747798,-59.340177,0,4480
140,80,15,16,1.052572,-62.390606,0,1.053206,-60.135208,0,2240
140,80,17,18,1.052572,-62.390606,0,1.052634,-61.602179,0,2520
140,80,19,20,1.052572,-62.390606,0,1.052645,-62.253265,0,2800
140,80,21,22,1.052572,-62.390606,0,1.052557,-62.367086,0,3080
140,80,23,24,1.052572,-62.390606,0,1.052573,-62.391844,0,3360
140,80,25,26,1.052572,-62.390606,0,1.052572,-62.389007,0,3640
140,80,27,28,1.052572,-62.390606,0,1.052572,-62.390655,0,3920
140,80,31,32,1.052572,-62.390606,0,1.052572,-62.390560,0,4480
140,160,15,16,1.428342,-65.755660,0,1.428320,-62.362122,0,2240
140,160,17,18,1.428342,-65.755660,0,1.428465,-65.080019,0,2520
140,160,19,20,1.428342,-65.755660,0,1.428435,-65.479794,0,2800
140,160,21,22,1.428342,-65.755660,0,1.428327,-65.727570,0,3080
140,160,23,24,1.428342,-65.755660,0,1.428337,-65.757671,0,3360
140,160,25,26,1.428342,-65.755660,0,1.428339,-65.755893,0,3640
140,160,27,28,1.428342,-65.755660,0,1.428342,-65.755730,0,3920
140,160,31,32,1.428342,-65.755660,0,1.428342,-65.755662,0,4480
141,1,15,16,0.139814,-41.911894,0,0.141277,-41.737957,0,2256
141,1,17,18,0.139814,-41.911894,0,0.139618,-41.868112,0,2538
141,1,19,20,0.139814,-41.911894,0,0.139829,-41.904161,0,2820
141,1,21,22,0.139814,-41.911894,0,0.139799,-41.912887,0,3102
141,1,23,24,0.139814,-41.911894,0,0.139817,-41.911337,0,3384
141,1,25,26,0.139814,-41.911894,0,0.139815,-41.911873,0,3666
141,1,27,28,0.139814,-41.911894,0,0.139814,-41.911867,0,3948
141,1,31,32,0.139814,-41.911894,0,0.139814,-41.911895,0,4512
141,2,15,16,0.192993,-45.048790,0,0.195175,-44.844164,0,2256
141,2,17,18,0.192993,-45.048790,0,0.193111,-45.012170,0,2538
141,2,19,20,0.192993,-45.048790,0,0.193197,-45.054325,0,2820
141,2,21,22,0.192993,-45.048790,0,0.192984,-45.048208,0,3102
141,2,23,24,0.192993,-45.048790,0,0.192999,-45.048928,0,3384
141,2,25,26,0.192993,-45.048790,0,0.192993,-45.048756,0,3666
141,2,27,28,0.192993,-45.048790,0,0.192993,-45.048805,0,3948
141,2,31,32,0.192993,-45.048790,0,0.192993,-45.048791,0,4512
141,5,15,16,0.289743,-49.525808,0,0.291723,-48.986479,0,2256
141,5,17,18,0.289743,-49.525808,0,0.289736,-49.407309,0,2538
141,5,19,20,0.289743,-49.525808,0,0.289873,-49.515735,0,2820
141,5,21,22,0.289743,-49.525808,0,0.289779,-49.528141,0,3102
141,5,23,24,0.289743,-49.525808,0,0.289744,-49.524330,0,3384
141,5,25,26,0.289743,-49.525808,0,0.289743,-49.525501,0,3666
141,5,27,28,0.289743,-49.525808,0,0.289742,-49.525853,0,3948
141,5,31,32,0.289743,-49.525808,0,0.289743,-49.525808,0,4512
141,10,15,16,0.421934,-52.247693,0,0.424599,-51.455481,0,2256
141,10,17,18,0.421934,-52.247693,0,0.422450,-52.132242,0,2538
141,10,19,20,0.421934,-52.247693,0,0.421844,-52.202795,0,2820
141,10,21,22,0.421934,-52.247693,0,0.421960,-52.257106,0,3102
141,10,23,24,0.421934,-52.247693,0,0.421934,-52.248445,0,3384
141,10,25,26,0.421934,-52.247693,0,0.421933,-52.247992,0,3666
141,10,27,28,0.421934,-52.247693,0,0.421935,-52.247667,0,3948
141,10,31,32,0.421934,-52.247693,0,0.421934,-52.247692,0,4512
141,20,15,16,0.577901,-55.393495,0,0.578803,-54.564565,0,2256
141,20,17,18,0.577901,-55.393495,0,0.577549,-55.250670,0,2538
141,20,19,20,0.577901,-55.393495,0,0.577971,-55.399918,0,2820
141,20,21,22,0.577901,-55.393495,0,0.577882,-55.385429,0,3102
141,20,23,24,0.577901,-55.393495,0,0.577910,-55.397095,0,3384
141,20,25,26,0.577901,-55.393495,0,0.577901,-55.393698,0,3666
141,20,27,28,0.577901,-55.393495,0,0.577902,-55.393668,0,3948
141,20,31,32,0.577901,-55.393495,0,0.577901,-55.393488,0,4512
141,40,15,16,0.748515,-59.286201,0,0.750298,-57.651500,0,2256
141,40,17,18,0.748515,-59.286201,0,0.748309,-58.896556,0,2538
141,40,19,20,0.748515,-59.286201,0,0.748581,-59.125841,0,2820
141,40,21,22,0.748515,-59.286201,0,0.748505,-59.278365,0,3102
141,40,23,24,0.748515,-59.286201,0,0.748507,-59.293972,0,3384
141,40,25,26,0.748515,-59.286201,0,0.748515,-59.284588,0,3666
141,40,27,28,0.748515,-59.286201,0,0.748514,-59.286074,0,3948
141,40,31,32,0.748515,-59.286201,0,0.748515,-59.286187,0,4512
141,80,15,16,1.003269,-62.817694,0,1.002030,-61.046257,0,2256
141,80,17,18,1.003269,-62.817694,0,1.003107,-62.198947,0,2538
141,80,19,20,1.003269,-62.817694,0,1.003293,-62.640980,0,2820
141,80,21,22,1.003269,-62.817694,0,1.003278,-62.801860,0,3102
141,80,23,24,1.003269,-62.817694,0,1.003272,-62.806741,0,3384
141,80,25,26,1.003269,-62.817694,0,1.003271,-62.818053,0,3666
141,80,27,28,1.003269,-62.817694,0,1.003269,-62.818344,0,3948
141,80,31,32,1.003269,-62.817694,0,1.003269,-62.817686,0,4512
141,160,15,16,1.385605,-65.997269,0,1.386312,-61.748796,0,2256
141,160,17,18,1.385605,-65.997269,0,1.385674,-65.329601,0,2538
141,160,19,20,1.385605,-65.997269,0,1.385646,-65.732778,0,2820
141,160,21,22,1.385605,-65.997269,0,1.385609,-66.017973,0,3102
141,160,23,24,1.385605,-65.997269,0,1.385599,-65.993797,0,3384
141,160,25,26,1.385605,-65.997269,0,1.385607,-65.998702,0,3666
141,160,27,28,1.385605,-65.997269,0,1.385605,-65.996820,0,3948
141,160,31,32,1.385605,-65.997269,0,1.385605,-65.997306,0,4512
142,1,15,16,0.135343,-42.194109,0,0.137446,-42.010699,0,2272
142,1,17,18,0.135343,-42.194109,0,0.135566,-42.178140,0,2556
142,1,19,20,0.135343,-42.194109,0,0.135289,-42.200328,0,2840
142,1,21,22,0.135343,-42.194109,0,0.135353,-42.195544,0,3124
142,1,23,24,0.135343,-42.194109,0,0.135348,-42.193827,0,3408
142,1,25,26,0.135343,-42.194109,0,0.135345,-42.194129,0,3692
142,1,27,28,0.135343,-42.194109,0,0.135344,-42.194061,0,3976
142,1,31,32,0.135343,-42.194109,0,0.135343,-42.194110,0,4544
142,2,15,16,0.191058,-45.152597,0,0.193077,-44.849520,0,2272
142,2,17,18,0.191058,-45.152597,0,0.191426,-45.074071,0,2556
142,2,19,20,0.191058,-45.152597,0,0.190996,-45.132388,0,2840
142,2,21,22,0.191058,-45.152597,0,0.191061,-45.153825,0,3124
142,2,23,24,0.191058,-45.152597,0,0.191056,-45.152034,0,3408
142,2,25,26,0.191058,-45.152597,0,0.191058,-45.152565,0,3692
142,2,27,28,0.191058,-45.152597,0,0.191058,-45.152659,0,3976
142,2,31,32,0.191058,-45.152597,0,0.191058,-45.152596,0,4544
142,5,15,16,0.277225,-49.902761,0,0.280724,-49.437774,0,2272
142,5,17,18,0.277225,-49.902761,0,0.277749,-49.744602,0,2556
142,5,19,20,0.277225,-49.902761,0,0.277171,-49.892004,0,2840
142,5,21,22,0.277225,-49.902761,0,0.277263,-49.899646,0,3124
142,5,23,24,0.277225,-49.902761,0,0.277221,-49.902313,0,3408
142,5,25,26,0.277225,-49.902761,0,0.277225,-49.902692,0,3692
142,5,27,28,0.277225,-49.902761,0,0.277224,-49.902829,0,3976
142,5,31,32,0.277225,-49.902761,0,0.277225,-49.902766,0,4544
142,10,15,16,0.403597,-52.592205,0,0.407354,-51.986839,0,2272
142,10,17,18,0.403597,-52.592205,0,0.404532,-52.479428,0,2556
142,10,19,20,0.403597,-52.592205,0,0.403686,-52.599525,0,2840
142,10,21,22,0.403597,-52.592205,0,0.403593,-52.595988,0,3124
142,10,23,24,0.403597,-52.592205,0,0.403598,-52.591606,0,3408
142,10,25,26,0.403597,-52.592205,0,0.403599,-52.591919,0,3692
142,10,27,28,0.403597,-52.592205,0,0.403597,-52.592251,0,3976
142,10,31,32,0.403597,-52.592205,0,0.403597,-52.592197,0,4544
142,20,15,16,0.565957,-55.597650,0,0.568941,-54.516797,0,2272
142,20,17,18,0.565957,-55.597650,0,0.565947,-55.521058,0,2556
142,20,19,20,0.565957,-55.597650,0,0.565994,-55.597459,0,2840
142,20,21,22,0.565957,-55.597650,0,0.565961,-55.595337,0,3124
142,20,23,24,0.565957,-55.597650,0,0.565959,-55.597840,0,3408
142,20,25,26,0.565957,-55.597650,0,0.565958,-55.597877,0,3692
142,20,27,28,0.565957,-55.597650,0,0.565957,-55.597475,0,3976
142,20,31,32,0.565957,-55.597650,0,0.565957,-55.597653,0,4544
142,40,15,16,0.746587,-59.307331,0,0.747380,-57.113742,0,2272
142,40,17,18,0.746587,-59.307331,0,0.746401,-58.949832,0,2556
142,40,19,20,0.746587,-59.307331,0,0.746600,-59.259878,0,2840
142,40,21,22,0.746587,-59.307331,0,0.746569,-59.305665,0,3124
142,40,23,24,0.746587,-59.307331,0,0.746582,-59.310959,0,3408
142,40,25,26,0.746587,-59.307331,0,0.746587,-59.307899,0,3692
142,40,27,28,0.746587,-59.307331,0,0.746587,-59.307292,0,3976
142,40,31,32,0.746587,-59.307331,0,0.746587,-59.307322,0,4544
142,80,15,16,0.950959,-63.273838,0,0.950936,-59.840043,0,2272
142,80,17,18,0.950959,-63.273838,0,0.951461,-62.642752,0,2556
142,80,19,20,0.950959,-63.273838,0,0.950870,-63.084677,0,2840
142,80,21,22,0.950959,-63.273838,0,0.950951,-63.253857,0,3124
142,80,23,24,0.950959,-63.273838,0,0.950968,-63.272116,0,3408
142,80,25,26,0.950959,-63.273838,0,0.950958,-63.272532,0,3692
142,80,27,28,0.950959,-63.273838,0,0.950960,-63.273236,0,3976
142,80,31,32,0.950959,-63.273838,0,0.950959,-63.273826,0,4544
142,160,15,16,1.333994,-66.362613,0,1.335285,-62.893995,0,2272
142,160,17,18,1.333994,-66.362613,0,1.333428,-65.265281,0,2556
142,160,19,20,1.333994,-66.362613,0,1.334053,-66.169489,0,2840
142,160,21,22,1.333994,-66.362613,0,1.333979,-66.333123,0,3124
142,160,23,24,1.333994,-66.362613,0,1.333995,-66.359965,0,3408
142,160,25,26,1.333994,-66.362613,0,1.333994,-66.361710,0,3692
142,160,27,28,1.333994,-66.362613,0,1.333994,-66.362601,0,3976
142,160,31,32,1.333994,-66.362613,0,1.333994,-66.362588,0,4544
143,1,15,16,0.129226,-42.541518,0,0.131817,-42.284132,0,2288
143,1,17,18,0.129226,-42.541518,0,0.129521,-42.501903,0,2574
143,1,19,20,0.129226,-42.541518,0,0.129168,-42.537146,0,2860
143,1,21,22,0.129226,-42.541518,0,0.129216,-42.540065,0,3146
143,1,23,24,0.129226,-42.541518,0,0.129230,-42.541878,0,3432
143,1,25,26,0.129226,-42.541518,0,0.129224,-42.541463,0,3718
143,1,27,28,0.129226,-42.541518,0,0.129227,-42.541508,0,4004
143,1,31,32,0.129226,-42.541518,0,0.129226,-42.541517,0,4576
143,2,15,16,0.187270,-45.321082,0,0.189547,-45.031637,0,2288
143,2,17,18,0.187270,-45.321082,0,0.187281,-45.281178,0,2574
143,2,19,20,0.187270,-45.321082,0,0.187320,-45.326382,0,2860
143,2,21,22,0.187270,-45.321082,0,0.187296,-45.322428,0,3146
143,2,23,24,0.187270,-45.321082,0,0.187260,-45.320324,0,3432
143,2,25,26,0.187270,-45.321082,0,0.187271,-45.321117,0,3718
143,2,27,28,0.187270,-45.321082,0,0.187270,-45.321066,0,4004
143,2,31,32,0.187270,-45.321082,0,0.187270,-45.321079,0,4576
143,5,15,16,0.277470,-49.882828,0,0.279973,-49.207200,0,2288
143,5,17,18,0.277470,-49.882828,0,0.278305,-49.782344,0,2574
143,5,19,20,0.277470,-49.882828,0,0.277402,-49.862554,0,2860
143,5,21,22,0.277470,-49.882828,0,0.277519,-49.874264,0,3146
143,5,23,24,0.277470,-49.882828,0,0.277464,-49.882631,0,3432
143,5,25,26,0.277470,-49.882828,0,0.277472,-49.882675,0,3718
143,5,27,28,0.277470,-49.882828,0,0.277470,-49.882748,0,4004
143,5,31,32,0.277470,-49.882828,0,0.277470,-49.882836,0,4576
143,10,15,16,0.383671,-53.019230,0,0.386377,-51.957328,0,2288
143,10,17,18,0.383671,-53.019230,0,0.384316,-52.890484,0,2574
143,10,19,20,0.383671,-53.019230,0,0.383701,-53.015107,0,2860
143,10,21,22,0.383671,-53.019230,0,0.383721,-53.004195,0,3146
143,10,23,24,0.383671,-53.019230,0,0.383666,-53.020937,0,3432
143,10,25,26,0.383671,-53.019230,0,0.383671,-53.019663,0,3718
143,10,27,28,0.383671,-53.019230,0,0.383671,-53.019380,0,4004
143,10,31,32,0.383671,-53.019230,0,0.383671,-53.019220,0,4576
143,20,15,16,0.549533,-55.863957,0,0.549798,-54.703295,0,2288
143,20,17,18,0.549533,-55.863957,0,0.549639,-55.740617,0,2574
143,20,19,20,0.549533,-55.863957,0,0.549473,-55.878230,0,2860
143,20,21,22,0.549533,-55.863957,0,0.549572,-55.880990,0,3146
143,20,23,24,0.549533,-55.863957,0,0.549532,-55.862783,0,3432
143,20,25,26,0.549533,-55.863957,0,0.549534,-55.863714,0,3718
143,20,27,28,0.549533,-55.863957,0,0.549533,-55.863878,0,4004
143,20,31,32,0.549533,-55.863957,0,0.549533,-55.863975,0,4576
143,40,15,16,0.739811,-59.421495,0,0.741895,-57.750923,0,2288
143,40,17,18,0.739811,-59.421495,0,0.739767,-59.061552,0,2574
143,40,19,20,0.739811,-59.421495,0,0.739858,-59.377579,0,2860
143,40,21,22,0.739811,-59.421495,0,0.739813,-59.406687,0,3146
143,40,23,24,0.739811,-59.421495,0,0.739813,-59.417860,0,3432
143,40,25,26,0.739811,-59.421495,0,0.739809,-59.422725,0,3718
143,40,27,28,0.739811,-59.421495,0,0.739811,-59.421438,0,4004
143,40,31,32,0.739811,-59.421495,0,0.739811,-59.421497,0,4576
143,80,15,16,0.941630,-63.388808,0,0.943417,-60.892272,0,2288
143,80,17,18,0.941630,-63.388808,0,0.941319,-62.563909,0,2574
143,80,19,20,0.941630,-63.388808,0,0.941751,-63.199671,0,2860
143,80,21,22,0.941630,-63.388808,0,0.941642,-63.351496,0,3146
143,80,23,24,0.941630,-63.388808,0,0.941625,-63.381021,0,3432
143,80,25,26,0.941630,-63.388808,0,0.941630,-63.387381,0,3718
143,80,27,28,0.941630,-63.388808,0,0.941629,-63.388516,0,4004
143,80,31,32,0.941630,-63.388808,0,0.941630,-63.388786,0,4576
143,160,15,16,1.274062,-66.755971,0,1.276754,-63.454782,0,2288
143,160,17,18,1.274062,-66.755971,0,1.274005,-65.796634,0,2574
143,160,19,20,1.274062,-66.755971,0,1.273982,-66.542523,0,2860
143,160,21,22,1.274062,-66.755971,0,1.274044,-66.744400,0,3146
143,160,23,24,1.274062,-66.755971,0,1.274061,-66.753033,0,3432
143,160,25,26,1.274062,-66.755971,0,1.274063,-66.755657,0,3718
143,160,27,28,1.274062,-66.755971,0,1.274062,-66.755767,0,4004
143,160,31,32,1.274062,-66.755971,0,1.274062,-66.755958,0,4576
144,1,15,16,0.122882,-42.926985,0,0.123679,-42.649765,0,2304
144,1,17,18,0.122882,-42.926985,0,0.123280,-42.922184,0,2592
144,1,19,20,0.122882,-42.926985,0,0.122906,-42.937861,0,2880
144,1,21,22,0.122882,-42.926985,0,0.122891,-42.925691,0,3168
144,1,23,24,0.122882,-42.926985,0,0.122882,-42.927190,0,3456
144,1,25,26,0.122882,-42.926985,0,0.122882,-42.926857,0,3744
144,1,27,28,0.122882,-42.926985,0,0.122882,-42.926967,0,4032
144,1,31,32,0.122882,-42.926985,0,0.122882,-42.926988,0,4608
144,2,15,16,0.182171,-45.598469,0,0.183775,-45.225881,0,2304
144,2,17,18,0.182171,-45.598469,0,0.182281,-45.543045,0,2592
144,2,19,20,0.182171,-45.598469,0,0.182146,-45.577355,0,2880
144,2,21,22,0.182171,-45.598469,0,0.182164,-45.599327,0,3168
144,2,23,24,0.182171,-45.598469,0,0.182175,-45.597901,0,3456
144,2,25,26,0.182171,-45.598469,0,0.182172,-45.598558,0,3744
144,2,27,28,0.182171,-45.598469,0,0.182171,-45.598459,0,4032
144,2,31,32,0.182171,-45.598469,0,0.182171,-45.598473,0,4608
144,5,15,16,0.276798,-49.901169,0,0.279786,-49.424334,0,2304
144,5,17,18,0.276798,-49.901169,0,0.276680,-49.803918,0,2592
144,5,19,20,0.276798,-49.901169,0,0.276666,-49.893931,0,2880
144,5,21,22,0.276798,-49.901169,0,0.276822,-49.895786,0,3168
144,5,23,24,0.276798,-49.901169,0,0.276810,-49.901242,0,3456
144,5,25,26,0.276798,-49.901169,0,0.276797,-49.900791,0,3744
144,5,27,28,0.276798,-49.901169,0,0.276798,-49.901090,0,4032
144,5,31,32,0.276798,-49.901169,0,0.276798,-49.901172,0,4608
144,10,15,16,0.363699,-53.453367,0,0.366745,-52.593454,0,2304
144,10,17,18,0.363699,-53.453367,0,0.364145,-53.385346,0,2592
144,10,19,20,0.363699,-53.453367,0,0.363691,-53.438075,0,2880
144,10,21,22,0.363699,-53.453367,0,0.363708,-53.457499,0,3168
144,10,23,24,0.363699,-53.453367,0,0.363701,-53.455114,0,3456
144,10,25,26,0.363699,-53.453367,0,0.363700,-53.452858,0,3744
144,10,27,28,0.363699,-53.453367,0,0.363699,-53.453236,0,4032
144,10,31,32,0.363699,-53.453367,0,0.363699,-53.453369,0,4608
144,20,15,16,0.528210,-56.239139,0,0.529850,-54.973504,0,2304
144,20,17,18,0.528210,-56.239139,0,0.528031,-56.094428,0,2592
144,20,19,20,0.528210,-56.239139,0,0.528189,-56.262426,0,2880
144,20,21,22,0.528210,-56.239139,0,0.528202,-56.238981,0,3168
144,20,23,24,0.528210,-56.239139,0,0.528210,-56.241734,0,3456
144,20,25,26,0.528210,-56.239139,0,0.528210,-56.238461,0,3744
144,20,27,28,0.528210,-56.239139,0,0.528211,-56.239179,0,4032
144,20,31,32,0.528210,-56.239139,0,0.528210,-56.239124,0,4608
144,40,15,16,0.728404,-59.538931,0,0.729316,-58.013236,0,2304
144,40,17,18,0.728404,-59.538931,0,0.728353,-59.262972,0,2592
144,40,19,20,0.728404,-59.538931,0,0.728481,-59.475735,0,2880
144,40,21,22,0.728404,-59.538931,0,0.728408,-59.534615,0,3168
144,40,23,24,0.728404,-59.538931,0,0.728402,-59.536296,0,3456
144,40,25,26,0.728404,-59.538931,0,0.728404,-59.538325,0,3744
144,40,27,28,0.728404,-59.538931,0,0.728404,-59.539014,0,4032
144,40,31,32,0.728404,-59.538931,0,0.728404,-59.538922,0,4608
144,80,15,16,0.941053,-63.389368,0,0.941681,-60.715465,0,2304
144,80,17,18,0.941053,-63.389368,0,0.941070,-62.730116,0,2592
144,80,19,20,0.941053,-63.389368,0,0.940939,-63.251078,0,2880
144,80,21,22,0.941053,-63.389368,0,0.941078,-63.350838,0,3168
144,80,23,24,0.941053,-63.389368,0,0.941052,-63.385736,0,3456
144,80,25,26,0.941053,-63.389368,0,0.941054,-63.390464,0,3744
144,80,27,28,0.941053,-63.389368,0,0.941053,-63.389441,0,4032
144,80,31,32,0.941053,-63.389368,0,0.941053,-63.389373,0,4608
144,160,15,16,1.211550,-67.158415,0,1.211865,-62.160122,0,2304
144,160,17,18,1.211550,-67.158415,0,1.211402,-65.769154,0,2592
144,160,19,20,1.211550,-67.158415,0,1.211565,-66.950025,0,2880
144,160,21,22,1.211550,-67.158415,0,1.211529,-67.132338,0,3168
144,160,23,24,1.211550,-67.158415,0,1.211555,-67.157724,0,3456
144,160,25,26,1.211550,-67.158415,0,1.211550,-67.161050,0,3744
144,160,27,28,1.211550,-67.158415,0,1.211550,-67.158511,0,4032
144,160,31,32,1.211550,-67.158415,0,1.211550,-67.158462,0,4608
145,1,15,16,0.116386,-43.376657,0,0.118639,-43.151100,0,2320
145,1,17,18,0.116386,-43.376657,0,0.116644,-43.402190,0,2610
145,1,19,20,0.116386,-43.376657,0,0.116464,-43.372109,0,2900
145,1,21,22,0.116386,-43.376657,0,0.116392,-43.380049,0,3190
145,1,23,24,0.116386,-43.376657,0,0.116388,-43.375684,0,3480
145,1,25,26,0.116386,-43.376657,0,0.116385,-43.376443,0,3770
145,1,27,28,0.116386,-43.376657,0,0.116387,-43.376687,0,4060
145,1,31,32,0.116386,-43.376657,0,0.116386,-43.376657,0,4640
145,2,15,16,0.175526,-45.939688,0,0.178161,-45.618469,0,2320
145,2,17,18,0.175526,-45.939688,0,0.176093,-45.883634,0,2610
145,2,19,20,0.175526,-45.939688,0,0.175568,-45.939053,0,2900
145,2,21,22,0.175526,-45.939688,0,0.175510,-45.944985,0,3190
145,2,23,24,0.175526,-45.939688,0,0.175521,-45.940119,0,3480
145,2,25,26,0.175526,-45.939688,0,0.175525,-45.939384,0,3770
145,2,27,28,0.175526,-45.939688,0,0.175526,-45.939677,0,4060
145,2,31,32,0.175526,-45.939688,0,0.175526,-45.939692,0,4640
145,5,15,16,0.274561,-49.977474,0,0.275621,-49.402914,0,2320
145,5,17,18,0.274561,-49.977474,0,0.275225,-49.863214,0,2610
145,5,19,20,0.274561,-49.977474,0,0.274702,-49.973227,0,2900
145,5,21,22,0.274561,-49.977474,0,0.274543,-49.974620,0,3190
145,5,23,24,0.274561,-49.977474,0,0.274563,-49.977438,0,3480
145,5,25,26,0.274561,-49.977474,0,0.274562,-49.977528,0,3770
145,5,27,28,0.274561,-49.977474,0,0.274561,-49.977365,0,4060
145,5,31,32,0.274561,-49.977474,0,0.274561,-49.977479,0,4640
145,10,15,16,0.359736,-53.574868,0,0.359715,-52.637008,0,2320
145,10,17,18,0.359736,-53.574868,0,0.360162,-53.310010,0,2610
145,10,19,20,0.359736,-53.574868,0,0.359780,-53.582208,0,2900
145,10,21,22,0.359736,-53.574868,0,0.359744,-53.564226,0,3190
145,10,23,24,0.359736,-53.574868,0,0.359742,-53.576012,0,3480
145,10,25,26,0.359736,-53.574868,0,0.359736,-53.575096,0,3770
145,10,27,28,0.359736,-53.574868,0,0.359736,-53.574897,0,4060
145,10,31,32,0.359736,-53.574868,0,0.359736,-53.574861,0,4640
145,20,15,16,0.503976,-56.646931,0,0.504306,-55.711659,0,2320
145,20,17,18,0.503976,-56.646931,0,0.504150,-56.462955,0,2610
145,20,19,20,0.503976,-56.646931,0,0.504003,-56.628718,0,2900
145,20,21,22,0.503976,-56.646931,0,0.503974,-56.652681,0,3190
145,20,23,24,0.503976,-56.646931,0,0.503982,-56.643531,0,3480
145,20,25,26,0.503976,-56.646931,0,0.503979,-56.646988,0,3770
145,20,27,28,0.503976,-56.646931,0,0.503976,-56.646869,0,4060
145,20,31,32,0.503976,-56.646931,0,0.503976,-56.646949,0,4640
145,40,15,16,0.709164,-59.782405,0,0.712079,-58.082262,0,2320
145,40,17,18,0.709164,-59.782405,0,0.709828,-59.318935,0,2610
145,40,19,20,0.709164,-59.782405,0,0.709209,-59.671165,0,2900
145,40,21,22,0.709164,-59.782405,0,0.709156,-59.779893,0,3190
145,40,23,24,0.709164,-59.782405,0,0.709158,-59.783127,0,3480
145,40,25,26,0.709164,-59.782405,0,0.709167,-59.782328,0,3770
145,40,27,28,0.709164,-59.782405,0,0.709165,-59.782422,0,4060
145,40,31,32,0.709164,-59.782405,0,0.709164,-59.782400,0,4640
145,80,15,16,0.936240,-63.431181,0,0.938327,-60.440672,0,2320
145,80,17,18,0.936240,-63.431181,0,0.936075,-62.865968,0,2610
145,80,19,20,0.936240,-63.431181,0,0.936191,-63.281653,0,2900
145,80,21,22,0.936240,-63.431181,0,0.936261,-63.420606,0,3190
145,80,23,24,0.936240,-63.431181,0,0.936247,-63.423786,0,3480
145,80,25,26,0.936240,-63.431181,0,0.936240,-63.431257,0,3770
145,80,27,28,0.936240,-63.431181,0,0.936240,-63.430628,0,4060
145,80,31,32,0.936240,-63.431181,0,0.936240,-63.431167,0,4640
145,160,15,16,1.170390,-67.455670,0,1.173624,-64.737400,0,2320
145,160,17,18,1.170390,-67.455670,0,1.170484,-66.255810,0,2610
145,160,19,20,1.170390,-67.455670,0,1.170199,-67.282323,0,2900
145,160,21,22,1.170390,-67.455670,0,1.170368,-67.459845,0,3190
145,160,23,24,1.170390,-67.455670,0,1.170388,-67.448062,0,3480
145,160,25,26,1.170390,-67.455670,0,1.170390,-67.454243,0,3770
145,160,27,28,1.170390,-67.455670,0,1.170390,-67.456605,0,4060
145,160,31,32,1.170390,-67.455670,0,1.170390,-67.455614,0,4640
146,1,15,16,0.113720,-43.558420,0,0.116086,-43.415609,0,2336
146,1,17,18,0.113720,-43.558420,0,0.114212,-43.525290,0,2628
146,1,19,20,0.113720,-43.558420,0,0.113706,-43.553758,0,2920
146,1,21,22,0.113720,-43.558420,0,0.113720,-43.555371,0,3212
146,1,23,24,0.113720,-43.558420,0,0.113733,-43.557292,0,3504
146,1,25,26,0.113720,-43.558420,0,0.113719,-43.558617,0,3796
146,1,27,28,0.113720,-43.558420,0,0.113720,-43.558358,0,4088
146,1,31,32,0.113720,-43.558420,0,0.113720,-43.558421,0,4672
146,2,15,16,0.167356,-46.326683,0,0.169137,-45.946331,0,2336
146,2,17,18,0.167356,-46.326683,0,0.167425,-46.258258,0,2628
146,2,19,20,0.167356,-46.326683,0,0.167463,-46.311780,0,2920
146,2,21,22,0.167356,-46.326683,0,0.167343,-46.326502,0,3212
146,2,23,24,0.167356,-46.326683,0,0.167362,-46.325922,0,3504
146,2,25,26,0.167356,-46.326683,0,0.167354,-46.326647,0,3796
146,2,27,28,0.167356,-46.326683,0,0.167356,-46.326660,0,4088
146,2,31,32,0.167356,-46.326683,0,0.167356,-46.326684,0,4672
146,5,15,16,0.269827,-50.137462,0,0.271124,-49.392170,0,2336
146,5,17,18,0.269827,-50.137462,0,0.270370,-50.014944,0,2628
146,5,19,20,0.269827,-50.137462,0,0.269934,-50.120066,0,2920
146,5,21,22,0.269827,-50.137462,0,0.269827,-50.138367,0,3212
146,5,23,24,0.269827,-50.137462,0,0.269826,-50.135766,0,3504
146,5,25,26,0.269827,-50.137462,0,0.269827,-50.137417,0,3796
146,5,27,28,0.269827,-50.137462,0,0.269828,-50.137543,0,4088
146,5,31,32,0.269827,-50.137462,0,0.269827,-50.137459,0,4672
146,10,15,16,0.359542,-53.579016,0,0.361518,-52.755033,0,2336
146,10,17,18,0.359542,-53.579016,0,0.359366,-53.344421,0,2628
146,10,19,20,0.359542,-53.579016,0,0.359518,-53.585675,0,2920
146,10,21,22,0.359542,-53.579016,0,0.359524,-53.575731,0,3212
146,10,23,24,0.359542,-53.579016,0,0.359541,-53.577285,0,3504
146,10,25,26,0.359542,-53.579016,0,0.359542,-53.579049,0,3796
146,10,27,28,0.359542,-53.579016,0,0.359542,-53.579174,0,4088
146,10,31,32,0.359542,-53.579016,0,0.359542,-53.579002,0,4672
146,20,15,16,0.478968,-57.143305,0,0.480539,-56.151402,0,2336
146,20,17,18,0.478968,-57.143305,0,0.478879,-56.818422,0,2628
146,20,19,20,0.478968,-57.143305,0,0.478792,-57.137825,0,2920
146,20,21,22,0.478968,-57.143305,0,0.478942,-57.146960,0,3212
146,20,23,24,0.478968,-57.143305,0,0.478968,-57.144363,0,3504
146,20,25,26,0.478968,-57.143305,0,0.478969,-57.143092,0,3796
146,20,27,28,0.478968,-57.143305,0,0.478968,-57.142863,0,4088
146,20,31,32,0.478968,-57.143305,0,0.478968,-57.143301,0,4672
146,40,15,16,0.684348,-60.090914,0,0.684831,-57.757606,0,2336
146,40,17,18,0.684348,-60.090914,0,0.683977,-59.530278,0,2628
146,40,19,20,0.684348,-60.090914,0,0.684414,-59.919781,0,2920
146,40,21,22,0.684348,-60.090914,0,0.684325,-60.070611,0,3212
146,40,23,24,0.684348,-60.090914,0,0.684358,-60.091401,0,3504
146,40,25,26,0.684348,-60.090914,0,0.684348,-60.091641,0,3796
146,40,27,28,0.684348,-60.090914,0,0.684348,-60.091075,0,4088
146,40,31,32,0.684348,-60.090914,0,0.684349,-60.090886,0,4672
146,80,15,16,0.923019,-63.531324,0,0.926706,-60.771367,0,2336
146,80,17,18,0.923019,-63.531324,0,0.922955,-62.863623,0,2628
146,80,19,20,0.923019,-63.531324,0,0.923056,-63.399115,0,2920
146,80,21,22,0.923019,-63.531324,0,0.923058,-63.489925,0,3212
146,80,23,24,0.923019,-63.531324,0,0.923019,-63.533106,0,3504
146,80,25,26,0.923019,-63.531324,0,0.923019,-63.533070,0,3796
146,80,27,28,0.923019,-63.531324,0,0.923019,-63.531390,0,4088
146,80,31,32,0.923019,-63.531324,0,0.923019,-63.531301,0,4672
146,160,15,16,1.171441,-67.449569,0,1.171499,-64.214617,0,2336
146,160,17,18,1.171441,-67.449569,0,1.172409,-66.564807,0,2628
146,160,19,20,1.171441,-67.449569,0,1.171415,-67.249240,0,2920
146,160,21,22,1.171441,-67.449569,0,1.171451,-67.445734,0,3212
146,160,23,24,1.171441,-67.449569,0,1.171443,-67.443887,0,3504
146,160,25,26,1.171441,-67.449569,0,1.171440,-67.447050,0,3796
146,160,27,28,1.171441,-67.449569,0,1.171441,-67.449404,0,4088
146,160,31,32,1.171441,-67.449569,0,1.171441,-67.449563,0,4672
147,1,15,16,0.113801,-43.594058,0,0.116113,-43.354529,0,2352
147,1,17,18,0.113801,-43.594058,0,0.114416,-43.556782,0,2646
147,1,19,20,0.113801,-43.594058,0,0.113901,-43.579196,0,2940
147,1,21,22,0.113801,-43.594058,0,0.113794,-43.595530,0,3234
147,1,23,24,0.113801,-43.594058,0,0.113797,-43.594779,0,3528
147,1,25,26,0.113801,-43.594058,0,0.113805,-43.593918,0,3822
147,1,27,28,0.113801,-43.594058,0,0.113801,-43.594037,0,4116
147,1,31,32,0.113801,-43.594058,0,0.113801,-43.594060,0,4704
147,2,15,16,0.158689,-46.775570,0,0.160913,-46.417344,0,2352
147,2,17,18,0.158689,-46.775570,0,0.158895,-46.685739,0,2646
147,2,19,20,0.158689,-46.775570,0,0.158617,-46.757760,0,2940
147,2,21,22,0.158689,-46.775570,0,0.158702,-46.776967,0,3234
147,2,23,24,0.158689,-46.775570,0,0.158679,-46.775691,0,3528
147,2,25,26,0.158689,-46.775570,0,0.158689,-46.775532,0,3822
147,2,27,28,0.158689,-46.775570,0,0.158689,-46.775637,0,4116
147,2,31,32,0.158689,-46.775570,0,0.158689,-46.775574,0,4704
147,5,15,16,0.262875,-50.379483,0,0.264116,-49.835336,0,2352
147,5,17,18,0.262875,-50.379483,0,0.263236,-50.159150,0,2646
147,5,19,20,0.262875,-50.379483,0,0.262876,-50.350002,0,2940
147,5,21,22,0.262875,-50.379483,0,0.262891,-50.377907,0,3234
147,5,23,24,0.262875,-50.379483,0,0.262884,-50.377505,0,3528
147,5,25,26,0.262875,-50.379483,0,0.262875,-50.379292,0,3822
147,5,27,28,0.262875,-50.379483,0,0.262876,-50.379521,0,4116
147,5,31,32,0.262875,-50.379483,0,0.262875,-50.379481,0,4704
147,10,15,16,0.357294,-53.647451,0,0.360272,-52.832867,0,2352
147,10,17,18,0.357294,-53.647451,0,0.357392,-53.523622,0,2646
147,10,19,20,0.357294,-53.647451,0,0.357405,-53.614751,0,2940
147,10,21,22,0.357294,-53.647451,0,0.357268,-53.648979,0,3234
147,10,23,24,0.357294,-53.647451,0,0.357302,-53.646745,0,3528
147,10,25,26,0.357294,-53.647451,0,0.357292,-53.647404,0,3822
147,10,27,28,0.357294,-53.647451,0,0.357293,-53.647442,0,4116
147,10,31,32,0.357294,-53.647451,0,0.357294,-53.647449,0,4704
147,20,15,16,0.461496,-57.465378,0,0.462266,-56.204247,0,2352
147,20,17,18,0.461496,-57.465378,0,0.461519,-57.159453,0,2646
147,20,19,20,0.461496,-57.465378,0,0.461539,-57.459078,0,2940
147,20,21,22,0.461496,-57.465378,0,0.461492,-57.435310,0,3234
147,20,23,24,0.461496,-57.465378,0,0.461493,-57.464340,0,3528
147,20,25,26,0.461496,-57.465378,0,0.461498,-57.465324,0,3822
147,20,27,28,0.461496,-57.465378,0,0.461496,-57.465566,0,4116
147,20,31,32,0.461496,-57.465378,0,0.461496,-57.465371,0,4704
147,40,15,16,0.655536,-60.475510,0,0.658216,-58.674921,0,2352
147,40,17,18,0.655536,-60.475510,0,0.655472,-59.952134,0,2646
147,40,19,20,0.655536,-60.475510,0,0.655620,-60.380926,0,2940
147,40,21,22,0.655536,-60.475510,0,0.655567,-60.488033,0,3234
147,40,23,24,0.655536,-60.475510,0,0.655544,-60.473706,0,3528
147,40,25,26,0.655536,-60.475510,0,0.655535,-60.476067,0,3822
147,40,27,28,0.655536,-60.475510,0,0.655535,-60.475595,0,4116
147,40,31,32,0.655536,-60.475510,0,0.655536,-60.475519,0,4704
147,80,15,16,0.904691,-63.717428,0,0.905917,-60.764933,0,2352
147,80,17,18,0.904691,-63.717428,0,0.904433,-62.896255,0,2646
147,80,19,20,0.904691,-63.717428,0,0.904608,-63.555615,0,2940
147,80,21,22,0.904691,-63.717428,0,0.904714,-63.699636,0,3234
147,80,23,24,0.904691,-63.717428,0,0.904699,-63.715031,0,3528
147,80,25,26,0.904691,-63.717428,0,0.904688,-63.717052,0,3822
147,80,27,28,0.904691,-63.717428,0,0.904690,-63.716993,0,4116
147,80,31,32,0.904691,-63.717428,0,0.904691,-63.717424,0,4704
147,160,15,16,1.168233,-67.497526,0,1.170101,-64.102730,0,2352
147,160,17,18,1.168233,-67.497526,0,1.167709,-66.329713,0,2646
147,160,19,20,1.168233,-67.497526,0,1.168221,-67.243137,0,2940
147,160,21,22,1.168233,-67.497526,0,1.168223,-67.463319,0,3234
147,160,23,24,1.168233,-67.497526,0,1.168228,-67.492575,0,3528
147,160,25,26,1.168233,-67.497526,0,1.168233,-67.493794,0,3822
147,160,27,28,1.168233,-67.497526,0,1.168232,-67.496853,0,4116
147,160,31,32,1.168233,-67.497526,0,1.168233,-67.497565,0,4704
148,1,15,16,0.113296,-43.628910,0,0.114937,-43.316425,0,2368
148,1,17,18,0.113296,-43.628910,0,0.113725,-43.656867,0,2664
148,1,19,20,0.113296,-43.628910,0,0.113291,-43.627536,0,2960
148,1,21,22,0.113296,-43.628910,0,0.113355,-43.628141,0,3256
148,1,23,24,0.113296,-43.628910,0,0.113294,-43.627843,0,3552
148,1,25,26,0.113296,-43.628910,0,0.113296,-43.628625,0,3848
148,1,27,28,0.113296,-43.628910,0,0.113296,-43.628962,0,4144
148,1,31,32,0.113296,-43.628910,0,0.113296,-43.628913,0,4736
148,2,15,16,0.151454,-47.205957,0,0.154812,-46.678549,0,2368
148,2,17,18,0.151454,-47.205957,0,0.151733,-47.133354,0,2664
148,2,19,20,0.151454,-47.205957,0,0.151426,-47.200594,0,2960
148,2,21,22,0.151454,-47.205957,0,0.151450,-47.205510,0,3256
148,2,23,24,0.151454,-47.205957,0,0.151458,-47.205684,0,3552
148,2,25,26,0.151454,-47.205957,0,0.151455,-47.206106,0,3848
148,2,27,28,0.151454,-47.205957,0,0.151454,-47.205951,0,4144
148,2,31,32,0.151454,-47.205957,0,0.151454,-47.205957,0,4736
148,5,15,16,0.253260,-50.661848,0,0.256213,-50.057200,0,2368
148,5,17,18,0.253260,-50.661848,0,0.253621,-50.534666,0,2664
148,5,19,20,0.253260,-50.661848,0,0.253248,-50.654476,0,2960
148,5,21,22,0.253260,-50.661848,0,0.253246,-50.652870,0,3256
148,5,23,24,0.253260,-50.661848,0,0.253256,-50.662895,0,3552
148,5,25,26,0.253260,-50.661848,0,0.253261,-50.661649,0,3848
148,5,27,28,0.253260,-50.661848,0,0.253259,-50.661779,0,4144
148,5,31,32,0.253260,-50.661848,0,0.253260,-50.661841,0,4736
148,10,15,16,0.352862,-53.749828,0,0.354455,-52.683990,0,2368
148,10,17,18,0.352862,-53.749828,0,0.353115,-53.557249,0,2664
148,10,19,20,0.352862,-53.749828,0,0.352746,-53.762298,0,2960
148,10,21,22,0.352862,-53.749828,0,0.352823,-53.743836,0,3256
148,10,23,24,0.352862,-53.749828,0,0.352864,-53.746954,0,3552
148,10,25,26,0.352862,-53.749828,0,0.352863,-53.750272,0,3848
148,10,27,28,0.352862,-53.749828,0,0.352862,-53.749869,0,4144
148,10,31,32,0.352862,-53.749828,0,0.352862,-53.749832,0,4736
148,20,15,16,0.461923,-57.456652,0,0.464352,-56.229423,0,2368
148,20,17,18,0.461923,-57.456652,0,0.462605,-57.112585,0,2664
148,20,19,20,0.461923,-57.456652,0,0.462004,-57.439584,0,2960
148,20,21,22,0.461923,-57.456652,0,0.461958,-57.452890,0,3256
148,20,23,24,0.461923,-57.456652,0,0.461923,-57.459404,0,3552
148,20,25,26,0.461923,-57.456652,0,0.461923,-57.457177,0,3848
148,20,27,28,0.461923,-57.456652,0,0.461923,-57.456780,0,4144
148,20,31,32,0.461923,-57.456652,0,0.461923,-57.456632,0,4736
148,40,15,16,0.623915,-60.922749,0,0.626250,-58.720893,0,2368
148,40,17,18,0.623915,-60.922749,0,0.624447,-60.506135,0,2664
148,40,19,20,0.623915,-60.922749,0,0.624033,-60.785482,0,2960
148,40,21,22,0.623915,-60.922749,0,0.623901,-60.876437,0,3256
148,40,23,24,0.623915,-60.922749,0,0.623908,-60.920177,0,3552
148,40,25,26,0.623915,-60.922749,0,0.623917,-60.921972,0,3848
148,40,27,28,0.623915,-60.922749,0,0.623915,-60.922852,0,4144
148,40,31,32,0.623915,-60.922749,0,0.623915,-60.922740,0,4736
148,80,15,16,0.876568,-63.992449,0,0.878896,-60.672528,0,2368
148,80,17,18,0.876568,-63.992449,0,0.876498,-63.109597,0,2664
148,80,19,20,0.876568,-63.992449,0,0.876543,-63.759864,0,2960
148,80,21,22,0.876568,-63.992449,0,0.876571,-63.965617,0,3256
148,80,23,24,0.876568,-63.992449,0,0.876572,-63.993818,0,3552
148,80,25,26,0.876568,-63.992449,0,0.876566,-63.992213,0,3848
148,80,27,28,0.876568,-63.992449,0,0.876568,-63.992690,0,4144
148,80,31,32,0.876568,-63.992449,0,0.876568,-63.992430,0,4736
148,160,15,16,1.158333,-67.571305,0,1.157718,-62.560999,0,2368
148,160,17,18,1.158333,-67.571305,0,1.158764,-66.548759,0,2664
148,160,19,20,1.158333,-67.571305,0,1.158143,-67.299316,0,2960
148,160,21,22,1.158333,-67.571305,0,1.158348,-67.549685,0,3256
148,160,23,24,1.158333,-67.571305,0,1.158334,-67.575420,0,3552
148,160,25,26,1.158333,-67.571305,0,1.158332,-67.573028,0,3848
148,160,27,28,1.158333,-67.571305,0,1.158333,-67.571737,0,4144
148,160,31,32,1.158333,-67.571305,0,1.158333,-67.571278,0,4736
149,1,15,16,0.112266,-43.760579,0,0.113316,-43.459188,0,2384
149,1,17,18,0.112266,-43.760579,0,0.112865,-43.728622,0,2682
149,1,19,20,0.112266,-43.760579,0,0.112205,-43.770662,0,2980
149,1,21,22,0.112266,-43.760579,0,0.112242,-43.762893,0,3278
149,1,23,24,0.112266,-43.760579,0,0.112269,-43.761183,0,3576
149,1,25,26,0.112266,-43.760579,0,0.112265,-43.760582,0,3874
149,1,27,28,0.112266,-43.760579,0,0.112266,-43.760545,0,4172
149,1,31,32,0.112266,-43.760579,0,0.112266,-43.760581,0,4768
149,2,15,16,0.151409,-47.194717,0,0.152955,-46.735151,0,2384
149,2,17,18,0.151409,-47.194717,0,0.151920,-47.037651,0,2682
149,2,19,20,0.151409,-47.194717,0,0.151506,-47.191488,0,2980
149,2,21,22,0.151409,-47.194717,0,0.151413,-47.191748,0,3278
149,2,23,24,0.151409,-47.194717,0,0.151416,-47.194926,0,3576
149,2,25,26,0.151409,-47.194717,0,0.151404,-47.194358,0,3874
149,2,27,28,0.151409,-47.194717,0,0.151409,-47.194788,0,4172
149,2,31,32,0.151409,-47.194717,0,0.151409,-47.194714,0,4768
149,5,15,16,0.242904,-51.065230,0,0.244134,-50.396714,0,2384
149,5,17,18,0.242904,-51.065230,0,0.242802,-50.906196,0,2682
149,5,19,20,0.242904,-51.065230,0,0.243050,-51.062530,0,2980
149,5,21,22,0.242904,-51.065230,0,0.242937,-51.061672,0,3278
149,5,23,24,0.242904,-51.065230,0,0.242904,-51.065622,0,3576
149,5,25,26,0.242904,-51.065230,0,0.242904,-51.065298,0,3874
149,5,27,28,0.242904,-51.065230,0,0.242904,-51.065095,0,4172
149,5,31,32,0.242904,-51.065230,0,0.242904,-51.065219,0,4768
149,10,15,16,0.344953,-53.948663,0,0.346347,-53.202256,0,2384
149,10,17,18,0.344953,-53.948663,0,0.345169,-53.564382,0,2682
149,10,19,20,0.344953,-53.948663,0,0.344973,-53.986766,0,2980
149,10,21,22,0.344953,-53.948663,0,0.344938,-53.951136,0,3278
149,10,23,24,0.344953,-53.948663,0,0.344958,-53.949613,0,3576
149,10,25,26,0.344953,-53.948663,0,0.344955,-53.948190,0,3874
149,10,27,28,0.344953,-53.948663,0,0.344953,-53.948624,0,4172
149,10,31,32,0.344953,-53.948663,0,0.344953,-53.948673,0,4768
149,20,15,16,0.461112,-57.462822,0,0.462299,-55.978160,0,2384
149,20,17,18,0.461112,-57.462822,0,0.461255,-57.226544,0,2682
149,20,19,20,0.461112,-57.462822,0,0.461112,-57.416719,0,2980
149,20,21,22,0.461112,-57.462822,0,0.461101,-57.470342,0,3278
149,20,23,24,0.461112,-57.462822,0,0.461118,-57.460753,0,3576
149,20,25,26,0.461112,-57.462822,0,0.461112,-57.463424,0,3874
149,20,27,28,0.461112,-57.462822,0,0.461113,-57.463011,0,4172
149,20,31,32,0.461112,-57.462822,0,0.461112,-57.462807,0,4768
149,40,15,16,0.592105,-61.381944,0,0.593878,-58.564728,0,2384
149,40,17,18,0.592105,-61.381944,0,0.592739,-60.901822,0,2682
149,40,19,20,0.592105,-61.381944,0,0.592194,-61.181356,0,2980
149,40,21,22,0.592105,-61.381944,0,0.592112,-61.347258,0,3278
149,40,23,24,0.592105,-61.381944,0,0.592099,-61.377524,0,3576
149,40,25,26,0.592105,-61.381944,0,0.592104,-61.381304,0,3874
149,40,27,28,0.592105,-61.381944,0,0.592104,-61.382145,0,4172
149,40,31,32,0.592105,-61.381944,0,0.592105,-61.381954,0,4768
149,80,15,16,0.843099,-64.337293,0,0.843066,-61.118955,0,2384
149,80,17,18,0.843099,-64.337293,0,0.843320,-63.454638,0,2682
149,80,19,20,0.843099,-64.337293,0,0.843040,-64.167627,0,2980
149,80,21,22,0.843099,-64.337293,0,0.843085,-64.256773,0,3278
149,80,23,24,0.843099,-64.337293,0,0.843091,-64.331924,0,3576
149,80,25,26,0.843099,-64.337293,0,0.843098,-64.336853,0,3874
149,80,27,28,0.843099,-64.337293,0,0.843099,-64.337037,0,4172
149,80,31,32,0.843099,-64.337293,0,0.843099,-64.337302,0,4768
149,160,15,16,1.137199,-67.733645,0,1.138572,-63.645665,0,2384
149,160,17,18,1.137199,-67.733645,0,1.137314,-66.509073,0,2682
149,160,19,20,1.137199,-67.733645,0,1.137218,-67.465192,0,2980
149,160,21,22,1.137199,-67.733645,0,1.137198,-67.682711,0,3278
149,160,23,24,1.137199,-67.733645,0,1.137200,-67.739610,0,3576
149,160,25,26,1.137199,-67.733645,0,1.137200,-67.734310,0,3874
149,160,27,28,1.137199,-67.733645,0,1.137199,-67.733588,0,4172
149,160,31,32,1.137199,-67.733645,0,1.137199,-67.733607,0,4768
150,1,15,16,0.110115,-43.923089,0,0.111586,-43.775112,0,2400
150,1,17,18,0.110115,-43.923089,0,0.110490,-43.934413,0,2700
150,1,19,20,0.110115,-43.923089,0,0.110008,-43.917525,0,3000
150,1,21,22,0.110115,-43.923089,0,0.110140,-43.923818,0,3300
150,1,23,24,0.110115,-43.923089,0,0.110108,-43.922094,0,3600
150,1,25,26,0.110115,-43.923089,0,0.110113,-43.922994,0,3900
150,1,27,28,0.110115,-43.923089,0,0.110114,-43.923061,0,4200
150,1,31,32,0.110115,-43.923089,0,0.110115,-43.923091,0,4800
150,2,15,16,0.151107,-47.215664,0,0.154443,-46.829917,0,2400
150,2,17,18,0.151107,-47.215664,0,0.151588,-47.075362,0,2700
150,2,19,20,0.151107,-47.215664,0,0.151230,-47.208602,0,3000
150,2,21,22,0.151107,-47.215664,0,0.151121,-47.215018,0,3300
150,2,23,24,0.151107,-47.215664,0,0.151108,-47.215982,0,3600
150,2,25,26,0.151107,-47.215664,0,0.151110,-47.215844,0,3900
150,2,27,28,0.151107,-47.215664,0,0.151107,-47.215677,0,4200
150,2,31,32,0.151107,-47.215664,0,0.151107,-47.215665,0,4800
150,5,15,16,0.230512,-51.520921,0,0.232810,-50.577305,0,2400
150,5,17,18,0.230512,-51.520921,0,0.230590,-51.348009,0,2700
150,5,19,20,0.230512,-51.520921,0,0.230398,-51.498892,0,3000
150,5,21,22,0.230512,-51.520921,0,0.230511,-51.515078,0,3300
150,5,23,24,0.230512,-51.520921,0,0.230517,-51.519742,0,3600
150,5,25,26,0.230512,-51.520921,0,0.230512,-51.520913,0,3900
150,5,27,28,0.230512,-51.520921,0,0.230512,-51.520766,0,4200
150,5,31,32,0.230512,-51.520921,0,0.230512,-51.520923,0,4800
150,10,15,16,0.333916,-54.194092,0,0.336354,-53.366277,0,2400
150,10,17,18,0.333916,-54.194092,0,0.334353,-53.986066,0,2700
150,10,19,20,0.333916,-54.194092,0,0.333730,-54.230209,0,3000
150,10,21,22,0.333916,-54.194092,0,0.333931,-54.196979,0,3300
150,10,23,24,0.333916,-54.194092,0,0.333905,-54.196074,0,3600
150,10,25,26,0.333916,-54.194092,0,0.333916,-54.193963,0,3900
150,10,27,28,0.333916,-54.194092,0,0.333916,-54.194207,0,4200
150,10,31,32,0.333916,-54.194092,0,0.333916,-54.194086,0,4800
150,20,15,16,0.456729,-57.553821,0,0.458300,-56.233689,0,2400
150,20,17,18,0.456729,-57.553821,0,0.456713,-57.161949,0,2700
150,20,19,20,0.456729,-57.553821,0,0.456628,-57.541772,0,3000
150,20,21,22,0.456729,-57.553821,0,0.456712,-57.534171,0,3300
150,20,23,24,0.456729,-57.553821,0,0.456741,-57.558461,0,3600
150,20,25,26,0.456729,-57.553821,0,0.456728,-57.554553,0,3900
150,20,27,28,0.456729,-57.553821,0,0.456729,-57.553990,0,4200
150,20,31,32,0.456729,-57.553821,0,0.456729,-57.553824,0,4800
150,40,15,16,0.588402,-61.433655,0,0.592019,-59.118787,0,2400
150,40,17,18,0.588402,-61.433655,0,0.588779,-60.907608,0,2700
150,40,19,20,0.588402,-61.433655,0,0.588396,-61.307177,0,3000
150,40,21,22,0.588402,-61.433655,0,0.588435,-61.420643,0,3300
150,40,23,24,0.588402,-61.433655,0,0.588408,-61.430560,0,3600
150,40,25,26,0.588402,-61.433655,0,0.588402,-61.434785,0,3900
150,40,27,28,0.588402,-61.433655,0,0.588402,-61.433430,0,4200
150,40,31,32,0.588402,-61.433655,0,0.588402,-61.433624,0,4800
150,80,15,16,0.803908,-64.716747,0,0.805541,-61.654563,0,2400
150,80,17,18,0.803908,-64.716747,0,0.803315,-63.987223,0,2700
150,80,19,20,0.803908,-64.716747,0,0.803990,-64.553204,0,3000
150,80,21,22,0.803908,-64.716747,0,0.803903,-64.695257,0,3300
150,80,23,24,0.803908,-64.716747,0,0.803903,-64.727967,0,3600
150,80,25,26,0.803908,-64.716747,0,0.803910,-64.715911,0,3900
150,80,27,28,0.803908,-64.716747,0,0.803908,-64.716550,0,4200
150,80,31,32,0.803908,-64.716747,0,0.803908,-64.716777,0,4800
150,160,15,16,1.108297,-67.944733,0,1.109846,-63.229274,0,2400
150,160,17,18,1.108297,-67.944733,0,1.107982,-66.780435,0,2700
150,160,19,20,1.108297,-67.944733,0,1.108362,-67.768317,0,3000
150,160,21,22,1.108297,-67.944733,0,1.108279,-67.890370,0,3300
150,160,23,24,1.108297,-67.944733,0,1.108300,-67.930402,0,3600
150,160,25,26,1.108297,-67.944733,0,1.108298,-67.949951,0,3900
150,160,27,28,1.108297,-67.944733,0,1.108297,-67.944505,0,4200
150,160,31,32,1.108297,-67.944733,0,1.108297,-67.944732,0,4800
151,1,15,16,0.106420,-44.178793,0,0.108069,-43.910270,0,2416
151,1,17,18,0.106420,-44.178793,0,0.106811,-44.204501,0,2718
151,1,19,20,0.106420,-44.178793,0,0.106434,-44.172948,0,3020
151,1,21,22,0.106420,-44.178793,0,0.106410,-44.178547,0,3322
151,1,23,24,0.106420,-44.178793,0,0.106424,-44.179000,0,3624
151,1,25,26,0.106420,-44.178793,0,0.106420,-44.178904,0,3926
151,1,27,28,0.106420,-44.178793,0,0.106420,-44.178821,0,4228
151,1,31,32,0.106420,-44.178793,0,0.106420,-44.178790,0,4832
151,2,15,16,0.149755,-47.281391,0,0.152973,-46.908368,0,2416
151,2,17,18,0.149755,-47.281391,0,0.150340,-47.204002,0,2718
151,2,19,20,0.149755,-47.281391,0,0.149837,-47.286971,0,3020
151,2,21,22,0.149755,-47.281391,0,0.149759,-47.278577,0,3322
151,2,23,24,0.149755,-47.281391,0,0.149756,-47.281144,0,3624
151,2,25,26,0.149755,-47.281391,0,0.149754,-47.281586,0,3926
151,2,27,28,0.149755,-47.281391,0,0.149755,-47.281303,0,4228
151,2,31,32,0.149755,-47.281391,0,0.149755,-47.281392,0,4832
151,5,15,16,0.218263,-51.971102,0,0.219345,-50.947892,0,2416
151,5,17,18,0.218263,-51.971102,0,0.218460,-51.850192,0,2718
151,5,19,20,0.218263,-51.971102,0,0.218242,-51.953090,0,3020
151,5,21,22,0.218263,-51.971102,0,0.218252,-51.968590,0,3322
151,5,23,24,0.218263,-51.971102,0,0.218271,-51.971736,0,3624
151,5,25,26,0.218263,-51.971102,0,0.218263,-51.971400,0,3926
151,5,27,28,0.218263,-51.971102,0,0.218263,-51.971145,0,4228
151,5,31,32,0.218263,-51.971102,0,0.218263,-51.971105,0,4832
151,10,15,16,0.320340,-54.547251,0,0.323505,-53.666821,0,2416
151,10,17,18,0.320340,-54.547251,0,0.320643,-54.315742,0,2718
151,10,19,20,0.320340,-54.547251,0,0.320267,-54.611459,0,3020
151,10,21,22,0.320340,-54.547251,0,0.320342,-54.541782,0,3322
151,10,23,24,0.320340,-54.547251,0,0.320340,-54.550945,0,3624
151,10,25,26,0.320340,-54.547251,0,0.320341,-54.547534,0,3926
151,10,27,28,0.320340,-54.547251,0,0.320341,-54.547126,0,4228
151,10,31,32,0.320340,-54.547251,0,0.320340,-54.547246,0,4832
151,20,15,16,0.447682,-57.690224,0,0.449403,-55.820767,0,2416
151,20,17,18,0.447682,-57.690224,0,0.448525,-57.418390,0,2718
151,20,19,20,0.447682,-57.690224,0,0.447770,-57.650423,0,3020
151,20,21,22,0.447682,-57.690224,0,0.447610,-57.675831,0,3322
151,20,23,24,0.447682,-57.690224,0,0.447678,-57.686890,0,3624
151,20,25,26,0.447682,-57.690224,0,0.447682,-57.689956,0,3926
151,20,27,28,0.447682,-57.690224,0,0.447681,-57.690145,0,4228
151,20,31,32,0.447682,-57.690224,0,0.447682,-57.690227,0,4832
151,40,15,16,0.587532,-61.436225,0,0.588049,-59.537887,0,2416
151,40,17,18,0.587532,-61.436225,0,0.587567,-60.840113,0,2718
151,40,19,20,0.587532,-61.436225,0,0.587565,-61.316768,0,3020
151,40,21,22,0.587532,-61.436225,0,0.587517,-61.419279,0,3322
151,40,23,24,0.587532,-61.436225,0,0.587536,-61.437467,0,3624
151,40,25,26,0.587532,-61.436225,0,0.587530,-61.436185,0,3926
151,40,27,28,0.587532,-61.436225,0,0.587532,-61.436372,0,4228
151,40,31,32,0.587532,-61.436225,0,0.587532,-61.436222,0,4832
151,80,15,16,0.763760,-65.153877,0,0.765096,-62.532086,0,2416
151,80,17,18,0.763760,-65.153877,0,0.764505,-64.345186,0,2718
151,80,19,20,0.763760,-65.153877,0,0.763727,-64.980725,0,3020
151,80,21,22,0.763760,-65.153877,0,0.763748,-65.154584,0,3322
151,80,23,24,0.763760,-65.153877,0,0.763759,-65.157990,0,3624
151,80,25,26,0.763760,-65.153877,0,0.763764,-65.153094,0,3926
151,80,27,28,0.763760,-65.153877,0,0.763760,-65.153835,0,4228
151,80,31,32,0.763760,-65.153877,0,0.763760,-65.153876,0,4832
151,160,15,16,1.069895,-68.251011,0,1.070250,-62.991265,0,2416
151,160,17,18,1.069895,-68.251011,0,1.070491,-66.908995,0,2718
151,160,19,20,1.069895,-68.251011,0,1.069892,-68.006164,0,3020
151,160,21,22,1.069895,-68.251011,0,1.069900,-68.172076,0,3322
151,160,23,24,1.069895,-68.251011,0,1.069894,-68.255101,0,3624
151,160,25,26,1.069895,-68.251011,0,1.069895,-68.255886,0,3926
151,160,27,28,1.069895,-68.251011,0,1.069895,-68.251143,0,4228
151,160,31,32,1.069895,-68.251011,0,1.069895,-68.250990,0,4832
152,1,15,16,0.102251,-44.505109,0,0.103397,-44.273293,0,2432
152,1,17,18,0.102251,-44.505109,0,0.102549,-44.476391,0,2736
152,1,19,20,0.102251,-44.505109,0,0.102309,-44.508726,0,3040
152,1,21,22,0.102251,-44.505109,0,0.102238,-44.502911,0,3344
152,1,23,24,0.102251,-44.505109,0,0.102249,-44.505589,0,3648
152,1,25,26,0.102251,-44.505109,0,0.102252,-44.505232,0,3952
152,1,27,28,0.102251,-44.505109,0,0.102251,-44.505119,0,4256
152,1,31,32,0.102251,-44.505109,0,0.102251,-44.505108,0,4864
152,2,15,16,0.147511,-47.428251,0,0.149021,-46.921187,0,2432
152,2,17,18,0.147511,-47.428251,0,0.147871,-47.354072,0,2736
152,2,19,20,0.147511,-47.428251,0,0.147599,-47.408757,0,3040
152,2,21,22,0.147511,-47.428251,0,0.147538,-47.432223,0,3344
152,2,23,24,0.147511,-47.428251,0,0.147510,-47.427626,0,3648
152,2,25,26,0.147511,-47.428251,0,0.147511,-47.428318,0,3952
152,2,27,28,0.147511,-47.428251,0,0.147511,-47.428280,0,4256
152,2,31,32,0.147511,-47.428251,0,0.147511,-47.428256,0,4864
152,5,15,16,0.217145,-52.014963,0,0.219523,-51.289655,0,2432
152,5,17,18,0.217145,-52.014963,0,0.217582,-51.764099,0,2736
152,5,19,20,0.217145,-52.014963,0,0.217155,-51.989541,0,3040
152,5,21,22,0.217145,-52.014963,0,0.217107,-52.015625,0,3344
152,5,23,24,0.217145,-52.014963,0,0.217152,-52.017647,0,3648
152,5,25,26,0.217145,-52.014963,0,0.217144,-52.014329,0,3952
152,5,27,28,0.217145,-52.014963,0,0.217145,-52.014913,0,4256
152,5,31,32,0.217145,-52.014963,0,0.217145,-52.014963,0,4864
152,10,15,16,0.305363,-54.928395,0,0.304550,-53.857621,0,2432
152,10,17,18,0.305363,-54.928395,0,0.305721,-54.880984,0,2736
152,10,19,20,0.305363,-54.928395,0,0.305338,-54.932053,0,3040
152,10,21,22,0.305363,-54.928395,0,0.305388,-54.929083,0,3344
152,10,23,24,0.305363,-54.928395,0,0.305362,-54.932047,0,3648
152,10,25,26,0.305363,-54.928395,0,0.305364,-54.927999,0,3952
152,10,27,28,0.305363,-54.928395,0,0.305363,-54.928457,0,4256
152,10,31,32,0.305363,-54.928395,0,0.305363,-54.928381,0,4864
152,20,15,16,0.436070,-57.940727,0,0.438684,-56.110408,0,2432
152,20,17,18,0.436070,-57.940727,0,0.435799,-57.600301,0,2736
152,20,19,20,0.436070,-57.940727,0,0.436146,-57.911200,0,3040
152,20,21,22,0.436070,-57.940727,0,0.436075,-57.954698,0,3344
152,20,23,24,0.436070,-57.940727,0,0.436072,-57.935513,0,3648
152,20,25,26,0.436070,-57.940727,0,0.436069,-57.940825,0,3952
152,20,27,28,0.436070,-57.940727,0,0.436070,-57.940822,0,4256
152,20,31,32,0.436070,-57.940727,0,0.436070,-57.940723,0,4864
152,40,15,16,0.583929,-61.474743,0,0.586919,-58.892805,0,2432
152,40,17,18,0.583929,-61.474743,0,0.583801,-61.046374,0,2736
152,40,19,20,0.583929,-61.474743,0,0.583810,-61.381996,0,3040
152,40,21,22,0.583929,-61.474743,0,0.583934,-61.460145,0,3344
152,40,23,24,0.583929,-61.474743,0,0.583928,-61.473172,0,3648
152,40,25,26,0.583929,-61.474743,0,0.583926,-61.474857,0,3952
152,40,27,28,0.583929,-61.474743,0,0.583929,-61.474613,0,4256
152,40,31,32,0.583929,-61.474743,0,0.583929,-61.474740,0,4864
152,80,15,16,0.740795,-65.388693,0,0.741984,-62.143329,0,2432
152,80,17,18,0.740795,-65.388693,0,0.740714,-64.561997,0,2736
152,80,19,20,0.740795,-65.388693,0,0.740867,-65.297411,0,3040
152,80,21,22,0.740795,-65.388693,0,0.740785,-65.353804,0,3344
152,80,23,24,0.740795,-65.388693,0,0.740793,-65.383271,0,3648
152,80,25,26,0.740795,-65.388693,0,0.740799,-65.390422,0,3952
152,80,27,28,0.740795,-65.388693,0,0.740795,-65.388666,0,4256
152,80,31,32,0.740795,-65.388693,0,0.740795,-65.388681,0,4864
152,160,15,16,1.024908,-68.589764,0,1.025817,-63.265308,0,2432
152,160,17,18,1.024908,-68.589764,0,1.024923,-66.594180,0,2736
152,160,19,20,1.024908,-68.589764,0,1.024962,-68.317526,0,3040
152,160,21,22,1.024908,-68.589764,0,1.024928,-68.545792,0,3344
152,160,23,24,1.024908,-68.589764,0,1.024903,-68.584087,0,3648
152,160,25,26,1.024908,-68.589764,0,1.024906,-68.591344,0,3952
152,160,27,28,1.024908,-68.589764,0,1.024908,-68.589016,0,4256
152,160,31,32,1.024908,-68.589764,0,1.024908,-68.589741,0,4864
153,1,15,16,0.097630,-44.920052,0,0.100952,-44.669505,0,2448
153,1,17,18,0.097630,-44.920052,0,0.098316,-44.900471,0,2754
153,1,19,20,0.097630,-44.920052,0,0.097714,-44.924377,0,3060
153,1,21,22,0.097630,-44.920052,0,0.097631,-44.916868,0,3366
153,1,23,24,0.097630,-44.920052,0,0.097627,-44.919950,0,3672
153,1,25,26,0.097630,-44.920052,0,0.097632,-44.919861,0,3978
153,1,27,28,0.097630,-44.920052,0,0.097630,-44.920097,0,4284
153,1,31,32,0.097630,-44.920052,0,0.097630,-44.920052,0,4896
153,2,15,16,0.144025,-47.652908,0,0.146596,-47.393559,0,2448
153,2,17,18,0.144025,-47.652908,0,0.144007,-47.500606,0,2754
153,2,19,20,0.144025,-47.652908,0,0.144072,-47.642358,0,3060
153,2,21,22,0.144025,-47.652908,0,0.144055,-47.657677,0,3366
153,2,23,24,0.144025,-47.652908,0,0.144019,-47.651720,0,3672
153,2,25,26,0.144025,-47.652908,0,0.144025,-47.652861,0,3978
153,2,27,28,0.144025,-47.652908,0,0.144025,-47.652942,0,4284
153,2,31,32,0.144025,-47.652908,0,0.144025,-47.652912,0,4896
153,5,15,16,0.216982,-52.038637,0,0.217970,-51.198791,0,2448
153,5,17,18,0.216982,-52.038637,0,0.216703,-51.832735,0,2754
153,5,19,20,0.216982,-52.038637,0,0.217106,-51.996788,0,3060
153,5,21,22,0.216982,-52.038637,0,0.217006,-52.032985,0,3366
153,5,23,24,0.216982,-52.038637,0,0.216984,-52.038285,0,3672
153,5,25,26,0.216982,-52.038637,0,0.216981,-52.038676,0,3978
153,5,27,28,0.216982,-52.038637,0,0.216982,-52.038683,0,4284
153,5,31,32,0.216982,-52.038637,0,0.216982,-52.038643,0,4896
153,10,15,16,0.289596,-55.365045,0,0.289650,-54.515209,0,2448
153,10,17,18,0.289596,-55.365045,0,0.289961,-55.215088,0,2754
153,10,19,20,0.289596,-55.365045,0,0.289631,-55.334026,0,3060
153,10,21,22,0.289596,-55.365045,0,0.289585,-55.363191,0,3366
153,10,23,24,0.289596,-55.365045,0,0.289591,-55.366317,0,3672
153,10,25,26,0.289596,-55.365045,0,0.289594,-55.365836,0,3978
153,10,27,28,0.289596,-55.365045,0,0.289596,-55.365116,0,4284
153,10,31,32,0.289596,-55.365045,0,0.289596,-55.365069,0,4896
153,20,15,16,0.420541,-58.254667,0,0.422988,-56.503328,0,2448
153,20,17,18,0.420541,-58.254667,0,0.420819,-57.968132,0,2754
153,20,19,20,0.420541,-58.254667,0,0.420431,-58.236564,0,3060
153,20,21,22,0.420541,-58.254667,0,0.420542,-58.259555,0,3366
153,20,23,24,0.420541,-58.254667,0,0.420541,-58.254279,0,3672
153,20,25,26,0.420541,-58.254667,0,0.420542,-58.255374,0,3978
153,20,27,28,0.420541,-58.254667,0,0.420542,-58.254879,0,4284
153,20,31,32,0.420541,-58.254667,0,0.420541,-58.254668,0,4896
153,40,15,16,0.575549,-61.612634,0,0.576058,-59.015390,0,2448
153,40,17,18,0.575549,-61.612634,0,0.575725,-60.952619,0,2754
153,40,19,20,0.575549,-61.612634,0,0.575626,-61.533962,0,3060
153,40,21,22,0.575549,-61.612634,0,0.575533,-61.607231,0,3366
153,40,23,24,0.575549,-61.612634,0,0.575543,-61.605665,0,3672
153,40,25,26,0.575549,-61.612634,0,0.575550,-61.612936,0,3978
153,40,27,28,0.575549,-61.612634,0,0.575549,-61.612842,0,4284
153,40,31,32,0.575549,-61.612634,0,0.575549,-61.612636,0,4896
153,80,15,16,0.741353,-65.421225,0,0.744364,-63.132005,0,2448
153,80,17,18,0.741353,-65.421225,0,0.741320,-64.765581,0,2754
153,80,19,20,0.741353,-65.421225,0,0.741319,-65.258191,0,3060
153,80,21,22,0.741353,-65.421225,0,0.741348,-65.397385,0,3366
153,80,23,24,0.741353,-65.421225,0,0.741354,-65.418981,0,3672
153,80,25,26,0.741353,-65.421225,0,0.741354,-65.423588,0,3978
153,80,27,28,0.741353,-65.421225,0,0.741353,-65.420280,0,4284
153,80,31,32,0.741353,-65.421225,0,0.741353,-65.421264,0,4896
153,160,15,16,0.975309,-69.006522,0,0.979527,-64.534263,0,2448
153,160,17,18,0.975309,-69.006522,0,0.975123,-67.703189,0,2754
153,160,19,20,0.975309,-69.006522,0,0.975269,-68.626462,0,3060
153,160,21,22,0.975309,-69.006522,0,0.975270,-69.025246,0,3366
153,160,23,24,0.975309,-69.006522,0,0.975298,-69.019467,0,3672
153,160,25,26,0.975309,-69.006522,0,0.975309,-69.006758,0,3978
153,160,27,28,0.975309,-69.006522,0,0.975308,-69.005674,0,4284
153,160,31,32,0.975309,-69.006522,0,0.975309,-69.006505,0,4896
154,1,15,16,0.092800,-45.410200,0,0.094694,-45.170772,0,2464
154,1,17,18,0.092800,-45.410200,0,0.093161,-45.397339,0,2772
154,1,19,20,0.092800,-45.410200,0,0.092951,-45.410142,0,3080
154,1,21,22,0.092800,-45.410200,0,0.092818,-45.405637,0,3388
154,1,23,24,0.092800,-45.410200,0,0.092800,-45.409195,0,3696
154,1,25,26,0.092800,-45.410200,0,0.092800,-45.410189,0,4004
154,1,27,28,0.092800,-45.410200,0,0.092800,-45.410148,0,4312
154,1,31,32,0.092800,-45.410200,0,0.092800,-45.410200,0,4928
154,2,15,16,0.139069,-47.978471,0,0.141292,-47.369158,0,2464
154,2,17,18,0.139069,-47.978471,0,0.139619,-47.864225,0,2772
154,2,19,20,0.139069,-47.978471,0,0.139047,-47.961973,0,3080
154,2,21,22,0.139069,-47.978471,0,0.139081,-47.974922,0,3388
154,2,23,24,0.139069,-47.978471,0,0.139073,-47.977988,0,3696
154,2,25,26,0.139069,-47.978471,0,0.139068,-47.978049,0,4004
154,2,27,28,0.139069,-47.978471,0,0.139069,-47.978467,0,4312
154,2,31,32,0.139069,-47.978471,0,0.139069,-47.978474,0,4928
154,5,15,16,0.215387,-52.091842,0,0.217551,-51.264696,0,2464
154,5,17,18,0.215387,-52.091842,0,0.215535,-51.907783,0,2772
154,5,19,20,0.215387,-52.091842,0,0.215506,-52.056258,0,3080
154,5,21,22,0.215387,-52.091842,0,0.215429,-52.093817,0,3388
154,5,23,24,0.215387,-52.091842,0,0.215386,-52.092327,0,3696
154,5,25,26,0.215387,-52.091842,0,0.215386,-52.091449,0,4004
154,5,27,28,0.215387,-52.091842,0,0.215388,-52.091731,0,4312
154,5,31,32,0.215387,-52.091842,0,0.215387,-52.091835,0,4928
154,10,15,16,0.281192,-55.641295,0,0.283000,-54.926470,0,2464
154,10,17,18,0.281192,-55.641295,0,0.281117,-55.484530,0,2772
154,10,19,20,0.281192,-55.641295,0,0.281383,-55.686010,0,3080
154,10,21,22,0.281192,-55.641295,0,0.281189,-55.626225,0,3388
154,10,23,24,0.281192,-55.641295,0,0.281184,-55.640901,0,3696
154,10,25,26,0.281192,-55.641295,0,0.281189,-55.641790,0,4004
154,10,27,28,0.281192,-55.641295,0,0.281192,-55.641215,0,4312
154,10,31,32,0.281192,-55.641295,0,0.281192,-55.641282,0,4928
154,20,15,16,0.402542,-58.677403,0,0.404257,-56.733356,0,2464
154,20,17,18,0.402542,-58.677403,0,0.402908,-58.175365,0,2772
154,20,19,20,0.402542,-58.677403,0,0.402543,-58.640012,0,3080
154,20,21,22,0.402542,-58.677403,0,0.402547,-58.654082,0,3388
154,20,23,24,0.402542,-58.677403,0,0.402537,-58.676033,0,3696
154,20,25,26,0.402542,-58.677403,0,0.402542,-58.677703,0,4004
154,20,27,28,0.402542,-58.677403,0,0.402542,-58.677285,0,4312
154,20,31,32,0.402542,-58.677403,0,0.402542,-58.677432,0,4928
154,40,15,16,0.563501,-61.793313,0,0.565538,-59.507051,0,2464
154,40,17,18,0.563501,-61.793313,0,0.563241,-61.193572,0,2772
154,40,19,20,0.563501,-61.793313,0,0.563627,-61.709049,0,3080
154,40,21,22,0.563501,-61.793313,0,0.563478,-61.783595,0,3388
154,40,23,24,0.563501,-61.793313,0,0.563492,-61.798316,0,3696
154,40,25,26,0.563501,-61.793313,0,0.563499,-61.792789,0,4004
154,40,27,28,0.563501,-61.793313,0,0.563502,-61.793601,0,4312
154,40,31,32,0.563501,-61.793313,0,0.563501,-61.793316,0,4928
154,80,15,16,0.738636,-65.445760,0,0.740180,-62.175372,0,2464
154,80,17,18,0.738636,-65.445760,0,0.738722,-64.445241,0,2772
154,80,19,20,0.738636,-65.445760,0,0.738575,-65.238652,0,3080
154,80,21,22,0.738636,-65.445760,0,0.738673,-65.428992,0,3388
154,80,23,24,0.738636,-65.445760,0,0.738638,-65.437966,0,3696
154,80,25,26,0.738636,-65.445760,0,0.738637,-65.447177,0,4004
154,80,27,28,0.738636,-65.445760,0,0.738636,-65.445661,0,4312
154,80,31,32,0.738636,-65.445760,0,0.738636,-65.445771,0,4928
154,160,15,16,0.926511,-69.419958,0,0.926592,-63.985866,0,2464
154,160,17,18,0.926511,-69.419958,0,0.926804,-68.235543,0,2772
154,160,19,20,0.926511,-69.419958,0,0.926553,-69.222293,0,3080
154,160,21,22,0.926511,-69.419958,0,0.926516,-69.393523,0,3388
154,160,23,24,0.926511,-69.419958,0,0.926512,-69.430795,0,3696
154,160,25,26,0.926511,-69.419958,0,0.926508,-69.423921,0,4004
154,160,27,28,0.926511,-69.419958,0,0.926511,-69.419067,0,4312
154,160,31,32,0.926511,-69.419958,0,0.926511,-69.419955,0,4928
155,1,15,16,0.089015,-45.772365,0,0.092424,-45.278259,0,2480
155,1,17,18,0.089015,-45.772365,0,0.089714,-45.692848,0,2790
155,1,19,20,0.089015,-45.772365,0,0.089089,-45.769284,0,3100
155,1,21,22,0.089015,-45.772365,0,0.089001,-45.772711,0,3410
155,1,23,24,0.089015,-45.772365,0,0.089025,-45.772308,0,3720
155,1,25,26,0.089015,-45.772365,0,0.089013,-45.772471,0,4030
155,1,27,28,0.089015,-45.772365,0,0.089015,-45.772346,0,4340
155,1,31,32,0.089015,-45.772365,0,0.089015,-45.772366,0,4960
155,2,15,16,0.132768,-48.349033,0,0.135767,-47.667272,0,2480
155,2,17,18,0.132768,-48.349033,0,0.133402,-48.233857,0,2790
155,2,19,20,0.132768,-48.349033,0,0.132875,-48.334294,0,3100
155,2,21,22,0.132768,-48.349033,0,0.132798,-48.349683,0,3410
155,2,23,24,0.132768,-48.349033,0,0.132761,-48.348291,0,3720
155,2,25,26,0.132768,-48.349033,0,0.132768,-48.349087,0,4030
155,2,27,28,0.132768,-48.349033,0,0.132769,-48.349126,0,4340
155,2,31,32,0.132768,-48.349033,0,0.132768,-48.349032,0,4960
155,5,15,16,0.212320,-52.221409,0,0.215323,-51.613561,0,2480
155,5,17,18,0.212320,-52.221409,0,0.212443,-51.975700,0,2790
155,5,19,20,0.212320,-52.221409,0,0.212349,-52.188730,0,3100
155,5,21,22,0.212320,-52.221409,0,0.212329,-52.223048,0,3410
155,5,23,24,0.212320,-52.221409,0,0.212324,-52.221304,0,3720
155,5,25,26,0.212320,-52.221409,0,0.212320,-52.221814,0,4030
155,5,27,28,0.212320,-52.221409,0,0.212320,-52.221315,0,4340
155,5,31,32,0.212320,-52.221409,0,0.212320,-52.221408,0,4960
155,10,15,16,0.280768,-55.620871,0,0.282852,-54.544054,0,2480
155,10,17,18,0.280768,-55.620871,0,0.281250,-55.544094,0,2790
155,10,19,20,0.280768,-55.620871,0,0.280858,-55.556410,0,3100
155,10,21,22,0.280768,-55.620871,0,0.280788,-55.630167,0,3410
155,10,23,24,0.280768,-55.620871,0,0.280768,-55.619773,0,3720
155,10,25,26,0.280768,-55.620871,0,0.280768,-55.622010,0,4030
155,10,27,28,0.280768,-55.620871,0,0.280767,-55.620983,0,4340
155,10,31,32,0.280768,-55.620871,0,0.280768,-55.620880,0,4960
155,20,15,16,0.382661,-59.127236,0,0.384227,-56.980002,0,2480
155,20,17,18,0.382661,-59.127236,0,0.382817,-58.608647,0,2790
155,20,19,20,0.382661,-59.127236,0,0.382699,-59.037398,0,3100
155,20,21,22,0.382661,-59.127236,0,0.382656,-59.137413,0,3410
155,20,23,24,0.382661,-59.127236,0,0.382668,-59.125328,0,3720
155,20,25,26,0.382661,-59.127236,0,0.382662,-59.129401,0,4030
155,20,27,28,0.382661,-59.127236,0,0.382661,-59.127216,0,4340
155,20,31,32,0.382661,-59.127236,0,0.382661,-59.127247,0,4960
155,40,15,16,0.545363,-62.081417,0,0.546115,-59.358845,0,2480
155,40,17,18,0.545363,-62.081417,0,0.545239,-61.631017,0,2790
155,40,19,20,0.545363,-62.081417,0,0.545387,-61.921677,0,3100
155,40,21,22,0.545363,-62.081417,0,0.545363,-62.050604,0,3410
155,40,23,24,0.545363,-62.081417,0,0.545370,-62.083291,0,3720
155,40,25,26,0.545363,-62.081417,0,0.545364,-62.082073,0,4030
155,40,27,28,0.545363,-62.081417,0,0.545363,-62.081651,0,4340
155,40,31,32,0.545363,-62.081417,0,0.545363,-62.081431,0,4960
155,80,15,16,0.731670,-65.549996,0,0.733910,-62.121219,0,2480
155,80,17,18,0.731670,-65.549996,0,0.731927,-64.515945,0,2790
155,80,19,20,0.731670,-65.549996,0,0.731733,-65.360579,0,3100
155,80,21,22,0.731670,-65.549996,0,0.731652,-65.501605,0,3410
155,80,23,24,0.731670,-65.549996,0,0.731678,-65.547701,0,3720
155,80,25,26,0.731670,-65.549996,0,0.731670,-65.551306,0,4030
155,80,27,28,0.731670,-65.549996,0,0.731671,-65.549922,0,4340
155,80,31,32,0.731670,-65.549996,0,0.731670,-65.549991,0,4960
155,160,15,16,0.926029,-69.462579,0,0.926891,-64.556963,0,2480
155,160,17,18,0.926029,-69.462579,0,0.926231,-68.312037,0,2790
155,160,19,20,0.926029,-69.462579,0,0.926021,-69.129676,0,3100
155,160,21,22,0.926029,-69.462579,0,0.926048,-69.450318,0,3410
155,160,23,24,0.926029,-69.462579,0,0.926034,-69.446343,0,3720
155,160,25,26,0.926029,-69.462579,0,0.926028,-69.464346,0,4030
155,160,27,28,0.926029,-69.462579,0,0.926029,-69.461265,0,4340
155,160,31,32,0.926029,-69.462579,0,0.926029,-69.462592,0,4960
156,1,15,16,0.089100,-45.762068,0,0.091269,-45.441403,0,2496
156,1,17,18,0.089100,-45.762068,0,0.089919,-45.676775,0,2808
156,1,19,20,0.089100,-45.762068,0,0.089132,-45.753233,0,3120
156,1,21,22,0.089100,-45.762068,0,0.089109,-45.763460,0,3432
156,1,23,24,0.089100,-45.762068,0,0.089103,-45.762076,0,3744
156,1,25,26,0.089100,-45.762068,0,0.089102,-45.762095,0,4056
156,1,27,28,0.089100,-45.762068,0,0.089100,-45.762072,0,4368
156,1,31,32,0.089100,-45.762068,0,0.089100,-45.762072,0,4992
156,2,15,16,0.126310,-48.775603,0,0.127260,-48.297202,0,2496
156,2,17,18,0.126310,-48.775603,0,0.126566,-48.637748,0,2808
156,2,19,20,0.126310,-48.775603,0,0.126210,-48.762508,0,3120
156,2,21,22,0.126310,-48.775603,0,0.126301,-48.771702,0,3432
156,2,23,24,0.126310,-48.775603,0,0.126302,-48.774499,0,3744
156,2,25,26,0.126310,-48.775603,0,0.126312,-48.775845,0,4056
156,2,27,28,0.126310,-48.775603,0,0.126310,-48.775574,0,4368
156,2,31,32,0.126310,-48.775603,0,0.126310,-48.775605,0,4992
156,5,15,16,0.207457,-52.421782,0,0.209947,-51.589031,0,2496
156,5,17,18,0.207457,-52.421782,0,0.207397,-52.063773,0,2808
156,5,19,20,0.207457,-52.421782,0,0.207527,-52.399170,0,3120
156,5,21,22,0.207457,-52.421782,0,0.207447,-52.416605,0,3432
156,5,23,24,0.207457,-52.421782,0,0.207468,-52.422223,0,3744
156,5,25,26,0.207457,-52.421782,0,0.207453,-52.421064,0,4056
156,5,27,28,0.207457,-52.421782,0,0.207457,-52.421766,0,4368
156,5,31,32,0.207457,-52.421782,0,0.207457,-52.421771,0,4992
156,10,15,16,0.279874,-55.648512,0,0.281849,-55.043535,0,2496
156,10,17,18,0.279874,-55.648512,0,0.280144,-55.401003,0,2808
156,10,19,20,0.279874,-55.648512,0,0.279919,-55.713480,0,3120
156,10,21,22,0.279874,-55.648512,0,0.279861,-55.648550,0,3432
156,10,23,24,0.279874,-55.648512,0,0.279875,-55.645016,0,3744
156,10,25,26,0.279874,-55.648512,0,0.279871,-55.647757,0,4056
156,10,27,28,0.279874,-55.648512,0,0.279874,-55.648604,0,4368
156,10,31,32,0.279874,-55.648512,0,0.279874,-55.648534,0,4992
156,20,15,16,0.363520,-59.583914,0,0.365018,-57.942241,0,2496
156,20,17,18,0.363520,-59.583914,0,0.363557,-59.156285,0,2808
156,20,19,20,0.363520,-59.583914,0,0.363681,-59.549204,0,3120
156,20,21,22,0.363520,-59.583914,0,0.363544,-59.542789,0,3432
156,20,23,24,0.363520,-59.583914,0,0.363523,-59.584307,0,3744
156,20,25,26,0.363520,-59.583914,0,0.363520,-59.582767,0,4056
156,20,27,28,0.363520,-59.583914,0,0.363520,-59.583766,0,4368
156,20,31,32,0.363520,-59.583914,0,0.363520,-59.583897,0,4992
156,40,15,16,0.524040,-62.439585,0,0.527517,-59.580696,0,2496
156,40,17,18,0.524040,-62.439585,0,0.523939,-61.622048,0,2808
156,40,19,20,0.524040,-62.439585,0,0.524125,-62.258710,0,3120
156,40,21,22,0.524040,-62.439585,0,0.524039,-62.413901,0,3432
156,40,23,24,0.524040,-62.439585,0,0.524051,-62.434439,0,3744
156,40,25,26,0.524040,-62.439585,0,0.524041,-62.438615,0,4056
156,40,27,28,0.524040,-62.439585,0,0.524040,-62.439589,0,4368
156,40,31,32,0.524040,-62.439585,0,0.524040,-62.439596,0,4992
156,80,15,16,0.717897,-65.695975,0,0.719094,-62.280764,0,2496
156,80,17,18,0.717897,-65.695975,0,0.718209,-64.750062,0,2808
156,80,19,20,0.717897,-65.695975,0,0.717901,-65.398226,0,3120
156,80,21,22,0.717897,-65.695975,0,0.717871,-65.655041,0,3432
156,80,23,24,0.717897,-65.695975,0,0.717902,-65.699279,0,3744
156,80,25,26,0.717897,-65.695975,0,0.717899,-65.697459,0,4056
156,80,27,28,0.717897,-65.695975,0,0.717898,-65.695198,0,4368
156,80,31,32,0.717897,-65.695975,0,0.717897,-65.695987,0,4992
156,160,15,16,0.924768,-69.472414,0,0.925499,-64.602101,0,2496
156,160,17,18,0.924768,-69.472414,0,0.925194,-67.806264,0,2808
156,160,19,20,0.924768,-69.472414,0,0.924818,-69.207260,0,3120
156,160,21,22,0.924768,-69.472414,0,0.924777,-69.420495,0,3432
156,160,23,24,0.924768,-69.472414,0,0.924773,-69.492521,0,3744
156,160,25,26,0.924768,-69.472414,0,0.924768,-69.472856,0,4056
156,160,27,28,0.924768,-69.472414,0,0.924768,-69.472855,0,4368
156,160,31,32,0.924768,-69.472414,0,0.924768,-69.472412,0,4992
157,1,15,16,0.089026,-45.774985,0,0.091674,-45.412082,0,2512
157,1,17,18,0.089026,-45.774985,0,0.089576,-45.700073,0,2826
157,1,19,20,0.089026,-45.774985,0,0.089011,-45.791514,0,3140
157,1,21,22,0.089026,-45.774985,0,0.089036,-45.779136,0,3454
157,1,23,24,0.089026,-45.774985,0,0.089030,-45.774164,0,3768
157,1,25,26,0.089026,-45.774985,0,0.089026,-45.774953,0,4082
157,1,27,28,0.089026,-45.774985,0,0.089026,-45.775032,0,4396
157,1,31,32,0.089026,-45.774985,0,0.089026,-45.774988,0,5024
157,2,15,16,0.119701,-49.242399,0,0.121620,-48.598497,0,2512
157,2,17,18,0.119701,-49.242399,0,0.120272,-49.104657,0,2826
157,2,19,20,0.119701,-49.242399,0,0.119657,-49.223575,0,3140
157,2,21,22,0.119701,-49.242399,0,0.119708,-49.237639,0,3454
157,2,23,24,0.119701,-49.242399,0,0.119708,-49.241276,0,3768
157,2,25,26,0.119701,-49.242399,0,0.119701,-49.243011,0,4082
157,2,27,28,0.119701,-49.242399,0,0.119702,-49.242365,0,4396
157,2,31,32,0.119701,-49.242399,0,0.119701,-49.242399,0,5024
157,5,15,16,0.201169,-52.717279,0,0.204327,-51.874989,0,2512
157,5,17,18,0.201169,-52.717279,0,0.201367,-52.553593,0,2826
157,5,19,20,0.201169,-52.717279,0,0.201236,-52.661832,0,3140
157,5,21,22,0.201169,-52.717279,0,0.201192,-52.717800,0,3454
157,5,23,24,0.201169,-52.717279,0,0.201172,-52.715768,0,3768
157,5,25,26,0.201169,-52.717279,0,0.201168,-52.717289,0,4082
157,5,27,28,0.201169,-52.717279,0,0.201169,-52.717254,0,4396
157,5,31,32,0.201169,-52.717279,0,0.201169,-52.717276,0,5024
157,10,15,16,0.277330,-55.762407,0,0.278785,-54.789857,0,2512
157,10,17,18,0.277330,-55.762407,0,0.278022,-55.563729,0,2826
157,10,19,20,0.277330,-55.762407,0,0.277246,-55.716493,0,3140
157,10,21,22,0.277330,-55.762407,0,0.277331,-55.755027,0,3454
157,10,23,24,0.277330,-55.762407,0,0.277330,-55.760970,0,3768
157,10,25,26,0.277330,-55.762407,0,0.277329,-55.763317,0,4082
157,10,27,28,0.277330,-55.762407,0,0.277330,-55.762387,0,4396
157,10,31,32,0.277330,-55.762407,0,0.277330,-55.762403,0,5024
157,20,15,16,0.362774,-59.604916,0,0.363786,-57.601049,0,2512
157,20,17,18,0.362774,-59.604916,0,0.362929,-59.168939,0,2826
157,20,19,20,0.362774,-59.604916,0,0.362830,-59.522123,0,3140
157,20,21,22,0.362774,-59.604916,0,0.362802,-59.597497,0,3454
157,20,23,24,0.362774,-59.604916,0,0.362781,-59.596940,0,3768
157,20,25,26,0.362774,-59.604916,0,0.362773,-59.606937,0,4082
157,20,27,28,0.362774,-59.604916,0,0.362774,-59.604834,0,4396
157,20,31,32,0.362774,-59.604916,0,0.362774,-59.604930,0,5024
157,40,15,16,0.499772,-62.847138,0,0.502343,-60.465002,0,2512
157,40,17,18,0.499772,-62.847138,0,0.499782,-61.972819,0,2826
157,40,19,20,0.499772,-62.847138,0,0.499853,-62.686873,0,3140
157,40,21,22,0.499772,-62.847138,0,0.499797,-62.815282,0,3454
157,40,23,24,0.499772,-62.847138,0,0.499777,-62.846508,0,3768
157,40,25,26,0.499772,-62.847138,0,0.499770,-62.847549,0,4082
157,40,27,28,0.499772,-62.847138,0,0.499772,-62.846855,0,4396
157,40,31,32,0.499772,-62.847138,0,0.499772,-62.847113,0,5024
157,80,15,16,0.698831,-65.927956,0,0.700685,-61.214980,0,2512
157,80,17,18,0.698831,-65.927956,0,0.698654,-64.843855,0,2826
157,80,19,20,0.698831,-65.927956,0,0.698833,-65.774829,0,3140
157,80,21,22,0.698831,-65.927956,0,0.698813,-65.898174,0,3454
157,80,23,24,0.698831,-65.927956,0,0.698837,-65.927139,0,3768
157,80,25,26,0.698831,-65.927956,0,0.698830,-65.929685,0,4082
157,80,27,28,0.698831,-65.927956,0,0.698831,-65.927690,0,4396
157,80,31,32,0.698831,-65.927956,0,0.698831,-65.927950,0,5024
157,160,15,16,0.918502,-69.549603,0,0.917271,-64.703564,0,2512
157,160,17,18,0.918502,-69.549603,0,0.918737,-68.323328,0,2826
157,160,19,20,0.918502,-69.549603,0,0.918494,-69.178565,0,3140
157,160,21,22,0.918502,-69.549603,0,0.918496,-69.489394,0,3454
157,160,23,24,0.918502,-69.549603,0,0.918498,-69.567540,0,3768
157,160,25,26,0.918502,-69.549603,0,0.918502,-69.547112,0,4082
157,160,27,28,0.918502,-69.549603,0,0.918502,-69.548640,0,4396
157,160,31,32,0.918502,-69.549603,0,0.918502,-69.549512,0,5024
158,1,15,16,0.088261,-45.865513,0,0.091580,-45.447500,0,2528
158,1,17,18,0.088261,-45.865513,0,0.088415,-45.841601,0,2844
158,1,19,20,0.088261,-45.865513,0,0.088289,-45.875337,0,3160
158,1,21,22,0.088261,-45.865513,0,0.088255,-45.863252,0,3476
158,1,23,24,0.088261,-45.865513,0,0.088265,-45.865371,0,3792
158,1,25,26,0.088261,-45.865513,0,0.088260,-45.865530,0,4108
158,1,27,28,0.088261,-45.865513,0,0.088261,-45.865453,0,4424
158,1,31,32,0.088261,-45.865513,0,0.088261,-45.865511,0,5056
158,2,15,16,0.118506,-49.332046,0,0.122036,-48.804144,0,2528
158,2,17,18,0.118506,-49.332046,0,0.119162,-49.234998,0,2844
158,2,19,20,0.118506,-49.332046,0,0.118555,-49.302233,0,3160
158,2,21,22,0.118506,-49.332046,0,0.118524,-49.328494,0,3476
158,2,23,24,0.118506,-49.332046,0,0.118493,-49.332312,0,3792
158,2,25,26,0.118506,-49.332046,0,0.118505,-49.331977,0,4108
158,2,27,28,0.118506,-49.332046,0,0.118505,-49.332047,0,4424
158,2,31,32,0.118506,-49.332046,0,0.118506,-49.332042,0,5056
158,5,15,16,0.192950,-53.058657,0,0.194460,-52.030769,0,2528
158,5,17,18,0.192950,-53.058657,0,0.193205,-52.874219,0,2844
158,5,19,20,0.192950,-53.058657,0,0.193123,-53.050710,0,3160
158,5,21,22,0.192950,-53.058657,0,0.192899,-53.058301,0,3476
158,5,23,24,0.192950,-53.058657,0,0.192958,-53.057895,0,3792
158,5,25,26,0.192950,-53.058657,0,0.192949,-53.058785,0,4108
158,5,27,28,0.192950,-53.058657,0,0.192949,-53.058582,0,4424
158,5,31,32,0.192950,-53.058657,0,0.192950,-53.058656,0,5056
158,10,15,16,0.271831,-55.909647,0,0.274432,-54.587701,0,2528
158,10,17,18,0.271831,-55.909647,0,0.271875,-55.734879,0,2844
158,10,19,20,0.271831,-55.909647,0,0.271820,-55.884299,0,3160
158,10,21,22,0.271831,-55.909647,0,0.271835,-55.901248,0,3476
158,10,23,24,0.271831,-55.909647,0,0.271833,-55.908795,0,3792
158,10,25,26,0.271831,-55.909647,0,0.271831,-55.909180,0,4108
158,10,27,28,0.271831,-55.909647,0,0.271831,-55.909649,0,4424
158,10,31,32,0.271831,-55.909647,0,0.271831,-55.909632,0,5056
158,20,15,16,0.362260,-59.617517,0,0.363927,-57.591525,0,2528
158,20,17,18,0.362260,-59.617517,0,0.362177,-59.143905,0,2844
158,20,19,20,0.362260,-59.617517,0,0.362375,-59.501952,0,3160
158,20,21,22,0.362260,-59.617517,0,0.362280,-59.620810,0,3476
158,20,23,24,0.362260,-59.617517,0,0.362264,-59.612991,0,3792
158,20,25,26,0.362260,-59.617517,0,0.362260,-59.618380,0,4108
158,20,27,28,0.362260,-59.617517,0,0.362261,-59.617811,0,4424
158,20,31,32,0.362260,-59.617517,0,0.362260,-59.617497,0,5056
158,40,15,16,0.474430,-63.296453,0,0.476558,-60.331565,0,2528
158,40,17,18,0.474430,-63.296453,0,0.474481,-62.236501,0,2844
158,40,19,20,0.474430,-63.296453,0,0.474408,-63.190058,0,3160
158,40,21,22,0.474430,-63.296453,0,0.474470,-63.263216,0,3476
158,40,23,24,0.474430,-63.296453,0,0.474438,-63.295797,0,3792
158,40,25,26,0.474430,-63.296453,0,0.474427,-63.294425,0,4108
158,40,27,28,0.474430,-63.296453,0,0.474430,-63.296369,0,4424
158,40,31,32,0.474430,-63.296453,0,0.474430,-63.296453,0,5056
158,80,15,16,0.673665,-66.219820,0,0.675502,-62.731228,0,2528
158,80,17,18,0.673665,-66.219820,0,0.673811,-65.255977,0,2844
158,80,19,20,0.673665,-66.219820,0,0.673665,-65.897489,0,3160
158,80,21,22,0.673665,-66.219820,0,0.673660,-66.221860,0,3476
158,80,23,24,0.673665,-66.219820,0,0.673673,-66.213621,0,3792
158,80,25,26,0.673665,-66.219820,0,0.673665,-66.219673,0,4108
158,80,27,28,0.673665,-66.219820,0,0.673665,-66.219652,0,4424
158,80,31,32,0.673665,-66.219820,0,0.673665,-66.219822,0,5056
158,160,15,16,0.905720,-69.659076,0,0.909431,-65.479154,0,2528
158,160,17,18,0.905720,-69.659076,0,0.905931,-67.912156,0,2844
158,160,19,20,0.905720,-69.659076,0,0.905906,-69.476603,0,3160
158,160,21,22,0.905720,-69.659076,0,0.905690,-69.666700,0,3476
158,160,23,24,0.905720,-69.659076,0,0.905731,-69.661852,0,3792
158,160,25,26,0.905720,-69.659076,0,0.905719,-69.661828,0,4108
158,160,27,28,0.905720,-69.659076,0,0.905721,-69.658989,0,4424
158,160,31,32,0.905720,-69.659076,0,0.905720,-69.659094,0,5056
159,1,15,16,0.086699,-46.008361,0,0.089567,-45.510414,0,2544
159,1,17,18,0.086699,-46.008361,0,0.086963,-45.967430,0,2862
159,1,19,20,0.086699,-46.008361,0,0.086687,-46.004830,0,3180
159,1,21,22,0.086699,-46.008361,0,0.086709,-46.004575,0,3498
159,1,23,24,0.086699,-46.008361,0,0.086704,-46.007926,0,3816
159,1,25,26,0.086699,-46.008361,0,0.086699,-46.008102,0,4134
159,1,27,28,0.086699,-46.008361,0,0.086700,-46.008354,0,4452
159,1,31,32,0.086699,-46.008361,0,0.086699,-46.008363,0,5088
159,2,15,16,0.118554,-49.337835,0,0.120365,-48.772935,0,2544
159,2,17,18,0.118554,-49.337835,0,0.118841,-49.242046,0,2862
159,2,19,20,0.118554,-49.337835,0,0.118410,-49.308695,0,3180
159,2,21,22,0.118554,-49.337835,0,0.118560,-49.335151,0,3498
159,2,23,24,0.118554,-49.337835,0,0.118556,-49.338514,0,3816
159,2,25,26,0.118554,-49.337835,0,0.118553,-49.337577,0,4134
159,2,27,28,0.118554,-49.337835,0,0.118555,-49.337783,0,4452
159,2,31,32,0.118554,-49.337835,0,0.118554,-49.337837,0,5088
159,5,15,16,0.183420,-53.457844,0,0.186880,-52.693658,0,2544
159,5,17,18,0.183420,-53.457844,0,0.183536,-53.326026,0,2862
159,5,19,20,0.183420,-53.457844,0,0.183362,-53.432248,0,3180
159,5,21,22,0.183420,-53.457844,0,0.183398,-53.456409,0,3498
159,5,23,24,0.183420,-53.457844,0,0.183425,-53.457428,0,3816
159,5,25,26,0.183420,-53.457844,0,0.183420,-53.457732,0,4134
159,5,27,28,0.183420,-53.457844,0,0.183420,-53.457765,0,4452
159,5,31,32,0.183420,-53.457844,0,0.183420,-53.457835,0,5088
159,10,15,16,0.264120,-56.165378,0,0.266908,-54.870437,0,2544
159,10,17,18,0.264120,-56.165378,0,0.264191,-55.850764,0,2862
159,10,19,20,0.264120,-56.165378,0,0.264111,-56.187806,0,3180
159,10,21,22,0.264120,-56.165378,0,0.264114,-56.163749,0,3498
159,10,23,24,0.264120,-56.165378,0,0.264126,-56.163870,0,3816
159,10,25,26,0.264120,-56.165378,0,0.264118,-56.164998,0,4134
159,10,27,28,0.264120,-56.165378,0,0.264120,-56.165237,0,4452
159,10,31,32,0.264120,-56.165378,0,0.264120,-56.165392,0,5088
159,20,15,16,0.358915,-59.653265,0,0.361947,-57.610354,0,2544
159,20,17,18,0.358915,-59.653265,0,0.359504,-59.329787,0,2862
159,20,19,20,0.358915,-59.653265,0,0.358895,-59.547540,0,3180
159,20,21,22,0.358915,-59.653265,0,0.358943,-59.650199,0,3498
159,20,23,24,0.358915,-59.653265,0,0.358909,-59.654857,0,3816
159,20,25,26,0.358915,-59.653265,0,0.358913,-59.652517,0,4134
159,20,27,28,0.358915,-59.653265,0,0.358915,-59.653436,0,4452
159,20,31,32,0.358915,-59.653265,0,0.358915,-59.653281,0,5088
159,40,15,16,0.462888,-63.521451,0,0.466333,-60.221209,0,2544
159,40,17,18,0.462888,-63.521451,0,0.462840,-62.887988,0,2862
159,40,19,20,0.462888,-63.521451,0,0.462845,-63.339043,0,3180
159,40,21,22,0.462888,-63.521451,0,0.462903,-63.507943,0,3498
159,40,23,24,0.462888,-63.521451,0,0.462883,-63.524961,0,3816
159,40,25,26,0.462888,-63.521451,0,0.462887,-63.520928,0,4134
159,40,27,28,0.462888,-63.521451,0,0.462888,-63.521067,0,4452
159,40,31,32,0.462888,-63.521451,0,0.462888,-63.521409,0,5088
159,80,15,16,0.644404,-66.596407,0,0.645599,-62.352998,0,2544
159,80,17,18,0.644404,-66.596407,0,0.644421,-65.699872,0,2862
159,80,19,20,0.644404,-66.596407,0,0.644413,-66.298022,0,3180
159,80,21,22,0.644404,-66.596407,0,0.644409,-66.563537,0,3498
159,80,23,24,0.644404,-66.596407,0,0.644405,-66.585774,0,3816
159,80,25,26,0.644404,-66.596407,0,0.644404,-66.598351,0,4134
159,80,27,28,0.644404,-66.596407,0,0.644403,-66.595570,0,4452
159,80,31,32,0.644404,-66.596407,0,0.644404,-66.596380,0,5088
159,160,15,16,0.885551,-69.859342,0,0.888145,-64.668488,0,2544
159,160,17,18,0.885551,-69.859342,0,0.885589,-68.158414,0,2862
159,160,19,20,0.885551,-69.859342,0,0.885562,-69.618880,0,3180
159,160,21,22,0.885551,-69.859342,0,0.885536,-69.822129,0,3498
159,160,23,24,0.885551,-69.859342,0,0.885540,-69.849410,0,3816
159,160,25,26,0.885551,-69.859342,0,0.885551,-69.859137,0,4134
159,160,27,28,0.885551,-69.859342,0,0.885552,-69.859716,0,4452
159,160,31,32,0.885551,-69.859342,0,0.885551,-69.859382,0,5088
160,1,15,16,0.084271,-46.260806,0,0.086727,-45.882091,0,2560
160,1,17,18,0.084271,-46.260806,0,0.084474,-46.184003,0,2880
160,1,19,20,0.084271,-46.260806,0,0.084345,-46.252242,0,3200
160,1,21,22,0.084271,-46.260806,0,0.084263,-46.261423,0,3520
160,1,23,24,0.084271,-46.260806,0,0.084271,-46.261606,0,3840
160,1,25,26,0.084271,-46.260806,0,0.084272,-46.261138,0,4160
160,1,27,28,0.084271,-46.260806,0,0.084271,-46.260767,0,4480
160,1,31,32,0.084271,-46.260806,0,0.084271,-46.260810,0,5120
160,2,15,16,0.117823,-49.397654,0,0.121193,-48.860429,0,2560
160,2,17,18,0.117823,-49.397654,0,0.118194,-49.256437,0,2880
160,2,19,20,0.117823,-49.397654,0,0.117860,-49.370353,0,3200
160,2,21,22,0.117823,-49.397654,0,0.117830,-49.393777,0,3520
160,2,23,24,0.117823,-49.397654,0,0.117826,-49.396828,0,3840
160,2,25,26,0.117823,-49.397654,0,0.117823,-49.398019,0,4160
160,2,27,28,0.117823,-49.397654,0,0.117824,-49.397606,0,4480
160,2,31,32,0.117823,-49.397654,0,0.117823,-49.397654,0,5120
160,5,15,16,0.173815,-53.879290,0,0.175126,-52.843417,0,2560
160,5,17,18,0.173815,-53.879290,0,0.173981,-53.736673,0,2880
160,5,19,20,0.173815,-53.879290,0,0.173796,-53.898276,0,3200
160,5,21,22,0.173815,-53.879290,0,0.173814,-53.891984,0,3520
160,5,23,24,0.173815,-53.879290,0,0.173821,-53.875136,0,3840
160,5,25,26,0.173815,-53.879290,0,0.173814,-53.879266,0,4160
160,5,27,28,0.173815,-53.879290,0,0.173815,-53.879530,0,4480
160,5,31,32,0.173815,-53.879290,0,0.173815,-53.879291,0,5120
160,10,15,16,0.254685,-56.508267,0,0.255853,-55.421733,0,2560
160,10,17,18,0.254685,-56.508267,0,0.255094,-56.269902,0,2880
160,10,19,20,0.254685,-56.508267,0,0.254635,-56.567058,0,3200
160,10,21,22,0.254685,-56.508267,0,0.254674,-56.505314,0,3520
160,10,23,24,0.254685,-56.508267,0,0.254681,-56.506631,0,3840
160,10,25,26,0.254685,-56.508267,0,0.254685,-56.507231,0,4160
160,10,27,28,0.254685,-56.508267,0,0.254685,-56.508509,0,4480
160,10,31,32,0.254685,-56.508267,0,0.254685,-56.508273,0,5120
160,20,15,16,0.354099,-59.793765,0,0.355327,-58.284394,0,2560
160,20,17,18,0.354099,-59.793765,0,0.354388,-59.131432,0,2880
160,20,19,20,0.354099,-59.793765,0,0.354137,-59.715503,0,3200
160,20,21,22,0.354099,-59.793765,0,0.354076,-59.776669,0,3520
160,20,23,24,0.354099,-59.793765,0,0.354097,-59.797418,0,3840
160,20,25,26,0.354099,-59.793765,0,0.354098,-59.793910,0,4160
160,20,27,28,0.354099,-59.793765,0,0.354099,-59.793646,0,4480
160,20,31,32,0.354099,-59.793765,0,0.354099,-59.793781,0,5120
160,40,15,16,0.463032,-63.519804,0,0.463648,-60.670984,0,2560
160,40,17,18,0.463032,-63.519804,0,0.463221,-62.942582,0,2880
160,40,19,20,0.463032,-63.519804,0,0.462864,-63.303055,0,3200
160,40,21,22,0.463032,-63.519804,0,0.463033,-63.509133,0,3520
160,40,23,24,0.463032,-63.519804,0,0.463036,-63.519368,0,3840
160,40,25,26,0.463032,-63.519804,0,0.463032,-63.520877,0,4160
160,40,27,28,0.463032,-63.519804,0,0.463032,-63.520003,0,4480
160,40,31,32,0.463032,-63.519804,0,0.463032,-63.519795,0,5120
160,80,15,16,0.613561,-67.071421,0,0.615970,-63.733973,0,2560
160,80,17,18,0.613561,-67.071421,0,0.613215,-66.042468,0,2880
160,80,19,20,0.613561,-67.071421,0,0.613573,-66.876584,0,3200
160,80,21,22,0.613561,-67.071421,0,0.613597,-67.009184,0,3520
160,80,23,24,0.613561,-67.071421,0,0.613558,-67.086418,0,3840
160,80,25,26,0.613561,-67.071421,0,0.613560,-67.075293,0,4160
160,80,27,28,0.613561,-67.071421,0,0.613561,-67.071248,0,4480
160,80,31,32,0.613561,-67.071421,0,0.613561,-67.071469,0,5120
160,160,15,16,0.857675,-70.109360,0,0.858788,-64.809370,0,2560
160,160,17,18,0.857675,-70.109360,0,0.858109,-68.506635,0,2880
160,160,19,20,0.857675,-70.109360,0,0.857791,-69.709983,0,3200
160,160,21,22,0.857675,-70.109360,0,0.857673,-70.084655,0,3520
160,160,23,24,0.857675,-70.109360,0,0.857671,-70.115792,0,3840
160,160,25,26,0.857675,-70.109360,0,0.857677,-70.107023,0,4160
160,160,27,28,0.857675,-70.109360,0,0.857675,-70.109307,0,4480
160,160,31,32,0.857675,-70.109360,0,0.857675,-70.109403,0,5120
161,1,15,16,0.081019,-46.570884,0,0.083851,-46.084526,0,2576
161,1,17,18,0.081019,-46.570884,0,0.081734,-46.491715,0,2898
161,1,19,20,0.081019,-46.570884,0,0.081175,-46.585482,0,3220
161,1,21,22,0.081019,-46.570884,0,0.081022,-46.573921,0,3542
161,1,23,24,0.081019,-46.570884,0,0.081020,-46.571208,0,3864
161,1,25,26,0.081019,-46.570884,0,0.081018,-46.570688,0,4186
161,1,27,28,0.081019,-46.570884,0,0.081019,-46.570799,0,4508
161,1,31,32,0.081019,-46.570884,0,0.081019,-46.570883,0,5152
161,2,15,16,0.116455,-49.529712,0,0.120276,-48.970924,0,2576
161,2,17,18,0.116455,-49.529712,0,0.116639,-49.379564,0,2898
161,2,19,20,0.116455,-49.529712,0,0.116354,-49.499160,0,3220
161,2,21,22,0.116455,-49.529712,0,0.116443,-49.523095,0,3542
161,2,23,24,0.116455,-49.529712,0,0.116460,-49.531084,0,3864
161,2,25,26,0.116455,-49.529712,0,0.116452,-49.529715,0,4186
161,2,27,28,0.116455,-49.529712,0,0.116455,-49.529635,0,4508
161,2,31,32,0.116455,-49.529712,0,0.116455,-49.529707,0,5152
161,5,15,16,0.169779,-54.093076,0,0.171268,-53.615357,0,2576
161,5,17,18,0.169779,-54.093076,0,0.170111,-53.928167,0,2898
161,5,19,20,0.169779,-54.093076,0,0.169864,-54.099380,0,3220
161,5,21,22,0.169779,-54.093076,0,0.169768,-54.103488,0,3542
161,5,23,24,0.169779,-54.093076,0,0.169782,-54.091940,0,3864
161,5,25,26,0.169779,-54.093076,0,0.169781,-54.092865,0,4186
161,5,27,28,0.169779,-54.093076,0,0.169779,-54.092967,0,4508
161,5,31,32,0.169779,-54.093076,0,0.169779,-54.093075,0,5152
161,10,15,16,0.243703,-56.911259,0,0.247278,-55.347146,0,2576
161,10,17,18,0.243703,-56.911259,0,0.243827,-56.595156,0,2898
161,10,19,20,0.243703,-56.911259,0,0.243629,-56.929027,0,3220
161,10,21,22,0.243703,-56.911259,0,0.243693,-56.913732,0,3542
161,10,23,24,0.243703,-56.911259,0,0.243703,-56.912390,0,3864
161,10,25,26,0.243703,-56.911259,0,0.243702,-56.910354,0,4186
161,10,27,28,0.243703,-56.911259,0,0.243703,-56.911089,0,4508
161,10,31,32,0.243703,-56.911259,0,0.243703,-56.911237,0,5152
161,20,15,16,0.346129,-59.995804,0,0.347517,-57.920178,0,2576
161,20,17,18,0.346129,-59.995804,0,0.346245,-59.553616,0,2898
161,20,19,20,0.346129,-59.995804,0,0.346282,-59.901303,0,3220
161,20,21,22,0.346129,-59.995804,0,0.346127,-59.974142,0,3542
161,20,23,24,0.346129,-59.995804,0,0.346137,-59.995587,0,3864
161,20,25,26,0.346129,-59.995804,0,0.346129,-59.996253,0,4186
161,20,27,28,0.346129,-59.995804,0,0.346129,-59.996316,0,4508
161,20,31,32,0.346129,-59.995804,0,0.346129,-59.995783,0,5152
161,40,15,16,0.461311,-63.561222,0,0.461039,-61.658543,0,2576
161,40,17,18,0.461311,-63.561222,0,0.461022,-62.161955,0,2898
161,40,19,20,0.461311,-63.561222,0,0.461428,-63.401473,0,3220
161,40,21,22,0.461311,-63.561222,0,0.461327,-63.528117,0,3542
161,40,23,24,0.461311,-63.561222,0,0.461305,-63.555936,0,3864
161,40,25,26,0.461311,-63.561222,0,0.461312,-63.560427,0,4186
161,40,27,28,0.461311,-63.561222,0,0.461311,-63.561247,0,4508
161,40,31,32,0.461311,-63.561222,0,0.461311,-63.561200,0,5152
161,80,15,16,0.584056,-67.511612,0,0.584664,-64.178266,0,2576
161,80,17,18,0.584056,-67.511612,0,0.584329,-66.346634,0,2898
161,80,19,20,0.584056,-67.511612,0,0.584115,-67.013662,0,3220
161,80,21,22,0.584056,-67.511612,0,0.584009,-67.466072,0,3542
161,80,23,24,0.584056,-67.511612,0,0.584049,-67.506825,0,3864
161,80,25,26,0.584056,-67.511612,0,0.584056,-67.510321,0,4186
161,80,27,28,0.584056,-67.511612,0,0.584056,-67.511544,0,4508
161,80,31,32,0.584056,-67.511612,0,0.584056,-67.511610,0,5152
161,160,15,16,0.823735,-70.459843,0,0.825293,-64.105234,0,2576
161,160,17,18,0.823735,-70.459843,0,0.823707,-68.822616,0,2898
161,160,19,20,0.823735,-70.459843,0,0.823719,-69.978457,0,3220
161,160,21,22,0.823735,-70.459843,0,0.823735,-70.459302,0,3542
161,160,23,24,0.823735,-70.459843,0,0.823736,-70.461025,0,3864
161,160,25,26,0.823735,-70.459843,0,0.823737,-70.457915,0,4186
161,160,27,28,0.823735,-70.459843,0,0.823734,-70.459735,0,4508
161,160,31,32,0.823735,-70.459843,0,0.823735,-70.459814,0,5152
162,1,15,16,0.077690,-46.984631,0,0.081223,-46.573129,0,2592
162,1,17,18,0.077690,-46.984631,0,0.077832,-46.894909,0,2916
162,1,19,20,0.077690,-46.984631,0,0.077656,-46.973762,0,3240
162,1,21,22,0.077690,-46.984631,0,0.077724,-46.982944,0,3564
162,1,23,24,0.077690,-46.984631,0,0.077693,-46.984293,0,3888
162,1,25,26,0.077690,-46.984631,0,0.077690,-46.984380,0,4212
162,1,27,28,0.077690,-46.984631,0,0.077690,-46.984570,0,4536
162,1,31,32,0.077690,-46.984631,0,0.077690,-46.984628,0,5184
162,2,15,16,0.113888,-49.726658,0,0.115345,-49.001285,0,2592
162,2,17,18,0.113888,-49.726658,0,0.113963,-49.596469,0,2916
162,2,19,20,0.113888,-49.726658,0,0.114005,-49.703629,0,3240
162,2,21,22,0.113888,-49.726658,0,0.113876,-49.723478,0,3564
162,2,23,24,0.113888,-49.726658,0,0.113904,-49.726745,0,3888
162,2,25,26,0.113888,-49.726658,0,0.113886,-49.726717,0,4212
162,2,27,28,0.113888,-49.726658,0,0.113888,-49.726608,0,4536
162,2,31,32,0.113888,-49.726658,0,0.113888,-49.726656,0,5184
162,5,15,16,0.169812,-54.091376,0,0.171399,-53.000230,0,2592
162,5,17,18,0.169812,-54.091376,0,0.170476,-53.935277,0,2916
162,5,19,20,0.169812,-54.091376,0,0.169813,-54.043066,0,3240
162,5,21,22,0.169812,-54.091376,0,0.169828,-54.091717,0,3564
162,5,23,24,0.169812,-54.091376,0,0.169815,-54.091562,0,3888
162,5,25,26,0.169812,-54.091376,0,0.169812,-54.090843,0,4212
162,5,27,28,0.169812,-54.091376,0,0.169812,-54.091295,0,4536
162,5,31,32,0.169812,-54.091376,0,0.169812,-54.091384,0,5184
162,10,15,16,0.231420,-57.386826,0,0.235024,-56.060919,0,2592
162,10,17,18,0.231420,-57.386826,0,0.232089,-57.185968,0,2916
162,10,19,20,0.231420,-57.386826,0,0.231513,-57.368142,0,3240
162,10,21,22,0.231420,-57.386826,0,0.231404,-57.354152,0,3564
162,10,23,24,0.231420,-57.386826,0,0.231415,-57.391960,0,3888
162,10,25,26,0.231420,-57.386826,0,0.231423,-57.385952,0,4212
162,10,27,28,0.231420,-57.386826,0,0.231420,-57.386859,0,4536
162,10,31,32,0.231420,-57.386826,0,0.231420,-57.386814,0,5184
162,20,15,16,0.334690,-60.300457,0,0.335990,-58.651682,0,2592
162,20,17,18,0.334690,-60.300457,0,0.334547,-59.860264,0,2916
162,20,19,20,0.334690,-60.300457,0,0.334743,-60.205299,0,3240
162,20,21,22,0.334690,-60.300457,0,0.334727,-60.271679,0,3564
162,20,23,24,0.334690,-60.300457,0,0.334696,-60.298284,0,3888
162,20,25,26,0.334690,-60.300457,0,0.334688,-60.300713,0,4212
162,20,27,28,0.334690,-60.300457,0,0.334691,-60.300285,0,4536
162,20,31,32,0.334690,-60.300457,0,0.334690,-60.300445,0,5184
162,40,15,16,0.456472,-63.660505,0,0.458106,-60.515391,0,2592
162,40,17,18,0.456472,-63.660505,0,0.457034,-62.709589,0,2916
162,40,19,20,0.456472,-63.660505,0,0.456531,-63.511646,0,3240
162,40,21,22,0.456472,-63.660505,0,0.456442,-63.634437,0,3564
162,40,23,24,0.456472,-63.660505,0,0.456471,-63.648744,0,3888
162,40,25,26,0.456472,-63.660505,0,0.456472,-63.658913,0,4212
162,40,27,28,0.456472,-63.660505,0,0.456472,-63.660579,0,4536
162,40,31,32,0.456472,-63.660505,0,0.456472,-63.660517,0,5184
162,80,15,16,0.584886,-67.499983,0,0.585661,-63.794992,0,2592
162,80,17,18,0.584886,-67.499983,0,0.584905,-66.275809,0,2916
162,80,19,20,0.584886,-67.499983,0,0.584830,-67.158877,0,3240
162,80,21,22,0.584886,-67.499983,0,0.584889,-67.441982,0,3564
162,80,23,24,0.584886,-67.499983,0,0.584885,-67.501121,0,3888
162,80,25,26,0.584886,-67.499983,0,0.584888,-67.496529,0,4212
162,80,27,28,0.584886,-67.499983,0,0.584887,-67.499695,0,4536
162,80,31,32,0.584886,-67.499983,0,0.584886,-67.500040,0,5184
162,160,15,16,0.785546,-70.829448,0,0.786642,-66.540390,0,2592
162,160,17,18,0.785546,-70.829448,0,0.786218,-69.290098,0,2916
162,160,19,20,0.785546,-70.829448,0,0.785492,-70.566603,0,3240
162,160,21,22,0.785546,-70.829448,0,0.785530,-70.838367,0,3564
162,160,23,24,0.785546,-70.829448,0,0.785538,-70.819182,0,3888
162,160,25,26,0.785546,-70.829448,0,0.785547,-70.828292,0,4212
162,160,27,28,0.785546,-70.829448,0,0.785546,-70.830570,0,4536
162,160,31,32,0.785546,-70.829448,0,0.785546,-70.829443,0,5184
163,1,15,16,0.073784,-47.424255,0,0.076843,-46.950225,0,2608
163,1,17,18,0.073784,-47.424255,0,0.074600,-47.336918,0,2934
163,1,19,20,0.073784,-47.424255,0,0.073886,-47.413850,0,3260
163,1,21,22,0.073784,-47.424255,0,0.073801,-47.423043,0,3586
163,1,23,24,0.073784,-47.424255,0,0.073783,-47.423355,0,3912
163,1,25,26,0.073784,-47.424255,0,0.073785,-47.424343,0,4238
163,1,27,28,0.073784,-47.424255,0,0.073784,-47.424248,0,4564
163,1,31,32,0.073784,-47.424255,0,0.073784,-47.424249,0,5216
163,2,15,16,0.110022,-49.995447,0,0.110230,-49.268274,0,2608
163,2,17,18,0.110022,-49.995447,0,0.110257,-49.868132,0,2934
163,2,19,20,0.110022,-49.995447,0,0.110002,-49.960676,0,3260
163,2,21,22,0.110022,-49.995447,0,0.110012,-49.993392,0,3586
163,2,23,24,0.110022,-49.995447,0,0.110030,-49.994701,0,3912
163,2,25,26,0.110022,-49.995447,0,0.110022,-49.995900,0,4238
163,2,27,28,0.110022,-49.995447,0,0.110022,-49.995364,0,4564
163,2,31,32,0.110022,-49.995447,0,0.110022,-49.995448,0,5216
163,5,15,16,0.169111,-54.156153,0,0.170761,-53.219900,0,2608
163,5,17,18,0.169111,-54.156153,0,0.169378,-53.813562,0,2934
163,5,19,20,0.169111,-54.156153,0,0.169093,-54.099094,0,3260
163,5,21,22,0.169111,-54.156153,0,0.169118,-54.160527,0,3586
163,5,23,24,0.169111,-54.156153,0,0.169116,-54.159026,0,3912
163,5,25,26,0.169111,-54.156153,0,0.169111,-54.156036,0,4238
163,5,27,28,0.169111,-54.156153,0,0.169111,-54.156281,0,4564
163,5,31,32,0.169111,-54.156153,0,0.169111,-54.156169,0,5216
163,10,15,16,0.220481,-57.816579,0,0.221649,-56.410799,0,2608
163,10,17,18,0.220481,-57.816579,0,0.220658,-57.442278,0,2934
163,10,19,20,0.220481,-57.816579,0,0.220661,-57.763535,0,3260
163,10,21,22,0.220481,-57.816579,0,0.220489,-57.805528,0,3586
163,10,23,24,0.220481,-57.816579,0,0.220492,-57.817762,0,3912
163,10,25,26,0.220481,-57.816579,0,0.220481,-57.815594,0,4238
163,10,27,28,0.220481,-57.816579,0,0.220480,-57.816595,0,4564
163,10,31,32,0.220481,-57.816579,0,0.220481,-57.816579,0,5216
163,20,15,16,0.321011,-60.666409,0,0.322555,-58.376494,0,2608
163,20,17,18,0.321011,-60.666409,0,0.321134,-60.214041,0,2934
163,20,19,20,0.321011,-60.666409,0,0.321027,-60.544771,0,3260
163,20,21,22,0.321011,-60.666409,0,0.320991,-60.652728,0,3586
163,20,23,24,0.321011,-60.666409,0,0.321007,-60.661885,0,3912
163,20,25,26,0.321011,-60.666409,0,0.321011,-60.665084,0,4238
163,20,27,28,0.321011,-60.666409,0,0.321011,-60.666506,0,4564
163,20,31,32,0.321011,-60.666409,0,0.321011,-60.666385,0,5216
163,40,15,16,0.447214,-63.822878,0,0.451450,-61.532615,0,2608
163,40,17,18,0.447214,-63.822878,0,0.447100,-63.011412,0,2934
163,40,19,20,0.447214,-63.822878,0,0.447291,-63.632439,0,3260
163,40,21,22,0.447214,-63.822878,0,0.447207,-63.789928,0,3586
163,40,23,24,0.447214,-63.822878,0,0.447203,-63.820642,0,3912
163,40,25,26,0.447214,-63.822878,0,0.447213,-63.823488,0,4238
163,40,27,28,0.447214,-63.822878,0,0.447213,-63.823232,0,4564
163,40,31,32,0.447214,-63.822878,0,0.447214,-63.822880,0,5216
163,80,15,16,0.583768,-67.474966,0,0.584801,-63.461232,0,2608
163,80,17,18,0.583768,-67.474966,0,0.584085,-66.171446,0,2934
163,80,19,20,0.583768,-67.474966,0,0.583763,-67.048777,0,3260
163,80,21,22,0.583768,-67.474966,0,0.583820,-67.439448,0,3586
163,80,23,24,0.583768,-67.474966,0,0.583767,-67.483396,0,3912
163,80,25,26,0.583768,-67.474966,0,0.583769,-67.476443,0,4238
163,80,27,28,0.583768,-67.474966,0,0.583769,-67.474806,0,4564
163,80,31,32,0.583768,-67.474966,0,0.583768,-67.474956,0,5216
163,160,15,16,0.745840,-71.260449,0,0.747363,-65.472750,0,2608
163,160,17,18,0.745840,-71.260449,0,0.746183,-69.463962,0,2934
163,160,19,20,0.745840,-71.260449,0,0.745988,-70.959486,0,3260
163,160,21,22,0.745840,-71.260449,0,0.745837,-71.238910,0,3586
163,160,23,24,0.745840,-71.260449,0,0.745830,-71.261234,0,3912
163,160,25,26,0.745840,-71.260449,0,0.745840,-71.262097,0,4238
163,160,27,28,0.745840,-71.260449,0,0.745840,-71.260325,0,4564
163,160,31,32,0.745840,-71.260449,0,0.745840,-71.260500,0,5216
164,1,15,16,0.069998,-47.888728,0,0.072450,-47.425570,0,2624
164,1,17,18,0.069998,-47.888728,0,0.070507,-47.800551,0,2952
164,1,19,20,0.069998,-47.888728,0,0.070028,-47.884534,0,3280
164,1,21,22,0.069998,-47.888728,0,0.070028,-47.887348,0,3608
164,1,23,24,0.069998,-47.888728,0,0.069996,-47.887584,0,3936
164,1,25,26,0.069998,-47.888728,0,0.069998,-47.888509,0,4264
164,1,27,28,0.069998,-47.888728,0,0.069998,-47.888647,0,4592
164,1,31,32,0.069998,-47.888728,0,0.069998,-47.888728,0,5248
164,2,15,16,0.105392,-50.345222,0,0.107431,-49.806711,0,2624
164,2,17,18,0.105392,-50.345222,0,0.105926,-50.183989,0,2952
164,2,19,20,0.105392,-50.345222,0,0.105405,-50.332729,0,3280
164,2,21,22,0.105392,-50.345222,0,0.105385,-50.334115,0,3608
164,2,23,24,0.105392,-50.345222,0,0.105383,-50.343391,0,3936
164,2,25,26,0.105392,-50.345222,0,0.105392,-50.345526,0,4264
164,2,27,28,0.105392,-50.345222,0,0.105392,-50.345313,0,4592
164,2,31,32,0.105392,-50.345222,0,0.105392,-50.345228,0,5248
164,5,15,16,0.167152,-54.247404,0,0.168235,-53.081421,0,2624
164,5,17,18,0.167152,-54.247404,0,0.168041,-54.050090,0,2952
164,5,19,20,0.167152,-54.247404,0,0.167089,-54.225197,0,3280
164,5,21,22,0.167152,-54.247404,0,0.167137,-54.227650,0,3608
164,5,23,24,0.167152,-54.247404,0,0.167162,-54.248514,0,3936
164,5,25,26,0.167152,-54.247404,0,0.167149,-54.247059,0,4264
164,5,27,28,0.167152,-54.247404,0,0.167151,-54.247479,0,4592
164,5,31,32,0.167152,-54.247404,0,0.167152,-54.247412,0,5248
164,10,15,16,0.220792,-57.803803,0,0.225674,-56.369968,0,2624
164,10,17,18,0.220792,-57.803803,0,0.221125,-57.557634,0,2952
164,10,19,20,0.220792,-57.803803,0,0.220869,-57.724362,0,3280
164,10,21,22,0.220792,-57.803803,0,0.220795,-57.824669,0,3608
164,10,23,24,0.220792,-57.803803,0,0.220800,-57.801066,0,3936
164,10,25,26,0.220792,-57.803803,0,0.220790,-57.804923,0,4264
164,10,27,28,0.220792,-57.803803,0,0.220791,-57.803676,0,4592
164,10,31,32,0.220792,-57.803803,0,0.220792,-57.803803,0,5248
164,20,15,16,0.306215,-61.065102,0,0.305856,-58.525401,0,2624
164,20,17,18,0.306215,-61.065102,0,0.306867,-60.516579,0,2952
164,20,19,20,0.306215,-61.065102,0,0.306246,-61.000154,0,3280
164,20,21,22,0.306215,-61.065102,0,0.306234,-61.056812,0,3608
164,20,23,24,0.306215,-61.065102,0,0.306217,-61.065229,0,3936
164,20,25,26,0.306215,-61.065102,0,0.306212,-61.064446,0,4264
164,20,27,28,0.306215,-61.065102,0,0.306215,-61.065414,0,4592
164,20,31,32,0.306215,-61.065102,0,0.306215,-61.065118,0,5248
164,40,15,16,0.434743,-64.065426,0,0.435421,-61.073955,0,2624
164,40,17,18,0.434743,-64.065426,0,0.434871,-62.927324,0,2952
164,40,19,20,0.434743,-64.065426,0,0.434795,-63.820874,0,3280
164,40,21,22,0.434743,-64.065426,0,0.434719,-64.033901,0,3608
164,40,23,24,0.434743,-64.065426,0,0.434744,-64.061370,0,3936
164,40,25,26,0.434743,-64.065426,0,0.434744,-64.066777,0,4264
164,40,27,28,0.434743,-64.065426,0,0.434743,-64.065633,0,4592
164,40,31,32,0.434743,-64.065426,0,0.434743,-64.065410,0,5248
164,80,15,16,0.579005,-67.551850,0,0.580442,-63.363658,0,2624
164,80,17,18,0.579005,-67.551850,0,0.579659,-66.431493,0,2952
164,80,19,20,0.579005,-67.551850,0,0.579137,-67.320289,0,3280
164,80,21,22,0.579005,-67.551850,0,0.578965,-67.541798,0,3608
164,80,23,24,0.579005,-67.551850,0,0.579006,-67.544768,0,3936
164,80,25,26,0.579005,-67.551850,0,0.579007,-67.552403,0,4264
164,80,27,28,0.579005,-67.551850,0,0.579005,-67.550841,0,4592
164,80,31,32,0.579005,-67.551850,0,0.579005,-67.551919,0,5248
164,160,15,16,0.731606,-71.417647,0,0.733819,-65.313267,0,2624
164,160,17,18,0.731606,-71.417647,0,0.731584,-69.681962,0,2952
164,160,19,20,0.731606,-71.417647,0,0.731561,-71.190702,0,3280
164,160,21,22,0.731606,-71.417647,0,0.731608,-71.361486,0,3608
164,160,23,24,0.731606,-71.417647,0,0.731612,-71.434903,0,3936
164,160,25,26,0.731606,-71.417647,0,0.731606,-71.419881,0,4264
164,160,27,28,0.731606,-71.417647,0,0.731606,-71.418169,0,4592
164,160,31,32,0.731606,-71.417647,0,0.731606,-71.417632,0,5248
165,1,15,16,0.069992,-47.905356,0,0.072938,-47.362345,0,2640
165,1,17,18,0.069992,-47.905356,0,0.070501,-47.771844,0,2970
165,1,19,20,0.069992,-47.905356,0,0.070043,-47.904563,0,3300
165,1,21,22,0.069992,-47.905356,0,0.070011,-47.896177,0,3630
165,1,23,24,0.069992,-47.905356,0,0.069997,-47.904169,0,3960
165,1,25,26,0.069992,-47.905356,0,0.069991,-47.905639,0,4290
165,1,27,28,0.069992,-47.905356,0,0.069992,-47.905352,0,4620
165,1,31,32,0.069992,-47.905356,0,0.069992,-47.905357,0,5280
165,2,15,16,0.100520,-50.760402,0,0.104645,-50.011327,0,2640
165,2,17,18,0.100520,-50.760402,0,0.101063,-50.507713,0,2970
165,2,19,20,0.100520,-50.760402,0,0.100523,-50.724298,0,3300
165,2,21,22,0.100520,-50.760402,0,0.100501,-50.763975,0,3630
165,2,23,24,0.100520,-50.760402,0,0.100517,-50.761187,0,3960
165,2,25,26,0.100520,-50.760402,0,0.100520,-50.760863,0,4290
165,2,27,28,0.100520,-50.760402,0,0.100520,-50.760423,0,4620
165,2,31,32,0.100520,-50.760402,0,0.100520,-50.760406,0,5280
165,5,15,16,0.164166,-54.445069,0,0.168618,-53.326354,0,2640
165,5,17,18,0.164166,-54.445069,0,0.163789,-54.246284,0,2970
165,5,19,20,0.164166,-54.445069,0,0.164217,-54.452109,0,3300
165,5,21,22,0.164166,-54.445069,0,0.164150,-54.453887,0,3630
165,5,23,24,0.164166,-54.445069,0,0.164167,-54.446637,0,3960
165,5,25,26,0.164166,-54.445069,0,0.164166,-54.444829,0,4290
165,5,27,28,0.164166,-54.445069,0,0.164166,-54.445175,0,4620
165,5,31,32,0.164166,-54.445069,0,0.164166,-54.445060,0,5280
165,10,15,16,0.220383,-57.797167,0,0.223192,-56.578189,0,2640
165,10,17,18,0.220383,-57.797167,0,0.221104,-57.358221,0,2970
165,10,19,20,0.220383,-57.797167,0,0.220397,-57.827705,0,3300
165,10,21,22,0.220383,-57.797167,0,0.220378,-57.811061,0,3630
165,10,23,24,0.220383,-57.797167,0,0.220387,-57.802241,0,3960
165,10,25,26,0.220383,-57.797167,0,0.220384,-57.797273,0,4290
165,10,27,28,0.220383,-57.797167,0,0.220382,-57.796965,0,4620
165,10,31,32,0.220383,-57.797167,0,0.220383,-57.797146,0,5280
165,20,15,16,0.290068,-61.528742,0,0.294607,-58.164229,0,2640
165,20,17,18,0.290068,-61.528742,0,0.290211,-61.048750,0,2970
165,20,19,20,0.290068,-61.528742,0,0.290242,-61.429274,0,3300
165,20,21,22,0.290068,-61.528742,0,0.290084,-61.531133,0,3630
165,20,23,24,0.290068,-61.528742,0,0.290080,-61.525522,0,3960
165,20,25,26,0.290068,-61.528742,0,0.290066,-61.529960,0,4290
165,20,27,28,0.290068,-61.528742,0,0.290068,-61.528599,0,4620
165,20,31,32,0.290068,-61.528742,0,0.290068,-61.528727,0,5280
165,40,15,16,0.418464,-64.386160,0,0.420797,-62.070441,0,2640
165,40,17,18,0.418464,-64.386160,0,0.418913,-63.458151,0,2970
165,40,19,20,0.418464,-64.386160,0,0.418500,-64.241798,0,3300
165,40,21,22,0.418464,-64.386160,0,0.418498,-64.355292,0,3630
165,40,23,24,0.418464,-64.386160,0,0.418471,-64.381684,0,3960
165,40,25,26,0.418464,-64.386160,0,0.418462,-64.382748,0,4290
165,40,27,28,0.418464,-64.386160,0,0.418464,-64.386337,0,4620
165,40,31,32,0.418464,-64.386160,0,0.418464,-64.386183,0,5280
165,80,15,16,0.570698,-67.661883,0,0.571789,-62.481071,0,2640
165,80,17,18,0.570698,-67.661883,0,0.570644,-65.887496,0,2970
165,80,19,20,0.570698,-67.661883,0,0.570610,-67.397570,0,3300
165,80,21,22,0.570698,-67.661883,0,0.570677,-67.624012,0,3630
165,80,23,24,0.570698,-67.661883,0,0.570695,-67.674437,0,3960
165,80,25,26,0.570698,-67.661883,0,0.570699,-67.664358,0,4290
165,80,27,28,0.570698,-67.661883,0,0.570698,-67.662729,0,4620
165,80,31,32,0.570698,-67.661883,0,0.570698,-67.661877,0,5280
165,160,15,16,0.731794,-71.448065,0,0.732476,-64.785504,0,2640
165,160,17,18,0.731794,-71.448065,0,0.732278,-70.038331,0,2970
165,160,19,20,0.731794,-71.448065,0,0.731783,-71.112415,0,3300
165,160,21,22,0.731794,-71.448065,0,0.731795,-71.446150,0,3630
165,160,23,24,0.731794,-71.448065,0,0.731794,-71.444232,0,3960
165,160,25,26,0.731794,-71.448065,0,0.731791,-71.444235,0,4290
165,160,27,28,0.731794,-71.448065,0,0.731794,-71.448697,0,4620
165,160,31,32,0.731794,-71.448065,0,0.731794,-71.448049,0,5280
166,1,15,16,0.069896,-47.914495,0,0.071592,-47.452479,0,2656
166,1,17,18,0.069896,-47.914495,0,0.070267,-47.874199,0,2988
166,1,19,20,0.069896,-47.914495,0,0.069951,-47.908789,0,3320
166,1,21,22,0.069896,-47.914495,0,0.069929,-47.913887,0,3652
166,1,23,24,0.069896,-47.914495,0,0.069903,-47.915786,0,3984
166,1,25,26,0.069896,-47.914495,0,0.069895,-47.914682,0,4316
166,1,27,28,0.069896,-47.914495,0,0.069896,-47.914466,0,4648
166,1,31,32,0.069896,-47.914495,0,0.069896,-47.914491,0,5312
166,2,15,16,0.095315,-51.206589,0,0.098240,-50.517159,0,2656
166,2,17,18,0.095315,-51.206589,0,0.095731,-51.058878,0,2988
166,2,19,20,0.095315,-51.206589,0,0.095490,-51.200687,0,3320
166,2,21,22,0.095315,-51.206589,0,0.095305,-51.207775,0,3652
166,2,23,24,0.095315,-51.206589,0,0.095312,-51.205867,0,3984
166,2,25,26,0.095315,-51.206589,0,0.095314,-51.206273,0,4316
166,2,27,28,0.095315,-51.206589,0,0.095314,-51.206704,0,4648
166,2,31,32,0.095315,-51.206589,0,0.095315,-51.206591,0,5312
166,5,15,16,0.159483,-54.681187,0,0.161413,-53.431315,0,2656
166,5,17,18,0.159483,-54.681187,0,0.159537,-54.552448,0,2988
166,5,19,20,0.159483,-54.681187,0,0.159602,-54.685191,0,3320
166,5,21,22,0.159483,-54.681187,0,0.159457,-54.671432,0,3652
166,5,23,24,0.159483,-54.681187,0,0.159486,-54.679673,0,3984
166,5,25,26,0.159483,-54.681187,0,0.159480,-54.680903,0,4316
166,5,27,28,0.159483,-54.681187,0,0.159484,-54.681250,0,4648
166,5,31,32,0.159483,-54.681187,0,0.159483,-54.681183,0,5312
166,10,15,16,0.218663,-57.873138,0,0.222025,-56.365401,0,2656
166,10,17,18,0.218663,-57.873138,0,0.218726,-57.365214,0,2988
166,10,19,20,0.218663,-57.873138,0,0.218676,-57.854957,0,3320
166,10,21,22,0.218663,-57.873138,0,0.218659,-57.854211,0,3652
166,10,23,24,0.218663,-57.873138,0,0.218661,-57.879607,0,3984
166,10,25,26,0.218663,-57.873138,0,0.218662,-57.872297,0,4316
166,10,27,28,0.218663,-57.873138,0,0.218663,-57.872739,0,4648
166,10,31,32,0.218663,-57.873138,0,0.218663,-57.873138,0,5312
166,20,15,16,0.284847,-61.712860,0,0.288981,-59.273435,0,2656
166,20,17,18,0.284847,-61.712860,0,0.285354,-60.869472,0,2988
166,20,19,20,0.284847,-61.712860,0,0.284827,-61.506438,0,3320
166,20,21,22,0.284847,-61.712860,0,0.284846,-61.697981,0,3652
166,20,23,24,0.284847,-61.712860,0,0.284858,-61.708392,0,3984
166,20,25,26,0.284847,-61.712860,0,0.284846,-61.713330,0,4316
166,20,27,28,0.284847,-61.712860,0,0.284847,-61.713032,0,4648
166,20,31,32,0.284847,-61.712860,0,0.284847,-61.712855,0,5312
166,40,15,16,0.400126,-64.779078,0,0.401846,-61.975701,0,2656
166,40,17,18,0.400126,-64.779078,0,0.400139,-63.814364,0,2988
166,40,19,20,0.400126,-64.779078,0,0.400082,-64.499773,0,3320
166,40,21,22,0.400126,-64.779078,0,0.400124,-64.747031,0,3652
166,40,23,24,0.400126,-64.779078,0,0.400132,-64.781314,0,3984
166,40,25,26,0.400126,-64.779078,0,0.400126,-64.777750,0,4316
166,40,27,28,0.400126,-64.779078,0,0.400126,-64.778149,0,4648
166,40,31,32,0.400126,-64.779078,0,0.400126,-64.779076,0,5312
166,80,15,16,0.557214,-67.905345,0,0.558901,-64.115901,0,2656
166,80,17,18,0.557214,-67.905345,0,0.556468,-66.629014,0,2988
166,80,19,20,0.557214,-67.905345,0,0.557252,-67.531698,0,3320
166,80,21,22,0.557214,-67.905345,0,0.557229,-67.834087,0,3652
166,80,23,24,0.557214,-67.905345,0,0.557213,-67.908147,0,3984
166,80,25,26,0.557214,-67.905345,0,0.557213,-67.904170,0,4316
166,80,27,28,0.557214,-67.905345,0,0.557214,-67.905987,0,4648
166,80,31,32,0.557214,-67.905345,0,0.557214,-67.905312,0,5312
166,160,15,16,0.728558,-71.482089,0,0.730863,-66.520269,0,2656
166,160,17,18,0.728558,-71.482089,0,0.728854,-69.993605,0,2988
166,160,19,20,0.728558,-71.482089,0,0.728585,-71.034301,0,3320
166,160,21,22,0.728558,-71.482089,0,0.728532,-71.380236,0,3652
166,160,23,24,0.728558,-71.482089,0,0.728556,-71.488460,0,3984
166,160,25,26,0.728558,-71.482089,0,0.728559,-71.489237,0,4316
166,160,27,28,0.728558,-71.482089,0,0.728558,-71.482493,0,4648
166,160,31,32,0.728558,-71.482089,0,0.728558,-71.482135,0,5312
167,1,15,16,0.069466,-48.004295,0,0.071140,-47.449728,0,2672
167,1,17,18,0.069466,-48.004295,0,0.069780,-47.869936,0,3006
167,1,19,20,0.069466,-48.004295,0,0.069604,-47.979668,0,3340
167,1,21,22,0.069466,-48.004295,0,0.069475,-48.000056,0,3674
167,1,23,24,0.069466,-48.004295,0,0.069473,-48.004741,0,4008
167,1,25,26,0.069466,-48.004295,0,0.069465,-48.003963,0,4342
167,1,27,28,0.069466,-48.004295,0,0.069466,-48.004246,0,4676
167,1,31,32,0.069466,-48.004295,0,0.069466,-48.004290,0,5344
167,2,15,16,0.092917,-51.469344,0,0.094337,-50.880377,0,2672
167,2,17,18,0.092917,-51.469344,0,0.093219,-51.285361,0,3006
167,2,19,20,0.092917,-51.469344,0,0.092883,-51.443089,0,3340
167,2,21,22,0.092917,-51.469344,0,0.092922,-51.469715,0,3674
167,2,23,24,0.092917,-51.469344,0,0.092918,-51.468813,0,4008
167,2,25,26,0.092917,-51.469344,0,0.092916,-51.468610,0,4342
167,2,27,28,0.092917,-51.469344,0,0.092917,-51.469412,0,4676
167,2,31,32,0.092917,-51.469344,0,0.092917,-51.469347,0,5344
167,5,15,16,0.152947,-54.999827,0,0.155479,-53.649717,0,2672
167,5,17,18,0.152947,-54.999827,0,0.153293,-54.819516,0,3006
167,5,19,20,0.152947,-54.999827,0,0.152890,-54.992670,0,3340
167,5,21,22,0.152947,-54.999827,0,0.152948,-55.007050,0,3674
167,5,23,24,0.152947,-54.999827,0,0.152947,-54.998848,0,4008
167,5,25,26,0.152947,-54.999827,0,0.152948,-55.000022,0,4342
167,5,27,28,0.152947,-54.999827,0,0.152947,-54.999813,0,4676
167,5,31,32,0.152947,-54.999827,0,0.152947,-54.999818,0,5344
167,10,15,16,0.214946,-58.002444,0,0.216622,-56.020425,0,2672
167,10,17,18,0.214946,-58.002444,0,0.215709,-57.771136,0,3006
167,10,19,20,0.214946,-58.002444,0,0.215052,-58.030563,0,3340
167,10,21,22,0.214946,-58.002444,0,0.214924,-58.008082,0,3674
167,10,23,24,0.214946,-58.002444,0,0.214957,-58.004975,0,4008
167,10,25,26,0.214946,-58.002444,0,0.214945,-58.002651,0,4342
167,10,27,28,0.214946,-58.002444,0,0.214946,-58.002363,0,4676
167,10,31,32,0.214946,-58.002444,0,0.214946,-58.002449,0,5344
167,20,15,16,0.284835,-61.662182,0,0.287458,-58.337716,0,2672
167,20,17,18,0.284835,-61.662182,0,0.285002,-61.141830,0,3006
167,20,19,20,0.284835,-61.662182,0,0.284867,-61.507332,0,3340
167,20,21,22,0.284835,-61.662182,0,0.284863,-61.669881,0,3674
167,20,23,24,0.284835,-61.662182,0,0.284831,-61.666585,0,4008
167,20,25,26,0.284835,-61.662182,0,0.284835,-61.661441,0,4342
167,20,27,28,0.284835,-61.662182,0,0.284835,-61.662217,0,4676
167,20,31,32,0.284835,-61.662182,0,0.284835,-61.662187,0,5344
167,40,15,16,0.380520,-65.237795,0,0.381206,-61.670091,0,2672
167,40,17,18,0.380520,-65.237795,0,0.380717,-64.013890,0,3006
167,40,19,20,0.380520,-65.237795,0,0.380569,-64.984222,0,3340
167,40,21,22,0.380520,-65.237795,0,0.380536,-65.200407,0,3674
167,40,23,24,0.380520,-65.237795,0,0.380529,-65.226014,0,4008
167,40,25,26,0.380520,-65.237795,0,0.380518,-65.236881,0,4342
167,40,27,28,0.380520,-65.237795,0,0.380520,-65.238277,0,4676
167,40,31,32,0.380520,-65.237795,0,0.380520,-65.237775,0,5344
167,80,15,16,0.538622,-68.178367,0,0.540256,-64.013137,0,2672
167,80,17,18,0.538622,-68.178367,0,0.538988,-66.825673,0,3006
167,80,19,20,0.538622,-68.178367,0,0.538791,-67.901831,0,3340
167,80,21,22,0.538622,-68.178367,0,0.538623,-68.165696,0,3674
167,80,23,24,0.538622,-68.178367,0,0.538616,-68.168053,0,4008
167,80,25,26,0.538622,-68.178367,0,0.538624,-68.176989,0,4342
167,80,27,28,0.538622,-68.178367,0,0.538622,-68.177438,0,4676
167,80,31,32,0.538622,-68.178367,0,0.538622,-68.178342,0,5344
167,160,15,16,0.720795,-71.600050,0,0.721028,-65.964288,0,2672
167,160,17,18,0.720795,-71.600050,0,0.721298,-69.610263,0,3006
167,160,19,20,0.720795,-71.600050,0,0.720713,-71.140336,0,3340
167,160,21,22,0.720795,-71.600050,0,0.720803,-71.513584,0,3674
167,160,23,24,0.720795,-71.600050,0,0.720802,-71.602878,0,4008
167,160,25,26,0.720795,-71.600050,0,0.720792,-71.597352,0,4342
167,160,27,28,0.720795,-71.600050,0,0.720795,-71.600020,0,4676
167,160,31,32,0.720795,-71.600050,0,0.720795,-71.599942,0,5344
168,1,15,16,0.068410,-48.120536,0,0.070441,-47.630164,0,2688
168,1,17,18,0.068410,-48.120536,0,0.069053,-48.015932,0,3024
168,1,19,20,0.068410,-48.120536,0,0.068533,-48.108393,0,3360
168,1,21,22,0.068410,-48.120536,0,0.068387,-48.114949,0,3696
168,1,23,24,0.068410,-48.120536,0,0.068415,-48.121262,0,4032
168,1,25,26,0.068410,-48.120536,0,0.068410,-48.120557,0,4368
168,1,27,28,0.068410,-48.120536,0,0.068410,-48.120578,0,4704
168,1,31,32,0.068410,-48.120536,0,0.068410,-48.120537,0,5376
168,2,15,16,0.092961,-51.465978,0,0.094242,-50.804901,0,2688
168,2,17,18,0.092961,-51.465978,0,0.093423,-51.233803,0,3024
168,2,19,20,0.092961,-51.465978,0,0.092904,-51.436905,0,3360
168,2,21,22,0.092961,-51.465978,0,0.092937,-51.459846,0,3696
168,2,23,24,0.092961,-51.465978,0,0.092966,-51.466865,0,4032
168,2,25,26,0.092961,-51.465978,0,0.092959,-51.465951,0,4368
168,2,27,28,0.092961,-51.465978,0,0.092961,-51.466040,0,4704
168,2,31,32,0.092961,-51.465978,0,0.092961,-51.465971,0,5376
168,5,15,16,0.145671,-55.363270,0,0.149182,-54.644345,0,2688
168,5,17,18,0.145671,-55.363270,0,0.146403,-55.206892,0,3024
168,5,19,20,0.145671,-55.363270,0,0.145744,-55.342329,0,3360
168,5,21,22,0.145671,-55.363270,0,0.145709,-55.360103,0,3696
168,5,23,24,0.145671,-55.363270,0,0.145674,-55.368283,0,4032
168,5,25,26,0.145671,-55.363270,0,0.145670,-55.363097,0,4368
168,5,27,28,0.145671,-55.363270,0,0.145671,-55.363425,0,4704
168,5,31,32,0.145671,-55.363270,0,0.145671,-55.363254,0,5376
168,10,15,16,0.209859,-58.243045,0,0.213976,-56.804683,0,2688
168,10,17,18,0.209859,-58.243045,0,0.209989,-58.050137,0,3024
168,10,19,20,0.209859,-58.243045,0,0.209845,-58.266000,0,3360
168,10,21,22,0.209859,-58.243045,0,0.209820,-58.244628,0,3696
168,10,23,24,0.209859,-58.243045,0,0.209866,-58.239407,0,4032
168,10,25,26,0.209859,-58.243045,0,0.209860,-58.243403,0,4368
168,10,27,28,0.209859,-58.243045,0,0.209858,-58.243090,0,4704
168,10,31,32,0.209859,-58.243045,0,0.209859,-58.243021,0,5376
168,20,15,16,0.283573,-61.711943,0,0.286673,-59.915142,0,2688
168,20,17,18,0.283573,-61.711943,0,0.283580,-60.892506,0,3024
168,20,19,20,0.283573,-61.711943,0,0.283535,-61.600307,0,3360
168,20,21,22,0.283573,-61.711943,0,0.283540,-61.722720,0,3696
168,20,23,24,0.283573,-61.711943,0,0.283562,-61.716566,0,4032
168,20,25,26,0.283573,-61.711943,0,0.283573,-61.712162,0,4368
168,20,27,28,0.283573,-61.711943,0,0.283573,-61.711741,0,4704
168,20,31,32,0.283573,-61.711943,0,0.283573,-61.711946,0,5376
168,40,15,16,0.364067,-65.599871,0,0.366156,-62.333397,0,2688
168,40,17,18,0.364067,-65.599871,0,0.363685,-64.667707,0,3024
168,40,19,20,0.364067,-65.599871,0,0.363903,-65.297764,0,3360
168,40,21,22,0.364067,-65.599871,0,0.364077,-65.591536,0,3696
168,40,23,24,0.364067,-65.599871,0,0.364062,-65.592337,0,4032
168,40,25,26,0.364067,-65.599871,0,0.364067,-65.601287,0,4368
168,40,27,28,0.364067,-65.599871,0,0.364067,-65.599106,0,4704
168,40,31,32,0.364067,-65.599871,0,0.364067,-65.599872,0,5376
168,80,15,16,0.516952,-68.556002,0,0.518612,-64.225463,0,2688
168,80,17,18,0.516952,-68.556002,0,0.516726,-66.979206,0,3024
168,80,19,20,0.516952,-68.556002,0,0.516878,-68.239919,0,3360
168,80,21,22,0.516952,-68.556002,0,0.516933,-68.471697,0,3696
168,80,23,24,0.516952,-68.556002,0,0.516950,-68.566929,0,4032
168,80,25,26,0.516952,-68.556002,0,0.516953,-68.551741,0,4368
168,80,27,28,0.516952,-68.556002,0,0.516951,-68.556033,0,4704
168,80,31,32,0.516952,-68.556002,0,0.516952,-68.555926,0,5376
168,160,15,16,0.706592,-71.752216,0,0.706199,-65.786266,0,2688
168,160,17,18,0.706592,-71.752216,0,0.706442,-70.229932,0,3024
168,160,19,20,0.706592,-71.752216,0,0.706648,-71.442894,0,3360
168,160,21,22,0.706592,-71.752216,0,0.706575,-71.779372,0,3696
168,160,23,24,0.706592,-71.752216,0,0.706591,-71.745965,0,4032
168,160,25,26,0.706592,-71.752216,0,0.706592,-71.756257,0,4368
168,160,27,28,0.706592,-71.752216,0,0.706593,-71.752600,0,4704
168,160,31,32,0.706592,-71.752216,0,0.706592,-71.752341,0,5376
169,1,15,16,0.066533,-48.329367,0,0.070721,-47.859696,0,2704
169,1,17,18,0.066533,-48.329367,0,0.067152,-48.194701,0,3042
169,1,19,20,0.066533,-48.329367,0,0.066693,-48.322505,0,3380
169,1,21,22,0.066533,-48.329367,0,0.066556,-48.323030,0,3718
169,1,23,24,0.066533,-48.329367,0,0.066525,-48.329395,0,4056
169,1,25,26,0.066533,-48.329367,0,0.066534,-48.329333,0,4394
169,1,27,28,0.066533,-48.329367,0,0.066533,-48.329366,0,4732
169,1,31,32,0.066533,-48.329367,0,0.066533,-48.329371,0,5408
169,2,15,16,0.092843,-51.518227,0,0.094822,-50.873730,0,2704
169,2,17,18,0.092843,-51.518227,0,0.093408,-51.341124,0,3042
169,2,19,20,0.092843,-51.518227,0,0.092759,-51.486020,0,3380
169,2,21,22,0.092843,-51.518227,0,0.092825,-51.511679,0,3718
169,2,23,24,0.092843,-51.518227,0,0.092841,-51.517636,0,4056
169,2,25,26,0.092843,-51.518227,0,0.092844,-51.518425,0,4394
169,2,27,28,0.092843,-51.518227,0,0.092843,-51.518237,0,4732
169,2,31,32,0.092843,-51.518227,0,0.092843,-51.518232,0,5408
169,5,15,16,0.138429,-55.800282,0,0.140918,-55.149539,0,2704
169,5,17,18,0.138429,-55.800282,0,0.138725,-55.595090,0,3042
169,5,19,20,0.138429,-55.800282,0,0.138493,-55.700960,0,3380
169,5,21,22,0.138429,-55.800282,0,0.138430,-55.791008,0,3718
169,5,23,24,0.138429,-55.800282,0,0.138431,-55.798639,0,4056
169,5,25,26,0.138429,-55.800282,0,0.138430,-55.800503,0,4394
169,5,27,28,0.138429,-55.800282,0,0.138429,-55.800421,0,4732
169,5,31,32,0.138429,-55.800282,0,0.138429,-55.800286,0,5408
169,10,15,16,0.203085,-58.549060,0,0.205870,-56.461349,0,2704
169,10,17,18,0.203085,-58.549060,0,0.204158,-58.188996,0,3042
169,10,19,20,0.203085,-58.549060,0,0.203210,-58.466738,0,3380
169,10,21,22,0.203085,-58.549060,0,0.203094,-58.552101,0,3718
169,10,23,24,0.203085,-58.549060,0,0.203086,-58.548662,0,4056
169,10,25,26,0.203085,-58.549060,0,0.203087,-58.548763,0,4394
169,10,27,28,0.203085,-58.549060,0,0.203085,-58.549118,0,4732
169,10,31,32,0.203085,-58.549060,0,0.203085,-58.549055,0,5408
169,20,15,16,0.279445,-61.816960,0,0.282519,-59.156742,0,2704
169,20,17,18,0.279445,-61.816960,0,0.280036,-61.179235,0,3042
169,20,19,20,0.279445,-61.816960,0,0.279559,-61.719443,0,3380
169,20,21,22,0.279445,-61.816960,0,0.279402,-61.813287,0,3718
169,20,23,24,0.279445,-61.816960,0,0.279447,-61.811982,0,4056
169,20,25,26,0.279445,-61.816960,0,0.279445,-61.817835,0,4394
169,20,27,28,0.279445,-61.816960,0,0.279445,-61.817081,0,4732
169,20,31,32,0.279445,-61.816960,0,0.279445,-61.816971,0,5408
169,40,15,16,0.364220,-65.594568,0,0.365236,-62.402974,0,2704
169,40,17,18,0.364220,-65.594568,0,0.364937,-64.525587,0,3042
169,40,19,20,0.364220,-65.594568,0,0.364104,-65.391864,0,3380
169,40,21,22,0.364220,-65.594568,0,0.364247,-65.535354,0,3718
169,40,23,24,0.364220,-65.594568,0,0.364220,-65.587796,0,4056
169,40,25,26,0.364220,-65.594568,0,0.364220,-65.591692,0,4394
169,40,27,28,0.364220,-65.594568,0,0.364220,-65.595172,0,4732
169,40,31,32,0.364220,-65.594568,0,0.364220,-65.594618,0,5408
169,80,15,16,0.492719,-68.966222,0,0.495325,-63.412026,0,2704
169,80,17,18,0.492719,-68.966222,0,0.492468,-67.638946,0,3042
169,80,19,20,0.492719,-68.966222,0,0.492821,-68.615083,0,3380
169,80,21,22,0.492719,-68.966222,0,0.492744,-68.900962,0,3718
169,80,23,24,0.492719,-68.966222,0,0.492717,-68.965297,0,4056
169,80,25,26,0.492719,-68.966222,0,0.492717,-68.969597,0,4394
169,80,27,28,0.492719,-68.966222,0,0.492718,-68.966092,0,4732
169,80,31,32,0.492719,-68.966222,0,0.492719,-68.966196,0,5408
169,160,15,16,0.686366,-72.010333,0,0.688424,-67.034679,0,2704
169,160,17,18,0.686366,-72.010333,0,0.686228,-69.889024,0,3042
169,160,19,20,0.686366,-72.010333,0,0.686516,-71.658080,0,3380
169,160,21,22,0.686366,-72.010333,0,0.686382,-71.935681,0,3718
169,160,23,24,0.686366,-72.010333,0,0.686364,-72.022508,0,4056
169,160,25,26,0.686366,-72.010333,0,0.686366,-72.011352,0,4394
169,160,27,28,0.686366,-72.010333,0,0.686365,-72.008880,0,4732
169,160,31,32,0.686366,-72.010333,0,0.686366,-72.010352,0,5408
170,1,15,16,0.064446,-48.607747,0,0.066680,-47.809213,0,2720
170,1,17,18,0.064446,-48.607747,0,0.064943,-48.497707,0,3060
170,1,19,20,0.064446,-48.607747,0,0.064524,-48.601695,0,3400
170,1,21,22,0.064446,-48.607747,0,0.064486,-48.601571,0,3740
170,1,23,24,0.064446,-48.607747,0,0.064452,-48.609424,0,4080
170,1,25,26,0.064446,-48.607747,0,0.064446,-48.607465,0,4420
170,1,27,28,0.064446,-48.607747,0,0.064446,-48.607692,0,4760
170,1,31,32,0.064446,-48.607747,0,0.064446,-48.607750,0,5440
170,2,15,16,0.091792,-51.599927,0,0.094433,-50.753815,0,2720
170,2,17,18,0.091792,-51.599927,0,0.092073,-51.450521,0,3060
170,2,19,20,0.091792,-51.599927,0,0.091800,-51.567169,0,3400
170,2,21,22,0.091792,-51.599927,0,0.091793,-51.599619,0,3740
170,2,23,24,0.091792,-51.599927,0,0.091796,-51.599902,0,4080
170,2,25,26,0.091792,-51.599927,0,0.091793,-51.600055,0,4420
170,2,27,28,0.091792,-51.599927,0,0.091792,-51.599914,0,4760
170,2,31,32,0.091792,-51.599927,0,0.091792,-51.599923,0,5440
170,5,15,16,0.132727,-56.124527,0,0.136493,-54.568395,0,2720
170,5,17,18,0.132727,-56.124527,0,0.133290,-55.964815,0,3060
170,5,19,20,0.132727,-56.124527,0,0.132686,-56.149369,0,3400
170,5,21,22,0.132727,-56.124527,0,0.132757,-56.149156,0,3740
170,5,23,24,0.132727,-56.124527,0,0.132731,-56.121102,0,4080
170,5,25,26,0.132727,-56.124527,0,0.132728,-56.124482,0,4420
170,5,27,28,0.132727,-56.124527,0,0.132727,-56.124569,0,4760
170,5,31,32,0.132727,-56.124527,0,0.132727,-56.124522,0,5440
170,10,15,16,0.194391,-58.948548,0,0.196858,-57.126822,0,2720
170,10,17,18,0.194391,-58.948548,0,0.194712,-58.629855,0,3060
170,10,19,20,0.194391,-58.948548,0,0.194322,-58.941522,0,3400
170,10,21,22,0.194391,-58.948548,0,0.194417,-58.953840,0,3740
170,10,23,24,0.194391,-58.948548,0,0.194384,-58.950355,0,4080
170,10,25,26,0.194391,-58.948548,0,0.194393,-58.948919,0,4420
170,10,27,28,0.194391,-58.948548,0,0.194391,-58.948472,0,4760
170,10,31,32,0.194391,-58.948548,0,0.194391,-58.948550,0,5440
170,20,15,16,0.274331,-61.995647,0,0.278757,-59.643151,0,2720
170,20,17,18,0.274331,-61.995647,0,0.274684,-61.491524,0,3060
170,20,19,20,0.274331,-61.995647,0,0.274383,-61.874993,0,3400
170,20,21,22,0.274331,-61.995647,0,0.274339,-62.000874,0,3740
170,20,23,24,0.274331,-61.995647,0,0.274331,-61.995939,0,4080
170,20,25,26,0.274331,-61.995647,0,0.274333,-61.993913,0,4420
170,20,27,28,0.274331,-61.995647,0,0.274330,-61.995761,0,4760
170,20,31,32,0.274331,-61.995647,0,0.274331,-61.995619,0,5440
170,40,15,16,0.363366,-65.619212,0,0.365986,-61.389910,0,2720
170,40,17,18,0.363366,-65.619212,0,0.363485,-64.693477,0,3060
170,40,19,20,0.363366,-65.619212,0,0.363395,-65.327598,0,3400
170,40,21,22,0.363366,-65.619212,0,0.363400,-65.557844,0,3740
170,40,23,24,0.363366,-65.619212,0,0.363366,-65.610251,0,4080
170,40,25,26,0.363366,-65.619212,0,0.363365,-65.619052,0,4420
170,40,27,28,0.363366,-65.619212,0,0.363365,-65.619336,0,4760
170,40,31,32,0.363366,-65.619212,0,0.363366,-65.619267,0,5440
170,80,15,16,0.466786,-69.390726,0,0.468950,-63.663456,0,2720
170,80,17,18,0.466786,-69.390726,0,0.466916,-67.861807,0,3060
170,80,19,20,0.466786,-69.390726,0,0.466821,-69.107863,0,3400
170,80,21,22,0.466786,-69.390726,0,0.466795,-69.345978,0,3740
170,80,23,24,0.466786,-69.390726,0,0.466783,-69.382904,0,4080
170,80,25,26,0.466786,-69.390726,0,0.466786,-69.393862,0,4420
170,80,27,28,0.466786,-69.390726,0,0.466786,-69.389698,0,4760
170,80,31,32,0.466786,-69.390726,0,0.466786,-69.390583,0,5440
170,160,15,16,0.661577,-72.302107,0,0.664593,-65.481350,0,2720
170,160,17,18,0.661577,-72.302107,0,0.662298,-70.767466,0,3060
170,160,19,20,0.661577,-72.302107,0,0.661662,-71.793139,0,3400
170,160,21,22,0.661577,-72.302107,0,0.661532,-72.293296,0,3740
170,160,23,24,0.661577,-72.302107,0,0.661579,-72.322825,0,4080
170,160,25,26,0.661577,-72.302107,0,0.661579,-72.295388,0,4420
170,160,27,28,0.661577,-72.302107,0,0.661577,-72.300027,0,4760
170,160,31,32,0.661577,-72.302107,0,0.661577,-72.302133,0,5440
171,1,15,16,0.061748,-48.973745,0,0.066246,-48.356789,0,2736
171,1,17,18,0.061748,-48.973745,0,0.062181,-48.832878,0,3078
171,1,19,20,0.061748,-48.973745,0,0.061727,-48.963805,0,3420
171,1,21,22,0.061748,-48.973745,0,0.061768,-48.973748,0,3762
171,1,23,24,0.061748,-48.973745,0,0.061740,-48.973743,0,4104
171,1,25,26,0.061748,-48.973745,0,0.061747,-48.974151,0,4446
171,1,27,28,0.061748,-48.973745,0,0.061747,-48.973689,0,4788
171,1,31,32,0.061748,-48.973745,0,0.061748,-48.973741,0,5472
171,2,15,16,0.089673,-51.771462,0,0.095072,-51.046857,0,2736
171,2,17,18,0.089673,-51.771462,0,0.090093,-51.582045,0,3078
171,2,19,20,0.089673,-51.771462,0,0.089729,-51.736494,0,3420
171,2,21,22,0.089673,-51.771462,0,0.089684,-51.770320,0,3762
171,2,23,24,0.089673,-51.771462,0,0.089670,-51.771379,0,4104
171,2,25,26,0.089673,-51.771462,0,0.089674,-51.771032,0,4446
171,2,27,28,0.089673,-51.771462,0,0.089672,-51.771594,0,4788
171,2,31,32,0.089673,-51.771462,0,0.089673,-51.771459,0,5472
171,5,15,16,0.132996,-56.150416,0,0.135581,-54.621031,0,2736
171,5,17,18,0.132996,-56.150416,0,0.133600,-55.865640,0,3078
171,5,19,20,0.132996,-56.150416,0,0.132909,-56.208403,0,3420
171,5,21,22,0.132996,-56.150416,0,0.133004,-56.151657,0,3762
171,5,23,24,0.132996,-56.150416,0,0.132995,-56.152412,0,4104
171,5,25,26,0.132996,-56.150416,0,0.132996,-56.149535,0,4446
171,5,27,28,0.132996,-56.150416,0,0.132995,-56.150664,0,4788
171,5,31,32,0.132996,-56.150416,0,0.132996,-56.150400,0,5472
171,10,15,16,0.184992,-59.376233,0,0.187447,-56.765858,0,2736
171,10,17,18,0.184992,-59.376233,0,0.185699,-58.920790,0,3078
171,10,19,20,0.184992,-59.376233,0,0.184918,-59.319234,0,3420
171,10,21,22,0.184992,-59.376233,0,0.184999,-59.393712,0,3762
171,10,23,24,0.184992,-59.376233,0,0.185004,-59.379899,0,4104
171,10,25,26,0.184992,-59.376233,0,0.184992,-59.376254,0,4446
171,10,27,28,0.184992,-59.376233,0,0.184992,-59.376519,0,4788
171,10,31,32,0.184992,-59.376233,0,0.184992,-59.376217,0,5472
171,20,15,16,0.266308,-62.254038,0,0.269515,-59.314697,0,2736
171,20,17,18,0.266308,-62.254038,0,0.266270,-61.727032,0,3078
171,20,19,20,0.266308,-62.254038,0,0.266319,-62.136217,0,3420
171,20,21,22,0.266308,-62.254038,0,0.266320,-62.257662,0,3762
171,20,23,24,0.266308,-62.254038,0,0.266316,-62.254699,0,4104
171,20,25,26,0.266308,-62.254038,0,0.266306,-62.254891,0,4446
171,20,27,28,0.266308,-62.254038,0,0.266307,-62.254187,0,4788
171,20,31,32,0.266308,-62.254038,0,0.266308,-62.254024,0,5472
171,40,15,16,0.360653,-65.677413,0,0.362250,-61.660471,0,2736
171,40,17,18,0.360653,-65.677413,0,0.360897,-64.660549,0,3078
171,40,19,20,0.360653,-65.677413,0,0.360633,-65.434902,0,3420
171,40,21,22,0.360653,-65.677413,0,0.360667,-65.635005,0,3762
171,40,23,24,0.360653,-65.677413,0,0.360650,-65.665495,0,4104
171,40,25,26,0.360653,-65.677413,0,0.360655,-65.679842,0,4446
171,40,27,28,0.360653,-65.677413,0,0.360652,-65.677201,0,4788
171,40,31,32,0.360653,-65.677413,0,0.360653,-65.677401,0,5472
171,80,15,16,0.461370,-69.538308,0,0.461946,-63.497984,0,2736
171,80,17,18,0.461370,-69.538308,0,0.461459,-68.206751,0,3078
171,80,19,20,0.461370,-69.538308,0,0.461341,-69.315541,0,3420
171,80,21,22,0.461370,-69.538308,0,0.461346,-69.499155,0,3762
171,80,23,24,0.461370,-69.538308,0,0.461375,-69.539958,0,4104
171,80,25,26,0.461370,-69.538308,0,0.461368,-69.542387,0,4446
171,80,27,28,0.461370,-69.538308,0,0.461370,-69.540245,0,4788
171,80,31,32,0.461370,-69.538308,0,0.461370,-69.538292,0,5472
171,160,15,16,0.632509,-72.681011,0,0.633877,-66.180066,0,2736
171,160,17,18,0.632509,-72.681011,0,0.632419,-70.508440,0,3078
171,160,19,20,0.632509,-72.681011,0,0.632428,-72.286134,0,3420
171,160,21,22,0.632509,-72.681011,0,0.632515,-72.614294,0,3762
171,160,23,24,0.632509,-72.681011,0,0.632519,-72.687382,0,4104
171,160,25,26,0.632509,-72.681011,0,0.632508,-72.686573,0,4446
171,160,27,28,0.632509,-72.681011,0,0.632509,-72.680847,0,4788
171,160,31,32,0.632509,-72.681011,0,0.632509,-72.681130,0,5472
172,1,15,16,0.058843,-49.401732,0,0.060765,-48.778362,0,2752
172,1,17,18,0.058843,-49.401732,0,0.059544,-49.285986,0,3096
172,1,19,20,0.058843,-49.401732,0,0.058946,-49.368728,0,3440
172,1,21,22,0.058843,-49.401732,0,0.058831,-49.392091,0,3784
172,1,23,24,0.058843,-49.401732,0,0.058854,-49.400690,0,4128
172,1,25,26,0.058843,-49.401732,0,0.058842,-49.401580,0,4472
172,1,27,28,0.058843,-49.401732,0,0.058842,-49.401646,0,4816
172,1,31,32,0.058843,-49.401732,0,0.058843,-49.401730,0,5504
172,2,15,16,0.086989,-52.013918,0,0.089407,-51.223115,0,2752
172,2,17,18,0.086989,-52.013918,0,0.087326,-51.835414,0,3096
172,2,19,20,0.086989,-52.013918,0,0.087111,-51.978531,0,3440
172,2,21,22,0.086989,-52.013918,0,0.086995,-52.011801,0,3784
172,2,23,24,0.086989,-52.013918,0,0.086980,-52.014389,0,4128
172,2,25,26,0.086989,-52.013918,0,0.086992,-52.013910,0,4472
172,2,27,28,0.086989,-52.013918,0,0.086989,-52.013795,0,4816
172,2,31,32,0.086989,-52.013918,0,0.086989,-52.013923,0,5504
172,5,15,16,0.132612,-56.170311,0,0.136165,-55.063060,0,2752
172,5,17,18,0.132612,-56.170311,0,0.132975,-55.943690,0,3096
172,5,19,20,0.132612,-56.170311,0,0.132700,-56.205455,0,3440
172,5,21,22,0.132612,-56.170311,0,0.132636,-56.168847,0,3784
172,5,23,24,0.132612,-56.170311,0,0.132614,-56.168765,0,4128
172,5,25,26,0.132612,-56.170311,0,0.132613,-56.170348,0,4472
172,5,27,28,0.132612,-56.170311,0,0.132613,-56.170352,0,4816
172,5,31,32,0.132612,-56.170311,0,0.132612,-56.170309,0,5504
172,10,15,16,0.175460,-59.868606,0,0.179522,-57.720557,0,2752
172,10,17,18,0.175460,-59.868606,0,0.176379,-59.420640,0,3096
172,10,19,20,0.175460,-59.868606,0,0.175427,-59.754697,0,3440
172,10,21,22,0.175460,-59.868606,0,0.175459,-59.880447,0,3784
172,10,23,24,0.175460,-59.868606,0,0.175446,-59.865324,0,4128
172,10,25,26,0.175460,-59.868606,0,0.175460,-59.867713,0,4472
172,10,27,28,0.175460,-59.868606,0,0.175460,-59.868688,0,4816
172,10,31,32,0.175460,-59.868606,0,0.175460,-59.868597,0,5504
172,20,15,16,0.256468,-62.645057,0,0.258648,-60.061529,0,2752
172,20,17,18,0.256468,-62.645057,0,0.256718,-61.857776,0,3096
172,20,19,20,0.256468,-62.645057,0,0.256420,-62.476188,0,3440
172,20,21,22,0.256468,-62.645057,0,0.256459,-62.611211,0,3784
172,20,23,24,0.256468,-62.645057,0,0.256471,-62.633706,0,4128
172,20,25,26,0.256468,-62.645057,0,0.256466,-62.645265,0,4472
172,20,27,28,0.256468,-62.645057,0,0.256469,-62.645381,0,4816
172,20,31,32,0.256468,-62.645057,0,0.256468,-62.645055,0,5504
172,40,15,16,0.354674,-65.812657,0,0.358677,-62.929498,0,2752
172,40,17,18,0.354674,-65.812657,0,0.354916,-65.133619,0,3096
172,40,19,20,0.354674,-65.812657,0,0.354801,-65.538519,0,3440
172,40,21,22,0.354674,-65.812657,0,0.354682,-65.801555,0,3784
172,40,23,24,0.354674,-65.812657,0,0.354668,-65.813332,0,4128
172,40,25,26,0.354674,-65.812657,0,0.354676,-65.812787,0,4472
172,40,27,28,0.354674,-65.812657,0,0.354675,-65.812345,0,4816
172,40,31,32,0.354674,-65.812657,0,0.354674,-65.812671,0,5504
172,80,15,16,0.461236,-69.540517,0,0.461758,-64.020088,0,2752
172,80,17,18,0.461236,-69.540517,0,0.460944,-68.281476,0,3096
172,80,19,20,0.461236,-69.540517,0,0.461240,-69.161564,0,3440
172,80,21,22,0.461236,-69.540517,0,0.461262,-69.486709,0,3784
172,80,23,24,0.461236,-69.540517,0,0.461232,-69.526341,0,4128
172,80,25,26,0.461236,-69.540517,0,0.461236,-69.541539,0,4472
172,80,27,28,0.461236,-69.540517,0,0.461235,-69.541227,0,4816
172,80,31,32,0.461236,-69.540517,0,0.461236,-69.540551,0,5504
172,160,15,16,0.600505,-73.066192,0,0.601273,-66.132008,0,2752
172,160,17,18,0.600505,-73.066192,0,0.600411,-71.372988,0,3096
172,160,19,20,0.600505,-73.066192,0,0.600576,-72.650850,0,3440
172,160,21,22,0.600505,-73.066192,0,0.600514,-73.062308,0,3784
172,160,23,24,0.600505,-73.066192,0,0.600512,-73.101269,0,4128
172,160,25,26,0.600505,-73.066192,0,0.600508,-73.057470,0,4472
172,160,27,28,0.600505,-73.066192,0,0.600504,-73.065799,0,4816
172,160,31,32,0.600505,-73.066192,0,0.600505,-73.066183,0,5504
173,1,15,16,0.055872,-49.863214,0,0.058072,-48.972896,0,2768
173,1,17,18,0.055872,-49.863214,0,0.056551,-49.726592,0,3114
173,1,19,20,0.055872,-49.863214,0,0.055895,-49.846384,0,3460
173,1,21,22,0.055872,-49.863214,0,0.055869,-49.859603,0,3806
173,1,23,24,0.055872,-49.863214,0,0.055876,-49.862247,0,4152
173,1,25,26,0.055872,-49.863214,0,0.055871,-49.863463,0,4498
173,1,27,28,0.055872,-49.863214,0,0.055872,-49.863205,0,4844
173,1,31,32,0.055872,-49.863214,0,0.055872,-49.863209,0,5536
173,2,15,16,0.083792,-52.336993,0,0.086713,-51.363006,0,2768
173,2,17,18,0.083792,-52.336993,0,0.084288,-52.132976,0,3114
173,2,19,20,0.083792,-52.336993,0,0.083794,-52.298934,0,3460
173,2,21,22,0.083792,-52.336993,0,0.083813,-52.338193,0,3806
173,2,23,24,0.083792,-52.336993,0,0.083791,-52.338364,0,4152
173,2,25,26,0.083792,-52.336993,0,0.083793,-52.337913,0,4498
173,2,27,28,0.083792,-52.336993,0,0.083793,-52.336699,0,4844
173,2,31,32,0.083792,-52.336993,0,0.083792,-52.337001,0,5536
173,5,15,16,0.131753,-56.276777,0,0.133664,-54.714627,0,2768
173,5,17,18,0.131753,-56.276777,0,0.131781,-56.115711,0,3114
173,5,19,20,0.131753,-56.276777,0,0.131823,-56.277441,0,3460
173,5,21,22,0.131753,-56.276777,0,0.131807,-56.276107,0,3806
173,5,23,24,0.131753,-56.276777,0,0.131748,-56.275362,0,4152
173,5,25,26,0.131753,-56.276777,0,0.131753,-56.276953,0,4498
173,5,27,28,0.131753,-56.276777,0,0.131753,-56.276730,0,4844
173,5,31,32,0.131753,-56.276777,0,0.131753,-56.276786,0,5536
173,10,15,16,0.173396,-59.958885,0,0.174603,-58.330026,0,2768
173,10,17,18,0.173396,-59.958885,0,0.173967,-59.384686,0,3114
173,10,19,20,0.173396,-59.958885,0,0.173403,-59.904065,0,3460
173,10,21,22,0.173396,-59.958885,0,0.173377,-59.953404,0,3806
173,10,23,24,0.173396,-59.958885,0,0.173397,-59.963853,0,4152
173,10,25,26,0.173396,-59.958885,0,0.173395,-59.958641,0,4498
173,10,27,28,0.173396,-59.958885,0,0.173395,-59.958493,0,4844
173,10,31,32,0.173396,-59.958885,0,0.173396,-59.958893,0,5536
173,20,15,16,0.244604,-63.037698,0,0.248473,-60.684205,0,2768
173,20,17,18,0.244604,-63.037698,0,0.245003,-62.236183,0,3114
173,20,19,20,0.244604,-63.037698,0,0.244653,-62.783106,0,3460
173,20,21,22,0.244604,-63.037698,0,0.244628,-63.018874,0,3806
173,20,23,24,0.244604,-63.037698,0,0.244602,-63.027757,0,4152
173,20,25,26,0.244604,-63.037698,0,0.244603,-63.036071,0,4498
173,20,27,28,0.244604,-63.037698,0,0.244604,-63.037824,0,4844
173,20,31,32,0.244604,-63.037698,0,0.244603,-63.037683,0,5536
173,40,15,16,0.345656,-66.047309,0,0.347805,-62.327669,0,2768
173,40,17,18,0.345656,-66.047309,0,0.345918,-65.372198,0,3114
173,40,19,20,0.345656,-66.047309,0,0.345800,-65.812936,0,3460
173,40,21,22,0.345656,-66.047309,0,0.345665,-66.000548,0,3806
173,40,23,24,0.345656,-66.047309,0,0.345652,-66.035874,0,4152
173,40,25,26,0.345656,-66.047309,0,0.345659,-66.045912,0,4498
173,40,27,28,0.345656,-66.047309,0,0.345656,-66.047101,0,4844
173,40,31,32,0.345656,-66.047309,0,0.345656,-66.047347,0,5536
173,80,15,16,0.458832,-69.600085,0,0.461262,-63.812991,0,2768
173,80,17,18,0.458832,-69.600085,0,0.458630,-68.037579,0,3114
173,80,19,20,0.458832,-69.600085,0,0.458760,-69.312718,0,3460
173,80,21,22,0.458832,-69.600085,0,0.458831,-69.543894,0,3806
173,80,23,24,0.458832,-69.600085,0,0.458830,-69.598957,0,4152
173,80,25,26,0.458832,-69.600085,0,0.458833,-69.599984,0,4498
173,80,27,28,0.458832,-69.600085,0,0.458832,-69.599850,0,4844
173,80,31,32,0.458832,-69.600085,0,0.458832,-69.600131,0,5536
173,160,15,16,0.577368,-73.406461,0,0.578562,-65.581622,0,2768
173,160,17,18,0.577368,-73.406461,0,0.577880,-71.134900,0,3114
173,160,19,20,0.577368,-73.406461,0,0.577492,-73.102875,0,3460
173,160,21,22,0.577368,-73.406461,0,0.577382,-73.388369,0,3806
173,160,23,24,0.577368,-73.406461,0,0.577363,-73.392018,0,4152
173,160,25,26,0.577368,-73.406461,0,0.577368,-73.397976,0,4498
173,160,27,28,0.577368,-73.406461,0,0.577368,-73.406070,0,4844
173,160,31,32,0.577368,-73.406461,0,0.577368,-73.406389,0,5536
174,1,15,16,0.054856,-50.041552,0,0.056924,-49.314100,0,2784
174,1,17,18,0.054856,-50.041552,0,0.055512,-49.865923,0,3132
174,1,19,20,0.054856,-50.041552,0,0.054818,-50.015431,0,3480
174,1,21,22,0.054856,-50.041552,0,0.054880,-50.041909,0,3828
174,1,23,24,0.054856,-50.041552,0,0.054862,-50.042510,0,4176
174,1,25,26,0.054856,-50.041552,0,0.054855,-50.041507,0,4524
174,1,27,28,0.054856,-50.041552,0,0.054856,-50.041560,0,4872
174,1,31,32,0.054856,-50.041552,0,0.054856,-50.041553,0,5568
174,2,15,16,0.080000,-52.735926,0,0.082824,-51.485820,0,2784
174,2,17,18,0.080000,-52.735926,0,0.080485,-52.512985,0,3132
174,2,19,20,0.080000,-52.735926,0,0.080036,-52.692093,0,3480
174,2,21,22,0.080000,-52.735926,0,0.079986,-52.721798,0,3828
174,2,23,24,0.080000,-52.735926,0,0.080008,-52.737432,0,4176
174,2,25,26,0.080000,-52.735926,0,0.080001,-52.735789,0,4524
174,2,27,28,0.080000,-52.735926,0,0.079999,-52.735835,0,4872
174,2,31,32,0.080000,-52.735926,0,0.080000,-52.735940,0,5568
174,5,15,16,0.129624,-56.412709,0,0.131139,-55.243205,0,2784
174,5,17,18,0.129624,-56.412709,0,0.130423,-56.259353,0,3132
174,5,19,20,0.129624,-56.412709,0,0.129517,-56.471590,0,3480
174,5,21,22,0.129624,-56.412709,0,0.129617,-56.402566,0,3828
174,5,23,24,0.129624,-56.412709,0,0.129620,-56.417707,0,4176
174,5,25,26,0.129624,-56.412709,0,0.129624,-56.412578,0,4524
174,5,27,28,0.129624,-56.412709,0,0.129625,-56.412847,0,4872
174,5,31,32,0.129624,-56.412709,0,0.129624,-56.412730,0,5568
174,10,15,16,0.173298,-59.963790,0,0.174805,-57.587638,0,2784
174,10,17,18,0.173298,-59.963790,0,0.173648,-59.551512,0,3132
174,10,19,20,0.173298,-59.963790,0,0.173374,-59.873595,0,3480
174,10,21,22,0.173298,-59.963790,0,0.173246,-59.977095,0,3828
174,10,23,24,0.173298,-59.963790,0,0.173296,-59.958394,0,4176
174,10,25,26,0.173298,-59.963790,0,0.173298,-59.963314,0,4524
174,10,27,28,0.173298,-59.963790,0,0.173297,-59.963751,0,4872
174,10,31,32,0.173298,-59.963790,0,0.173298,-59.963777,0,5568
174,20,15,16,0.232589,-63.477230,0,0.233992,-61.278409,0,2784
174,20,17,18,0.232589,-63.477230,0,0.232933,-62.787006,0,3132
174,20,19,20,0.232589,-63.477230,0,0.232710,-63.272368,0,3480
174,20,21,22,0.232589,-63.477230,0,0.232566,-63.407831,0,3828
174,20,23,24,0.232589,-63.477230,0,0.232582,-63.462762,0,4176
174,20,25,26,0.232589,-63.477230,0,0.232589,-63.475854,0,4524
174,20,27,28,0.232589,-63.477230,0,0.232589,-63.477474,0,4872
174,20,31,32,0.232589,-63.477230,0,0.232589,-63.477243,0,5568
174,40,15,16,0.334211,-66.352260,0,0.336960,-61.902632,0,2784
174,40,17,18,0.334211,-66.352260,0,0.334332,-65.043227,0,3132
174,40,19,20,0.334211,-66.352260,0,0.334390,-66.034545,0,3480
174,40,21,22,0.334211,-66.352260,0,0.334162,-66.305504,0,3828
174,40,23,24,0.334211,-66.352260,0,0.334214,-66.346592,0,4176
174,40,25,26,0.334211,-66.352260,0,0.334212,-66.353188,0,4524
174,40,27,28,0.334211,-66.352260,0,0.334212,-66.352102,0,4872
174,40,31,32,0.334211,-66.352260,0,0.334211,-66.352283,0,5568
174,80,15,16,0.453057,-69.696924,0,0.453611,-64.383333,0,2784
174,80,17,18,0.453057,-69.696924,0,0.453552,-67.829981,0,3132
174,80,19,20,0.453057,-69.696924,0,0.452982,-69.283943,0,3480
174,80,21,22,0.453057,-69.696924,0,0.453053,-69.560028,0,3828
174,80,23,24,0.453057,-69.696924,0,0.453062,-69.687126,0,4176
174,80,25,26,0.453057,-69.696924,0,0.453057,-69.697233,0,4524
174,80,27,28,0.453057,-69.696924,0,0.453057,-69.695623,0,4872
174,80,31,32,0.453057,-69.696924,0,0.453057,-69.696950,0,5568
174,160,15,16,0.577906,-73.398772,0,0.579208,-65.268748,0,2784
174,160,17,18,0.577906,-73.398772,0,0.577970,-71.439531,0,3132
174,160,19,20,0.577906,-73.398772,0,0.578059,-73.036814,0,3480
174,160,21,22,0.577906,-73.398772,0,0.577893,-73.288317,0,3828
174,160,23,24,0.577906,-73.398772,0,0.577909,-73.385055,0,4176
174,160,25,26,0.577906,-73.398772,0,0.577906,-73.401882,0,4524
174,160,27,28,0.577906,-73.398772,0,0.577906,-73.397776,0,4872
174,160,31,32,0.577906,-73.398772,0,0.577906,-73.398818,0,5568
175,1,15,16,0.055007,-50.053512,0,0.057344,-49.432141,0,2800
175,1,17,18,0.055007,-50.053512,0,0.055860,-49.882624,0,3150
175,1,19,20,0.055007,-50.053512,0,0.055248,-50.024204,0,3500
175,1,21,22,0.055007,-50.053512,0,0.054986,-50.052151,0,3850
175,1,23,24,0.055007,-50.053512,0,0.055009,-50.051788,0,4200
175,1,25,26,0.055007,-50.053512,0,0.055006,-50.053407,0,4550
175,1,27,28,0.055007,-50.053512,0,0.055007,-50.053561,0,4900
175,1,31,32,0.055007,-50.053512,0,0.055007,-50.053507,0,5600
175,2,15,16,0.076010,-53.199154,0,0.078305,-52.234762,0,2800
175,2,17,18,0.076010,-53.199154,0,0.077051,-52.935788,0,3150
175,2,19,20,0.076010,-53.199154,0,0.075975,-53.163104,0,3500
175,2,21,22,0.076010,-53.199154,0,0.076002,-53.193179,0,3850
175,2,23,24,0.076010,-53.199154,0,0.076013,-53.197726,0,4200
175,2,25,26,0.076010,-53.199154,0,0.076009,-53.198783,0,4550
175,2,27,28,0.076010,-53.199154,0,0.076010,-53.199202,0,4900
175,2,31,32,0.076010,-53.199154,0,0.076010,-53.199154,0,5600
175,5,15,16,0.125870,-56.637525,0,0.127087,-55.440522,0,2800
175,5,17,18,0.125870,-56.637525,0,0.126240,-56.509944,0,3150
175,5,19,20,0.125870,-56.637525,0,0.125933,-56.600537,0,3500
175,5,21,22,0.125870,-56.637525,0,0.125855,-56.637345,0,3850
175,5,23,24,0.125870,-56.637525,0,0.125872,-56.636512,0,4200
175,5,25,26,0.125870,-56.637525,0,0.125868,-56.637746,0,4550
175,5,27,28,0.125870,-56.637525,0,0.125870,-56.637279,0,4900
175,5,31,32,0.125870,-56.637525,0,0.125870,-56.637524,0,5600
175,10,15,16,0.172352,-59.998417,0,0.175731,-58.059771,0,2800
175,10,17,18,0.172352,-59.998417,0,0.172762,-59.563070,0,3150
175,10,19,20,0.172352,-59.998417,0,0.172315,-59.951218,0,3500
175,10,21,22,0.172352,-59.998417,0,0.172353,-59.982601,0,3850
175,10,23,24,0.172352,-59.998417,0,0.172356,-60.002017,0,4200
175,10,25,26,0.172352,-59.998417,0,0.172355,-59.998762,0,4550
175,10,27,28,0.172352,-59.998417,0,0.172352,-59.998561,0,4900
175,10,31,32,0.172352,-59.998417,0,0.172352,-59.998419,0,5600
175,20,15,16,0.223956,-63.798134,0,0.226916,-60.593276,0,2800
175,20,17,18,0.223956,-63.798134,0,0.224305,-63.033820,0,3150
175,20,19,20,0.223956,-63.798134,0,0.223960,-63.627740,0,3500
175,20,21,22,0.223956,-63.798134,0,0.223960,-63.764233,0,3850
175,20,23,24,0.223956,-63.798134,0,0.223967,-63.799908,0,4200
175,20,25,26,0.223956,-63.798134,0,0.223956,-63.798047,0,4550
175,20,27,28,0.223956,-63.798134,0,0.223956,-63.798209,0,4900
175,20,31,32,0.223956,-63.798134,0,0.223956,-63.798121,0,5600
175,40,15,16,0.320210,-66.723235,0,0.324255,-62.782614,0,2800
175,40,17,18,0.320210,-66.723235,0,0.320124,-65.513112,0,3150
175,40,19,20,0.320210,-66.723235,0,0.320361,-66.487926,0,3500
175,40,21,22,0.320210,-66.723235,0,0.320221,-66.659447,0,3850
175,40,23,24,0.320210,-66.723235,0,0.320215,-66.708983,0,4200
175,40,25,26,0.320210,-66.723235,0,0.320212,-66.727839,0,4550
175,40,27,28,0.320210,-66.723235,0,0.320210,-66.723590,0,4900
175,40,31,32,0.320210,-66.723235,0,0.320210,-66.723253,0,5600
175,80,15,16,0.443940,-69.879875,0,0.445250,-65.674885,0,2800
175,80,17,18,0.443940,-69.879875,0,0.444186,-68.096916,0,3150
175,80,19,20,0.443940,-69.879875,0,0.444044,-69.323580,0,3500
175,80,21,22,0.443940,-69.879875,0,0.443908,-69.781445,0,3850
175,80,23,24,0.443940,-69.879875,0,0.443939,-69.874102,0,4200
175,80,25,26,0.443940,-69.879875,0,0.443940,-69.882967,0,4550
175,80,27,28,0.443940,-69.879875,0,0.443939,-69.878970,0,4900
175,80,31,32,0.443940,-69.879875,0,0.443940,-69.879798,0,5600
175,160,15,16,0.577552,-73.453114,0,0.579478,-67.293219,0,2800
175,160,17,18,0.577552,-73.453114,0,0.577679,-70.613215,0,3150
175,160,19,20,0.577552,-73.453114,0,0.577565,-73.071026,0,3500
175,160,21,22,0.577552,-73.453114,0,0.577568,-73.499941,0,3850
175,160,23,24,0.577552,-73.453114,0,0.577548,-73.429420,0,4200
175,160,25,26,0.577552,-73.453114,0,0.577549,-73.454448,0,4550
175,160,27,28,0.577552,-73.453114,0,0.577552,-73.454951,0,4900
175,160,31,32,0.577552,-73.453114,0,0.577552,-73.453047,0,5600
176,1,15,16,0.054745,-50.099003,0,0.056343,-49.175645,0,2816
176,1,17,18,0.054745,-50.099003,0,0.055295,-49.936405,0,3168
176,1,19,20,0.054745,-50.099003,0,0.054668,-50.070735,0,3520
176,1,21,22,0.054745,-50.099003,0,0.054728,-50.099734,0,3872
176,1,23,24,0.054745,-50.099003,0,0.054750,-50.098321,0,4224
176,1,25,26,0.054745,-50.099003,0,0.054745,-50.099032,0,4576
176,1,27,28,0.054745,-50.099003,0,0.054745,-50.098912,0,4928
176,1,31,32,0.054745,-50.099003,0,0.054745,-50.099001,0,5632
176,2,15,16,0.072703,-53.577979,0,0.074993,-52.667291,0,2816
176,2,17,18,0.072703,-53.577979,0,0.072914,-53.356453,0,3168
176,2,19,20,0.072703,-53.577979,0,0.072768,-53.541194,0,3520
176,2,21,22,0.072703,-53.577979,0,0.072710,-53.563295,0,3872
176,2,23,24,0.072703,-53.577979,0,0.072712,-53.577359,0,4224
176,2,25,26,0.072703,-53.577979,0,0.072702,-53.578689,0,4576
176,2,27,28,0.072703,-53.577979,0,0.072702,-53.577983,0,4928
176,2,31,32,0.072703,-53.577979,0,0.072703,-53.577973,0,5632
176,5,15,16,0.121263,-56.913274,0,0.123581,-55.649774,0,2816
176,5,17,18,0.121263,-56.913274,0,0.121999,-56.653783,0,3168
176,5,19,20,0.121263,-56.913274,0,0.121263,-57.000126,0,3520
176,5,21,22,0.121263,-56.913274,0,0.121272,-56.944688,0,3872
176,5,23,24,0.121263,-56.913274,0,0.121260,-56.909515,0,4224
176,5,25,26,0.121263,-56.913274,0,0.121262,-56.913011,0,4576
176,5,27,28,0.121263,-56.913274,0,0.121263,-56.913186,0,4928
176,5,31,32,0.121263,-56.913274,0,0.121263,-56.913298,0,5632
176,10,15,16,0.170202,-60.124631,0,0.172084,-58.264161,0,2816
176,10,17,18,0.170202,-60.124631,0,0.170622,-59.532530,0,3168
176,10,19,20,0.170202,-60.124631,0,0.170225,-60.067588,0,3520
176,10,21,22,0.170202,-60.124631,0,0.170217,-60.116964,0,3872
176,10,23,24,0.170202,-60.124631,0,0.170205,-60.121374,0,4224
176,10,25,26,0.170202,-60.124631,0,0.170203,-60.123443,0,4576
176,10,27,28,0.170202,-60.124631,0,0.170202,-60.124566,0,4928
176,10,31,32,0.170202,-60.124631,0,0.170202,-60.124623,0,5632
176,20,15,16,0.224132,-63.790152,0,0.225602,-60.015179,0,2816
176,20,17,18,0.224132,-63.790152,0,0.224458,-62.911764,0,3168
176,20,19,20,0.224132,-63.790152,0,0.224145,-63.517627,0,3520
176,20,21,22,0.224132,-63.790152,0,0.224139,-63.765522,0,3872
176,20,23,24,0.224132,-63.790152,0,0.224132,-63.789774,0,4224
176,20,25,26,0.224132,-63.790152,0,0.224132,-63.791371,0,4576
176,20,27,28,0.224132,-63.790152,0,0.224133,-63.790241,0,4928
176,20,31,32,0.224132,-63.790152,0,0.224132,-63.790138,0,5632
176,40,15,16,0.304784,-67.113455,0,0.305707,-62.180790,0,2816
176,40,17,18,0.304784,-67.113455,0,0.305055,-65.724309,0,3168
176,40,19,20,0.304784,-67.113455,0,0.304747,-66.871900,0,3520
176,40,21,22,0.304784,-67.113455,0,0.304739,-67.079854,0,3872
176,40,23,24,0.304784,-67.113455,0,0.304799,-67.106999,0,4224
176,40,25,26,0.304784,-67.113455,0,0.304786,-67.109135,0,4576
176,40,27,28,0.304784,-67.113455,0,0.304784,-67.112765,0,4928
176,40,31,32,0.304784,-67.113455,0,0.304784,-67.113436,0,5632
176,80,15,16,0.430374,-70.121752,0,0.431733,-64.082323,0,2816
176,80,17,18,0.430374,-70.121752,0,0.430064,-68.562982,0,3168
176,80,19,20,0.430374,-70.121752,0,0.430452,-69.759568,0,3520
176,80,21,22,0.430374,-70.121752,0,0.430355,-70.088721,0,3872
176,80,23,24,0.430374,-70.121752,0,0.430373,-70.133869,0,4224
176,80,25,26,0.430374,-70.121752,0,0.430373,-70.124916,0,4576
176,80,27,28,0.430374,-70.121752,0,0.430374,-70.120492,0,4928
176,80,31,32,0.430374,-70.121752,0,0.430374,-70.121809,0,5632
176,160,15,16,0.571950,-73.520563,0,0.574169,-66.887078,0,2816
176,160,17,18,0.571950,-73.520563,0,0.572320,-71.346447,0,3168
176,160,19,20,0.571950,-73.520563,0,0.571917,-73.174491,0,3520
176,160,21,22,0.571950,-73.520563,0,0.571968,-73.552743,0,3872
176,160,23,24,0.571950,-73.520563,0,0.571954,-73.510688,0,4224
176,160,25,26,0.571950,-73.520563,0,0.571948,-73.523576,0,4576
176,160,27,28,0.571950,-73.520563,0,0.571951,-73.521945,0,4928
176,160,31,32,0.571950,-73.520563,0,0.571950,-73.520586,0,5632
177,1,15,16,0.053900,-50.189247,0,0.055908,-49.403696,0,2832
177,1,17,18,0.053900,-50.189247,0,0.054658,-50.018604,0,3186
177,1,19,20,0.053900,-50.189247,0,0.053889,-50.164415,0,3540
177,1,21,22,0.053900,-50.189247,0,0.053890,-50.186943,0,3894
177,1,23,24,0.053900,-50.189247,0,0.053898,-50.186070,0,4248
177,1,25,26,0.053900,-50.189247,0,0.053901,-50.189706,0,4602
177,1,27,28,0.053900,-50.189247,0,0.053900,-50.189256,0,4956
177,1,31,32,0.053900,-50.189247,0,0.053900,-50.189250,0,5664
177,2,15,16,0.073018,-53.592490,0,0.075831,-52.703143,0,2832
177,2,17,18,0.073018,-53.592490,0,0.073514,-53.349468,0,3186
177,2,19,20,0.073018,-53.592490,0,0.073065,-53.555708,0,3540
177,2,21,22,0.073018,-53.592490,0,0.073031,-53.591701,0,3894
177,2,23,24,0.073018,-53.592490,0,0.073018,-53.593107,0,4248
177,2,25,26,0.073018,-53.592490,0,0.073018,-53.593303,0,4602
177,2,27,28,0.073018,-53.592490,0,0.073018,-53.592445,0,4956
177,2,31,32,0.073018,-53.592490,0,0.073018,-53.592497,0,5664
177,5,15,16,0.116177,-57.286434,0,0.120693,-55.315159,0,2832
177,5,17,18,0.116177,-57.286434,0,0.116553,-57.014277,0,3186
177,5,19,20,0.116177,-57.286434,0,0.116158,-57.250397,0,3540
177,5,21,22,0.116177,-57.286434,0,0.116180,-57.303007,0,3894
177,5,23,24,0.116177,-57.286434,0,0.116174,-57.283877,0,4248
177,5,25,26,0.116177,-57.286434,0,0.116178,-57.287130,0,4602
177,5,27,28,0.116177,-57.286434,0,0.116176,-57.286473,0,4956
177,5,31,32,0.116177,-57.286434,0,0.116177,-57.286428,0,5664
177,10,15,16,0.166618,-60.318173,0,0.169148,-58.297206,0,2832
177,10,17,18,0.166618,-60.318173,0,0.166492,-59.936839,0,3186
177,10,19,20,0.166618,-60.318173,0,0.166750,-60.182506,0,3540
177,10,21,22,0.166618,-60.318173,0,0.166647,-60.321958,0,3894
177,10,23,24,0.166618,-60.318173,0,0.166624,-60.323875,0,4248
177,10,25,26,0.166618,-60.318173,0,0.166615,-60.318567,0,4602
177,10,27,28,0.166618,-60.318173,0,0.166618,-60.317986,0,4956
177,10,31,32,0.166618,-60.318173,0,0.166618,-60.318149,0,5664
177,20,15,16,0.223349,-63.806920,0,0.224112,-60.484041,0,2832
177,20,17,18,0.223349,-63.806920,0,0.223809,-63.027350,0,3186
177,20,19,20,0.223349,-63.806920,0,0.223343,-63.592007,0,3540
177,20,21,22,0.223349,-63.806920,0,0.223368,-63.780638,0,3894
177,20,23,24,0.223349,-63.806920,0,0.223350,-63.808261,0,4248
177,20,25,26,0.223349,-63.806920,0,0.223350,-63.805882,0,4602
177,20,27,28,0.223349,-63.806920,0,0.223350,-63.807621,0,4956
177,20,31,32,0.223349,-63.806920,0,0.223349,-63.806902,0,5664
177,40,15,16,0.288806,-67.545880,0,0.291402,-63.192098,0,2832
177,40,17,18,0.288806,-67.545880,0,0.289261,-66.367186,0,3186
177,40,19,20,0.288806,-67.545880,0,0.288810,-67.324024,0,3540
177,40,21,22,0.288806,-67.545880,0,0.288801,-67.557207,0,3894
177,40,23,24,0.288806,-67.545880,0,0.288807,-67.544278,0,4248
177,40,25,26,0.288806,-67.545880,0,0.288808,-67.546156,0,4602
177,40,27,28,0.288806,-67.545880,0,0.288806,-67.546313,0,4956
177,40,31,32,0.288806,-67.545880,0,0.288806,-67.545878,0,5664
177,80,15,16,0.414111,-70.452550,0,0.417634,-62.957043,0,2832
177,80,17,18,0.414111,-70.452550,0,0.415414,-68.832043,0,3186
177,80,19,20,0.414111,-70.452550,0,0.414085,-70.038037,0,3540
177,80,21,22,0.414111,-70.452550,0,0.414144,-70.340201,0,3894
177,80,23,24,0.414111,-70.452550,0,0.414119,-70.429756,0,4248
177,80,25,26,0.414111,-70.452550,0,0.414112,-70.454360,0,4602
177,80,27,28,0.414111,-70.452550,0,0.414110,-70.452025,0,4956
177,80,31,32,0.414111,-70.452550,0,0.414111,-70.452605,0,5664
177,160,15,16,0.563666,-73.687382,0,0.565289,-67.118523,0,2832
177,160,17,18,0.563666,-73.687382,0,0.564226,-70.358699,0,3186
177,160,19,20,0.563666,-73.687382,0,0.563708,-72.847514,0,3540
177,160,21,22,0.563666,-73.687382,0,0.563690,-73.664329,0,3894
177,160,23,24,0.563666,-73.687382,0,0.563660,-73.710564,0,4248
177,160,25,26,0.563666,-73.687382,0,0.563666,-73.682746,0,4602
177,160,27,28,0.563666,-73.687382,0,0.563666,-73.687122,0,4956
177,160,31,32,0.563666,-73.687382,0,0.563666,-73.687408,0,5664
178,1,15,16,0.052710,-50.369323,0,0.056922,-49.869854,0,2848
178,1,17,18,0.052710,-50.369323,0,0.053161,-50.201075,0,3204
178,1,19,20,0.052710,-50.369323,0,0.052796,-50.337835,0,3560
178,1,21,22,0.052710,-50.369323,0,0.052704,-50.363077,0,3916
178,1,23,24,0.052710,-50.369323,0,0.052707,-50.369688,0,4272
178,1,25,26,0.052710,-50.369323,0,0.052711,-50.369490,0,4628
178,1,27,28,0.052710,-50.369323,0,0.052710,-50.369312,0,4984
178,1,31,32,0.052710,-50.369323,0,0.052710,-50.369312,0,5696
178,2,15,16,0.072859,-53.611514,0,0.075124,-52.413917,0,2848
178,2,17,18,0.072859,-53.611514,0,0.073044,-53.350573,0,3204
178,2,19,20,0.072859,-53.611514,0,0.072796,-53.561695,0,3560
178,2,21,22,0.072859,-53.611514,0,0.072860,-53.606993,0,3916
178,2,23,24,0.072859,-53.611514,0,0.072858,-53.607147,0,4272
178,2,25,26,0.072859,-53.611514,0,0.072862,-53.611309,0,4628
178,2,27,28,0.072859,-53.611514,0,0.072858,-53.611462,0,4984
178,2,31,32,0.072859,-53.611514,0,0.072859,-53.611524,0,5696
178,5,15,16,0.110547,-57.741891,0,0.115388,-56.160481,0,2848
178,5,17,18,0.110547,-57.741891,0,0.110795,-57.455234,0,3204
178,5,19,20,0.110547,-57.741891,0,0.110565,-57.771321,0,3560
178,5,21,22,0.110547,-57.741891,0,0.110565,-57.746444,0,3916
178,5,23,24,0.110547,-57.741891,0,0.110552,-57.742829,0,4272
178,5,25,26,0.110547,-57.741891,0,0.110547,-57.743523,0,4628
178,5,27,28,0.110547,-57.741891,0,0.110547,-57.741898,0,4984
178,5,31,32,0.110547,-57.741891,0,0.110547,-57.741884,0,5696
178,10,15,16,0.161574,-60.608824,0,0.164287,-58.419687,0,2848
178,10,17,18,0.161574,-60.608824,0,0.162122,-59.930999,0,3204
178,10,19,20,0.161574,-60.608824,0,0.161655,-60.523386,0,3560
178,10,21,22,0.161574,-60.608824,0,0.161592,-60.606356,0,3916
178,10,23,24,0.161574,-60.608824,0,0.161579,-60.609932,0,4272
178,10,25,26,0.161574,-60.608824,0,0.161574,-60.604748,0,4628
178,10,27,28,0.161574,-60.608824,0,0.161574,-60.608691,0,4984
178,10,31,32,0.161574,-60.608824,0,0.161574,-60.608811,0,5696
178,20,15,16,0.221344,-63.890876,0,0.225994,-61.043970,0,2848
178,20,17,18,0.221344,-63.890876,0,0.222105,-63.166163,0,3204
178,20,19,20,0.221344,-63.890876,0,0.221419,-63.771038,0,3560
178,20,21,22,0.221344,-63.890876,0,0.221325,-63.857654,0,3916
178,20,23,24,0.221344,-63.890876,0,0.221339,-63.890327,0,4272
178,20,25,26,0.221344,-63.890876,0,0.221342,-63.891724,0,4628
178,20,27,28,0.221344,-63.890876,0,0.221344,-63.891160,0,4984
178,20,31,32,0.221344,-63.890876,0,0.221344,-63.890898,0,5696
178,40,15,16,0.286446,-67.604898,0,0.288699,-63.853554,0,2848
178,40,17,18,0.286446,-67.604898,0,0.286884,-66.300148,0,3204
178,40,19,20,0.286446,-67.604898,0,0.286417,-67.451466,0,3560
178,40,21,22,0.286446,-67.604898,0,0.286465,-67.600837,0,3916
178,40,23,24,0.286446,-67.604898,0,0.286452,-67.596481,0,4272
178,40,25,26,0.286446,-67.604898,0,0.286445,-67.609103,0,4628
178,40,27,28,0.286446,-67.604898,0,0.286446,-67.604631,0,4984
178,40,31,32,0.286446,-67.604898,0,0.286446,-67.604837,0,5696
178,80,15,16,0.395211,-70.827840,0,0.398171,-65.723047,0,2848
178,80,17,18,0.395211,-70.827840,0,0.395675,-68.701821,0,3204
178,80,19,20,0.395211,-70.827840,0,0.395260,-70.433929,0,3560
178,80,21,22,0.395211,-70.827840,0,0.395255,-70.779610,0,3916
178,80,23,24,0.395211,-70.827840,0,0.395206,-70.813923,0,4272
178,80,25,26,0.395211,-70.827840,0,0.395212,-70.832952,0,4628
178,80,27,28,0.395211,-70.827840,0,0.395211,-70.828431,0,4984
178,80,31,32,0.395211,-70.827840,0,0.395211,-70.827831,0,5696
178,160,15,16,0.548737,-73.878641,0,0.550701,-67.804406,0,2848
178,160,17,18,0.548737,-73.878641,0,0.549214,-71.175022,0,3204
178,160,19,20,0.548737,-73.878641,0,0.548606,-73.436679,0,3560
178,160,21,22,0.548737,-73.878641,0,0.548753,-73.919510,0,3916
178,160,23,24,0.548737,-73.878641,0,0.548730,-73.895297,0,4272
178,160,25,26,0.548737,-73.878641,0,0.548738,-73.884114,0,4628
178,160,27,28,0.548737,-73.878641,0,0.548737,-73.879678,0,4984
178,160,31,32,0.548737,-73.878641,0,0.548737,-73.878693,0,5696
179,1,15,16,0.051054,-50.624392,0,0.055371,-49.403699,0,2864
179,1,17,18,0.051054,-50.624392,0,0.052200,-50.495956,0,3222
179,1,19,20,0.051054,-50.624392,0,0.051207,-50.568777,0,3580
179,1,21,22,0.051054,-50.624392,0,0.051066,-50.620106,0,3938
179,1,23,24,0.051054,-50.624392,0,0.051041,-50.623955,0,4296
179,1,25,26,0.051054,-50.624392,0,0.051053,-50.624161,0,4654
179,1,27,28,0.051054,-50.624392,0,0.051054,-50.624429,0,5012
179,1,31,32,0.051054,-50.624392,0,0.051054,-50.624389,0,5728
179,2,15,16,0.072092,-53.666105,0,0.074560,-52.424627,0,2864
179,2,17,18,0.072092,-53.666105,0,0.072478,-53.470889,0,3222
179,2,19,20,0.072092,-53.666105,0,0.072129,-53.597853,0,3580
179,2,21,22,0.072092,-53.666105,0,0.072118,-53.677983,0,3938
179,2,23,24,0.072092,-53.666105,0,0.072083,-53.664740,0,4296
179,2,25,26,0.072092,-53.666105,0,0.072092,-53.666505,0,4654
179,2,27,28,0.072092,-53.666105,0,0.072092,-53.666273,0,5012
179,2,31,32,0.072092,-53.666105,0,0.072092,-53.666110,0,5728
179,5,15,16,0.104832,-58.224531,0,0.107602,-56.719736,0,2864
179,5,17,18,0.104832,-58.224531,0,0.105028,-57.837145,0,3222
179,5,19,20,0.104832,-58.224531,0,0.104846,-58.261019,0,3580
179,5,21,22,0.104832,-58.224531,0,0.104865,-58.202791,0,3938
179,5,23,24,0.104832,-58.224531,0,0.104834,-58.229091,0,4296
179,5,25,26,0.104832,-58.224531,0,0.104832,-58.225037,0,4654
179,5,27,28,0.104832,-58.224531,0,0.104833,-58.224331,0,5012
179,5,31,32,0.104832,-58.224531,0,0.104832,-58.224517,0,5728
179,10,15,16,0.154833,-60.948075,0,0.157892,-58.885202,0,2864
179,10,17,18,0.154833,-60.948075,0,0.155205,-60.374226,0,3222
179,10,19,20,0.154833,-60.948075,0,0.154835,-60.829664,0,3580
179,10,21,22,0.154833,-60.948075,0,0.154809,-60.951522,0,3938
179,10,23,24,0.154833,-60.948075,0,0.154834,-60.945615,0,4296
179,10,25,26,0.154833,-60.948075,0,0.154831,-60.948446,0,4654
179,10,27,28,0.154833,-60.948075,0,0.154833,-60.947726,0,5012
179,10,31,32,0.154833,-60.948075,0,0.154833,-60.948097,0,5728
179,20,15,16,0.217717,-64.058780,0,0.218827,-61.270034,0,2864
179,20,17,18,0.217717,-64.058780,0,0.217946,-63.402281,0,3222
179,20,19,20,0.217717,-64.058780,0,0.217881,-63.816797,0,3580
179,20,21,22,0.217717,-64.058780,0,0.217734,-64.023146,0,3938
179,20,23,24,0.217717,-64.058780,0,0.217713,-64.059221,0,4296
179,20,25,26,0.217717,-64.058780,0,0.217718,-64.059057,0,4654
179,20,27,28,0.217717,-64.058780,0,0.217716,-64.058930,0,5012
179,20,31,32,0.217717,-64.058780,0,0.217717,-64.058789,0,5728
179,40,15,16,0.286535,-67.654116,0,0.288224,-63.685545,0,2864
179,40,17,18,0.286535,-67.654116,0,0.287131,-66.136220,0,3222
179,40,19,20,0.286535,-67.654116,0,0.286493,-67.437924,0,3580
179,40,21,22,0.286535,-67.654116,0,0.286524,-67.612033,0,3938
179,40,23,24,0.286535,-67.654116,0,0.286538,-67.649409,0,4296
179,40,25,26,0.286535,-67.654116,0,0.286534,-67.653208,0,4654
179,40,27,28,0.286535,-67.654116,0,0.286534,-67.653297,0,5012
179,40,31,32,0.286535,-67.654116,0,0.286535,-67.654103,0,5728
179,80,15,16,0.376265,-71.268049,0,0.379200,-63.494976,0,2864
179,80,17,18,0.376265,-71.268049,0,0.376093,-69.130010,0,3222
179,80,19,20,0.376265,-71.268049,0,0.376290,-70.785093,0,3580
179,80,21,22,0.376265,-71.268049,0,0.376299,-71.209379,0,3938
179,80,23,24,0.376265,-71.268049,0,0.376262,-71.262636,0,4296
179,80,25,26,0.376265,-71.268049,0,0.376265,-71.269273,0,4654
179,80,27,28,0.376265,-71.268049,0,0.376264,-71.269165,0,5012
179,80,31,32,0.376265,-71.268049,0,0.376265,-71.267942,0,5728
179,160,15,16,0.529964,-74.166699,0,0.533632,-66.009247,0,2864
179,160,17,18,0.529964,-74.166699,0,0.530114,-71.885746,0,3222
179,160,19,20,0.529964,-74.166699,0,0.530152,-73.619130,0,3580
179,160,21,22,0.529964,-74.166699,0,0.529945,-74.132565,0,3938
179,160,23,24,0.529964,-74.166699,0,0.529965,-74.182119,0,4296
179,160,25,26,0.529964,-74.166699,0,0.529965,-74.164990,0,4654
179,160,27,28,0.529964,-74.166699,0,0.529964,-74.168357,0,5012
179,160,31,32,0.529964,-74.166699,0,0.529964,-74.166844,0,5728
180,1,15,16,0.049152,-50.962158,0,0.052285,-50.163795,0,2880
180,1,17,18,0.049152,-50.962158,0,0.050014,-50.791857,0,3240
180,1,19,20,0.049152,-50.962158,0,0.049262,-50.943199,0,3600
180,1,21,22,0.049152,-50.962158,0,0.049173,-50.958392,0,3960
180,1,23,24,0.049152,-50.962158,0,0.049153,-50.961612,0,4320
180,1,25,26,0.049152,-50.962158,0,0.049153,-50.962615,0,4680
180,1,27,28,0.049152,-50.962158,0,0.049152,-50.962055,0,5040
180,1,31,32,0.049152,-50.962158,0,0.049152,-50.962156,0,5760
180,2,15,16,0.070876,-53.821651,0,0.073039,-52.826000,0,2880
180,2,17,18,0.070876,-53.821651,0,0.071187,-53.547104,0,3240
180,2,19,20,0.070876,-53.821651,0,0.070854,-53.784988,0,3600
180,2,21,22,0.070876,-53.821651,0,0.070880,-53.810162,0,3960
180,2,23,24,0.070876,-53.821651,0,0.070867,-53.821102,0,4320
180,2,25,26,0.070876,-53.821651,0,0.070875,-53.820864,0,4680
180,2,27,28,0.070876,-53.821651,0,0.070876,-53.821818,0,5040
180,2,31,32,0.070876,-53.821651,0,0.070876,-53.821653,0,5760
180,5,15,16,0.104532,-58.261415,0,0.106971,-56.763895,0,2880
180,5,17,18,0.104532,-58.261415,0,0.104845,-57.763583,0,3240
180,5,19,20,0.104532,-58.261415,0,0.104527,-58.253994,0,3600
180,5,21,22,0.104532,-58.261415,0,0.104548,-58.266798,0,3960
180,5,23,24,0.104532,-58.261415,0,0.104539,-58.261186,0,4320
180,5,25,26,0.104532,-58.261415,0,0.104532,-58.261094,0,4680
180,5,27,28,0.104532,-58.261415,0,0.104533,-58.261133,0,5040
180,5,31,32,0.104532,-58.261415,0,0.104532,-58.261408,0,5760
180,10,15,16,0.147799,-61.379062,0,0.149406,-58.659673,0,2880
180,10,17,18,0.147799,-61.379062,0,0.148112,-60.713226,0,3240
180,10,19,20,0.147799,-61.379062,0,0.147832,-61.253306,0,3600
180,10,21,22,0.147799,-61.379062,0,0.147804,-61.356720,0,3960
180,10,23,24,0.147799,-61.379062,0,0.147790,-61.373032,0,4320
180,10,25,26,0.147799,-61.379062,0,0.147798,-61.378636,0,4680
180,10,27,28,0.147799,-61.379062,0,0.147800,-61.379472,0,5040
180,10,31,32,0.147799,-61.379062,0,0.147799,-61.379044,0,5760
180,20,15,16,0.212002,-64.297324,0,0.215185,-60.961865,0,2880
180,20,17,18,0.212002,-64.297324,0,0.211992,-63.533876,0,3240
180,20,19,20,0.212002,-64.297324,0,0.211866,-64.034122,0,3600
180,20,21,22,0.212002,-64.297324,0,0.212013,-64.258357,0,3960
180,20,23,24,0.212002,-64.297324,0,0.212001,-64.286688,0,4320
180,20,25,26,0.212002,-64.297324,0,0.212001,-64.298075,0,4680
180,20,27,28,0.212002,-64.297324,0,0.212001,-64.297686,0,5040
180,20,31,32,0.212002,-64.297324,0,0.212002,-64.297316,0,5760
180,40,15,16,0.284797,-67.697737,0,0.287590,-63.668560,0,2880
180,40,17,18,0.284797,-67.697737,0,0.284737,-66.375877,0,3240
180,40,19,20,0.284797,-67.697737,0,0.284801,-67.378109,0,3600
180,40,21,22,0.284797,-67.697737,0,0.284779,-67.683673,0,3960
180,40,23,24,0.284797,-67.697737,0,0.284799,-67.710035,0,4320
180,40,25,26,0.284797,-67.697737,0,0.284800,-67.698792,0,4680
180,40,27,28,0.284797,-67.697737,0,0.284798,-67.696830,0,5040
180,40,31,32,0.284797,-67.697737,0,0.284797,-67.697760,0,5760
180,80,15,16,0.363695,-71.528450,0,0.365412,-66.129562,0,2880
180,80,17,18,0.363695,-71.528450,0,0.363991,-69.750829,0,3240
180,80,19,20,0.363695,-71.528450,0,0.363792,-71.115019,0,3600
180,80,21,22,0.363695,-71.528450,0,0.363703,-71.504264,0,3960
180,80,23,24,0.363695,-71.528450,0,0.363700,-71.521482,0,4320
180,80,25,26,0.363695,-71.528450,0,0.363695,-71.535685,0,4680
180,80,27,28,0.363695,-71.528450,0,0.363696,-71.528275,0,5040
180,80,31,32,0.363695,-71.528450,0,0.363695,-71.528423,0,5760
180,160,15,16,0.507774,-74.498034,0,0.509274,-67.307863,0,2880
180,160,17,18,0.507774,-74.498034,0,0.507515,-71.709518,0,3240
180,160,19,20,0.507774,-74.498034,0,0.507665,-73.917534,0,3600
180,160,21,22,0.507774,-74.498034,0,0.507774,-74.485080,0,3960
180,160,23,24,0.507774,-74.498034,0,0.507778,-74.499576,0,4320
180,160,25,26,0.507774,-74.498034,0,0.507774,-74.495274,0,4680
180,160,27,28,0.507774,-74.498034,0,0.507774,-74.499551,0,5040
180,160,31,32,0.507774,-74.498034,0,0.507774,-74.498077,0,5760
181,1,15,16,0.046879,-51.372800,0,0.049837,-50.703086,0,2896
181,1,17,18,0.046879,-51.372800,0,0.047670,-51.044178,0,3258
181,1,19,20,0.046879,-51.372800,0,0.046907,-51.304942,0,3620
181,1,21,22,0.046879,-51.372800,0,0.046859,-51.375273,0,3982
181,1,23,24,0.046879,-51.372800,0,0.046888,-51.369899,0,4344
181,1,25,26,0.046879,-51.372800,0,0.046878,-51.372557,0,4706
181,1,27,28,0.046879,-51.372800,0,0.046879,-51.373010,0,5068
181,1,31,32,0.046879,-51.372800,0,0.046879,-51.372802,0,5792
181,2,15,16,0.068990,-54.040200,0,0.071695,-52.904439,0,2896
181,2,17,18,0.068990,-54.040200,0,0.069845,-53.756579,0,3258
181,2,19,20,0.068990,-54.040200,0,0.069117,-53.967792,0,3620
181,2,21,22,0.068990,-54.040200,0,0.068991,-54.034543,0,3982
181,2,23,24,0.068990,-54.040200,0,0.068981,-54.038838,0,4344
181,2,25,26,0.068990,-54.040200,0,0.068990,-54.040597,0,4706
181,2,27,28,0.068990,-54.040200,0,0.068990,-54.040155,0,5068
181,2,31,32,0.068990,-54.040200,0,0.068990,-54.040196,0,5792
181,5,15,16,0.104556,-58.260461,0,0.107687,-57.150999,0,2896
181,5,17,18,0.104556,-58.260461,0,0.104867,-57.922559,0,3258
181,5,19,20,0.104556,-58.260461,0,0.104624,-58.191118,0,3620
181,5,21,22,0.104556,-58.260461,0,0.104540,-58.285849,0,3982
181,5,23,24,0.104556,-58.260461,0,0.104558,-58.257823,0,4344
181,5,25,26,0.104556,-58.260461,0,0.104553,-58.261796,0,4706
181,5,27,28,0.104556,-58.260461,0,0.104557,-58.260900,0,5068
181,5,31,32,0.104556,-58.260461,0,0.104556,-58.260459,0,5792
181,10,15,16,0.140215,-61.818335,0,0.143835,-58.892729,0,2896
181,10,17,18,0.140215,-61.818335,0,0.140441,-61.282023,0,3258
181,10,19,20,0.140215,-61.818335,0,0.140270,-61.682598,0,3620
181,10,21,22,0.140215,-61.818335,0,0.140202,-61.807079,0,3982
181,10,23,24,0.140215,-61.818335,0,0.140216,-61.810205,0,4344
181,10,25,26,0.140215,-61.818335,0,0.140213,-61.818416,0,4706
181,10,27,28,0.140215,-61.818335,0,0.140215,-61.818379,0,5068
181,10,31,32,0.140215,-61.818335,0,0.140215,-61.818373,0,5792
181,20,15,16,0.204336,-64.603825,0,0.207308,-61.164651,0,2896
181,20,17,18,0.204336,-64.603825,0,0.204809,-63.766575,0,3258
181,20,19,20,0.204336,-64.603825,0,0.204323,-64.385063,0,3620
181,20,21,22,0.204336,-64.603825,0,0.204324,-64.558897,0,3982
181,20,23,24,0.204336,-64.603825,0,0.204339,-64.603319,0,4344
181,20,25,26,0.204336,-64.603825,0,0.204336,-64.602944,0,4706
181,20,27,28,0.204336,-64.603825,0,0.204336,-64.603872,0,5068
181,20,31,32,0.204336,-64.603825,0,0.204336,-64.603815,0,5792
181,40,15,16,0.281072,-67.827007,0,0.282726,-62.545658,0,2896
181,40,17,18,0.281072,-67.827007,0,0.281176,-66.387663,0,3258
181,40,19,20,0.281072,-67.827007,0,0.281244,-67.290334,0,3620
181,40,21,22,0.281072,-67.827007,0,0.281077,-67.776109,0,3982
181,40,23,24,0.281072,-67.827007,0,0.281057,-67.825373,0,4344
181,40,25,26,0.281072,-67.827007,0,0.281073,-67.821450,0,4706
181,40,27,28,0.281072,-67.827007,0,0.281071,-67.826795,0,5068
181,40,31,32,0.281072,-67.827007,0,0.281072,-67.827033,0,5792
181,80,15,16,0.363835,-71.544901,0,0.365112,-64.740171,0,2896
181,80,17,18,0.363835,-71.544901,0,0.364268,-69.506254,0,3258
181,80,19,20,0.363835,-71.544901,0,0.364053,-71.172021,0,3620
181,80,21,22,0.363835,-71.544901,0,0.363796,-71.468145,0,3982
181,80,23,24,0.363835,-71.544901,0,0.363837,-71.560613,0,4344
181,80,25,26,0.363835,-71.544901,0,0.363833,-71.539560,0,4706
181,80,27,28,0.363835,-71.544901,0,0.363835,-71.547370,0,5068
181,80,31,32,0.363835,-71.544901,0,0.363835,-71.544873,0,5792
181,160,15,16,0.483341,-74.907805,0,0.485094,-67.077118,0,2896
181,160,17,18,0.483341,-74.907805,0,0.483480,-72.085115,0,3258
181,160,19,20,0.483341,-74.907805,0,0.483468,-74.509608,0,3620
181,160,21,22,0.483341,-74.907805,0,0.483372,-75.005278,0,3982
181,160,23,24,0.483341,-74.907805,0,0.483346,-74.932282,0,4344
181,160,25,26,0.483341,-74.907805,0,0.483341,-74.904564,0,4706
181,160,27,28,0.483341,-74.907805,0,0.483341,-74.911089,0,5068
181,160,31,32,0.483341,-74.907805,0,0.483341,-74.907721,0,5792
182,1,15,16,0.044582,-51.823084,0,0.046026,-51.098166,0,2912
182,1,17,18,0.044582,-51.823084,0,0.045003,-51.625001,0,3276
182,1,19,20,0.044582,-51.823084,0,0.044613,-51.803866,0,3640
182,1,21,22,0.044582,-51.823084,0,0.044611,-51.829281,0,4004
182,1,23,24,0.044582,-51.823084,0,0.044584,-51.823011,0,4368
182,1,25,26,0.044582,-51.823084,0,0.044583,-51.823117,0,4732
182,1,27,28,0.044582,-51.823084,0,0.044582,-51.823087,0,5096
182,1,31,32,0.044582,-51.823084,0,0.044582,-51.823085,0,5824
182,2,15,16,0.066548,-54.331157,0,0.068955,-52.913824,0,2912
182,2,17,18,0.066548,-54.331157,0,0.067297,-54.028071,0,3276
182,2,19,20,0.066548,-54.331157,0,0.066590,-54.303869,0,3640
182,2,21,22,0.066548,-54.331157,0,0.066578,-54.314245,0,4004
182,2,23,24,0.066548,-54.331157,0,0.066554,-54.330395,0,4368
182,2,25,26,0.066548,-54.331157,0,0.066548,-54.331111,0,4732
182,2,27,28,0.066548,-54.331157,0,0.066548,-54.331144,0,5096
182,2,31,32,0.066548,-54.331157,0,0.066548,-54.331141,0,5824
182,5,15,16,0.103926,-58.323678,0,0.105320,-56.613279,0,2912
182,5,17,18,0.103926,-58.323678,0,0.104489,-58.032753,0,3276
182,5,19,20,0.103926,-58.323678,0,0.103991,-58.377004,0,3640
182,5,21,22,0.103926,-58.323678,0,0.103914,-58.300478,0,4004
182,5,23,24,0.103926,-58.323678,0,0.103931,-58.328551,0,4368
182,5,25,26,0.103926,-58.323678,0,0.103927,-58.322087,0,4732
182,5,27,28,0.103926,-58.323678,0,0.103927,-58.323790,0,5096
182,5,31,32,0.103926,-58.323678,0,0.103926,-58.323693,0,5824
182,10,15,16,0.136307,-62.050757,0,0.139717,-58.800474,0,2912
182,10,17,18,0.136307,-62.050757,0,0.136938,-61.465029,0,3276
182,10,19,20,0.136307,-62.050757,0,0.136293,-61.946897,0,3640
182,10,21,22,0.136307,-62.050757,0,0.136313,-62.041376,0,4004
182,10,23,24,0.136307,-62.050757,0,0.136304,-62.048260,0,4368
182,10,25,26,0.136307,-62.050757,0,0.136306,-62.050277,0,4732
182,10,27,28,0.136307,-62.050757,0,0.136307,-62.050428,0,5096
182,10,31,32,0.136307,-62.050757,0,0.136307,-62.050790,0,5824
182,20,15,16,0.195687,-64.976517,0,0.198326,-61.889211,0,2912
182,20,17,18,0.195687,-64.976517,0,0.196610,-63.774753,0,3276
182,20,19,20,0.195687,-64.976517,0,0.195646,-64.676491,0,3640
182,20,21,22,0.195687,-64.976517,0,0.195677,-64.933178,0,4004
182,20,23,24,0.195687,-64.976517,0,0.195680,-64.969033,0,4368
182,20,25,26,0.195687,-64.976517,0,0.195687,-64.976409,0,4732
182,20,27,28,0.195687,-64.976517,0,0.195688,-64.976736,0,5096
182,20,31,32,0.195687,-64.976517,0,0.195687,-64.976491,0,5824
182,40,15,16,0.274924,-68.005360,0,0.276845,-63.619958,0,2912
182,40,17,18,0.274924,-68.005360,0,0.275187,-66.552087,0,3276
182,40,19,20,0.274924,-68.005360,0,0.274907,-67.731285,0,3640
182,40,21,22,0.274924,-68.005360,0,0.274929,-67.957664,0,4004
182,40,23,24,0.274924,-68.005360,0,0.274915,-67.971756,0,4368
182,40,25,26,0.274924,-68.005360,0,0.274925,-68.011365,0,4732
182,40,27,28,0.274924,-68.005360,0,0.274924,-68.004714,0,5096
182,40,31,32,0.274924,-68.005360,0,0.274924,-68.005316,0,5824
182,80,15,16,0.362507,-71.568926,0,0.365328,-65.993516,0,2912
182,80,17,18,0.362507,-71.568926,0,0.363077,-69.740240,0,3276
182,80,19,20,0.362507,-71.568926,0,0.362650,-71.215387,0,3640
182,80,21,22,0.362507,-71.568926,0,0.362509,-71.475813,0,4004
182,80,23,24,0.362507,-71.568926,0,0.362501,-71.558967,0,4368
182,80,25,26,0.362507,-71.568926,0,0.362507,-71.572669,0,4732
182,80,27,28,0.362507,-71.568926,0,0.362507,-71.570097,0,5096
182,80,31,32,0.362507,-71.568926,0,0.362507,-71.568870,0,5824
182,160,15,16,0.459024,-75.304490,0,0.460633,-65.780848,0,2912
182,160,17,18,0.459024,-75.304490,0,0.459401,-72.972849,0,3276
182,160,19,20,0.459024,-75.304490,0,0.458935,-74.717005,0,3640
182,160,21,22,0.459024,-75.304490,0,0.459004,-75.256887,0,4004
182,160,23,24,0.459024,-75.304490,0,0.459035,-75.312929,0,4368
182,160,25,26,0.459024,-75.304490,0,0.459024,-75.303374,0,4732
182,160,27,28,0.459024,-75.304490,0,0.459023,-75.301779,0,5096
182,160,31,32,0.459024,-75.304490,0,0.459024,-75.304454,0,5824
183,1,15,16,0.043126,-52.158204,0,0.045094,-51.366564,0,2928
183,1,17,18,0.043126,-52.158204,0,0.043538,-51.907224,0,3294
183,1,19,20,0.043126,-52.158204,0,0.043172,-52.141819,0,3660
183,1,21,22,0.043126,-52.158204,0,0.043155,-52.146913,0,4026
183,1,23,24,0.043126,-52.158204,0,0.043127,-52.157428,0,4392
183,1,25,26,0.043126,-52.158204,0,0.043127,-52.157930,0,4758
183,1,27,28,0.043126,-52.158204,0,0.043126,-52.158298,0,5124
183,1,31,32,0.043126,-52.158204,0,0.043126,-52.158214,0,5856
183,2,15,16,0.063664,-54.704015,0,0.068241,-53.437659,0,2928
183,2,17,18,0.063664,-54.704015,0,0.064187,-54.433595,0,3294
183,2,19,20,0.063664,-54.704015,0,0.063828,-54.678819,0,3660
183,2,21,22,0.063664,-54.704015,0,0.063667,-54.702299,0,4026
183,2,23,24,0.063664,-54.704015,0,0.063670,-54.704913,0,4392
183,2,25,26,0.063664,-54.704015,0,0.063663,-54.702864,0,4758
183,2,27,28,0.063664,-54.704015,0,0.063664,-54.704089,0,5124
183,2,31,32,0.063664,-54.704015,0,0.063664,-54.704017,0,5856
183,5,15,16,0.102090,-58.429470,0,0.107295,-56.987714,0,2928
183,5,17,18,0.102090,-58.429470,0,0.102413,-58.145497,0,3294
183,5,19,20,0.102090,-58.429470,0,0.102002,-58.465809,0,3660
183,5,21,22,0.102090,-58.429470,0,0.102097,-58.401345,0,4026
183,5,23,24,0.102090,-58.429470,0,0.102085,-58.429084,0,4392
183,5,25,26,0.102090,-58.429470,0,0.102090,-58.430681,0,4758
183,5,27,28,0.102090,-58.429470,0,0.102090,-58.429476,0,5124
183,5,31,32,0.102090,-58.429470,0,0.102090,-58.429471,0,5856
183,10,15,16,0.136498,-62.094889,0,0.138679,-59.798131,0,2928
183,10,17,18,0.136498,-62.094889,0,0.136958,-61.316761,0,3294
183,10,19,20,0.136498,-62.094889,0,0.136487,-61.887583,0,3660
183,10,21,22,0.136498,-62.094889,0,0.136502,-62.078943,0,4026
183,10,23,24,0.136498,-62.094889,0,0.136501,-62.096613,0,4392
183,10,25,26,0.136498,-62.094889,0,0.136497,-62.092422,0,4758
183,10,27,28,0.136498,-62.094889,0,0.136498,-62.094781,0,5124
183,10,31,32,0.136498,-62.094889,0,0.136498,-62.094911,0,5856
183,20,15,16,0.186367,-65.408638,0,0.187804,-61.079154,0,2928
183,20,17,18,0.186367,-65.408638,0,0.186714,-64.435828,0,3294
183,20,19,20,0.186367,-65.408638,0,0.186443,-65.139846,0,3660
183,20,21,22,0.186367,-65.408638,0,0.186390,-65.350049,0,4026
183,20,23,24,0.186367,-65.408638,0,0.186360,-65.409872,0,4392
183,20,25,26,0.186367,-65.408638,0,0.186367,-65.406274,0,4758
183,20,27,28,0.186367,-65.408638,0,0.186368,-65.409087,0,5124
183,20,31,32,0.186367,-65.408638,0,0.186367,-65.408665,0,5856
183,40,15,16,0.266652,-68.288696,0,0.269048,-64.060672,0,2928
183,40,17,18,0.266652,-68.288696,0,0.267464,-67.081997,0,3294
183,40,19,20,0.266652,-68.288696,0,0.266700,-67.894338,0,3660
183,40,21,22,0.266652,-68.288696,0,0.266660,-68.256077,0,4026
183,40,23,24,0.266652,-68.288696,0,0.266645,-68.278933,0,4392
183,40,25,26,0.266652,-68.288696,0,0.266651,-68.287108,0,4758
183,40,27,28,0.266652,-68.288696,0,0.266652,-68.288479,0,5124
183,40,31,32,0.266652,-68.288696,0,0.266652,-68.288679,0,5856
183,80,15,16,0.359398,-71.667166,0,0.361318,-65.080156,0,2928
183,80,17,18,0.359398,-71.667166,0,0.359110,-69.023377,0,3294
183,80,19,20,0.359398,-71.667166,0,0.359512,-71.270311,0,3660
183,80,21,22,0.359398,-71.667166,0,0.359417,-71.612741,0,4026
183,80,23,24,0.359398,-71.667166,0,0.359395,-71.653733,0,4392
183,80,25,26,0.359398,-71.667166,0,0.359400,-71.670237,0,4758
183,80,27,28,0.359398,-71.667166,0,0.359398,-71.668505,0,5124
183,80,31,32,0.359398,-71.667166,0,0.359398,-71.667143,0,5856
183,160,15,16,0.457299,-75.383151,0,0.459085,-66.144877,0,2928
183,160,17,18,0.457299,-75.383151,0,0.457161,-72.072807,0,3294
183,160,19,20,0.457299,-75.383151,0,0.457276,-74.830707,0,3660
183,160,21,22,0.457299,-75.383151,0,0.457341,-75.385698,0,4026
183,160,23,24,0.457299,-75.383151,0,0.457299,-75.412763,0,4392
183,160,25,26,0.457299,-75.383151,0,0.457300,-75.388539,0,4758
183,160,27,28,0.457299,-75.383151,0,0.457298,-75.382162,0,5124
183,160,31,32,0.457299,-75.383151,0,0.457299,-75.383295,0,5856
184,1,15,16,0.043167,-52.151705,0,0.044535,-51.369959,0,2944
184,1,17,18,0.043167,-52.151705,0,0.043840,-51.923709,0,3312
184,1,19,20,0.043167,-52.151705,0,0.043241,-52.125231,0,3680
184,1,21,22,0.043167,-52.151705,0,0.043171,-52.151430,0,4048
184,1,23,24,0.043167,-52.151705,0,0.043168,-52.154095,0,4416
184,1,25,26,0.043167,-52.151705,0,0.043167,-52.152080,0,4784
184,1,27,28,0.043167,-52.151705,0,0.043167,-52.151653,0,5152
184,1,31,32,0.043167,-52.151705,0,0.043167,-52.151706,0,5888
184,2,15,16,0.060618,-55.107274,0,0.063356,-53.946186,0,2944
184,2,17,18,0.060618,-55.107274,0,0.061478,-54.711369,0,3312
184,2,19,20,0.060618,-55.107274,0,0.060554,-55.092877,0,3680
184,2,21,22,0.060618,-55.107274,0,0.060591,-55.105135,0,4048
184,2,23,24,0.060618,-55.107274,0,0.060624,-55.101960,0,4416
184,2,25,26,0.060618,-55.107274,0,0.060617,-55.107871,0,4784
184,2,27,28,0.060618,-55.107274,0,0.060618,-55.107345,0,5152
184,2,31,32,0.060618,-55.107274,0,0.060618,-55.107276,0,5888
184,5,15,16,0.099782,-58.649228,0,0.102417,-56.773077,0,2944
184,5,17,18,0.099782,-58.649228,0,0.100106,-58.485991,0,3312
184,5,19,20,0.099782,-58.649228,0,0.099735,-58.669238,0,3680
184,5,21,22,0.099782,-58.649228,0,0.099781,-58.649807,0,4048
184,5,23,24,0.099782,-58.649228,0,0.099778,-58.649888,0,4416
184,5,25,26,0.099782,-58.649228,0,0.099783,-58.647863,0,4784
184,5,27,28,0.099782,-58.649228,0,0.099783,-58.648923,0,5152
184,5,31,32,0.099782,-58.649228,0,0.099782,-58.649241,0,5888
184,10,15,16,0.135991,-62.122018,0,0.138134,-58.867525,0,2944
184,10,17,18,0.135991,-62.122018,0,0.136919,-61.437153,0,3312
184,10,19,20,0.135991,-62.122018,0,0.136109,-61.931109,0,3680
184,10,21,22,0.135991,-62.122018,0,0.135991,-62.081874,0,4048
184,10,23,24,0.135991,-62.122018,0,0.135998,-62.115945,0,4416
184,10,25,26,0.135991,-62.122018,0,0.135990,-62.120714,0,4784
184,10,27,28,0.135991,-62.122018,0,0.135990,-62.122197,0,5152
184,10,31,32,0.135991,-62.122018,0,0.135991,-62.122043,0,5888
184,20,15,16,0.176374,-65.862360,0,0.178676,-61.996986,0,2944
184,20,17,18,0.176374,-65.862360,0,0.177226,-64.950447,0,3312
184,20,19,20,0.176374,-65.862360,0,0.176543,-65.647202,0,3680
184,20,21,22,0.176374,-65.862360,0,0.176414,-65.798101,0,4048
184,20,23,24,0.176374,-65.862360,0,0.176375,-65.849231,0,4416
184,20,25,26,0.176374,-65.862360,0,0.176376,-65.861891,0,4784
184,20,27,28,0.176374,-65.862360,0,0.176374,-65.862759,0,5152
184,20,31,32,0.176374,-65.862360,0,0.176374,-65.862298,0,5888
184,40,15,16,0.256197,-68.614320,0,0.259326,-61.559657,0,2944
184,40,17,18,0.256197,-68.614320,0,0.256249,-67.453472,0,3312
184,40,19,20,0.256197,-68.614320,0,0.256155,-68.318615,0,3680
184,40,21,22,0.256197,-68.614320,0,0.256224,-68.614820,0,4048
184,40,23,24,0.256197,-68.614320,0,0.256204,-68.615040,0,4416
184,40,25,26,0.256197,-68.614320,0,0.256197,-68.613800,0,4784
184,40,27,28,0.256197,-68.614320,0,0.256198,-68.615171,0,5152
184,40,31,32,0.256197,-68.614320,0,0.256197,-68.614262,0,5888
184,80,15,16,0.353176,-71.807065,0,0.357683,-66.053606,0,2944
184,80,17,18,0.353176,-71.807065,0,0.353072,-69.719539,0,3312
184,80,19,20,0.353176,-71.807065,0,0.353307,-71.030695,0,3680
184,80,21,22,0.353176,-71.807065,0,0.353196,-71.738991,0,4048
184,80,23,24,0.353176,-71.807065,0,0.353176,-71.793413,0,4416
184,80,25,26,0.353176,-71.807065,0,0.353175,-71.813202,0,4784
184,80,27,28,0.353176,-71.807065,0,0.353176,-71.806264,0,5152
184,80,31,32,0.353176,-71.807065,0,0.353176,-71.807087,0,5888
184,160,15,16,0.456873,-75.390428,0,0.458150,-66.677779,0,2944
184,160,17,18,0.456873,-75.390428,0,0.456950,-72.762556,0,3312
184,160,19,20,0.456873,-75.390428,0,0.456855,-74.724056,0,3680
184,160,21,22,0.456873,-75.390428,0,0.456885,-75.473251,0,4048
184,160,23,24,0.456873,-75.390428,0,0.456866,-75.385384,0,4416
184,160,25,26,0.456873,-75.390428,0,0.456872,-75.372794,0,4784
184,160,27,28,0.456873,-75.390428,0,0.456873,-75.389357,0,5152
184,160,31,32,0.456873,-75.390428,0,0.456873,-75.390489,0,5888
185,1,15,16,0.042929,-52.169949,0,0.044947,-51.252095,0,2960
185,1,17,18,0.042929,-52.169949,0,0.043639,-51.891303,0,3330
185,1,19,20,0.042929,-52.169949,0,0.043091,-52.108471,0,3700
185,1,21,22,0.042929,-52.169949,0,0.042959,-52.165335,0,4070
185,1,23,24,0.042929,-52.169949,0,0.042930,-52.169349,0,4440
185,1,25,26,0.042929,-52.169949,0,0.042926,-52.169945,0,4810
185,1,27,28,0.042929,-52.169949,0,0.042929,-52.169970,0,5180
185,1,31,32,0.042929,-52.169949,0,0.042929,-52.169948,0,5920
185,2,15,16,0.057697,-55.568218,0,0.061042,-54.632833,0,2960
185,2,17,18,0.057697,-55.568218,0,0.058035,-55.323278,0,3330
185,2,19,20,0.057697,-55.568218,0,0.057860,-55.549361,0,3700
185,2,21,22,0.057697,-55.568218,0,0.057666,-55.569609,0,4070
185,2,23,24,0.057697,-55.568218,0,0.057703,-55.568330,0,4440
185,2,25,26,0.057697,-55.568218,0,0.057696,-55.567369,0,4810
185,2,27,28,0.057697,-55.568218,0,0.057696,-55.568369,0,5180
185,2,31,32,0.057697,-55.568218,0,0.057697,-55.568227,0,5920
185,5,15,16,0.096492,-58.927046,0,0.097844,-56.666053,0,2960
185,5,17,18,0.096492,-58.927046,0,0.097030,-58.618788,0,3330
185,5,19,20,0.096492,-58.927046,0,0.096545,-58.932748,0,3700
185,5,21,22,0.096492,-58.927046,0,0.096508,-58.935536,0,4070
185,5,23,24,0.096492,-58.927046,0,0.096493,-58.925205,0,4440
185,5,25,26,0.096492,-58.927046,0,0.096491,-58.926044,0,4810
185,5,27,28,0.096492,-58.927046,0,0.096492,-58.927203,0,5180
185,5,31,32,0.096492,-58.927046,0,0.096492,-58.927060,0,5920
185,10,15,16,0.134711,-62.222942,0,0.137715,-59.914621,0,2960
185,10,17,18,0.134711,-62.222942,0,0.135026,-61.674666,0,3330
185,10,19,20,0.134711,-62.222942,0,0.134821,-62.043406,0,3700
185,10,21,22,0.134711,-62.222942,0,0.134695,-62.185684,0,4070
185,10,23,24,0.134711,-62.222942,0,0.134706,-62.207241,0,4440
185,10,25,26,0.134711,-62.222942,0,0.134713,-62.223216,0,4810
185,10,27,28,0.134711,-62.222942,0,0.134711,-62.222392,0,5180
185,10,31,32,0.134711,-62.222942,0,0.134711,-62.222971,0,5920
185,20,15,16,0.176345,-65.882181,0,0.178626,-61.693735,0,2960
185,20,17,18,0.176345,-65.882181,0,0.176602,-64.805294,0,3330
185,20,19,20,0.176345,-65.882181,0,0.176420,-65.585750,0,3700
185,20,21,22,0.176345,-65.882181,0,0.176399,-65.841291,0,4070
185,20,23,24,0.176345,-65.882181,0,0.176346,-65.876377,0,4440
185,20,25,26,0.176345,-65.882181,0,0.176343,-65.878798,0,4810
185,20,27,28,0.176345,-65.882181,0,0.176345,-65.882674,0,5180
185,20,31,32,0.176345,-65.882181,0,0.176345,-65.882154,0,5920
185,40,15,16,0.244137,-69.021244,0,0.246771,-63.211032,0,2960
185,40,17,18,0.244137,-69.021244,0,0.244359,-67.562433,0,3330
185,40,19,20,0.244137,-69.021244,0,0.244211,-68.603094,0,3700
185,40,21,22,0.244137,-69.021244,0,0.244153,-68.936782,0,4070
185,40,23,24,0.244137,-69.021244,0,0.244141,-69.028930,0,4440
185,40,25,26,0.244137,-69.021244,0,0.244135,-69.022337,0,4810
185,40,27,28,0.244137,-69.021244,0,0.244138,-69.022251,0,5180
185,40,31,32,0.244137,-69.021244,0,0.244137,-69.021232,0,5920
185,80,15,16,0.343722,-72.043605,0,0.346710,-65.782751,0,2960
185,80,17,18,0.343722,-72.043605,0,0.344333,-70.790415,0,3330
185,80,19,20,0.343722,-72.043605,0,0.343768,-71.285964,0,3700
185,80,21,22,0.343722,-72.043605,0,0.343730,-72.007622,0,4070
185,80,23,24,0.343722,-72.043605,0,0.343721,-72.059590,0,4440
185,80,25,26,0.343722,-72.043605,0,0.343722,-72.039440,0,4810
185,80,27,28,0.343722,-72.043605,0,0.343723,-72.042738,0,5180
185,80,31,32,0.343722,-72.043605,0,0.343722,-72.043647,0,5920
185,160,15,16,0.453688,-75.469455,0,0.457286,-68.031083,0,2960
185,160,17,18,0.453688,-75.469455,0,0.453719,-72.097225,0,3330
185,160,19,20,0.453688,-75.469455,0,0.453749,-74.988827,0,3700
185,160,21,22,0.453688,-75.469455,0,0.453700,-75.320588,0,4070
185,160,23,24,0.453688,-75.469455,0,0.453686,-75.483422,0,4440
185,160,25,26,0.453688,-75.469455,0,0.453688,-75.472440,0,4810
185,160,27,28,0.453688,-75.469455,0,0.453689,-75.469434,0,5180
185,160,31,32,0.453688,-75.469455,0,0.453688,-75.469473,0,5920
186,1,15,16,0.042516,-52.252580,0,0.044603,-51.430278,0,2976
186,1,17,18,0.042516,-52.252580,0,0.043330,-52.067479,0,3348
186,1,19,20,0.042516,-52.252580,0,0.042660,-52.209782,0,3720
186,1,21,22,0.042516,-52.252580,0,0.042493,-52.237173,0,4092
186,1,23,24,0.042516,-52.252580,0,0.042514,-52.251318,0,4464
186,1,25,26,0.042516,-52.252580,0,0.042516,-52.253315,0,4836
186,1,27,28,0.042516,-52.252580,0,0.042516,-52.252555,0,5208
186,1,31,32,0.042516,-52.252580,0,0.042516,-52.252579,0,5952
186,2,15,16,0.057264,-55.627818,0,0.061100,-54.692111,0,2976
186,2,17,18,0.057264,-55.627818,0,0.058330,-55.333478,0,3348
186,2,19,20,0.057264,-55.627818,0,0.057268,-55.627203,0,3720
186,2,21,22,0.057264,-55.627818,0,0.057280,-55.629936,0,4092
186,2,23,24,0.057264,-55.627818,0,0.057260,-55.626022,0,4464
186,2,25,26,0.057264,-55.627818,0,0.057265,-55.628066,0,4836
186,2,27,28,0.057264,-55.627818,0,0.057262,-55.627938,0,5208
186,2,31,32,0.057264,-55.627818,0,0.057264,-55.627816,0,5952
186,5,15,16,0.092743,-59.312598,0,0.095196,-57.506708,0,2976
186,5,17,18,0.092743,-59.312598,0,0.093159,-58.888247,0,3348
186,5,19,20,0.092743,-59.312598,0,0.092884,-59.311433,0,3720
186,5,21,22,0.092743,-59.312598,0,0.092746,-59.327773,0,4092
186,5,23,24,0.092743,-59.312598,0,0.092747,-59.308691,0,4464
186,5,25,26,0.092743,-59.312598,0,0.092740,-59.313270,0,4836
186,5,27,28,0.092743,-59.312598,0,0.092743,-59.312721,0,5208
186,5,31,32,0.092743,-59.312598,0,0.092743,-59.312614,0,5952
186,10,15,16,0.132167,-62.380003,0,0.134354,-58.682856,0,2976
186,10,17,18,0.132167,-62.380003,0,0.132621,-61.418752,0,3348
186,10,19,20,0.132167,-62.380003,0,0.132182,-62.178968,0,3720
186,10,21,22,0.132167,-62.380003,0,0.132168,-62.371029,0,4092
186,10,23,24,0.132167,-62.380003,0,0.132160,-62.380938,0,4464
186,10,25,26,0.132167,-62.380003,0,0.132166,-62.378358,0,4836
186,10,27,28,0.132167,-62.380003,0,0.132167,-62.380393,0,5208
186,10,31,32,0.132167,-62.380003,0,0.132167,-62.380005,0,5952
186,20,15,16,0.176126,-65.891884,0,0.179722,-61.360490,0,2976
186,20,17,18,0.176126,-65.891884,0,0.176125,-64.921555,0,3348
186,20,19,20,0.176126,-65.891884,0,0.176261,-65.505647,0,3720
186,20,21,22,0.176126,-65.891884,0,0.176130,-65.844760,0,4092
186,20,23,24,0.176126,-65.891884,0,0.176133,-65.887229,0,4464
186,20,25,26,0.176126,-65.891884,0,0.176129,-65.890748,0,4836
186,20,27,28,0.176126,-65.891884,0,0.176127,-65.892512,0,5208
186,20,31,32,0.176126,-65.891884,0,0.176126,-65.891901,0,5952
186,40,15,16,0.232079,-69.496301,0,0.234935,-63.944655,0,2976
186,40,17,18,0.232079,-69.496301,0,0.232749,-67.546748,0,3348
186,40,19,20,0.232079,-69.496301,0,0.232088,-69.201029,0,3720
186,40,21,22,0.232079,-69.496301,0,0.232051,-69.400493,0,4092
186,40,23,24,0.232079,-69.496301,0,0.232086,-69.490944,0,4464
186,40,25,26,0.232079,-69.496301,0,0.232078,-69.497171,0,4836
186,40,27,28,0.232079,-69.496301,0,0.232078,-69.495161,0,5208
186,40,31,32,0.232079,-69.496301,0,0.232079,-69.496344,0,5952
186,80,15,16,0.331448,-72.331897,0,0.335057,-65.000538,0,2976
186,80,17,18,0.331448,-72.331897,0,0.331966,-70.095363,0,3348
186,80,19,20,0.331448,-72.331897,0,0.331366,-71.701647,0,3720
186,80,21,22,0.331448,-72.331897,0,0.331459,-72.274494,0,4092
186,80,23,24,0.331448,-72.331897,0,0.331448,-72.339487,0,4464
186,80,25,26,0.331448,-72.331897,0,0.331446,-72.334210,0,4836
186,80,27,28,0.331448,-72.331897,0,0.331448,-72.331429,0,5208
186,80,31,32,0.331448,-72.331897,0,0.331448,-72.331983,0,5952
186,160,15,16,0.447495,-75.570696,0,0.450822,-67.905744,0,2976
186,160,17,18,0.447495,-75.570696,0,0.447780,-73.270390,0,3348
186,160,19,20,0.447495,-75.570696,0,0.447436,-75.105746,0,3720
186,160,21,22,0.447495,-75.570696,0,0.447519,-75.441081,0,4092
186,160,23,24,0.447495,-75.570696,0,0.447493,-75.591102,0,4464
186,160,25,26,0.447495,-75.570696,0,0.447493,-75.573884,0,4836
186,160,27,28,0.447495,-75.570696,0,0.447495,-75.572705,0,5208
186,160,31,32,0.447495,-75.570696,0,0.447495,-75.570772,0,5952
187,1,15,16,0.041667,-52.398316,0,0.044332,-51.350564,0,2992
187,1,17,18,0.041667,-52.398316,0,0.042466,-52.202455,0,3366
187,1,19,20,0.041667,-52.398316,0,0.041644,-52.345116,0,3740
187,1,21,22,0.041667,-52.398316,0,0.041728,-52.393321,0,4114
187,1,23,24,0.041667,-52.398316,0,0.041653,-52.396230,0,4488
187,1,25,26,0.041667,-52.398316,0,0.041668,-52.397804,0,4862
187,1,27,28,0.041667,-52.398316,0,0.041668,-52.398433,0,5236
187,1,31,32,0.041667,-52.398316,0,0.041667,-52.398316,0,5984
187,2,15,16,0.057114,-55.653697,0,0.059244,-54.631524,0,2992
187,2,17,18,0.057114,-55.653697,0,0.057740,-55.299756,0,3366
187,2,19,20,0.057114,-55.653697,0,0.057260,-55.622318,0,3740
187,2,21,22,0.057114,-55.653697,0,0.057100,-55.671544,0,4114
187,2,23,24,0.057114,-55.653697,0,0.057111,-55.650405,0,4488
187,2,25,26,0.057114,-55.653697,0,0.057115,-55.653775,0,4862
187,2,27,28,0.057114,-55.653697,0,0.057114,-55.653486,0,5236
187,2,31,32,0.057114,-55.653697,0,0.057114,-55.653696,0,5984
187,5,15,16,0.088260,-59.739176,0,0.091483,-57.920560,0,2992
187,5,17,18,0.088260,-59.739176,0,0.088722,-59.219994,0,3366
187,5,19,20,0.088260,-59.739176,0,0.088306,-59.618751,0,3740
187,5,21,22,0.088260,-59.739176,0,0.088283,-59.735931,0,4114
187,5,23,24,0.088260,-59.739176,0,0.088258,-59.736341,0,4488
187,5,25,26,0.088260,-59.739176,0,0.088257,-59.740175,0,4862
187,5,27,28,0.088260,-59.739176,0,0.088260,-59.739070,0,5236
187,5,31,32,0.088260,-59.739176,0,0.088260,-59.739153,0,5984
187,10,15,16,0.128158,-62.619610,0,0.131601,-60.624135,0,2992
187,10,17,18,0.128158,-62.619610,0,0.128584,-61.445007,0,3366
187,10,19,20,0.128158,-62.619610,0,0.128213,-62.478633,0,3740
187,10,21,22,0.128158,-62.619610,0,0.128147,-62.578708,0,4114
187,10,23,24,0.128158,-62.619610,0,0.128162,-62.618804,0,4488
187,10,25,26,0.128158,-62.619610,0,0.128155,-62.620255,0,4862
187,10,27,28,0.128158,-62.619610,0,0.128158,-62.619030,0,5236
187,10,31,32,0.128158,-62.619610,0,0.128158,-62.619598,0,5984
187,20,15,16,0.175200,-65.955603,0,0.177897,-62.677601,0,2992
187,20,17,18,0.175200,-65.955603,0,0.175192,-64.955322,0,3366
187,20,19,20,0.175200,-65.955603,0,0.175172,-65.680972,0,3740
187,20,21,22,0.175200,-65.955603,0,0.175181,-65.909473,0,4114
187,20,23,24,0.175200,-65.955603,0,0.175199,-65.949993,0,4488
187,20,25,26,0.175200,-65.955603,0,0.175201,-65.955916,0,4862
187,20,27,28,0.175200,-65.955603,0,0.175201,-65.955806,0,5236
187,20,31,32,0.175200,-65.955603,0,0.175200,-65.955572,0,5984
187,40,15,16,0.225948,-69.734232,0,0.229534,-64.839847,0,2992
187,40,17,18,0.225948,-69.734232,0,0.226493,-67.836452,0,3366
187,40,19,20,0.225948,-69.734232,0,0.225909,-69.334076,0,3740
187,40,21,22,0.225948,-69.734232,0,0.225924,-69.656877,0,4114
187,40,23,24,0.225948,-69.734232,0,0.225947,-69.723537,0,4488
187,40,25,26,0.225948,-69.734232,0,0.225949,-69.731408,0,4862
187,40,27,28,0.225948,-69.734232,0,0.225948,-69.734326,0,5236
187,40,31,32,0.225948,-69.734232,0,0.225948,-69.734202,0,5984
187,80,15,16,0.317703,-72.715179,0,0.320907,-65.046129,0,2992
187,80,17,18,0.317703,-72.715179,0,0.317558,-70.310242,0,3366
187,80,19,20,0.317703,-72.715179,0,0.317802,-72.051439,0,3740
187,80,21,22,0.317703,-72.715179,0,0.317723,-72.607586,0,4114
187,80,23,24,0.317703,-72.715179,0,0.317706,-72.742205,0,4488
187,80,25,26,0.317703,-72.715179,0,0.317702,-72.710114,0,4862
187,80,27,28,0.317703,-72.715179,0,0.317703,-72.714407,0,5236
187,80,31,32,0.317703,-72.715179,0,0.317703,-72.715239,0,5984
187,160,15,16,0.437735,-75.770758,0,0.440536,-66.732441,0,2992
187,160,17,18,0.437735,-75.770758,0,0.438211,-73.226386,0,3366
187,160,19,20,0.437735,-75.770758,0,0.437663,-74.840785,0,3740
187,160,21,22,0.437735,-75.770758,0,0.437734,-75.722756,0,4114
187,160,23,24,0.437735,-75.770758,0,0.437733,-75.742822,0,4488
187,160,25,26,0.437735,-75.770758,0,0.437735,-75.763859,0,4862
187,160,27,28,0.437735,-75.770758,0,0.437735,-75.769667,0,5236
187,160,31,32,0.437735,-75.770758,0,0.437735,-75.770874,0,5984
188,1,15,16,0.040487,-52.638323,0,0.043159,-51.749586,0,3008
188,1,17,18,0.040487,-52.638323,0,0.040856,-52.330111,0,3384
188,1,19,20,0.040487,-52.638323,0,0.040596,-52.608219,0,3760
188,1,21,22,0.040487,-52.638323,0,0.040473,-52.623761,0,4136
188,1,23,24,0.040487,-52.638323,0,0.040494,-52.636679,0,4512
188,1,25,26,0.040487,-52.638323,0,0.040488,-52.638673,0,4888
188,1,27,28,0.040487,-52.638323,0,0.040487,-52.638477,0,5264
188,1,31,32,0.040487,-52.638323,0,0.040487,-52.638326,0,6016
188,2,15,16,0.056783,-55.702045,0,0.060020,-54.304117,0,3008
188,2,17,18,0.056783,-55.702045,0,0.057382,-55.325082,0,3384
188,2,19,20,0.056783,-55.702045,0,0.056810,-55.721108,0,3760
188,2,21,22,0.056783,-55.702045,0,0.056761,-55.688090,0,4136
188,2,23,24,0.056783,-55.702045,0,0.056777,-55.702165,0,4512
188,2,25,26,0.056783,-55.702045,0,0.056783,-55.702234,0,4888
188,2,27,28,0.056783,-55.702045,0,0.056783,-55.702238,0,5264
188,2,31,32,0.056783,-55.702045,0,0.056783,-55.702038,0,6016
188,5,15,16,0.083948,-60.236879,0,0.086823,-57.894420,0,3008
188,5,17,18,0.083948,-60.236879,0,0.084819,-59.608276,0,3384
188,5,19,20,0.083948,-60.236879,0,0.083965,-60.193843,0,3760
188,5,21,22,0.083948,-60.236879,0,0.083950,-60.248314,0,4136
188,5,23,24,0.083948,-60.236879,0,0.083950,-60.233989,0,4512
188,5,25,26,0.083948,-60.236879,0,0.083947,-60.235778,0,4888
188,5,27,28,0.083948,-60.236879,0,0.083948,-60.237248,0,5264
188,5,31,32,0.083948,-60.236879,0,0.083948,-60.236878,0,6016
188,10,15,16,0.123579,-62.894003,0,0.125239,-60.838700,0,3008
188,10,17,18,0.123579,-62.894003,0,0.124366,-62.289719,0,3384
188,10,19,20,0.123579,-62.894003,0,0.123564,-62.780472,0,3760
188,10,21,22,0.123579,-62.894003,0,0.123591,-62.900740,0,4136
188,10,23,24,0.123579,-62.894003,0,0.123576,-62.895035,0,4512
188,10,25,26,0.123579,-62.894003,0,0.123579,-62.894189,0,4888
188,10,27,28,0.123579,-62.894003,0,0.123579,-62.893838,0,5264
188,10,31,32,0.123579,-62.894003,0,0.123579,-62.893997,0,6016
188,20,15,16,0.172733,-66.083681,0,0.176735,-61.531203,0,3008
188,20,17,18,0.172733,-66.083681,0,0.172408,-64.982252,0,3384
188,20,19,20,0.172733,-66.083681,0,0.172756,-65.719664,0,3760
188,20,21,22,0.172733,-66.083681,0,0.172740,-66.037798,0,4136
188,20,23,24,0.172733,-66.083681,0,0.172725,-66.078537,0,4512
188,20,25,26,0.172733,-66.083681,0,0.172734,-66.080963,0,4888
188,20,27,28,0.172733,-66.083681,0,0.172733,-66.082667,0,5264
188,20,31,32,0.172733,-66.083681,0,0.172733,-66.083690,0,6016
188,40,15,16,0.226061,-69.730813,0,0.229011,-63.742600,0,3008
188,40,17,18,0.226061,-69.730813,0,0.226683,-67.949455,0,3384
188,40,19,20,0.226061,-69.730813,0,0.225955,-69.262664,0,3760
188,40,21,22,0.226061,-69.730813,0,0.226083,-69.632727,0,4136
188,40,23,24,0.226061,-69.730813,0,0.226056,-69.703729,0,4512
188,40,25,26,0.226061,-69.730813,0,0.226061,-69.725841,0,4888
188,40,27,28,0.226061,-69.730813,0,0.226061,-69.731684,0,5264
188,40,31,32,0.226061,-69.730813,0,0.226061,-69.730850,0,6016
188,80,15,16,0.302247,-73.093385,0,0.304643,-65.839425,0,3008
188,80,17,18,0.302247,-73.093385,0,0.302761,-71.120139,0,3384
188,80,19,20,0.302247,-73.093385,0,0.302240,-72.618544,0,3760
188,80,21,22,0.302247,-73.093385,0,0.302239,-73.070944,0,4136
188,80,23,24,0.302247,-73.093385,0,0.302250,-73.081850,0,4512
188,80,25,26,0.302247,-73.093385,0,0.302247,-73.089820,0,4888
188,80,27,28,0.302247,-73.093385,0,0.302247,-73.092373,0,5264
188,80,31,32,0.302247,-73.093385,0,0.302247,-73.093432,0,6016
188,160,15,16,0.424383,-76.006758,0,0.426985,-66.639839,0,3008
188,160,17,18,0.424383,-76.006758,0,0.424865,-73.415586,0,3384
188,160,19,20,0.424383,-76.006758,0,0.424295,-75.508791,0,3760
188,160,21,22,0.424383,-76.006758,0,0.424421,-76.000007,0,4136
188,160,23,24,0.424383,-76.006758,0,0.424387,-76.019844,0,4512
188,160,25,26,0.424383,-76.006758,0,0.424383,-75.991753,0,4888
188,160,27,28,0.424383,-76.006758,0,0.424383,-76.006777,0,5264
188,160,31,32,0.424383,-76.006758,0,0.424383,-76.006750,0,6016
189,1,15,16,0.039078,-52.956978,0,0.042425,-52.071543,0,3024
189,1,17,18,0.039078,-52.956978,0,0.039804,-52.705946,0,3402
189,1,19,20,0.039078,-52.956978,0,0.039124,-52.886961,0,3780
189,1,21,22,0.039078,-52.956978,0,0.039110,-52.946943,0,4158
189,1,23,24,0.039078,-52.956978,0,0.039075,-52.956186,0,4536
189,1,25,26,0.039078,-52.956978,0,0.039078,-52.956273,0,4914
189,1,27,28,0.039078,-52.956978,0,0.039078,-52.957032,0,5292
189,1,31,32,0.039078,-52.956978,0,0.039078,-52.956980,0,6048
189,2,15,16,0.055867,-55.825227,0,0.059502,-54.798540,0,3024
189,2,17,18,0.055867,-55.825227,0,0.056266,-55.475361,0,3402
189,2,19,20,0.055867,-55.825227,0,0.055872,-55.822473,0,3780
189,2,21,22,0.055867,-55.825227,0,0.055878,-55.831134,0,4158
189,2,23,24,0.055867,-55.825227,0,0.055871,-55.826025,0,4536
189,2,25,26,0.055867,-55.825227,0,0.055865,-55.824732,0,4914
189,2,27,28,0.055867,-55.825227,0,0.055867,-55.825392,0,5292
189,2,31,32,0.055867,-55.825227,0,0.055867,-55.825237,0,6048
189,5,15,16,0.082456,-60.435416,0,0.084197,-57.754554,0,3024
189,5,17,18,0.082456,-60.435416,0,0.082819,-59.940057,0,3402
189,5,19,20,0.082456,-60.435416,0,0.082424,-60.325569,0,3780
189,5,21,22,0.082456,-60.435416,0,0.082465,-60.447137,0,4158
189,5,23,24,0.082456,-60.435416,0,0.082459,-60.435996,0,4536
189,5,25,26,0.082456,-60.435416,0,0.082454,-60.436367,0,4914
189,5,27,28,0.082456,-60.435416,0,0.082456,-60.435059,0,5292
189,5,31,32,0.082456,-60.435416,0,0.082456,-60.435406,0,6048
189,10,15,16,0.118198,-63.286424,0,0.120888,-59.716129,0,3024
189,10,17,18,0.118198,-63.286424,0,0.118911,-62.428559,0,3402
189,10,19,20,0.118198,-63.286424,0,0.118179,-63.157804,0,3780
189,10,21,22,0.118198,-63.286424,0,0.118242,-63.306385,0,4158
189,10,23,24,0.118198,-63.286424,0,0.118200,-63.280997,0,4536
189,10,25,26,0.118198,-63.286424,0,0.118198,-63.288366,0,4914
189,10,27,28,0.118198,-63.286424,0,0.118198,-63.286871,0,5292
189,10,31,32,0.118198,-63.286424,0,0.118198,-63.286398,0,6048
189,20,15,16,0.168615,-66.279691,0,0.172456,-63.085314,0,3024
189,20,17,18,0.168615,-66.279691,0,0.168995,-64.898900,0,3402
189,20,19,20,0.168615,-66.279691,0,0.168559,-66.038362,0,3780
189,20,21,22,0.168615,-66.279691,0,0.168636,-66.230249,0,4158
189,20,23,24,0.168615,-66.279691,0,0.168615,-66.272960,0,4536
189,20,25,26,0.168615,-66.279691,0,0.168615,-66.281752,0,4914
189,20,27,28,0.168615,-66.279691,0,0.168615,-66.279423,0,5292
189,20,31,32,0.168615,-66.279691,0,0.168615,-66.279621,0,6048
189,40,15,16,0.224970,-69.738029,0,0.228795,-64.089891,0,3024
189,40,17,18,0.224970,-69.738029,0,0.225398,-68.146987,0,3402
189,40,19,20,0.224970,-69.738029,0,0.225060,-69.212344,0,3780
189,40,21,22,0.224970,-69.738029,0,0.224963,-69.700462,0,4158
189,40,23,24,0.224970,-69.738029,0,0.224967,-69.748793,0,4536
189,40,25,26,0.224970,-69.738029,0,0.224967,-69.740275,0,4914
189,40,27,28,0.224970,-69.738029,0,0.224970,-69.736298,0,5292
189,40,31,32,0.224970,-69.738029,0,0.224970,-69.738118,0,6048
189,80,15,16,0.287155,-73.530735,0,0.288040,-64.115983,0,3024
189,80,17,18,0.287155,-73.530735,0,0.286786,-70.659880,0,3402
189,80,19,20,0.287155,-73.530735,0,0.287146,-73.047932,0,3780
189,80,21,22,0.287155,-73.530735,0,0.287167,-73.482713,0,4158
189,80,23,24,0.287155,-73.530735,0,0.287149,-73.481361,0,4536
189,80,25,26,0.287155,-73.530735,0,0.287153,-73.529229,0,4914
189,80,27,28,0.287155,-73.530735,0,0.287154,-73.531470,0,5292
189,80,31,32,0.287155,-73.530735,0,0.287155,-73.530802,0,6048
189,160,15,16,0.407683,-76.348712,0,0.409267,-66.576627,0,3024
189,160,17,18,0.407683,-76.348712,0,0.408108,-72.626942,0,3402
189,160,19,20,0.407683,-76.348712,0,0.407680,-75.824816,0,3780
189,160,21,22,0.407683,-76.348712,0,0.407679,-76.266929,0,4158
189,160,23,24,0.407683,-76.348712,0,0.407684,-76.401102,0,4536
189,160,25,26,0.407683,-76.348712,0,0.407685,-76.352332,0,4914
189,160,27,28,0.407683,-76.348712,0,0.407683,-76.349135,0,5292
189,160,31,32,0.407683,-76.348712,0,0.407683,-76.348754,0,6048
190,1,15,16,0.037347,-53.326222,0,0.040050,-52.373236,0,3040
190,1,17,18,0.037347,-53.326222,0,0.038229,-53.099989,0,3420
190,1,19,20,0.037347,-53.326222,0,0.037418,-53.292900,0,3800
190,1,21,22,0.037347,-53.326222,0,0.037382,-53.335735,0,4180
190,1,23,24,0.037347,-53.326222,0,0.037344,-53.324454,0,4560
190,1,25,26,0.037347,-53.326222,0,0.037350,-53.327118,0,4940
190,1,27,28,0.037347,-53.326222,0,0.037348,-53.326279,0,5320
190,1,31,32,0.037347,-53.326222,0,0.037347,-53.326217,0,6080
190,2,15,16,0.054632,-56.009552,0,0.057626,-54.669187,0,3040
190,2,17,18,0.054632,-56.009552,0,0.055105,-55.649880,0,3420
190,2,19,20,0.054632,-56.009552,0,0.054698,-55.969918,0,3800
190,2,21,22,0.054632,-56.009552,0,0.054620,-56.028010,0,4180
190,2,23,24,0.054632,-56.009552,0,0.054633,-56.003964,0,4560
190,2,25,26,0.054632,-56.009552,0,0.054630,-56.009104,0,4940
190,2,27,28,0.054632,-56.009552,0,0.054632,-56.009649,0,5320
190,2,31,32,0.054632,-56.009552,0,0.054632,-56.009542,0,6080
190,5,15,16,0.082469,-60.433952,0,0.084634,-58.445168,0,3040
190,5,17,18,0.082469,-60.433952,0,0.083210,-59.915720,0,3420
190,5,19,20,0.082469,-60.433952,0,0.082502,-60.356664,0,3800
190,5,21,22,0.082469,-60.433952,0,0.082478,-60.432393,0,4180
190,5,23,24,0.082469,-60.433952,0,0.082470,-60.436566,0,4560
190,5,25,26,0.082469,-60.433952,0,0.082468,-60.434339,0,4940
190,5,27,28,0.082469,-60.433952,0,0.082469,-60.434003,0,5320
190,5,31,32,0.082469,-60.433952,0,0.082469,-60.433932,0,6080
190,10,15,16,0.112382,-63.774268,0,0.115483,-60.756160,0,3040
190,10,17,18,0.112382,-63.774268,0,0.112953,-62.806410,0,3420
190,10,19,20,0.112382,-63.774268,0,0.112442,-63.536934,0,3800
190,10,21,22,0.112382,-63.774268,0,0.112357,-63.726118,0,4180
190,10,23,24,0.112382,-63.774268,0,0.112391,-63.763236,0,4560
190,10,25,26,0.112382,-63.774268,0,0.112380,-63.775180,0,4940
190,10,27,28,0.112382,-63.774268,0,0.112382,-63.775083,0,5320
190,10,31,32,0.112382,-63.774268,0,0.112382,-63.774293,0,6080
190,20,15,16,0.163014,-66.564859,0,0.166064,-61.880056,0,3040
190,20,17,18,0.163014,-66.564859,0,0.163677,-65.491656,0,3420
190,20,19,20,0.163014,-66.564859,0,0.163058,-66.210871,0,3800
190,20,21,22,0.163014,-66.564859,0,0.163001,-66.521715,0,4180
190,20,23,24,0.163014,-66.564859,0,0.163017,-66.562691,0,4560
190,20,25,26,0.163014,-66.564859,0,0.163016,-66.567393,0,4940
190,20,27,28,0.163014,-66.564859,0,0.163014,-66.564180,0,5320
190,20,31,32,0.163014,-66.564859,0,0.163014,-66.564809,0,6080
190,40,15,16,0.222626,-69.843588,0,0.226387,-64.769550,0,3040
190,40,17,18,0.222626,-69.843588,0,0.222905,-68.057238,0,3420
190,40,19,20,0.222626,-69.843588,0,0.222605,-69.415639,0,3800
190,40,21,22,0.222626,-69.843588,0,0.222602,-69.743874,0,4180
190,40,23,24,0.222626,-69.843588,0,0.222627,-69.845105,0,4560
190,40,25,26,0.222626,-69.843588,0,0.222624,-69.843206,0,4940
190,40,27,28,0.222626,-69.843588,0,0.222627,-69.844143,0,5320
190,40,31,32,0.222626,-69.843588,0,0.222626,-69.843515,0,6080
190,80,15,16,0.287553,-73.519353,0,0.289344,-65.705839,0,3040
190,80,17,18,0.287553,-73.519353,0,0.288218,-71.014698,0,3420
190,80,19,20,0.287553,-73.519353,0,0.287682,-73.012115,0,3800
190,80,21,22,0.287553,-73.519353,0,0.287590,-73.386233,0,4180
190,80,23,24,0.287553,-73.519353,0,0.287545,-73.524577,0,4560
190,80,25,26,0.287553,-73.519353,0,0.287553,-73.524685,0,4940
190,80,27,28,0.287553,-73.519353,0,0.287553,-73.518481,0,5320
190,80,31,32,0.287553,-73.519353,0,0.287553,-73.519363,0,6080
190,160,15,16,0.389513,-76.702543,0,0.390925,-65.955407,0,3040
190,160,17,18,0.389513,-76.702543,0,0.389977,-73.141684,0,3420
190,160,19,20,0.389513,-76.702543,0,0.389508,-75.875400,0,3800
190,160,21,22,0.389513,-76.702543,0,0.389467,-76.675474,0,4180
190,160,23,24,0.389513,-76.702543,0,0.389515,-76.728239,0,4560
190,160,25,26,0.389513,-76.702543,0,0.389513,-76.705859,0,4940
190,160,27,28,0.389513,-76.702543,0,0.389512,-76.703154,0,5320
190,160,31,32,0.389513,-76.702543,0,0.389513,-76.702602,0,6080
191,1,15,16,0.035590,-53.768179,0,0.038597,-52.318202,0,3056
191,1,17,18,0.035590,-53.768179,0,0.036085,-53.525499,0,3438
191,1,19,20,0.035590,-53.768179,0,0.035667,-53.755706,0,3820
191,1,21,22,0.035590,-53.768179,0,0.035601,-53.773974,0,4202
191,1,23,24,0.035590,-53.768179,0,0.035585,-53.764171,0,4584
191,1,25,26,0.035590,-53.768179,0,0.035591,-53.768873,0,4966
191,1,27,28,0.035590,-53.768179,0,0.035590,-53.768060,0,5348
191,1,31,32,0.035590,-53.768179,0,0.035590,-53.768180,0,6112
191,2,15,16,0.052822,-56.285192,0,0.057213,-54.747234,0,3056
191,2,17,18,0.052822,-56.285192,0,0.053755,-55.990319,0,3438
191,2,19,20,0.052822,-56.285192,0,0.052926,-56.243361,0,3820
191,2,21,22,0.052822,-56.285192,0,0.052812,-56.276085,0,4202
191,2,23,24,0.052822,-56.285192,0,0.052829,-56.287690,0,4584
191,2,25,26,0.052822,-56.285192,0,0.052821,-56.284590,0,4966
191,2,27,28,0.052822,-56.285192,0,0.052822,-56.285371,0,5348
191,2,31,32,0.052822,-56.285192,0,0.052822,-56.285182,0,6112
191,5,15,16,0.081802,-60.444226,0,0.083811,-57.818182,0,3056
191,5,17,18,0.081802,-60.444226,0,0.082285,-59.777505,0,3438
191,5,19,20,0.081802,-60.444226,0,0.081664,-60.380306,0,3820
191,5,21,22,0.081802,-60.444226,0,0.081812,-60.448209,0,4202
191,5,23,24,0.081802,-60.444226,0,0.081807,-60.435617,0,4584
191,5,25,26,0.081802,-60.444226,0,0.081804,-60.444328,0,4966
191,5,27,28,0.081802,-60.444226,0,0.081803,-60.444258,0,5348
191,5,31,32,0.081802,-60.444226,0,0.081802,-60.444212,0,6112
191,10,15,16,0.107272,-64.188731,0,0.110512,-60.589628,0,3056
191,10,17,18,0.107272,-64.188731,0,0.107712,-63.115482,0,3438
191,10,19,20,0.107272,-64.188731,0,0.107332,-63.964570,0,3820
191,10,21,22,0.107272,-64.188731,0,0.107271,-64.162651,0,4202
191,10,23,24,0.107272,-64.188731,0,0.107270,-64.180855,0,4584
191,10,25,26,0.107272,-64.188731,0,0.107271,-64.190176,0,4966
191,10,27,28,0.107272,-64.188731,0,0.107272,-64.187978,0,5348
191,10,31,32,0.107272,-64.188731,0,0.107272,-64.188710,0,6112
191,20,15,16,0.156531,-66.918155,0,0.159712,-63.070395,0,3056
191,20,17,18,0.156531,-66.918155,0,0.157489,-65.627188,0,3438
191,20,19,20,0.156531,-66.918155,0,0.156603,-66.626053,0,3820
191,20,21,22,0.156531,-66.918155,0,0.156548,-66.834769,0,4202
191,20,23,24,0.156531,-66.918155,0,0.156525,-66.895738,0,4584
191,20,25,26,0.156531,-66.918155,0,0.156531,-66.920460,0,4966
191,20,27,28,0.156531,-66.918155,0,0.156530,-66.918177,0,5348
191,20,31,32,0.156531,-66.918155,0,0.156531,-66.918134,0,6112
191,40,15,16,0.218700,-70.002315,0,0.221234,-64.110617,0,3056
191,40,17,18,0.218700,-70.002315,0,0.218753,-67.743065,0,3438
191,40,19,20,0.218700,-70.002315,0,0.218737,-69.532009,0,3820
191,40,21,22,0.218700,-70.002315,0,0.218690,-69.931239,0,4202
191,40,23,24,0.218700,-70.002315,0,0.218694,-70.015119,0,4584
191,40,25,26,0.218700,-70.002315,0,0.218700,-69.999882,0,4966
191,40,27,28,0.218700,-70.002315,0,0.218700,-70.001864,0,5348
191,40,31,32,0.218700,-70.002315,0,0.218700,-70.002253,0,6112
191,80,15,16,0.287150,-73.561455,0,0.288368,-66.395457,0,3056
191,80,17,18,0.287150,-73.561455,0,0.287556,-70.909764,0,3438
191,80,19,20,0.287150,-73.561455,0,0.287149,-73.056284,0,3820
191,80,21,22,0.287150,-73.561455,0,0.287136,-73.538602,0,4202
191,80,23,24,0.287150,-73.561455,0,0.287144,-73.575072,0,4584
191,80,25,26,0.287150,-73.561455,0,0.287151,-73.555402,0,4966
191,80,27,28,0.287150,-73.561455,0,0.287150,-73.562228,0,5348
191,80,31,32,0.287150,-73.561455,0,0.287150,-73.561393,0,6112
191,160,15,16,0.370277,-77.127217,0,0.372486,-66.570810,0,3056
191,160,17,18,0.370277,-77.127217,0,0.370646,-74.503659,0,3438
191,160,19,20,0.370277,-77.127217,0,0.370210,-76.439243,0,3820
191,160,21,22,0.370277,-77.127217,0,0.370269,-77.158947,0,4202
191,160,23,24,0.370277,-77.127217,0,0.370274,-77.178367,0,4584
191,160,25,26,0.370277,-77.127217,0,0.370277,-77.129446,0,4966
191,160,27,28,0.370277,-77.127217,0,0.370277,-77.129875,0,5348
191,160,31,32,0.370277,-77.127217,0,0.370277,-77.127141,0,6112
192,1,15,16,0.033827,-54.257551,0,0.035864,-52.909957,0,3072
192,1,17,18,0.033827,-54.257551,0,0.034902,-53.797514,0,3456
192,1,19,20,0.033827,-54.257551,0,0.033872,-54.217217,0,3840
192,1,21,22,0.033827,-54.257551,0,0.033858,-54.257347,0,4224
192,1,23,24,0.033827,-54.257551,0,0.033826,-54.255400,0,4608
192,1,25,26,0.033827,-54.257551,0,0.033828,-54.257501,0,4992
192,1,27,28,0.033827,-54.257551,0,0.033827,-54.257828,0,5376
192,1,31,32,0.033827,-54.257551,0,0.033827,-54.257554,0,6144
192,2,15,16,0.050704,-56.610000,0,0.052812,-55.350068,0,3072
192,2,17,18,0.050704,-56.610000,0,0.051801,-56.428911,0,3456
192,2,19,20,0.050704,-56.610000,0,0.051001,-56.588918,0,3840
192,2,21,22,0.050704,-56.610000,0,0.050725,-56.613730,0,4224
192,2,23,24,0.050704,-56.610000,0,0.050706,-56.613111,0,4608
192,2,25,26,0.050704,-56.610000,0,0.050705,-56.610243,0,4992
192,2,27,28,0.050704,-56.610000,0,0.050704,-56.610101,0,5376
192,2,31,32,0.050704,-56.610000,0,0.050704,-56.609997,0,6144
192,5,15,16,0.080864,-60.550508,0,0.084759,-58.961365,0,3072
192,5,17,18,0.080864,-60.550508,0,0.081241,-60.072698,0,3456
192,5,19,20,0.080864,-60.550508,0,0.080804,-60.457398,0,3840
192,5,21,22,0.080864,-60.550508,0,0.080849,-60.572131,0,4224
192,5,23,24,0.080864,-60.550508,0,0.080861,-60.549315,0,4608
192,5,25,26,0.080864,-60.550508,0,0.080865,-60.550294,0,4992
192,5,27,28,0.080864,-60.550508,0,0.080865,-60.550064,0,5376
192,5,31,32,0.080864,-60.550508,0,0.080864,-60.550520,0,6144
192,10,15,16,0.107405,-64.179439,0,0.109989,-60.705924,0,3072
192,10,17,18,0.107405,-64.179439,0,0.107525,-63.231488,0,3456
192,10,19,20,0.107405,-64.179439,0,0.107491,-63.912849,0,3840
192,10,21,22,0.107405,-64.179439,0,0.107423,-64.151160,0,4224
192,10,23,24,0.107405,-64.179439,0,0.107404,-64.176370,0,4608
192,10,25,26,0.107405,-64.179439,0,0.107406,-64.182091,0,4992
192,10,27,28,0.107405,-64.179439,0,0.107405,-64.179840,0,5376
192,10,31,32,0.107405,-64.179439,0,0.107405,-64.179461,0,6144
192,20,15,16,0.149160,-67.336516,0,0.152172,-63.248674,0,3072
192,20,17,18,0.149160,-67.336516,0,0.149358,-66.158647,0,3456
192,20,19,20,0.149160,-67.336516,0,0.149214,-67.004406,0,3840
192,20,21,22,0.149160,-67.336516,0,0.149159,-67.251749,0,4224
192,20,23,24,0.149160,-67.336516,0,0.149153,-67.324670,0,4608
192,20,25,26,0.149160,-67.336516,0,0.149160,-67.336514,0,4992
192,20,27,28,0.149160,-67.336516,0,0.149160,-67.335688,0,5376
192,20,31,32,0.149160,-67.336516,0,0.149160,-67.336493,0,6144
192,40,15,16,0.212993,-70.281198,0,0.213993,-63.379605,0,3072
192,40,17,18,0.212993,-70.281198,0,0.213013,-68.292900,0,3456
192,40,19,20,0.212993,-70.281198,0,0.212904,-69.860134,0,3840
192,40,21,22,0.212993,-70.281198,0,0.213044,-70.210346,0,4224
192,40,23,24,0.212993,-70.281198,0,0.213000,-70.276277,0,4608
192,40,25,26,0.212993,-70.281198,0,0.212993,-70.276204,0,4992
192,40,27,28,0.212993,-70.281198,0,0.212993,-70.281799,0,5376
192,40,31,32,0.212993,-70.281198,0,0.212993,-70.281126,0,6144
192,80,15,16,0.285052,-73.615976,0,0.287277,-65.283061,0,3072
192,80,17,18,0.285052,-73.615976,0,0.285144,-70.878424,0,3456
192,80,19,20,0.285052,-73.615976,0,0.284843,-73.214303,0,3840
192,80,21,22,0.285052,-73.615976,0,0.285036,-73.609092,0,4224
192,80,23,24,0.285052,-73.615976,0,0.285074,-73.620565,0,4608
192,80,25,26,0.285052,-73.615976,0,0.285049,-73.615791,0,4992
192,80,27,28,0.285052,-73.615976,0,0.285052,-73.615622,0,5376
192,80,31,32,0.285052,-73.615976,0,0.285052,-73.616154,0,6144
192,160,15,16,0.361604,-77.301045,0,0.363605,-67.212555,0,3072
192,160,17,18,0.361604,-77.301045,0,0.361985,-74.327570,0,3456
192,160,19,20,0.361604,-77.301045,0,0.361763,-76.693632,0,3840
192,160,21,22,0.361604,-77.301045,0,0.361597,-77.244421,0,4224
192,160,23,24,0.361604,-77.301045,0,0.361605,-77.296489,0,4608
192,160,25,26,0.361604,-77.301045,0,0.361601,-77.298494,0,4992
192,160,27,28,0.361604,-77.301045,0,0.361604,-77.302369,0,5376
192,160,31,32,0.361604,-77.301045,0,0.361604,-77.300845,0,6144
193,1,15,16,0.033840,-54.235971,0,0.036029,-52.986659,0,3088
193,1,17,18,0.033840,-54.235971,0,0.034004,-53.824427,0,3474
193,1,19,20,0.033840,-54.235971,0,0.033984,-54.188835,0,3860
193,1,21,22,0.033840,-54.235971,0,0.033833,-54.238023,0,4246
193,1,23,24,0.033840,-54.235971,0,0.033834,-54.238951,0,4632
193,1,25,26,0.033840,-54.235971,0,0.033840,-54.235465,0,5018
193,1,27,28,0.033840,-54.235971,0,0.033840,-54.235984,0,5404
193,1,31,32,0.033840,-54.235971,0,0.033840,-54.235979,0,6176
193,2,15,16,0.048406,-57.020098,0,0.052865,-54.850382,0,3088
193,2,17,18,0.048406,-57.020098,0,0.048914,-56.634081,0,3474
193,2,19,20,0.048406,-57.020098,0,0.048473,-57.060379,0,3860
193,2,21,22,0.048406,-57.020098,0,0.048420,-57.020248,0,4246
193,2,23,24,0.048406,-57.020098,0,0.048400,-57.019355,0,4632
193,2,25,26,0.048406,-57.020098,0,0.048406,-57.019515,0,5018
193,2,27,28,0.048406,-57.020098,0,0.048405,-57.019918,0,5404
193,2,31,32,0.048406,-57.020098,0,0.048405,-57.020089,0,6176
193,5,15,16,0.079152,-60.709211,0,0.080980,-58.128347,0,3088
193,5,17,18,0.079152,-60.709211,0,0.079823,-60.115842,0,3474
193,5,19,20,0.079152,-60.709211,0,0.079102,-60.691737,0,3860
193,5,21,22,0.079152,-60.709211,0,0.079158,-60.672801,0,4246
193,5,23,24,0.079152,-60.709211,0,0.079145,-60.707486,0,4632
193,5,25,26,0.079152,-60.709211,0,0.079152,-60.709626,0,5018
193,5,27,28,0.079152,-60.709211,0,0.079152,-60.709116,0,5404
193,5,31,32,0.079152,-60.709211,0,0.079152,-60.709208,0,6176
193,10,15,16,0.107335,-64.190755,0,0.110823,-61.234853,0,3088
193,10,17,18,0.107335,-64.190755,0,0.107729,-63.298888,0,3474
193,10,19,20,0.107335,-64.190755,0,0.107312,-64.047560,0,3860
193,10,21,22,0.107335,-64.190755,0,0.107347,-64.171395,0,4246
193,10,23,24,0.107335,-64.190755,0,0.107342,-64.193311,0,4632
193,10,25,26,0.107335,-64.190755,0,0.107334,-64.190128,0,5018
193,10,27,28,0.107335,-64.190755,0,0.107335,-64.190637,0,5404
193,10,31,32,0.107335,-64.190755,0,0.107335,-64.190727,0,6176
193,20,15,16,0.141429,-67.786962,0,0.142216,-63.364289,0,3088
193,20,17,18,0.141429,-67.786962,0,0.142079,-66.524114,0,3474
193,20,19,20,0.141429,-67.786962,0,0.141434,-67.458755,0,3860
193,20,21,22,0.141429,-67.786962,0,0.141426,-67.740399,0,4246
193,20,23,24,0.141429,-67.786962,0,0.141425,-67.769531,0,4632
193,20,25,26,0.141429,-67.786962,0,0.141430,-67.789828,0,5018
193,20,27,28,0.141429,-67.786962,0,0.141429,-67.787599,0,5404
193,20,31,32,0.141429,-67.786962,0,0.141429,-67.786948,0,6176
193,40,15,16,0.204553,-70.589283,0,0.207757,-64.702606,0,3088
193,40,17,18,0.204553,-70.589283,0,0.204998,-68.793967,0,3474
193,40,19,20,0.204553,-70.589283,0,0.204552,-70.035136,0,3860
193,40,21,22,0.204553,-70.589283,0,0.204568,-70.501303,0,4246
193,40,23,24,0.204553,-70.589283,0,0.204564,-70.573905,0,4632
193,40,25,26,0.204553,-70.589283,0,0.204554,-70.588708,0,5018
193,40,27,28,0.204553,-70.589283,0,0.204553,-70.589695,0,5404
193,40,31,32,0.204553,-70.589283,0,0.204553,-70.589252,0,6176
193,80,15,16,0.280779,-73.762173,0,0.283052,-65.522228,0,3088
193,80,17,18,0.280779,-73.762173,0,0.280777,-71.059646,0,3474
193,80,19,20,0.280779,-73.762173,0,0.280614,-73.279038,0,3860
193,80,21,22,0.280779,-73.762173,0,0.280787,-73.721936,0,4246
193,80,23,24,0.280779,-73.762173,0,0.280784,-73.766921,0,4632
193,80,25,26,0.280779,-73.762173,0,0.280781,-73.763129,0,5018
193,80,27,28,0.280779,-73.762173,0,0.280780,-73.763057,0,5404
193,80,31,32,0.280779,-73.762173,0,0.280779,-73.762161,0,6176
193,160,15,16,0.361701,-77.335383,0,0.363772,-67.701863,0,3088
193,160,17,18,0.361701,-77.335383,0,0.361374,-74.512571,0,3474
193,160,19,20,0.361701,-77.335383,0,0.361749,-76.523788,0,3860
193,160,21,22,0.361701,-77.335383,0,0.361727,-77.021615,0,4246
193,160,23,24,0.361701,-77.335383,0,0.361705,-77.353004,0,4632
193,160,25,26,0.361701,-77.335383,0,0.361700,-77.336205,0,5018
193,160,27,28,0.361701,-77.335383,0,0.361701,-77.333142,0,5404
193,160,31,32,0.361701,-77.335383,0,0.361701,-77.335252,0,6176
194,1,15,16,0.033784,-54.251222,0,0.035917,-52.742828,0,3104
194,1,17,18,0.033784,-54.251222,0,0.034426,-53.890350,0,3492
194,1,19,20,0.033784,-54.251222,0,0.033817,-54.188247,0,3880
194,1,21,22,0.033784,-54.251222,0,0.033822,-54.248007,0,4268
194,1,23,24,0.033784,-54.251222,0,0.033793,-54.253276,0,4656
194,1,25,26,0.033784,-54.251222,0,0.033784,-54.251197,0,5044
194,1,27,28,0.033784,-54.251222,0,0.033783,-54.251078,0,5432
194,1,31,32,0.033784,-54.251222,0,0.033784,-54.251228,0,6208
194,2,15,16,0.045945,-57.445880,0,0.048182,-54.947653,0,3104
194,2,17,18,0.045945,-57.445880,0,0.046540,-57.263176,0,3492
194,2,19,20,0.045945,-57.445880,0,0.045939,-57.415303,0,3880
194,2,21,22,0.045945,-57.445880,0,0.045923,-57.450326,0,4268
194,2,23,24,0.045945,-57.445880,0,0.045945,-57.446733,0,4656
194,2,25,26,0.045945,-57.445880,0,0.045945,-57.445681,0,5044
194,2,27,28,0.045945,-57.445880,0,0.045945,-57.445449,0,5432
194,2,31,32,0.045945,-57.445880,0,0.045945,-57.445863,0,6208
194,5,15,16,0.076897,-60.984124,0,0.079401,-58.459428,0,3104
194,5,17,18,0.076897,-60.984124,0,0.077658,-60.218628,0,3492
194,5,19,20,0.076897,-60.984124,0,0.076920,-60.978759,0,3880
194,5,21,22,0.076897,-60.984124,0,0.076886,-60.996725,0,4268
194,5,23,24,0.076897,-60.984124,0,0.076889,-60.982819,0,4656
194,5,25,26,0.076897,-60.984124,0,0.076896,-60.984452,0,5044
194,5,27,28,0.076897,-60.984124,0,0.076897,-60.984212,0,5432
194,5,31,32,0.076897,-60.984124,0,0.076897,-60.984161,0,6208
194,10,15,16,0.106429,-64.267355,0,0.110742,-60.841877,0,3104
194,10,17,18,0.106429,-64.267355,0,0.106861,-63.103159,0,3492
194,10,19,20,0.106429,-64.267355,0,0.106613,-64.050342,0,3880
194,10,21,22,0.106429,-64.267355,0,0.106423,-64.203223,0,4268
194,10,23,24,0.106429,-64.267355,0,0.106422,-64.273241,0,4656
194,10,25,26,0.106429,-64.267355,0,0.106432,-64.266389,0,5044
194,10,27,28,0.106429,-64.267355,0,0.106429,-64.267235,0,5432
194,10,31,32,0.106429,-64.267355,0,0.106429,-64.267350,0,6208
194,20,15,16,0.138731,-67.942969,0,0.143313,-63.620251,0,3104
194,20,17,18,0.138731,-67.942969,0,0.139537,-66.569713,0,3492
194,20,19,20,0.138731,-67.942969,0,0.138819,-67.741700,0,3880
194,20,21,22,0.138731,-67.942969,0,0.138736,-67.870218,0,4268
194,20,23,24,0.138731,-67.942969,0,0.138734,-67.941098,0,4656
194,20,25,26,0.138731,-67.942969,0,0.138730,-67.943889,0,5044
194,20,27,28,0.138731,-67.942969,0,0.138731,-67.943193,0,5432
194,20,31,32,0.138731,-67.942969,0,0.138731,-67.942952,0,6208
194,40,15,16,0.195742,-70.956180,0,0.199799,-64.679692,0,3104
194,40,17,18,0.195742,-70.956180,0,0.196813,-69.372720,0,3492
194,40,19,20,0.195742,-70.956180,0,0.195902,-70.488081,0,3880
194,40,21,22,0.195742,-70.956180,0,0.195746,-70.894161,0,4268
194,40,23,24,0.195742,-70.956180,0,0.195755,-70.955504,0,4656
194,40,25,26,0.195742,-70.956180,0,0.195744,-70.957624,0,5044
194,40,27,28,0.195742,-70.956180,0,0.195742,-70.956420,0,5432
194,40,31,32,0.195742,-70.956180,0,0.195742,-70.956183,0,6208
194,80,15,16,0.274031,-73.942919,0,0.277222,-67.821679,0,3104
194,80,17,18,0.274031,-73.942919,0,0.274309,-70.981835,0,3492
194,80,19,20,0.274031,-73.942919,0,0.273981,-73.560264,0,3880
194,80,21,22,0.274031,-73.942919,0,0.274025,-73.953331,0,4268
194,80,23,24,0.274031,-73.942919,0,0.274029,-73.964505,0,4656
194,80,25,26,0.274031,-73.942919,0,0.274031,-73.942376,0,5044
194,80,27,28,0.274031,-73.942919,0,0.274031,-73.940685,0,5432
194,80,31,32,0.274031,-73.942919,0,0.274031,-73.942892,0,6208
194,160,15,16,0.360270,-77.365841,0,0.363314,-68.557282,0,3104
194,160,17,18,0.360270,-77.365841,0,0.360488,-73.756548,0,3492
194,160,19,20,0.360270,-77.365841,0,0.360387,-76.734174,0,3880
194,160,21,22,0.360270,-77.365841,0,0.360248,-77.333462,0,4268
194,160,23,24,0.360270,-77.365841,0,0.360273,-77.409969,0,4656
194,160,25,26,0.360270,-77.365841,0,0.360270,-77.355330,0,5044
194,160,27,28,0.360270,-77.365841,0,0.360270,-77.368822,0,5432
194,160,31,32,0.360270,-77.365841,0,0.360270,-77.365886,0,6208
195,1,15,16,0.033428,-54.280157,0,0.036797,-53.376678,0,3120
195,1,17,18,0.033428,-54.280157,0,0.034205,-54.106802,0,3510
195,1,19,20,0.033428,-54.280157,0,0.033543,-54.252557,0,3900
195,1,21,22,0.033428,-54.280157,0,0.033416,-54.292482,0,4290
195,1,23,24,0.033428,-54.280157,0,0.033437,-54.281794,0,4680
195,1,25,26,0.033428,-54.280157,0,0.033426,-54.280122,0,5070
195,1,27,28,0.033428,-54.280157,0,0.033428,-54.280225,0,5460
195,1,31,32,0.033428,-54.280157,0,0.033428,-54.280159,0,6240
195,2,15,16,0.044947,-57.670113,0,0.048396,-55.662294,0,3120
195,2,17,18,0.044947,-57.670113,0,0.045421,-57.317681,0,3510
195,2,19,20,0.044947,-57.670113,0,0.044979,-57.700365,0,3900
195,2,21,22,0.044947,-57.670113,0,0.044928,-57.670989,0,4290
195,2,23,24,0.044947,-57.670113,0,0.044949,-57.672495,0,4680
195,2,25,26,0.044947,-57.670113,0,0.044945,-57.668994,0,5070
195,2,27,28,0.044947,-57.670113,0,0.044947,-57.670302,0,5460
195,2,31,32,0.044947,-57.670113,0,0.044947,-57.670096,0,6240
195,5,15,16,0.073923,-61.321417,0,0.077653,-59.647364,0,3120
195,5,17,18,0.073923,-61.321417,0,0.074617,-60.681239,0,3510
195,5,19,20,0.073923,-61.321417,0,0.074002,-61.208398,0,3900
195,5,21,22,0.073923,-61.321417,0,0.073883,-61.340140,0,4290
195,5,23,24,0.073923,-61.321417,0,0.073922,-61.324366,0,4680
195,5,25,26,0.073923,-61.321417,0,0.073923,-61.320133,0,5070
195,5,27,28,0.073923,-61.321417,0,0.073923,-61.321214,0,5460
195,5,31,32,0.073923,-61.321417,0,0.073923,-61.321402,0,6240
195,10,15,16,0.104488,-64.374708,0,0.106466,-60.932829,0,3120
195,10,17,18,0.104488,-64.374708,0,0.104875,-63.496909,0,3510
195,10,19,20,0.104488,-64.374708,0,0.104485,-64.175009,0,3900
195,10,21,22,0.104488,-64.374708,0,0.104476,-64.353524,0,4290
195,10,23,24,0.104488,-64.374708,0,0.104489,-64.379346,0,4680
195,10,25,26,0.104488,-64.374708,0,0.104490,-64.374414,0,5070
195,10,27,28,0.104488,-64.374708,0,0.104487,-64.375588,0,5460
195,10,31,32,0.104488,-64.374708,0,0.104488,-64.374745,0,6240
195,20,15,16,0.139021,-67.978323,0,0.141476,-63.159928,0,3120
195,20,17,18,0.139021,-67.978323,0,0.139211,-66.329529,0,3510
195,20,19,20,0.139021,-67.978323,0,0.139012,-67.665674,0,3900
195,20,21,22,0.139021,-67.978323,0,0.139014,-67.901581,0,4290
195,20,23,24,0.139021,-67.978323,0,0.139030,-67.972137,0,4680
195,20,25,26,0.139021,-67.978323,0,0.139019,-67.981009,0,5070
195,20,27,28,0.139021,-67.978323,0,0.139021,-67.976991,0,5460
195,20,31,32,0.139021,-67.978323,0,0.139021,-67.978368,0,6240
195,40,15,16,0.186235,-71.382031,0,0.187962,-65.977431,0,3120
195,40,17,18,0.186235,-71.382031,0,0.186682,-69.303518,0,3510
195,40,19,20,0.186235,-71.382031,0,0.186289,-70.756001,0,3900
195,40,21,22,0.186235,-71.382031,0,0.186232,-71.239896,0,4290
195,40,23,24,0.186235,-71.382031,0,0.186236,-71.383624,0,4680
195,40,25,26,0.186235,-71.382031,0,0.186235,-71.384180,0,5070
195,40,27,28,0.186235,-71.382031,0,0.186235,-71.381037,0,5460
195,40,31,32,0.186235,-71.382031,0,0.186235,-71.382060,0,6240
195,80,15,16,0.265801,-74.234466,0,0.267726,-66.641267,0,3120
195,80,17,18,0.265801,-74.234466,0,0.265457,-71.331582,0,3510
195,80,19,20,0.265801,-74.234466,0,0.265554,-73.611360,0,3900
195,80,21,22,0.265801,-74.234466,0,0.265820,-74.072792,0,4290
195,80,23,24,0.265801,-74.234466,0,0.265812,-74.246080,0,4680
195,80,25,26,0.265801,-74.234466,0,0.265800,-74.243771,0,5070
195,80,27,28,0.265801,-74.234466,0,0.265802,-74.235773,0,5460
195,80,31,32,0.265801,-74.234466,0,0.265801,-74.234599,0,6240
195,160,15,16,0.356557,-77.485916,0,0.359777,-67.460885,0,3120
195,160,17,18,0.356557,-77.485916,0,0.356841,-75.094367,0,3510
195,160,19,20,0.356557,-77.485916,0,0.356696,-76.649519,0,3900
195,160,21,22,0.356557,-77.485916,0,0.356533,-77.514378,0,4290
195,160,23,24,0.356557,-77.485916,0,0.356555,-77.496107,0,4680
195,160,25,26,0.356557,-77.485916,0,0.356557,-77.486558,0,5070
195,160,27,28,0.356557,-77.485916,0,0.356557,-77.486916,0,5460
195,160,31,32,0.356557,-77.485916,0,0.356557,-77.486017,0,6240
196,1,15,16,0.032874,-54.426687,0,0.035957,-53.295043,0,3136
196,1,17,18,0.032874,-54.426687,0,0.033621,-54.200836,0,3528
196,1,19,20,0.032874,-54.426687,0,0.033003,-54.368506,0,3920
196,1,21,22,0.032874,-54.426687,0,0.032936,-54.432704,0,4312
196,1,23,24,0.032874,-54.426687,0,0.032879,-54.428717,0,4704
196,1,25,26,0.032874,-54.426687,0,0.032872,-54.425982,0,5096
196,1,27,28,0.032874,-54.426687,0,0.032873,-54.426797,0,5488
196,1,31,32,0.032874,-54.426687,0,0.032874,-54.426686,0,6272
196,2,15,16,0.044962,-57.667899,0,0.047577,-55.484905,0,3136
196,2,17,18,0.044962,-57.667899,0,0.045117,-57.414248,0,3528
196,2,19,20,0.044962,-57.667899,0,0.044938,-57.667996,0,3920
196,2,21,22,0.044962,-57.667899,0,0.044969,-57.672735,0,4312
196,2,23,24,0.044962,-57.667899,0,0.044962,-57.665821,0,4704
196,2,25,26,0.044962,-57.667899,0,0.044961,-57.668868,0,5096
196,2,27,28,0.044962,-57.667899,0,0.044961,-57.667912,0,5488
196,2,31,32,0.044962,-57.667899,0,0.044962,-57.667892,0,6272
196,5,15,16,0.070623,-61.756540,0,0.074041,-58.638713,0,3136
196,5,17,18,0.070623,-61.756540,0,0.071503,-61.053584,0,3528
196,5,19,20,0.070623,-61.756540,0,0.070681,-61.598757,0,3920
196,5,21,22,0.070623,-61.756540,0,0.070644,-61.758245,0,4312
196,5,23,24,0.070623,-61.756540,0,0.070616,-61.761694,0,4704
196,5,25,26,0.070623,-61.756540,0,0.070624,-61.755917,0,5096
196,5,27,28,0.070623,-61.756540,0,0.070623,-61.756140,0,5488
196,5,31,32,0.070623,-61.756540,0,0.070623,-61.756528,0,6272
196,10,15,16,0.101895,-64.618839,0,0.108064,-61.043119,0,3136
196,10,17,18,0.101895,-64.618839,0,0.102620,-63.400860,0,3528
196,10,19,20,0.101895,-64.618839,0,0.102066,-64.374180,0,3920
196,10,21,22,0.101895,-64.618839,0,0.101889,-64.551829,0,4312
196,10,23,24,0.101895,-64.618839,0,0.101894,-64.617358,0,4704
196,10,25,26,0.101895,-64.618839,0,0.101894,-64.617399,0,5096
196,10,27,28,0.101895,-64.618839,0,0.101896,-64.618486,0,5488
196,10,31,32,0.101895,-64.618839,0,0.101895,-64.618833,0,6272
196,20,15,16,0.138399,-68.013253,0,0.140472,-62.660612,0,3136
196,20,17,18,0.138399,-68.013253,0,0.139284,-66.542769,0,3528
196,20,19,20,0.138399,-68.013253,0,0.138391,-67.513881,0,3920
196,20,21,22,0.138399,-68.013253,0,0.138392,-67.941161,0,4312
196,20,23,24,0.138399,-68.013253,0,0.138392,-68.006047,0,4704
196,20,25,26,0.138399,-68.013253,0,0.138398,-68.011711,0,5096
196,20,27,28,0.138399,-68.013253,0,0.138399,-68.012714,0,5488
196,20,31,32,0.138399,-68.013253,0,0.138399,-68.013257,0,6272
196,40,15,16,0.178013,-71.749677,0,0.182547,-65.097410,0,3136
196,40,17,18,0.178013,-71.749677,0,0.178629,-69.305785,0,3528
196,40,19,20,0.178013,-71.749677,0,0.177924,-71.323541,0,3920
196,40,21,22,0.178013,-71.749677,0,0.178008,-71.658354,0,4312
196,40,23,24,0.178013,-71.749677,0,0.178008,-71.746798,0,4704
196,40,25,26,0.178013,-71.749677,0,0.178015,-71.744032,0,5096
196,40,27,28,0.178013,-71.749677,0,0.178014,-71.750467,0,5488
196,40,31,32,0.178013,-71.749677,0,0.178013,-71.749582,0,6272
196,80,15,16,0.254540,-74.552953,0,0.256086,-67.876047,0,3136
196,80,17,18,0.254540,-74.552953,0,0.255163,-72.011820,0,3528
196,80,19,20,0.254540,-74.552953,0,0.254525,-73.989258,0,3920
196,80,21,22,0.254540,-74.552953,0,0.254534,-74.538257,0,4312
196,80,23,24,0.254540,-74.552953,0,0.254547,-74.576937,0,4704
196,80,25,26,0.254540,-74.552953,0,0.254543,-74.556160,0,5096
196,80,27,28,0.254540,-74.552953,0,0.254540,-74.553051,0,5488
196,80,31,32,0.254540,-74.552953,0,0.254540,-74.552878,0,6272
196,160,15,16,0.349753,-77.629498,0,0.352034,-66.073494,0,3136
196,160,17,18,0.349753,-77.629498,0,0.349978,-74.183795,0,3528
196,160,19,20,0.349753,-77.629498,0,0.349815,-76.579607,0,3920
196,160,21,22,0.349753,-77.629498,0,0.349715,-77.624801,0,4312
196,160,23,24,0.349753,-77.629498,0,0.349763,-77.644004,0,4704
196,160,25,26,0.349753,-77.629498,0,0.349751,-77.634858,0,5096
196,160,27,28,0.349753,-77.629498,0,0.349753,-77.627113,0,5488
196,160,31,32,0.349753,-77.629498,0,0.349753,-77.629326,0,6272
197,1,15,16,0.032149,-54.633586,0,0.035910,-53.050997,0,3152
197,1,17,18,0.032149,-54.633586,0,0.032860,-54.332289,0,3546
197,1,19,20,0.032149,-54.633586,0,0.032253,-54.611834,0,3940
197,1,21,22,0.032149,-54.633586,0,0.032168,-54.642572,0,4334
197,1,23,24,0.032149,-54.633586,0,0.032149,-54.633364,0,4728
197,1,25,26,0.032149,-54.633586,0,0.032149,-54.633253,0,5122
197,1,27,28,0.032149,-54.633586,0,0.032150,-54.633580,0,5516
197,1,31,32,0.032149,-54.633586,0,0.032149,-54.633584,0,6304
197,2,15,16,0.044598,-57.710212,0,0.047017,-56.317721,0,3152
197,2,17,18,0.044598,-57.710212,0,0.045254,-57.295825,0,3546
197,2,19,20,0.044598,-57.710212,0,0.044679,-57.703580,0,3940
197,2,21,22,0.044598,-57.710212,0,0.044620,-57.709370,0,4334
197,2,23,24,0.044598,-57.710212,0,0.044597,-57.709951,0,4728
197,2,25,26,0.044598,-57.710212,0,0.044596,-57.710989,0,5122
197,2,27,28,0.044598,-57.710212,0,0.044598,-57.710000,0,5516
197,2,31,32,0.044598,-57.710212,0,0.044598,-57.710230,0,6304
197,5,15,16,0.067289,-62.216713,0,0.071874,-60.251495,0,3152
197,5,17,18,0.067289,-62.216713,0,0.067579,-61.432553,0,3546
197,5,19,20,0.067289,-62.216713,0,0.067358,-62.068287,0,3940
197,5,21,22,0.067289,-62.216713,0,0.067329,-62.175627,0,4334
197,5,23,24,0.067289,-62.216713,0,0.067283,-62.216228,0,4728
197,5,25,26,0.067289,-62.216713,0,0.067288,-62.217279,0,5122
197,5,27,28,0.067289,-62.216713,0,0.067290,-62.216606,0,5516
197,5,31,32,0.067289,-62.216713,0,0.067289,-62.216686,0,6304
197,10,15,16,0.098578,-64.915481,0,0.103197,-61.467441,0,3152
197,10,17,18,0.098578,-64.915481,0,0.099683,-63.757946,0,3546
197,10,19,20,0.098578,-64.915481,0,0.098698,-64.722321,0,3940
197,10,21,22,0.098578,-64.915481,0,0.098553,-64.872450,0,4334
197,10,23,24,0.098578,-64.915481,0,0.098581,-64.910906,0,4728
197,10,25,26,0.098578,-64.915481,0,0.098578,-64.914938,0,5122
197,10,27,28,0.098578,-64.915481,0,0.098579,-64.916404,0,5516
197,10,31,32,0.098578,-64.915481,0,0.098578,-64.915452,0,6304
197,20,15,16,0.136761,-68.115599,0,0.140145,-62.776571,0,3152
197,20,17,18,0.136761,-68.115599,0,0.137024,-66.234936,0,3546
197,20,19,20,0.136761,-68.115599,0,0.136659,-67.705455,0,3940
197,20,21,22,0.136761,-68.115599,0,0.136779,-68.045811,0,4334
197,20,23,24,0.136761,-68.115599,0,0.136758,-68.109343,0,4728
197,20,25,26,0.136761,-68.115599,0,0.136760,-68.114758,0,5122
197,20,27,28,0.136761,-68.115599,0,0.136760,-68.115990,0,5516
197,20,31,32,0.136761,-68.115599,0,0.136761,-68.115599,0,6304
197,40,15,16,0.178155,-71.766214,0,0.181954,-66.095969,0,3152
197,40,17,18,0.178155,-71.766214,0,0.178709,-67.544087,0,3546
197,40,19,20,0.178155,-71.766214,0,0.178205,-71.043780,0,3940
197,40,21,22,0.178155,-71.766214,0,0.178142,-71.674073,0,4334
197,40,23,24,0.178155,-71.766214,0,0.178165,-71.761986,0,4728
197,40,25,26,0.178155,-71.766214,0,0.178153,-71.764684,0,5122
197,40,27,28,0.178155,-71.766214,0,0.178156,-71.764714,0,5516
197,40,31,32,0.178155,-71.766214,0,0.178155,-71.766219,0,6304
197,80,15,16,0.242730,-74.947637,0,0.245448,-66.469958,0,3152
197,80,17,18,0.242730,-74.947637,0,0.243182,-71.926472,0,3546
197,80,19,20,0.242730,-74.947637,0,0.242804,-74.288320,0,3940
197,80,21,22,0.242730,-74.947637,0,0.242722,-74.953788,0,4334
197,80,23,24,0.242730,-74.947637,0,0.242728,-74.920127,0,4728
197,80,25,26,0.242730,-74.947637,0,0.242731,-74.935095,0,5122
197,80,27,28,0.242730,-74.947637,0,0.242731,-74.948301,0,5516
197,80,31,32,0.242730,-74.947637,0,0.242730,-74.947808,0,6304
197,160,15,16,0.339999,-77.880812,0,0.342284,-66.238027,0,3152
197,160,17,18,0.339999,-77.880812,0,0.340498,-74.459128,0,3546
197,160,19,20,0.339999,-77.880812,0,0.339920,-76.252549,0,3940
197,160,21,22,0.339999,-77.880812,0,0.339973,-77.786477,0,4334
197,160,23,24,0.339999,-77.880812,0,0.339999,-77.846220,0,4728
197,160,25,26,0.339999,-77.880812,0,0.339999,-77.885102,0,5122
197,160,27,28,0.339999,-77.880812,0,0.339999,-77.879705,0,5516
197,160,31,32,0.339999,-77.880812,0,0.339999,-77.880634,0,6304
198,1,15,16,0.031100,-54.947606,0,0.035714,-53.656946,0,3168
198,1,17,18,0.031100,-54.947606,0,0.031679,-54.559908,0,3564
198,1,19,20,0.031100,-54.947606,0,0.031237,-54.897691,0,3960
198,1,21,22,0.031100,-54.947606,0,0.031116,-54.945867,0,4356
198,1,23,24,0.031100,-54.947606,0,0.031098,-54.945012,0,4752
198,1,25,26,0.031100,-54.947606,0,0.031100,-54.948126,0,5148
198,1,27,28,0.031100,-54.947606,0,0.031099,-54.947404,0,5544
198,1,31,32,0.031100,-54.947606,0,0.031100,-54.947615,0,6336
198,2,15,16,0.044079,-57.797545,0,0.046663,-54.975056,0,3168
198,2,17,18,0.044079,-57.797545,0,0.044458,-57.420747,0,3564
198,2,19,20,0.044079,-57.797545,0,0.044216,-57.809508,0,3960
198,2,21,22,0.044079,-57.797545,0,0.044088,-57.779160,0,4356
198,2,23,24,0.044079,-57.797545,0,0.044083,-57.802307,0,4752
198,2,25,26,0.044079,-57.797545,0,0.044078,-57.797235,0,5148
198,2,27,28,0.044079,-57.797545,0,0.044080,-57.797280,0,5544
198,2,31,32,0.044079,-57.797545,0,0.044079,-57.797552,0,6336
198,5,15,16,0.064821,-62.577038,0,0.066963,-58.872881,0,3168
198,5,17,18,0.064821,-62.577038,0,0.065444,-61.889213,0,3564
198,5,19,20,0.064821,-62.577038,0,0.064736,-62.387203,0,3960
198,5,21,22,0.064821,-62.577038,0,0.064831,-62.549837,0,4356
198,5,23,24,0.064821,-62.577038,0,0.064823,-62.574304,0,4752
198,5,25,26,0.064821,-62.577038,0,0.064820,-62.578561,0,5148
198,5,27,28,0.064821,-62.577038,0,0.064821,-62.576843,0,5544
198,5,31,32,0.064821,-62.577038,0,0.064821,-62.577054,0,6336
198,10,15,16,0.094506,-65.273448,0,0.096969,-61.373456,0,3168
198,10,17,18,0.094506,-65.273448,0,0.094904,-63.994398,0,3564
198,10,19,20,0.094506,-65.273448,0,0.094529,-65.023712,0,3960
198,10,21,22,0.094506,-65.273448,0,0.094479,-65.222179,0,4356
198,10,23,24,0.094506,-65.273448,0,0.094511,-65.271557,0,4752
198,10,25,26,0.094506,-65.273448,0,0.094505,-65.274699,0,5148
198,10,27,28,0.094506,-65.273448,0,0.094506,-65.272972,0,5544
198,10,31,32,0.094506,-65.273448,0,0.094506,-65.273478,0,6336
198,20,15,16,0.133816,-68.290119,0,0.134848,-63.999771,0,3168
198,20,17,18,0.133816,-68.290119,0,0.134297,-66.700326,0,3564
198,20,19,20,0.133816,-68.290119,0,0.133855,-67.920280,0,3960
198,20,21,22,0.133816,-68.290119,0,0.133818,-68.187715,0,4356
198,20,23,24,0.133816,-68.290119,0,0.133812,-68.284658,0,4752
198,20,25,26,0.133816,-68.290119,0,0.133817,-68.289294,0,5148
198,20,27,28,0.133816,-68.290119,0,0.133816,-68.291426,0,5544
198,20,31,32,0.133816,-68.290119,0,0.133816,-68.290114,0,6336
198,40,15,16,0.177794,-71.783441,0,0.182137,-65.726434,0,3168
198,40,17,18,0.177794,-71.783441,0,0.178141,-68.955790,0,3564
198,40,19,20,0.177794,-71.783441,0,0.177790,-71.173576,0,3960
198,40,21,22,0.177794,-71.783441,0,0.177808,-71.728054,0,4356
198,40,23,24,0.177794,-71.783441,0,0.177786,-71.793687,0,4752
198,40,25,26,0.177794,-71.783441,0,0.177794,-71.785001,0,5148
198,40,27,28,0.177794,-71.783441,0,0.177794,-71.784200,0,5544
198,40,31,32,0.177794,-71.783441,0,0.177794,-71.783412,0,6336
198,80,15,16,0.230215,-75.352843,0,0.231924,-65.095766,0,3168
198,80,17,18,0.230215,-75.352843,0,0.231047,-71.422925,0,3564
198,80,19,20,0.230215,-75.352843,0,0.230343,-74.532195,0,3960
198,80,21,22,0.230215,-75.352843,0,0.230215,-75.372448,0,4356
198,80,23,24,0.230215,-75.352843,0,0.230218,-75.361146,0,4752
198,80,25,26,0.230215,-75.352843,0,0.230215,-75.342388,0,5148
198,80,27,28,0.230215,-75.352843,0,0.230215,-75.353574,0,5544
198,80,31,32,0.230215,-75.352843,0,0.230215,-75.352701,0,6336
198,160,15,16,0.327731,-78.159839,0,0.329619,-66.561256,0,3168
198,160,17,18,0.327731,-78.159839,0,0.328209,-74.234287,0,3564
198,160,19,20,0.327731,-78.159839,0,0.327561,-77.293761,0,3960
198,160,21,22,0.327731,-78.159839,0,0.327780,-78.129973,0,4356
198,160,23,24,0.327731,-78.159839,0,0.327732,-78.150273,0,4752
198,160,25,26,0.327731,-78.159839,0,0.327732,-78.155852,0,5148
198,160,27,28,0.327731,-78.159839,0,0.327732,-78.158929,0,5544
198,160,31,32,0.327731,-78.159839,0,0.327731,-78.159928,0,6336
199,1,15,16,0.029782,-55.310184,0,0.032510,-53.782679,0,3184
199,1,17,18,0.029782,-55.310184,0,0.030427,-55.045288,0,3582
199,1,19,20,0.029782,-55.310184,0,0.029946,-55.215859,0,3980
199,1,21,22,0.029782,-55.310184,0,0.029791,-55.306750,0,4378
199,1,23,24,0.029782,-55.310184,0,0.029782,-55.311540,0,4776
199,1,25,26,0.029782,-55.310184,0,0.029781,-55.310393,0,5174
199,1,27,28,0.029782,-55.310184,0,0.029782,-55.310066,0,5572
199,1,31,32,0.029782,-55.310184,0,0.029782,-55.310174,0,6368
199,2,15,16,0.043250,-57.971340,0,0.045931,-56.102463,0,3184
199,2,17,18,0.043250,-57.971340,0,0.044161,-57.682096,0,3582
199,2,19,20,0.043250,-57.971340,0,0.043290,-57.931588,0,3980
199,2,21,22,0.043250,-57.971340,0,0.043257,-57.951225,0,4378
199,2,23,24,0.043250,-57.971340,0,0.043251,-57.974674,0,4776
199,2,25,26,0.043250,-57.971340,0,0.043249,-57.971710,0,5174
199,2,27,28,0.043250,-57.971340,0,0.043250,-57.971169,0,5572
199,2,31,32,0.043250,-57.971340,0,0.043250,-57.971320,0,6368
199,5,15,16,0.064751,-62.552368,0,0.066499,-59.697275,0,3184
199,5,17,18,0.064751,-62.552368,0,0.065166,-61.538635,0,3582
199,5,19,20,0.064751,-62.552368,0,0.064841,-62.446417,0,3980
199,5,21,22,0.064751,-62.552368,0,0.064762,-62.530328,0,4378
199,5,23,24,0.064751,-62.552368,0,0.064744,-62.550731,0,4776
199,5,25,26,0.064751,-62.552368,0,0.064754,-62.552837,0,5174
199,5,27,28,0.064751,-62.552368,0,0.064750,-62.552261,0,5572
199,5,31,32,0.064751,-62.552368,0,0.064751,-62.552403,0,6368
199,10,15,16,0.089995,-65.711291,0,0.093669,-61.404041,0,3184
199,10,17,18,0.089995,-65.711291,0,0.091139,-64.682534,0,3582
199,10,19,20,0.089995,-65.711291,0,0.090103,-65.418810,0,3980
199,10,21,22,0.089995,-65.711291,0,0.090013,-65.638183,0,4378
199,10,23,24,0.089995,-65.711291,0,0.089989,-65.700755,0,4776
199,10,25,26,0.089995,-65.711291,0,0.089996,-65.709078,0,5174
199,10,27,28,0.089995,-65.711291,0,0.089995,-65.711076,0,5572
199,10,31,32,0.089995,-65.711291,0,0.089995,-65.711333,0,6368
199,20,15,16,0.129807,-68.528350,0,0.132068,-62.760135,0,3184
199,20,17,18,0.129807,-68.528350,0,0.130128,-66.903056,0,3582
199,20,19,20,0.129807,-68.528350,0,0.129910,-68.187075,0,3980
199,20,21,22,0.129807,-68.528350,0,0.129849,-68.461494,0,4378
199,20,23,24,0.129807,-68.528350,0,0.129814,-68.516137,0,4776
199,20,25,26,0.129807,-68.528350,0,0.129809,-68.528668,0,5174
199,20,27,28,0.129807,-68.528350,0,0.129807,-68.527222,0,5572
199,20,31,32,0.129807,-68.528350,0,0.129807,-68.528322,0,6368
199,40,15,16,0.176782,-71.875033,0,0.179788,-64.391314,0,3184
199,40,17,18,0.176782,-71.875033,0,0.176923,-69.655576,0,3582
199,40,19,20,0.176782,-71.875033,0,0.176952,-71.388716,0,3980
199,40,21,22,0.176782,-71.875033,0,0.176777,-71.718900,0,4378
199,40,23,24,0.176782,-71.875033,0,0.176776,-71.888193,0,4776
199,40,25,26,0.176782,-71.875033,0,0.176781,-71.876355,0,5174
199,40,27,28,0.176782,-71.875033,0,0.176782,-71.874759,0,5572
199,40,31,32,0.176782,-71.875033,0,0.176782,-71.874972,0,6368
199,80,15,16,0.226793,-75.512042,0,0.229619,-67.364622,0,3184
199,80,17,18,0.226793,-75.512042,0,0.227165,-72.151761,0,3582
199,80,19,20,0.226793,-75.512042,0,0.226801,-74.878161,0,3980
199,80,21,22,0.226793,-75.512042,0,0.226780,-75.407785,0,4378
199,80,23,24,0.226793,-75.512042,0,0.226788,-75.562465,0,4776
199,80,25,26,0.226793,-75.512042,0,0.226796,-75.498340,0,5174
199,80,27,28,0.226793,-75.512042,0,0.226794,-75.511612,0,5572
199,80,31,32,0.226793,-75.512042,0,0.226793,-75.512057,0,6368
199,160,15,16,0.313601,-78.537022,0,0.314530,-67.738145,0,3184
199,160,17,18,0.313601,-78.537022,0,0.314126,-74.506005,0,3582
199,160,19,20,0.313601,-78.537022,0,0.313858,-77.619154,0,3980
199,160,21,22,0.313601,-78.537022,0,0.313626,-78.615438,0,4378
199,160,23,24,0.313601,-78.537022,0,0.313599,-78.508517,0,4776
199,160,25,26,0.313601,-78.537022,0,0.313601,-78.532351,0,5174
199,160,27,28,0.313601,-78.537022,0,0.313601,-78.538243,0,5572
199,160,31,32,0.313601,-78.537022,0,0.313601,-78.536743,0,6368
200,1,15,16,0.028384,-55.711301,0,0.032616,-53.849320,0,3200
200,1,17,18,0.028384,-55.711301,0,0.028812,-55.304029,0,3600
200,1,19,20,0.028384,-55.711301,0,0.028456,-55.658292,0,4000
200,1,21,22,0.028384,-55.711301,0,0.028379,-55.708263,0,4400
200,1,23,24,0.028384,-55.711301,0,0.028375,-55.709567,0,4800
200,1,25,26,0.028384,-55.711301,0,0.028384,-55.711189,0,5200
200,1,27,28,0.028384,-55.711301,0,0.028384,-55.711122,0,5600
200,1,31,32,0.028384,-55.711301,0,0.028384,-55.711304,0,6400
200,2,15,16,0.041940,-58.201371,0,0.045634,-56.235968,0,3200
200,2,17,18,0.041940,-58.201371,0,0.042473,-57.884845,0,3600
200,2,19,20,0.041940,-58.201371,0,0.042110,-58.191706,0,4000
200,2,21,22,0.041940,-58.201371,0,0.041946,-58.201068,0,4400
200,2,23,24,0.041940,-58.201371,0,0.041936,-58.198302,0,4800
200,2,25,26,0.041940,-58.201371,0,0.041938,-58.201832,0,5200
200,2,27,28,0.041940,-58.201371,0,0.041940,-58.201276,0,5600
200,2,31,32,0.041940,-58.201371,0,0.041940,-58.201356,0,6400
200,5,15,16,0.064549,-62.577009,0,0.067382,-60.441674,0,3200
200,5,17,18,0.064549,-62.577009,0,0.065165,-61.942573,0,3600
200,5,19,20,0.064549,-62.577009,0,0.064592,-62.427936,0,4000
200,5,21,22,0.064549,-62.577009,0,0.064536,-62.569240,0,4400
200,5,23,24,0.064549,-62.577009,0,0.064547,-62.595528,0,4800
200,5,25,26,0.064549,-62.577009,0,0.064549,-62.577570,0,5200
200,5,27,28,0.064549,-62.577009,0,0.064549,-62.577176,0,5600
200,5,31,32,0.064549,-62.577009,0,0.064549,-62.576984,0,6400
200,10,15,16,0.085535,-66.169145,0,0.089806,-61.114305,0,3200
200,10,17,18,0.085535,-66.169145,0,0.085867,-64.749711,0,3600
200,10,19,20,0.085535,-66.169145,0,0.085621,-65.785612,0,4000
200,10,21,22,0.085535,-66.169145,0,0.085532,-66.097894,0,4400
200,10,23,24,0.085535,-66.169145,0,0.085529,-66.157842,0,4800
200,10,25,26,0.085535,-66.169145,0,0.085536,-66.165314,0,5200
200,10,27,28,0.085535,-66.169145,0,0.085535,-66.168588,0,5600
200,10,31,32,0.085535,-66.169145,0,0.085535,-66.169127,0,6400
200,20,15,16,0.124963,-68.842869,0,0.126333,-64.664844,0,3200
200,20,17,18,0.124963,-68.842869,0,0.125403,-67.611909,0,3600
200,20,19,20,0.124963,-68.842869,0,0.124962,-68.543998,0,4000
200,20,21,22,0.124963,-68.842869,0,0.124972,-68.799564,0,4400
200,20,23,24,0.124963,-68.842869,0,0.124966,-68.825491,0,4800
200,20,25,26,0.124963,-68.842869,0,0.124964,-68.844190,0,5200
200,20,27,28,0.124963,-68.842869,0,0.124963,-68.843237,0,5600
200,20,31,32,0.124963,-68.842869,0,0.124963,-68.842855,0,6400
200,40,15,16,0.173991,-72.006124,0,0.176347,-64.125877,0,3200
200,40,17,18,0.173991,-72.006124,0,0.173953,-69.398061,0,3600
200,40,19,20,0.173991,-72.006124,0,0.174082,-71.332088,0,4000
200,40,21,22,0.173991,-72.006124,0,0.173987,-71.923859,0,4400
200,40,23,24,0.173991,-72.006124,0,0.173996,-72.025214,0,4800
200,40,25,26,0.173991,-72.006124,0,0.173989,-72.003198,0,5200
200,40,27,28,0.173991,-72.006124,0,0.173991,-72.006484,0,5600
200,40,31,32,0.173991,-72.006124,0,0.173991,-72.006199,0,6400
200,80,15,16,0.226745,-75.513481,0,0.229318,-65.988785,0,3200
200,80,17,18,0.226745,-75.513481,0,0.227708,-73.186639,0,3600
200,80,19,20,0.226745,-75.513481,0,0.226775,-74.861577,0,4000
200,80,21,22,0.226745,-75.513481,0,0.226766,-75.442711,0,4400
200,80,23,24,0.226745,-75.513481,0,0.226754,-75.499187,0,4800
200,80,25,26,0.226745,-75.513481,0,0.226744,-75.513301,0,5200
200,80,27,28,0.226745,-75.513481,0,0.226745,-75.514309,0,5600
200,80,31,32,0.226745,-75.513481,0,0.226745,-75.513350,0,6400
200,160,15,16,0.298614,-79.005810,0,0.301844,-67.089460,0,3200
200,160,17,18,0.298614,-79.005810,0,0.298636,-74.736069,0,3600
200,160,19,20,0.298614,-79.005810,0,0.298697,-77.947959,0,4000
200,160,21,22,0.298614,-79.005810,0,0.298656,-78.940498,0,4400
200,160,23,24,0.298614,-79.005810,0,0.298615,-79.033872,0,4800
200,160,25,26,0.298614,-79.005810,0,0.298612,-79.013076,0,5200
200,160,27,28,0.298614,-79.005810,0,0.298614,-79.006766,0,5600
200,160,31,32,0.298614,-79.005810,0,0.298614,-79.006122,0,6400
201,1,15,16,0.027096,-56.174434,0,0.033286,-54.580079,0,3216
201,1,17,18,0.027096,-56.174434,0,0.027562,-55.828307,0,3618
201,1,19,20,0.027096,-56.174434,0,0.027155,-56.132688,0,4020
201,1,21,22,0.027096,-56.174434,0,0.027104,-56.162083,0,4422
201,1,23,24,0.027096,-56.174434,0,0.027084,-56.174261,0,4824
201,1,25,26,0.027096,-56.174434,0,0.027098,-56.175527,0,5226
201,1,27,28,0.027096,-56.174434,0,0.027096,-56.174536,0,5628
201,1,31,32,0.027096,-56.174434,0,0.027096,-56.174450,0,6432
201,2,15,16,0.040320,-58.529355,0,0.045335,-56.436760,0,3216
201,2,17,18,0.040320,-58.529355,0,0.040972,-58.114045,0,3618
201,2,19,20,0.040320,-58.529355,0,0.040455,-58.516817,0,4020
201,2,21,22,0.040320,-58.529355,0,0.040368,-58.531434,0,4422
201,2,23,24,0.040320,-58.529355,0,0.040322,-58.530281,0,4824
201,2,25,26,0.040320,-58.529355,0,0.040321,-58.530037,0,5226
201,2,27,28,0.040320,-58.529355,0,0.040320,-58.529328,0,5628
201,2,31,32,0.040320,-58.529355,0,0.040320,-58.529355,0,6432
201,5,15,16,0.063821,-62.633240,0,0.068115,-59.943571,0,3216
201,5,17,18,0.063821,-62.633240,0,0.064567,-61.733715,0,3618
201,5,19,20,0.063821,-62.633240,0,0.063860,-62.517329,0,4020
201,5,21,22,0.063821,-62.633240,0,0.063829,-62.617848,0,4422
201,5,23,24,0.063821,-62.633240,0,0.063815,-62.635248,0,4824
201,5,25,26,0.063821,-62.633240,0,0.063821,-62.634743,0,5226
201,5,27,28,0.063821,-62.633240,0,0.063822,-62.633018,0,5628
201,5,31,32,0.063821,-62.633240,0,0.063822,-62.633224,0,6432
201,10,15,16,0.084661,-66.270492,0,0.088507,-62.176756,0,3216
201,10,17,18,0.084661,-66.270492,0,0.084949,-65.128728,0,3618
201,10,19,20,0.084661,-66.270492,0,0.084626,-66.043291,0,4020
201,10,21,22,0.084661,-66.270492,0,0.084666,-66.199104,0,4422
201,10,23,24,0.084661,-66.270492,0,0.084667,-66.263085,0,4824
201,10,25,26,0.084661,-66.270492,0,0.084662,-66.270801,0,5226
201,10,27,28,0.084661,-66.270492,0,0.084661,-66.270711,0,5628
201,10,31,32,0.084661,-66.270492,0,0.084661,-66.270544,0,6432
201,20,15,16,0.119297,-69.242460,0,0.123033,-64.788147,0,3216
201,20,17,18,0.119297,-69.242460,0,0.120145,-67.692873,0,3618
201,20,19,20,0.119297,-69.242460,0,0.119494,-68.721452,0,4020
201,20,21,22,0.119297,-69.242460,0,0.119306,-69.194944,0,4422
201,20,23,24,0.119297,-69.242460,0,0.119297,-69.231646,0,4824
201,20,25,26,0.119297,-69.242460,0,0.119297,-69.244426,0,5226
201,20,27,28,0.119297,-69.242460,0,0.119297,-69.242117,0,5628
201,20,31,32,0.119297,-69.242460,0,0.119297,-69.242476,0,6432
201,40,15,16,0.169381,-72.212295,0,0.173209,-65.453551,0,3216
201,40,17,18,0.169381,-72.212295,0,0.170148,-70.588233,0,3618
201,40,19,20,0.169381,-72.212295,0,0.169471,-71.688461,0,4020
201,40,21,22,0.169381,-72.212295,0,0.169405,-72.138856,0,4422
201,40,23,24,0.169381,-72.212295,0,0.169381,-72.239659,0,4824
201,40,25,26,0.169381,-72.212295,0,0.169379,-72.208697,0,5226
201,40,27,28,0.169381,-72.212295,0,0.169381,-72.212546,0,5628
201,40,31,32,0.169381,-72.212295,0,0.169381,-72.212283,0,6432
201,80,15,16,0.225560,-75.585063,0,0.226629,-67.084975,0,3216
201,80,17,18,0.225560,-75.585063,0,0.226198,-72.856425,0,3618
201,80,19,20,0.225560,-75.585063,0,0.225577,-75.002431,0,4020
201,80,21,22,0.225560,-75.585063,0,0.225555,-75.527880,0,4422
201,80,23,24,0.225560,-75.585063,0,0.225562,-75.544526,0,4824
201,80,25,26,0.225560,-75.585063,0,0.225559,-75.599676,0,5226
201,80,27,28,0.225560,-75.585063,0,0.225560,-75.583785,0,5628
201,80,31,32,0.225560,-75.585063,0,0.225560,-75.585049,0,6432
201,160,15,16,0.286575,-79.371998,0,0.290192,-66.190717,0,3216
201,160,17,18,0.286575,-79.371998,0,0.287270,-75.431876,0,3618
201,160,19,20,0.286575,-79.371998,0,0.286512,-78.521627,0,4020
201,160,21,22,0.286575,-79.371998,0,0.286575,-79.433255,0,4422
201,160,23,24,0.286575,-79.371998,0,0.286567,-79.338375,0,4824
201,160,25,26,0.286575,-79.371998,0,0.286575,-79.374498,0,5226
201,160,27,28,0.286575,-79.371998,0,0.286575,-79.375074,0,5628
201,160,31,32,0.286575,-79.371998,0,0.286575,-79.371951,0,6432
202,1,15,16,0.026665,-56.295382,0,0.029511,-54.723014,0,3232
202,1,17,18,0.026665,-56.295382,0,0.027191,-56.048338,0,3636
202,1,19,20,0.026665,-56.295382,0,0.026771,-56.211262,0,4040
202,1,21,22,0.026665,-56.295382,0,0.026612,-56.323283,0,4444
202,1,23,24,0.026665,-56.295382,0,0.026662,-56.293582,0,4848
202,1,25,26,0.026665,-56.295382,0,0.026667,-56.295104,0,5252
202,1,27,28,0.026665,-56.295382,0,0.026665,-56.295259,0,5656
202,1,31,32,0.026665,-56.295382,0,0.026665,-56.295386,0,6464
202,2,15,16,0.038530,-58.920208,0,0.042052,-57.282324,0,3232
202,2,17,18,0.038530,-58.920208,0,0.039172,-58.527008,0,3636
202,2,19,20,0.038530,-58.920208,0,0.038555,-58.946642,0,4040
202,2,21,22,0.038530,-58.920208,0,0.038540,-58.918352,0,4444
202,2,23,24,0.038530,-58.920208,0,0.038526,-58.929171,0,4848
202,2,25,26,0.038530,-58.920208,0,0.038530,-58.920076,0,5252
202,2,27,28,0.038530,-58.920208,0,0.038530,-58.920215,0,5656
202,2,31,32,0.038530,-58.920208,0,0.038530,-58.920201,0,6464
202,5,15,16,0.062707,-62.792286,0,0.064281,-59.816571,0,3232
202,5,17,18,0.062707,-62.792286,0,0.063400,-61.916802,0,3636
202,5,19,20,0.062707,-62.792286,0,0.062817,-62.633655,0,4040
202,5,21,22,0.062707,-62.792286,0,0.062772,-62.775898,0,4444
202,5,23,24,0.062707,-62.792286,0,0.062704,-62.790619,0,4848
202,5,25,26,0.062707,-62.792286,0,0.062706,-62.792953,0,5252
202,5,27,28,0.062707,-62.792286,0,0.062707,-62.791662,0,5656
202,5,31,32,0.062707,-62.792286,0,0.062707,-62.792293,0,6464
202,10,15,16,0.084618,-66.273474,0,0.087874,-59.591552,0,3232
202,10,17,18,0.084618,-66.273474,0,0.084638,-64.923149,0,3636
202,10,19,20,0.084618,-66.273474,0,0.084554,-65.998976,0,4040
202,10,21,22,0.084618,-66.273474,0,0.084645,-66.205623,0,4444
202,10,23,24,0.084618,-66.273474,0,0.084617,-66.278018,0,4848
202,10,25,26,0.084618,-66.273474,0,0.084618,-66.272450,0,5252
202,10,27,28,0.084618,-66.273474,0,0.084618,-66.272917,0,5656
202,10,31,32,0.084618,-66.273474,0,0.084618,-66.273464,0,6464
202,20,15,16,0.113391,-69.661023,0,0.118898,-64.419768,0,3232
202,20,17,18,0.113391,-69.661023,0,0.114067,-67.916060,0,3636
202,20,19,20,0.113391,-69.661023,0,0.113452,-69.331300,0,4040
202,20,21,22,0.113391,-69.661023,0,0.113388,-69.646694,0,4444
202,20,23,24,0.113391,-69.661023,0,0.113398,-69.661911,0,4848
202,20,25,26,0.113391,-69.661023,0,0.113391,-69.661456,0,5252
202,20,27,28,0.113391,-69.661023,0,0.113390,-69.662070,0,5656
202,20,31,32,0.113391,-69.661023,0,0.113391,-69.660982,0,6464
202,40,15,16,0.163621,-72.486076,0,0.166590,-65.469319,0,3232
202,40,17,18,0.163621,-72.486076,0,0.164148,-69.961150,0,3636
202,40,19,20,0.163621,-72.486076,0,0.163529,-72.075849,0,4040
202,40,21,22,0.163621,-72.486076,0,0.163653,-72.425079,0,4444
202,40,23,24,0.163621,-72.486076,0,0.163632,-72.439272,0,4848
202,40,25,26,0.163621,-72.486076,0,0.163622,-72.487007,0,5252
202,40,27,28,0.163621,-72.486076,0,0.163620,-72.486615,0,5656
202,40,31,32,0.163621,-72.486076,0,0.163621,-72.486020,0,6464
202,80,15,16,0.222737,-75.678423,0,0.226202,-66.669745,0,3232
202,80,17,18,0.222737,-75.678423,0,0.223424,-71.980823,0,3636
202,80,19,20,0.222737,-75.678423,0,0.222741,-74.997474,0,4040
202,80,21,22,0.222737,-75.678423,0,0.222721,-75.644242,0,4444
202,80,23,24,0.222737,-75.678423,0,0.222741,-75.662996,0,4848
202,80,25,26,0.222737,-75.678423,0,0.222735,-75.690223,0,5252
202,80,27,28,0.222737,-75.678423,0,0.222737,-75.677849,0,5656
202,80,31,32,0.222737,-75.678423,0,0.222737,-75.678549,0,6464
202,160,15,16,0.286912,-79.361158,0,0.292404,-67.193088,0,3232
202,160,17,18,0.286912,-79.361158,0,0.287293,-75.418432,0,3636
202,160,19,20,0.286912,-79.361158,0,0.286914,-78.120721,0,4040
202,160,21,22,0.286912,-79.361158,0,0.286943,-79.216622,0,4444
202,160,23,24,0.286912,-79.361158,0,0.286908,-79.330279,0,4848
202,160,25,26,0.286912,-79.361158,0,0.286912,-79.366390,0,5252
202,160,27,28,0.286912,-79.361158,0,0.286912,-79.361270,0,5656
202,160,31,32,0.286912,-79.361158,0,0.286912,-79.361149,0,6464
203,1,15,16,0.026524,-56.301673,0,0.029369,-54.845350,0,3248
203,1,17,18,0.026524,-56.301673,0,0.027237,-55.952114,0,3654
203,1,19,20,0.026524,-56.301673,0,0.026585,-56.292926,0,4060
203,1,21,22,0.026524,-56.301673,0,0.026562,-56.314376,0,4466
203,1,23,24,0.026524,-56.301673,0,0.026528,-56.301876,0,4872
203,1,25,26,0.026524,-56.301673,0,0.026522,-56.301550,0,5278
203,1,27,28,0.026524,-56.301673,0,0.026523,-56.301947,0,5684
203,1,31,32,0.026524,-56.301673,0,0.026524,-56.301670,0,6496
203,2,15,16,0.036845,-59.391157,0,0.038309,-57.597552,0,3248
203,2,17,18,0.036845,-59.391157,0,0.037255,-59.040034,0,3654
203,2,19,20,0.036845,-59.391157,0,0.036919,-59.438745,0,4060
203,2,21,22,0.036845,-59.391157,0,0.036865,-59.411939,0,4466
203,2,23,24,0.036845,-59.391157,0,0.036848,-59.384949,0,4872
203,2,25,26,0.036845,-59.391157,0,0.036844,-59.391004,0,5278
203,2,27,28,0.036845,-59.391157,0,0.036844,-59.390988,0,5684
203,2,31,32,0.036845,-59.391157,0,0.036845,-59.391145,0,6496
203,5,15,16,0.061129,-63.020990,0,0.065977,-59.662647,0,3248
203,5,17,18,0.061129,-63.020990,0,0.061716,-62.124675,0,3654
203,5,19,20,0.061129,-63.020990,0,0.061163,-62.859190,0,4060
203,5,21,22,0.061129,-63.020990,0,0.061140,-62.993263,0,4466
203,5,23,24,0.061129,-63.020990,0,0.061138,-63.022973,0,4872
203,5,25,26,0.061129,-63.020990,0,0.061127,-63.020165,0,5278
203,5,27,28,0.061129,-63.020990,0,0.061129,-63.020997,0,5684
203,5,31,32,0.061129,-63.020990,0,0.061129,-63.020945,0,6496
203,10,15,16,0.083953,-66.316437,0,0.087262,-61.418700,0,3248
203,10,17,18,0.083953,-66.316437,0,0.084360,-65.183895,0,3654
203,10,19,20,0.083953,-66.316437,0,0.084016,-66.066280,0,4060
203,10,21,22,0.083953,-66.316437,0,0.083946,-66.232836,0,4466
203,10,23,24,0.083953,-66.316437,0,0.083947,-66.308017,0,4872
203,10,25,26,0.083953,-66.316437,0,0.083953,-66.314847,0,5278
203,10,27,28,0.083953,-66.316437,0,0.083953,-66.316247,0,5684
203,10,31,32,0.083953,-66.316437,0,0.083953,-66.316455,0,6496
203,20,15,16,0.109587,-69.998080,0,0.113562,-64.086710,0,3248
203,20,17,18,0.109587,-69.998080,0,0.110050,-68.082720,0,3654
203,20,19,20,0.109587,-69.998080,0,0.109739,-69.641185,0,4060
203,20,21,22,0.109587,-69.998080,0,0.109601,-69.945704,0,4466
203,20,23,24,0.109587,-69.998080,0,0.109589,-69.973067,0,4872
203,20,25,26,0.109587,-69.998080,0,0.109590,-70.001802,0,5278
203,20,27,28,0.109587,-69.998080,0,0.109587,-70.000153,0,5684
203,20,31,32,0.109587,-69.998080,0,0.109587,-69.998086,0,6496
203,40,15,16,0.156985,-72.848991,0,0.159639,-66.177215,0,3248
203,40,17,18,0.156985,-72.848991,0,0.157364,-70.572535,0,3654
203,40,19,20,0.156985,-72.848991,0,0.157010,-72.087340,0,4060
203,40,21,22,0.156985,-72.848991,0,0.156980,-72.657166,0,4466
203,40,23,24,0.156985,-72.848991,0,0.156986,-72.831857,0,4872
203,40,25,26,0.156985,-72.848991,0,0.156983,-72.859579,0,5278
203,40,27,28,0.156985,-72.848991,0,0.156984,-72.848440,0,5684
203,40,31,32,0.156985,-72.848991,0,0.156985,-72.848966,0,6496
203,80,15,16,0.218818,-75.876395,0,0.221439,-66.875863,0,3248
203,80,17,18,0.218818,-75.876395,0,0.219439,-72.794425,0,3654
203,80,19,20,0.218818,-75.876395,0,0.218819,-75.079047,0,4060
203,80,21,22,0.218818,-75.876395,0,0.218762,-75.753688,0,4466
203,80,23,24,0.218818,-75.876395,0,0.218824,-75.886829,0,4872
203,80,25,26,0.218818,-75.876395,0,0.218821,-75.868321,0,5278
203,80,27,28,0.218818,-75.876395,0,0.218817,-75.876881,0,5684
203,80,31,32,0.218818,-75.876395,0,0.218818,-75.876527,0,6496
203,160,15,16,0.285902,-79.348221,0,0.288482,-66.799561,0,3248
203,160,17,18,0.285902,-79.348221,0,0.286036,-74.554442,0,3654
203,160,19,20,0.285902,-79.348221,0,0.285907,-78.317299,0,4060
203,160,21,22,0.285902,-79.348221,0,0.285871,-79.412959,0,4466
203,160,23,24,0.285902,-79.348221,0,0.285913,-79.365807,0,4872
203,160,25,26,0.285902,-79.348221,0,0.285901,-79.353575,0,5278
203,160,27,28,0.285902,-79.348221,0,0.285903,-79.346080,0,5684
203,160,31,32,0.285902,-79.348221,0,0.285902,-79.348093,0,6496
204,1,15,16,0.026375,-56.344066,0,0.028685,-54.851391,0,3264
204,1,17,18,0.026375,-56.344066,0,0.026875,-56.046090,0,3672
204,1,19,20,0.026375,-56.344066,0,0.026430,-56.303939,0,4080
204,1,21,22,0.026375,-56.344066,0,0.026411,-56.338027,0,4488
204,1,23,24,0.026375,-56.344066,0,0.026370,-56.348139,0,4896
204,1,25,26,0.026375,-56.344066,0,0.026375,-56.343494,0,5304
204,1,27,28,0.026375,-56.344066,0,0.026375,-56.344104,0,5712
204,1,31,32,0.026375,-56.344066,0,0.026375,-56.344053,0,6528
204,2,15,16,0.035388,-59.777057,0,0.038298,-57.711590,0,3264
204,2,17,18,0.035388,-59.777057,0,0.035973,-59.308224,0,3672
204,2,19,20,0.035388,-59.777057,0,0.035399,-59.746964,0,4080
204,2,21,22,0.035388,-59.777057,0,0.035429,-59.765861,0,4488
204,2,23,24,0.035388,-59.777057,0,0.035376,-59.783562,0,4896
204,2,25,26,0.035388,-59.777057,0,0.035387,-59.776534,0,5304
204,2,27,28,0.035388,-59.777057,0,0.035388,-59.777682,0,5712
204,2,31,32,0.035388,-59.777057,0,0.035388,-59.777057,0,6528
204,5,15,16,0.059007,-63.349385,0,0.062399,-60.451759,0,3264
204,5,17,18,0.059007,-63.349385,0,0.059921,-62.528556,0,3672
204,5,19,20,0.059007,-63.349385,0,0.059051,-63.148058,0,4080
204,5,21,22,0.059007,-63.349385,0,0.058983,-63.296796,0,4488
204,5,23,24,0.059007,-63.349385,0,0.059014,-63.341013,0,4896
204,5,25,26,0.059007,-63.349385,0,0.059006,-63.347774,0,5304
204,5,27,28,0.059007,-63.349385,0,0.059007,-63.349919,0,5712
204,5,31,32,0.059007,-63.349385,0,0.059007,-63.349399,0,6528
204,10,15,16,0.082872,-66.432471,0,0.086205,-62.223678,0,3264
204,10,17,18,0.082872,-66.432471,0,0.083789,-65.176037,0,3672
204,10,19,20,0.082872,-66.432471,0,0.082941,-66.144018,0,4080
204,10,21,22,0.082872,-66.432471,0,0.082875,-66.377473,0,4488
204,10,23,24,0.082872,-66.432471,0,0.082873,-66.422511,0,4896
204,10,25,26,0.082872,-66.432471,0,0.082871,-66.434517,0,5304
204,10,27,28,0.082872,-66.432471,0,0.082873,-66.432509,0,5712
204,10,31,32,0.082872,-66.432471,0,0.082872,-66.432465,0,6528
204,20,15,16,0.109687,-69.988526,0,0.113165,-63.666802,0,3264
204,20,17,18,0.109687,-69.988526,0,0.110797,-68.661266,0,3672
204,20,19,20,0.109687,-69.988526,0,0.109772,-69.656184,0,4080
204,20,21,22,0.109687,-69.988526,0,0.109718,-69.957871,0,4488
204,20,23,24,0.109687,-69.988526,0,0.109692,-69.982203,0,4896
204,20,25,26,0.109687,-69.988526,0,0.109688,-69.987858,0,5304
204,20,27,28,0.109687,-69.988526,0,0.109686,-69.988908,0,5712
204,20,31,32,0.109687,-69.988526,0,0.109687,-69.988418,0,6528
204,40,15,16,0.149431,-73.237785,0,0.152823,-66.453648,0,3264
204,40,17,18,0.149431,-73.237785,0,0.149867,-70.844257,0,3672
204,40,19,20,0.149431,-73.237785,0,0.149417,-72.445871,0,4080
204,40,21,22,0.149431,-73.237785,0,0.149464,-73.115216,0,4488
204,40,23,24,0.149431,-73.237785,0,0.149429,-73.253559,0,4896
204,40,25,26,0.149431,-73.237785,0,0.149433,-73.233276,0,5304
204,40,27,28,0.149431,-73.237785,0,0.149431,-73.238498,0,5712
204,40,31,32,0.149431,-73.237785,0,0.149431,-73.237723,0,6528
204,80,15,16,0.212269,-76.100521,0,0.216339,-65.997363,0,3264
204,80,17,18,0.212269,-76.100521,0,0.212492,-73.260984,0,3672
204,80,19,20,0.212269,-76.100521,0,0.212212,-75.147335,0,4080
204,80,21,22,0.212269,-76.100521,0,0.212235,-76.025128,0,4488
204,80,23,24,0.212269,-76.100521,0,0.212274,-76.092866,0,4896
204,80,25,26,0.212269,-76.100521,0,0.212268,-76.104546,0,5304
204,80,27,28,0.212269,-76.100521,0,0.212269,-76.097910,0,5712
204,80,31,32,0.212269,-76.100521,0,0.212269,-76.100556,0,6528
204,160,15,16,0.283676,-79.430984,0,0.287818,-68.417819,0,3264
204,160,17,18,0.283676,-79.430984,0,0.283684,-75.184602,0,3672
204,160,19,20,0.283676,-79.430984,0,0.283698,-78.432664,0,4080
204,160,21,22,0.283676,-79.430984,0,0.283667,-79.357874,0,4488
204,160,23,24,0.283676,-79.430984,0,0.283685,-79.400553,0,4896
204,160,25,26,0.283676,-79.430984,0,0.283677,-79.410110,0,5304
204,160,27,28,0.283676,-79.430984,0,0.283675,-79.430157,0,5712
204,160,31,32,0.283676,-79.430984,0,0.283676,-79.430725,0,6528
205,1,15,16,0.026048,-56.455316,0,0.029107,-54.618957,0,3280
205,1,17,18,0.026048,-56.455316,0,0.027209,-56.034494,0,3690
205,1,19,20,0.026048,-56.455316,0,0.026194,-56.384875,0,4100
205,1,21,22,0.026048,-56.455316,0,0.026049,-56.448161,0,4510
205,1,23,24,0.026048,-56.455316,0,0.026054,-56.455169,0,4920
205,1,25,26,0.026048,-56.455316,0,0.026050,-56.455733,0,5330
205,1,27,28,0.026048,-56.455316,0,0.026048,-56.455311,0,5740
205,1,31,32,0.026048,-56.455316,0,0.026048,-56.455325,0,6560
205,2,15,16,0.035237,-59.728775,0,0.038121,-57.770166,0,3280
205,2,17,18,0.035237,-59.728775,0,0.035990,-59.250640,0,3690
205,2,19,20,0.035237,-59.728775,0,0.035341,-59.725790,0,4100
205,2,21,22,0.035237,-59.728775,0,0.035230,-59.739903,0,4510
205,2,23,24,0.035237,-59.728775,0,0.035235,-59.726780,0,4920
205,2,25,26,0.035237,-59.728775,0,0.035238,-59.730581,0,5330
205,2,27,28,0.035237,-59.728775,0,0.035237,-59.728751,0,5740
205,2,31,32,0.035237,-59.728775,0,0.035237,-59.728775,0,6560
205,5,15,16,0.056497,-63.724079,0,0.059320,-60.188405,0,3280
205,5,17,18,0.056497,-63.724079,0,0.057072,-62.988463,0,3690
205,5,19,20,0.056497,-63.724079,0,0.056448,-63.483578,0,4100
205,5,21,22,0.056497,-63.724079,0,0.056500,-63.683444,0,4510
205,5,23,24,0.056497,-63.724079,0,0.056498,-63.714768,0,4920
205,5,25,26,0.056497,-63.724079,0,0.056497,-63.723872,0,5330
205,5,27,28,0.056497,-63.724079,0,0.056497,-63.723997,0,5740
205,5,31,32,0.056497,-63.724079,0,0.056497,-63.724049,0,6560
205,10,15,16,0.081033,-66.614423,0,0.084495,-61.740715,0,3280
205,10,17,18,0.081033,-66.614423,0,0.081437,-65.432916,0,3690
205,10,19,20,0.081033,-66.614423,0,0.081091,-66.274736,0,4100
205,10,21,22,0.081033,-66.614423,0,0.081035,-66.573174,0,4510
205,10,23,24,0.081033,-66.614423,0,0.081028,-66.600348,0,4920
205,10,25,26,0.081033,-66.614423,0,0.081036,-66.613378,0,5330
205,10,27,28,0.081033,-66.614423,0,0.081033,-66.613184,0,5740
205,10,31,32,0.081033,-66.614423,0,0.081034,-66.614496,0,6560
205,20,15,16,0.109183,-70.013822,0,0.112949,-64.419805,0,3280
205,20,17,18,0.109183,-70.013822,0,0.109677,-67.866082,0,3690
205,20,19,20,0.109183,-70.013822,0,0.109209,-69.650383,0,4100
205,20,21,22,0.109183,-70.013822,0,0.109192,-69.955753,0,4510
205,20,23,24,0.109183,-70.013822,0,0.109184,-70.014976,0,4920
205,20,25,26,0.109183,-70.013822,0,0.109183,-70.008578,0,5330
205,20,27,28,0.109183,-70.013822,0,0.109183,-70.015106,0,5740
205,20,31,32,0.109183,-70.013822,0,0.109183,-70.013897,0,6560
205,40,15,16,0.141956,-73.685827,0,0.144960,-65.327675,0,3280
205,40,17,18,0.141956,-73.685827,0,0.142246,-71.114292,0,3690
205,40,19,20,0.141956,-73.685827,0,0.142133,-72.883052,0,4100
205,40,21,22,0.141956,-73.685827,0,0.141949,-73.626397,0,4510
205,40,23,24,0.141956,-73.685827,0,0.141956,-73.660127,0,4920
205,40,25,26,0.141956,-73.685827,0,0.141956,-73.695568,0,5330
205,40,27,28,0.141956,-73.685827,0,0.141957,-73.685652,0,5740
205,40,31,32,0.141956,-73.685827,0,0.141956,-73.685721,0,6560
205,80,15,16,0.204087,-76.416987,0,0.208679,-66.893399,0,3280
205,80,17,18,0.204087,-76.416987,0,0.204198,-73.051640,0,3690
205,80,19,20,0.204087,-76.416987,0,0.204114,-75.533117,0,4100
205,80,21,22,0.204087,-76.416987,0,0.204143,-76.320769,0,4510
205,80,23,24,0.204087,-76.416987,0,0.204089,-76.444814,0,4920
205,80,25,26,0.204087,-76.416987,0,0.204086,-76.419348,0,5330
205,80,27,28,0.204087,-76.416987,0,0.204087,-76.420706,0,5740
205,80,31,32,0.204087,-76.416987,0,0.204087,-76.416945,0,6560
205,160,15,16,0.279278,-79.559987,0,0.282960,-67.281149,0,3280
205,160,17,18,0.279278,-79.559987,0,0.280018,-74.708187,0,3690
205,160,19,20,0.279278,-79.559987,0,0.279272,-78.376283,0,4100
205,160,21,22,0.279278,-79.559987,0,0.279251,-79.553775,0,4510
205,160,23,24,0.279278,-79.559987,0,0.279274,-79.581461,0,4920
205,160,25,26,0.279278,-79.559987,0,0.279275,-79.539603,0,5330
205,160,27,28,0.279278,-79.559987,0,0.279279,-79.560053,0,5740
205,160,31,32,0.279278,-79.559987,0,0.279278,-79.559979,0,6560
206,1,15,16,0.025506,-56.630523,0,0.028953,-55.222370,0,3296
206,1,17,18,0.025506,-56.630523,0,0.026414,-56.224812,0,3708
206,1,19,20,0.025506,-56.630523,0,0.025608,-56.609019,0,4120
206,1,21,22,0.025506,-56.630523,0,0.025493,-56.639839,0,4532
206,1,23,24,0.025506,-56.630523,0,0.025511,-56.631027,0,4944
206,1,25,26,0.025506,-56.630523,0,0.025505,-56.631048,0,5356
206,1,27,28,0.025506,-56.630523,0,0.025506,-56.630728,0,5768
206,1,31,32,0.025506,-56.630523,0,0.025506,-56.630509,0,6592
206,2,15,16,0.035146,-59.753372,0,0.038981,-57.360332,0,3296
206,2,17,18,0.035146,-59.753372,0,0.035655,-59.142301,0,3708
206,2,19,20,0.035146,-59.753372,0,0.035269,-59.757730,0,4120
206,2,21,22,0.035146,-59.753372,0,0.035126,-59.759884,0,4532
206,2,23,24,0.035146,-59.753372,0,0.035158,-59.754447,0,4944
206,2,25,26,0.035146,-59.753372,0,0.035147,-59.753324,0,5356
206,2,27,28,0.035146,-59.753372,0,0.035146,-59.753648,0,5768
206,2,31,32,0.035146,-59.753372,0,0.035146,-59.753349,0,6592
206,5,15,16,0.053849,-64.127138,0,0.056329,-60.093744,0,3296
206,5,17,18,0.053849,-64.127138,0,0.054696,-62.839281,0,3708
206,5,19,20,0.053849,-64.127138,0,0.053970,-63.929128,0,4120
206,5,21,22,0.053849,-64.127138,0,0.053870,-64.115085,0,4532
206,5,23,24,0.053849,-64.127138,0,0.053853,-64.128999,0,4944
206,5,25,26,0.053849,-64.127138,0,0.053850,-64.128796,0,5356
206,5,27,28,0.053849,-64.127138,0,0.053848,-64.128082,0,5768
206,5,31,32,0.053849,-64.127138,0,0.053849,-64.127155,0,6592
206,10,15,16,0.078539,-66.876818,0,0.082604,-62.672528,0,3296
206,10,17,18,0.078539,-66.876818,0,0.079275,-65.262186,0,3708
206,10,19,20,0.078539,-66.876818,0,0.078553,-66.583941,0,4120
206,10,21,22,0.078539,-66.876818,0,0.078522,-66.831204,0,4532
206,10,23,24,0.078539,-66.876818,0,0.078544,-66.869049,0,4944
206,10,25,26,0.078539,-66.876818,0,0.078539,-66.878257,0,5356
206,10,27,28,0.078539,-66.876818,0,0.078539,-66.876865,0,5768
206,10,31,32,0.078539,-66.876818,0,0.078539,-66.876867,0,6592
206,20,15,16,0.108135,-70.081090,0,0.111067,-64.583058,0,3296
206,20,17,18,0.108135,-70.081090,0,0.108329,-68.395680,0,3708
206,20,19,20,0.108135,-70.081090,0,0.108190,-69.697097,0,4120
206,20,21,22,0.108135,-70.081090,0,0.108132,-69.992857,0,4532
206,20,23,24,0.108135,-70.081090,0,0.108139,-70.065256,0,4944
206,20,25,26,0.108135,-70.081090,0,0.108133,-70.085511,0,5356
206,20,27,28,0.108135,-70.081090,0,0.108135,-70.080146,0,5768
206,20,31,32,0.108135,-70.081090,0,0.108135,-70.081054,0,6592
206,40,15,16,0.140731,-73.761407,0,0.142431,-65.881359,0,3296
206,40,17,18,0.140731,-73.761407,0,0.141034,-71.417680,0,3708
206,40,19,20,0.140731,-73.761407,0,0.140744,-72.952128,0,4120
206,40,21,22,0.140731,-73.761407,0,0.140756,-73.644167,0,4532
206,40,23,24,0.140731,-73.761407,0,0.140734,-73.766747,0,4944
206,40,25,26,0.140731,-73.761407,0,0.140729,-73.760775,0,5356
206,40,27,28,0.140731,-73.761407,0,0.140731,-73.761722,0,5768
206,40,31,32,0.140731,-73.761407,0,0.140731,-73.761454,0,6592
206,80,15,16,0.194783,-76.774117,0,0.197644,-66.519642,0,3296
206,80,17,18,0.194783,-76.774117,0,0.195193,-73.456764,0,3708
206,80,19,20,0.194783,-76.774117,0,0.194846,-75.988009,0,4120
206,80,21,22,0.194783,-76.774117,0,0.194781,-76.848329,0,4532
206,80,23,24,0.194783,-76.774117,0,0.194787,-76.755144,0,4944
206,80,25,26,0.194783,-76.774117,0,0.194781,-76.781267,0,5356
206,80,27,28,0.194783,-76.774117,0,0.194783,-76.773535,0,5768
206,80,31,32,0.194783,-76.774117,0,0.194783,-76.773931,0,6592
206,160,15,16,0.272511,-79.807349,0,0.274434,-65.570153,0,3296
206,160,17,18,0.272511,-79.807349,0,0.273267,-75.009881,0,3708
206,160,19,20,0.272511,-79.807349,0,0.272511,-79.031658,0,4120
206,160,21,22,0.272511,-79.807349,0,0.272474,-79.632763,0,4532
206,160,23,24,0.272511,-79.807349,0,0.272520,-79.765214,0,4944
206,160,25,26,0.272511,-79.807349,0,0.272512,-79.804598,0,5356
206,160,27,28,0.272511,-79.807349,0,0.272512,-79.807209,0,5768
206,160,31,32,0.272511,-79.807349,0,0.272511,-79.807528,0,6592
207,1,15,16,0.024695,-56.896111,0,0.027107,-55.486005,0,3312
207,1,17,18,0.024695,-56.896111,0,0.025596,-56.467277,0,3726
207,1,19,20,0.024695,-56.896111,0,0.024728,-56.834041,0,4140
207,1,21,22,0.024695,-56.896111,0,0.024717,-56.916918,0,4554
207,1,23,24,0.024695,-56.896111,0,0.024704,-56.895655,0,4968
207,1,25,26,0.024695,-56.896111,0,0.024698,-56.897334,0,5382
207,1,27,28,0.024695,-56.896111,0,0.024694,-56.896251,0,5796
207,1,31,32,0.024695,-56.896111,0,0.024695,-56.896111,0,6624
207,2,15,16,0.034803,-59.806242,0,0.038327,-57.427737,0,3312
207,2,17,18,0.034803,-59.806242,0,0.035416,-59.152239,0,3726
207,2,19,20,0.034803,-59.806242,0,0.034926,-59.805701,0,4140
207,2,21,22,0.034803,-59.806242,0,0.034827,-59.815079,0,4554
207,2,23,24,0.034803,-59.806242,0,0.034811,-59.804802,0,4968
207,2,25,26,0.034803,-59.806242,0,0.034802,-59.806905,0,5382
207,2,27,28,0.034803,-59.806242,0,0.034803,-59.806481,0,5796
207,2,31,32,0.034803,-59.806242,0,0.034803,-59.806260,0,6624
207,5,15,16,0.051085,-64.603938,0,0.054322,-61.340849,0,3312
207,5,17,18,0.051085,-64.603938,0,0.051627,-63.076323,0,3726
207,5,19,20,0.051085,-64.603938,0,0.051196,-64.405399,0,4140
207,5,21,22,0.051085,-64.603938,0,0.051099,-64.570257,0,4554
207,5,23,24,0.051085,-64.603938,0,0.051083,-64.594609,0,4968
207,5,25,26,0.051085,-64.603938,0,0.051083,-64.605567,0,5382
207,5,27,28,0.051085,-64.603938,0,0.051085,-64.603508,0,5796
207,5,31,32,0.051085,-64.603938,0,0.051085,-64.603911,0,6624
207,10,15,16,0.075553,-67.229356,0,0.079526,-62.298321,0,3312
207,10,17,18,0.075553,-67.229356,0,0.075996,-65.679337,0,3726
207,10,19,20,0.075553,-67.229356,0,0.075489,-66.860687,0,4140
207,10,21,22,0.075553,-67.229356,0,0.075569,-67.148195,0,4554
207,10,23,24,0.075553,-67.229356,0,0.075540,-67.220574,0,4968
207,10,25,26,0.075553,-67.229356,0,0.075553,-67.227300,0,5382
207,10,27,28,0.075553,-67.229356,0,0.075553,-67.229794,0,5796
207,10,31,32,0.075553,-67.229356,0,0.075553,-67.229359,0,6624
207,20,15,16,0.106214,-70.242914,0,0.110614,-64.111328,0,3312
207,20,17,18,0.106214,-70.242914,0,0.106655,-68.725686,0,3726
207,20,19,20,0.106214,-70.242914,0,0.106286,-69.632098,0,4140
207,20,21,22,0.106214,-70.242914,0,0.106187,-70.178488,0,4554
207,20,23,24,0.106214,-70.242914,0,0.106215,-70.245483,0,4968
207,20,25,26,0.106214,-70.242914,0,0.106214,-70.239983,0,5382
207,20,27,28,0.106214,-70.242914,0,0.106214,-70.243955,0,5796
207,20,31,32,0.106214,-70.242914,0,0.106214,-70.242934,0,6624
207,40,15,16,0.140756,-73.793986,0,0.142366,-66.566578,0,3312
207,40,17,18,0.140756,-73.793986,0,0.141223,-71.515921,0,3726
207,40,19,20,0.140756,-73.793986,0,0.140748,-73.182566,0,4140
207,40,21,22,0.140756,-73.793986,0,0.140725,-73.761738,0,4554
207,40,23,24,0.140756,-73.793986,0,0.140746,-73.772500,0,4968
207,40,25,26,0.140756,-73.793986,0,0.140759,-73.787374,0,5382
207,40,27,28,0.140756,-73.793986,0,0.140756,-73.794752,0,5796
207,40,31,32,0.140756,-73.793986,0,0.140756,-73.794010,0,6624
207,80,15,16,0.184935,-77.199866,0,0.187420,-66.926437,0,3312
207,80,17,18,0.184935,-77.199866,0,0.185781,-73.395602,0,3726
207,80,19,20,0.184935,-77.199866,0,0.185053,-76.142493,0,4140
207,80,21,22,0.184935,-77.199866,0,0.184924,-77.247137,0,4554
207,80,23,24,0.184935,-77.199866,0,0.184931,-77.187654,0,4968
207,80,25,26,0.184935,-77.199866,0,0.184936,-77.207422,0,5382
207,80,27,28,0.184935,-77.199866,0,0.184935,-77.199703,0,5796
207,80,31,32,0.184935,-77.199866,0,0.184935,-77.199748,0,6624
207,160,15,16,0.263461,-80.097566,1,0.267181,-66.401771,0,3312
207,160,17,18,0.263461,-80.097566,1,0.263784,-75.907038,0,3726
207,160,19,20,0.263461,-80.097566,1,0.263387,-79.006895,0,4140
207,160,21,22,0.263461,-80.097566,1,0.263471,-80.071167,1,4554
207,160,23,24,0.263461,-80.097566,1,0.263460,-80.036231,1,4968
207,160,25,26,0.263461,-80.097566,1,0.263459,-80.092662,1,5382
207,160,27,28,0.263461,-80.097566,1,0.263461,-80.103069,1,5796
207,160,31,32,0.263461,-80.097566,1,0.263461,-80.097616,1,6624
208,1,15,16,0.023730,-57.213568,0,0.027076,-55.806588,0,3328
208,1,17,18,0.023730,-57.213568,0,0.024819,-56.760333,0,3744
208,1,19,20,0.023730,-57.213568,0,0.023923,-57.124315,0,4160
208,1,21,22,0.023730,-57.213568,0,0.023759,-57.213205,0,4576
208,1,23,24,0.023730,-57.213568,0,0.023729,-57.216637,0,4992
208,1,25,26,0.023730,-57.213568,0,0.023729,-57.214811,0,5408
208,1,27,28,0.023730,-57.213568,0,0.023730,-57.213365,0,5824
208,1,31,32,0.023730,-57.213568,0,0.023730,-57.213562,0,6656
208,2,15,16,0.034190,-59.965260,0,0.037680,-58.183689,0,3328
208,2,17,18,0.034190,-59.965260,0,0.035367,-59.436218,0,3744
208,2,19,20,0.034190,-59.965260,0,0.034337,-59.951486,0,4160
208,2,21,22,0.034190,-59.965260,0,0.034205,-59.953566,0,4576
208,2,23,24,0.034190,-59.965260,0,0.034191,-59.972701,0,4992
208,2,25,26,0.034190,-59.965260,0,0.034192,-59.966602,0,5408
208,2,27,28,0.034190,-59.965260,0,0.034191,-59.965188,0,5824
208,2,31,32,0.034190,-59.965260,0,0.034190,-59.965268,0,6656
208,5,15,16,0.051007,-64.628813,0,0.053554,-60.646972,0,3328
208,5,17,18,0.051007,-64.628813,0,0.051571,-63.679053,0,3744
208,5,19,20,0.051007,-64.628813,0,0.051050,-64.455009,0,4160
208,5,21,22,0.051007,-64.628813,0,0.051029,-64.592566,0,4576
208,5,23,24,0.051007,-64.628813,0,0.051011,-64.626204,0,4992
208,5,25,26,0.051007,-64.628813,0,0.051007,-64.626035,0,5408
208,5,27,28,0.051007,-64.628813,0,0.051008,-64.628365,0,5824
208,5,31,32,0.051007,-64.628813,0,0.051007,-64.628805,0,6656
208,10,15,16,0.072067,-67.636490,0,0.076390,-62.132106,0,3328
208,10,17,18,0.072067,-67.636490,0,0.072410,-66.011386,0,3744
208,10,19,20,0.072067,-67.636490,0,0.072196,-67.360392,0,4160
208,10,21,22,0.072067,-67.636490,0,0.072088,-67.527263,0,4576
208,10,23,24,0.072067,-67.636490,0,0.072067,-67.628641,0,4992
208,10,25,26,0.072067,-67.636490,0,0.072067,-67.635356,0,5408
208,10,27,28,0.072067,-67.636490,0,0.072067,-67.636116,0,5824
208,10,31,32,0.072067,-67.636490,0,0.072067,-67.636541,0,6656
208,20,15,16,0.103362,-70.443787,0,0.106187,-64.342230,0,3328
208,20,17,18,0.103362,-70.443787,0,0.104060,-68.786372,0,3744
208,20,19,20,0.103362,-70.443787,0,0.103401,-70.006237,0,4160
208,20,21,22,0.103362,-70.443787,0,0.103391,-70.436065,0,4576
208,20,23,24,0.103362,-70.443787,0,0.103362,-70.452747,0,4992
208,20,25,26,0.103362,-70.443787,0,0.103362,-70.445086,0,5408
208,20,27,28,0.103362,-70.443787,0,0.103362,-70.443532,0,5824
208,20,31,32,0.103362,-70.443787,0,0.103362,-70.443792,0,6656
208,40,15,16,0.139829,-73.840254,0,0.142951,-65.240801,0,3328
208,40,17,18,0.139829,-73.840254,0,0.139801,-70.956728,0,3744
208,40,19,20,0.139829,-73.840254,0,0.139729,-73.163314,0,4160
208,40,21,22,0.139829,-73.840254,0,0.139852,-73.823425,0,4576
208,40,23,24,0.139829,-73.840254,0,0.139834,-73.865120,0,4992
208,40,25,26,0.139829,-73.840254,0,0.139828,-73.846858,0,5408
208,40,27,28,0.139829,-73.840254,0,0.139828,-73.841683,0,5824
208,40,31,32,0.139829,-73.840254,0,0.139829,-73.840203,0,6656
208,80,15,16,0.178900,-77.463348,0,0.181703,-66.885338,0,3328
208,80,17,18,0.178900,-77.463348,0,0.179520,-73.901319,0,3744
208,80,19,20,0.178900,-77.463348,0,0.178867,-76.703434,0,4160
208,80,21,22,0.178900,-77.463348,0,0.178931,-77.340825,0,4576
208,80,23,24,0.178900,-77.463348,0,0.178890,-77.433689,0,4992
208,80,25,26,0.178900,-77.463348,0,0.178901,-77.453799,0,5408
208,80,27,28,0.178900,-77.463348,0,0.178900,-77.463468,0,5824
208,80,31,32,0.178900,-77.463348,0,0.178900,-77.463380,0,6656
208,160,15,16,0.252553,-80.490689,1,0.256119,-69.295818,0,3328
208,160,17,18,0.252553,-80.490689,1,0.252879,-75.755119,0,3744
208,160,19,20,0.252553,-80.490689,1,0.252537,-79.200194,0,4160
208,160,21,22,0.252553,-80.490689,1,0.252549,-80.225455,1,4576
208,160,23,24,0.252553,-80.490689,1,0.252548,-80.475745,1,4992
208,160,25,26,0.252553,-80.490689,1,0.252555,-80.501366,1,5408
208,160,27,28,0.252553,-80.490689,1,0.252553,-80.493322,1,5824
208,160,31,32,0.252553,-80.490689,1,0.252553,-80.490635,1,6656
209,1,15,16,0.022724,-57.619964,0,0.026849,-55.659759,0,3344
209,1,17,18,0.022724,-57.619964,0,0.023445,-57.248820,0,3762
209,1,19,20,0.022724,-57.619964,0,0.022696,-57.549348,0,4180
209,1,21,22,0.022724,-57.619964,0,0.022754,-57.609052,0,4598
209,1,23,24,0.022724,-57.619964,0,0.022724,-57.620759,0,5016
209,1,25,26,0.022724,-57.619964,0,0.022721,-57.618897,0,5434
209,1,27,28,0.022724,-57.619964,0,0.022724,-57.619919,0,5852
209,1,31,32,0.022724,-57.619964,0,0.022724,-57.619961,0,6688
209,2,15,16,0.033288,-60.194324,0,0.037523,-58.180391,0,3344
209,2,17,18,0.033288,-60.194324,0,0.034483,-59.553623,0,3762
209,2,19,20,0.033288,-60.194324,0,0.033513,-60.187432,0,4180
209,2,21,22,0.033288,-60.194324,0,0.033279,-60.166390,0,4598
209,2,23,24,0.033288,-60.194324,0,0.033280,-60.195353,0,5016
209,2,25,26,0.033288,-60.194324,0,0.033288,-60.192945,0,5434
209,2,27,28,0.033288,-60.194324,0,0.033288,-60.193641,0,5852
209,2,31,32,0.033288,-60.194324,0,0.033288,-60.194326,0,6688
209,5,15,16,0.050772,-64.603787,0,0.053911,-61.259147,0,3344
209,5,17,18,0.050772,-64.603787,0,0.051549,-63.750270,0,3762
209,5,19,20,0.050772,-64.603787,0,0.050902,-64.302932,0,4180
209,5,21,22,0.050772,-64.603787,0,0.050813,-64.551849,0,4598
209,5,23,24,0.050772,-64.603787,0,0.050773,-64.604320,0,5016
209,5,25,26,0.050772,-64.603787,0,0.050770,-64.603569,0,5434
209,5,27,28,0.050772,-64.603787,0,0.050772,-64.604092,0,5852
209,5,31,32,0.050772,-64.603787,0,0.050772,-64.603803,0,6688
209,10,15,16,0.068735,-68.102872,0,0.071469,-62.620970,0,3344
209,10,17,18,0.068735,-68.102872,0,0.069078,-66.258103,0,3762
209,10,19,20,0.068735,-68.102872,0,0.068796,-67.703023,0,4180
209,10,21,22,0.068735,-68.102872,0,0.068744,-68.014631,0,4598
209,10,23,24,0.068735,-68.102872,0,0.068736,-68.089034,0,5016
209,10,25,26,0.068735,-68.102872,0,0.068736,-68.102686,0,5434
209,10,27,28,0.068735,-68.102872,0,0.068735,-68.102303,0,5852
209,10,31,32,0.068735,-68.102872,0,0.068735,-68.102898,0,6688
209,20,15,16,0.099789,-70.754973,0,0.101803,-64.668521,0,3344
209,20,17,18,0.099789,-70.754973,0,0.100497,-68.884596,0,3762
209,20,19,20,0.099789,-70.754973,0,0.099914,-70.452938,0,4180
209,20,21,22,0.099789,-70.754973,0,0.099754,-70.633773,0,4598
209,20,23,24,0.099789,-70.754973,0,0.099797,-70.760156,0,5016
209,20,25,26,0.099789,-70.754973,0,0.099787,-70.753077,0,5434
209,20,27,28,0.099789,-70.754973,0,0.099790,-70.755744,0,5852
209,20,31,32,0.099789,-70.754973,0,0.099789,-70.754963,0,6688
209,40,15,16,0.137826,-73.958825,0,0.141528,-66.137426,0,3344
209,40,17,18,0.137826,-73.958825,0,0.138363,-70.524868,0,3762
209,40,19,20,0.137826,-73.958825,0,0.137906,-73.308509,0,4180
209,40,21,22,0.137826,-73.958825,0,0.137826,-73.823341,0,4598
209,40,23,24,0.137826,-73.958825,0,0.137817,-73.945097,0,5016
209,40,25,26,0.137826,-73.958825,0,0.137826,-73.964990,0,5434
209,40,27,28,0.137826,-73.958825,0,0.137826,-73.959606,0,5852
209,40,31,32,0.137826,-73.958825,0,0.137826,-73.958910,0,6688
209,80,15,16,0.179222,-77.502409,0,0.183699,-66.611635,0,3344
209,80,17,18,0.179222,-77.502409,0,0.179436,-74.496809,0,3762
209,80,19,20,0.179222,-77.502409,0,0.179162,-76.623422,0,4180
209,80,21,22,0.179222,-77.502409,0,0.179215,-77.334289,0,4598
209,80,23,24,0.179222,-77.502409,0,0.179217,-77.530245,0,5016
209,80,25,26,0.179222,-77.502409,0,0.179223,-77.497872,0,5434
209,80,27,28,0.179222,-77.502409,0,0.179222,-77.499897,0,5852
209,80,31,32,0.179222,-77.502409,0,0.179222,-77.502424,0,6688
209,160,15,16,0.241073,-80.916791,1,0.244673,-67.126409,0,3344
209,160,17,18,0.241073,-80.916791,1,0.241366,-75.869116,0,3762
209,160,19,20,0.241073,-80.916791,1,0.241042,-79.358350,0,4180
209,160,21,22,0.241073,-80.916791,1,0.241070,-80.828992,1,4598
209,160,23,24,0.241073,-80.916791,1,0.241082,-80.882555,1,5016
209,160,25,26,0.241073,-80.916791,1,0.241075,-80.912940,1,5434
209,160,27,28,0.241073,-80.916791,1,0.241073,-80.914652,1,5852
209,160,31,32,0.241073,-80.916791,1,0.241073,-80.916702,1,6688
210,1,15,16,0.021600,-58.036014,0,0.023581,-56.442536,0,3360
210,1,17,18,0.021600,-58.036014,0,0.022219,-57.534661,0,3780
210,1,19,20,0.021600,-58.036014,0,0.021742,-58.032053,0,4200
210,1,21,22,0.021600,-58.036014,0,0.021579,-58.048629,0,4620
210,1,23,24,0.021600,-58.036014,0,0.021601,-58.032784,0,5040
210,1,25,26,0.021600,-58.036014,0,0.021599,-58.036765,0,5460
210,1,27,28,0.021600,-58.036014,0,0.021600,-58.035797,0,5880
210,1,31,32,0.021600,-58.036014,0,0.021600,-58.036018,0,6720
210,2,15,16,0.032197,-60.528143,0,0.034480,-58.115141,0,3360
210,2,17,18,0.032197,-60.528143,0,0.033190,-60.197133,0,3780
210,2,19,20,0.032197,-60.528143,0,0.032271,-60.491191,0,4200
210,2,21,22,0.032197,-60.528143,0,0.032195,-60.549591,0,4620
210,2,23,24,0.032197,-60.528143,0,0.032208,-60.528587,0,5040
210,2,25,26,0.032197,-60.528143,0,0.032196,-60.526142,0,5460
210,2,27,28,0.032197,-60.528143,0,0.032196,-60.528638,0,5880
210,2,31,32,0.032197,-60.528143,0,0.032197,-60.528158,0,6720
210,5,15,16,0.050440,-64.661111,0,0.055209,-61.311271,0,3360
210,5,17,18,0.050440,-64.661111,0,0.051356,-63.805185,0,3780
210,5,19,20,0.050440,-64.661111,0,0.050738,-64.446785,0,4200
210,5,21,22,0.050440,-64.661111,0,0.050448,-64.612377,0,4620
210,5,23,24,0.050440,-64.661111,0,0.050437,-64.667148,0,5040
210,5,25,26,0.050440,-64.661111,0,0.050441,-64.659764,0,5460
210,5,27,28,0.050440,-64.661111,0,0.050439,-64.661676,0,5880
210,5,31,32,0.050440,-64.661111,0,0.050440,-64.661098,0,6720
210,10,15,16,0.066680,-68.346655,0,0.070045,-63.509494,0,3360
210,10,17,18,0.066680,-68.346655,0,0.067103,-65.906429,0,3780
210,10,19,20,0.066680,-68.346655,0,0.066695,-68.002127,0,4200
210,10,21,22,0.066680,-68.346655,0,0.066666,-68.275012,0,4620
210,10,23,24,0.066680,-68.346655,0,0.066668,-68.328625,0,5040
210,10,25,26,0.066680,-68.346655,0,0.066679,-68.343931,0,5460
210,10,27,28,0.066680,-68.346655,0,0.066679,-68.347355,0,5880
210,10,31,32,0.066680,-68.346655,0,0.066680,-68.346574,0,6720
210,20,15,16,0.095583,-71.180329,0,0.098496,-64.287022,0,3360
210,20,17,18,0.095583,-71.180329,0,0.096420,-68.365954,0,3780
210,20,19,20,0.095583,-71.180329,0,0.095720,-70.718036,0,4200
210,20,21,22,0.095583,-71.180329,0,0.095566,-71.068188,0,4620
210,20,23,24,0.095583,-71.180329,0,0.095575,-71.159997,0,5040
210,20,25,26,0.095583,-71.180329,0,0.095582,-71.179815,0,5460
210,20,27,28,0.095583,-71.180329,0,0.095584,-71.180274,0,5880
210,20,31,32,0.095583,-71.180329,0,0.095583,-71.180392,0,6720
210,40,15,16,0.134960,-74.136182,0,0.138952,-65.394387,0,3360
210,40,17,18,0.134960,-74.136182,0,0.135611,-71.041725,0,3780
210,40,19,20,0.134960,-74.136182,0,0.134967,-73.575121,0,4200
210,40,21,22,0.134960,-74.136182,0,0.134964,-74.076725,0,4620
210,40,23,24,0.134960,-74.136182,0,0.134961,-74.160531,0,5040
210,40,25,26,0.134960,-74.136182,0,0.134962,-74.127759,0,5460
210,40,27,28,0.134960,-74.136182,0,0.134960,-74.135953,0,5880
210,40,31,32,0.134960,-74.136182,0,0.134960,-74.136123,0,6720
210,80,15,16,0.178645,-77.524901,0,0.180486,-66.571755,0,3360
210,80,17,18,0.178645,-77.524901,0,0.179063,-74.227562,0,3780
210,80,19,20,0.178645,-77.524901,0,0.178659,-76.718284,0,4200
210,80,21,22,0.178645,-77.524901,0,0.178670,-77.507782,0,4620
210,80,23,24,0.178645,-77.524901,0,0.178642,-77.547562,0,5040
210,80,25,26,0.178645,-77.524901,0,0.178644,-77.519880,0,5460
210,80,27,28,0.178645,-77.524901,0,0.178644,-77.524408,0,5880
210,80,31,32,0.178645,-77.524901,0,0.178645,-77.524734,0,6720
210,160,15,16,0.228962,-81.410207,1,0.230271,-68.604635,0,3360
210,160,17,18,0.228962,-81.410207,1,0.229473,-75.621432,0,3780
210,160,19,20,0.228962,-81.410207,1,0.228873,-79.645958,0,4200
210,160,21,22,0.228962,-81.410207,1,0.228974,-81.241197,1,4620
210,160,23,24,0.228962,-81.410207,1,0.228961,-81.386777,1,5040
210,160,25,26,0.228962,-81.410207,1,0.228960,-81.411036,1,5460
210,160,27,28,0.228962,-81.410207,1,0.228962,-81.410806,1,5880
210,160,31,32,0.228962,-81.410207,1,0.228962,-81.410448,1,6720
211,1,15,16,0.020914,-58.316323,0,0.025325,-56.266072,0,3376
211,1,17,18,0.020914,-58.316323,0,0.021743,-57.990232,0,3798
211,1,19,20,0.020914,-58.316323,0,0.020882,-58.243560,0,4220
211,1,21,22,0.020914,-58.316323,0,0.020944,-58.328919,0,4642
211,1,23,24,0.020914,-58.316323,0,0.020910,-58.319075,0,5064
211,1,25,26,0.020914,-58.316323,0,0.020913,-58.317231,0,5486
211,1,27,28,0.020914,-58.316323,0,0.020913,-58.316490,0,5908
211,1,31,32,0.020914,-58.316323,0,0.020914,-58.316300,0,6752
211,2,15,16,0.030917,-60.922958,0,0.033777,-58.429358,0,3376
211,2,17,18,0.030917,-60.922958,0,0.031462,-60.368774,0,3798
211,2,19,20,0.030917,-60.922958,0,0.030990,-60.856775,0,4220
211,2,21,22,0.030917,-60.922958,0,0.030904,-60.902733,0,4642
211,2,23,24,0.030917,-60.922958,0,0.030924,-60.921975,0,5064
211,2,25,26,0.030917,-60.922958,0,0.030917,-60.921000,0,5486
211,2,27,28,0.030917,-60.922958,0,0.030917,-60.923232,0,5908
211,2,31,32,0.030917,-60.922958,0,0.030917,-60.922977,0,6752
211,5,15,16,0.049758,-64.796520,0,0.053330,-61.167809,0,3376
211,5,17,18,0.049758,-64.796520,0,0.050535,-63.743859,0,3798
211,5,19,20,0.049758,-64.796520,0,0.049820,-64.666230,0,4220
211,5,21,22,0.049758,-64.796520,0,0.049791,-64.779230,0,4642
211,5,23,24,0.049758,-64.796520,0,0.049762,-64.804644,0,5064
211,5,25,26,0.049758,-64.796520,0,0.049759,-64.794486,0,5486
211,5,27,28,0.049758,-64.796520,0,0.049759,-64.795795,0,5908
211,5,31,32,0.049758,-64.796520,0,0.049758,-64.796468,0,6752
211,10,15,16,0.066555,-68.337816,0,0.069440,-63.720781,0,3376
211,10,17,18,0.066555,-68.337816,0,0.066930,-66.952432,0,3798
211,10,19,20,0.066555,-68.337816,0,0.066613,-68.015254,0,4220
211,10,21,22,0.066555,-68.337816,0,0.066612,-68.254553,0,4642
211,10,23,24,0.066555,-68.337816,0,0.066557,-68.317359,0,5064
211,10,25,26,0.066555,-68.337816,0,0.066556,-68.333877,0,5486
211,10,27,28,0.066555,-68.337816,0,0.066555,-68.337234,0,5908
211,10,31,32,0.066555,-68.337816,0,0.066555,-68.337842,0,6752
211,20,15,16,0.091192,-71.625499,0,0.093053,-63.132450,0,3376
211,20,17,18,0.091192,-71.625499,0,0.091441,-69.521623,0,3798
211,20,19,20,0.091192,-71.625499,0,0.091032,-71.090749,0,4220
211,20,21,22,0.091192,-71.625499,0,0.091187,-71.509607,0,4642
211,20,23,24,0.091192,-71.625499,0,0.091204,-71.621765,0,5064
211,20,25,26,0.091192,-71.625499,0,0.091193,-71.623359,0,5486
211,20,27,28,0.091192,-71.625499,0,0.091191,-71.626362,0,5908
211,20,31,32,0.091192,-71.625499,0,0.091192,-71.625480,0,6752
211,40,15,16,0.130794,-74.396621,0,0.132100,-64.221748,0,3376
211,40,17,18,0.130794,-74.396621,0,0.131421,-71.555303,0,3798
211,40,19,20,0.130794,-74.396621,0,0.130887,-73.630053,0,4220
211,40,21,22,0.130794,-74.396621,0,0.130805,-74.232136,0,4642
211,40,23,24,0.130794,-74.396621,0,0.130794,-74.434970,0,5064
211,40,25,26,0.130794,-74.396621,0,0.130794,-74.395114,0,5486
211,40,27,28,0.130794,-74.396621,0,0.130795,-74.396126,0,5908
211,40,31,32,0.130794,-74.396621,0,0.130794,-74.396712,0,6752
211,80,15,16,0.176958,-77.625785,0,0.179628,-66.963699,0,3376
211,80,17,18,0.176958,-77.625785,0,0.177477,-74.615769,0,3798
211,80,19,20,0.176958,-77.625785,0,0.177011,-76.696798,0,4220
211,80,21,22,0.176958,-77.625785,0,0.176967,-77.611561,0,4642
211,80,23,24,0.176958,-77.625785,0,0.176958,-77.604496,0,5064
211,80,25,26,0.176958,-77.625785,0,0.176959,-77.624544,0,5486
211,80,27,28,0.176958,-77.625785,0,0.176959,-77.627906,0,5908
211,80,31,32,0.176958,-77.625785,0,0.176958,-77.625895,0,6752
211,160,15,16,0.227366,-81.450729,1,0.231702,-66.948393,0,3376
211,160,17,18,0.227366,-81.450729,1,0.227943,-75.459211,0,3798
211,160,19,20,0.227366,-81.450729,1,0.227453,-80.149639,1,4220
211,160,21,22,0.227366,-81.450729,1,0.227376,-81.223163,1,4642
211,160,23,24,0.227366,-81.450729,1,0.227360,-81.316800,1,5064
211,160,25,26,0.227366,-81.450729,1,0.227365,-81.452947,1,5486
211,160,27,28,0.227366,-81.450729,1,0.227366,-81.453310,1,5908
211,160,31,32,0.227366,-81.450729,1,0.227366,-81.450764,1,6752
212,1,15,16,0.020929,-58.310528,0,0.025129,-56.029540,0,3392
212,1,17,18,0.020929,-58.310528,0,0.021454,-57.676540,0,3816
212,1,19,20,0.020929,-58.310528,0,0.021019,-58.316160,0,4240
212,1,21,22,0.020929,-58.310528,0,0.020928,-58.313848,0,4664
212,1,23,24,0.020929,-58.310528,0,0.020931,-58.308719,0,5088
212,1,25,26,0.020929,-58.310528,0,0.020929,-58.311682,0,5512
212,1,27,28,0.020929,-58.310528,0,0.020929,-58.310023,0,5936
212,1,31,32,0.020929,-58.310528,0,0.020929,-58.310517,0,6784
212,2,15,16,0.029484,-61.382302,0,0.032818,-58.415595,0,3392
212,2,17,18,0.029484,-61.382302,0,0.030062,-60.718173,0,3816
212,2,19,20,0.029484,-61.382302,0,0.029576,-61.272615,0,4240
212,2,21,22,0.029484,-61.382302,0,0.029464,-61.355989,0,4664
212,2,23,24,0.029484,-61.382302,0,0.029490,-61.385104,0,5088
212,2,25,26,0.029484,-61.382302,0,0.029483,-61.383170,0,5512
212,2,27,28,0.029484,-61.382302,0,0.029484,-61.382109,0,5936
212,2,31,32,0.029484,-61.382302,0,0.029484,-61.382313,0,6784
212,5,15,16,0.048634,-64.995077,0,0.050743,-61.905133,0,3392
212,5,17,18,0.048634,-64.995077,0,0.049185,-63.800936,0,3816
212,5,19,20,0.048634,-64.995077,0,0.048649,-64.857176,0,4240
212,5,21,22,0.048634,-64.995077,0,0.048667,-64.967383,0,4664
212,5,23,24,0.048634,-64.995077,0,0.048629,-64.994006,0,5088
212,5,25,26,0.048634,-64.995077,0,0.048633,-64.994380,0,5512
212,5,27,28,0.048634,-64.995077,0,0.048634,-64.995163,0,5936
212,5,31,32,0.048634,-64.995077,0,0.048634,-64.995071,0,6784
212,10,15,16,0.066274,-68.363657,0,0.069435,-63.395313,0,3392
212,10,17,18,0.066274,-68.363657,0,0.066895,-67.175694,0,3816
212,10,19,20,0.066274,-68.363657,0,0.066390,-67.912602,0,4240
212,10,21,22,0.066274,-68.363657,0,0.066307,-68.271852,0,4664
212,10,23,24,0.066274,-68.363657,0,0.066275,-68.361934,0,5088
212,10,25,26,0.066274,-68.363657,0,0.066276,-68.362277,0,5512
212,10,27,28,0.066274,-68.363657,0,0.066273,-68.363641,0,5936
212,10,31,32,0.066274,-68.363657,0,0.066274,-68.363678,0,6784
212,20,15,16,0.086618,-72.062035,0,0.088563,-63.061775,0,3392
212,20,17,18,0.086618,-72.062035,0,0.087137,-69.091707,0,3816
212,20,19,20,0.086618,-72.062035,0,0.086731,-71.522208,0,4240
212,20,21,22,0.086618,-72.062035,0,0.086618,-71.994547,0,4664
212,20,23,24,0.086618,-72.062035,0,0.086621,-72.064033,0,5088
212,20,25,26,0.086618,-72.062035,0,0.086616,-72.066097,0,5512
212,20,27,28,0.086618,-72.062035,0,0.086618,-72.063923,0,5936
212,20,31,32,0.086618,-72.062035,0,0.086618,-72.062000,0,6784
212,40,15,16,0.125705,-74.708971,0,0.129455,-65.628880,0,3392
212,40,17,18,0.125705,-74.708971,0,0.126107,-71.148579,0,3816
212,40,19,20,0.125705,-74.708971,0,0.125673,-74.067909,0,4240
212,40,21,22,0.125705,-74.708971,0,0.125729,-74.669152,0,4664
212,40,23,24,0.125705,-74.708971,0,0.125699,-74.699650,0,5088
212,40,25,26,0.125705,-74.708971,0,0.125708,-74.709341,0,5512
212,40,27,28,0.125705,-74.708971,0,0.125705,-74.709947,0,5936
212,40,31,32,0.125705,-74.708971,0,0.125705,-74.709003,0,6784
212,80,15,16,0.173636,-77.758027,0,0.177369,-67.126665,0,3392
212,80,17,18,0.173636,-77.758027,0,0.173942,-73.914797,0,3816
212,80,19,20,0.173636,-77.758027,0,0.173788,-76.699829,0,4240
212,80,21,22,0.173636,-77.758027,0,0.173616,-77.784350,0,4664
212,80,23,24,0.173636,-77.758027,0,0.173631,-77.740687,0,5088
212,80,25,26,0.173636,-77.758027,0,0.173634,-77.746159,0,5512
212,80,27,28,0.173636,-77.758027,0,0.173636,-77.755648,0,5936
212,80,31,32,0.173636,-77.758027,0,0.173636,-77.758030,0,6784
212,160,15,16,0.227162,-81.458371,1,0.230731,-67.739856,0,3392
212,160,17,18,0.227162,-81.458371,1,0.227907,-75.867779,0,3816
212,160,19,20,0.227162,-81.458371,1,0.227258,-80.205198,1,4240
212,160,21,22,0.227162,-81.458371,1,0.227130,-81.311053,1,4664
212,160,23,24,0.227162,-81.458371,1,0.227171,-81.486624,1,5088
212,160,25,26,0.227162,-81.458371,1,0.227162,-81.456253,1,5512
212,160,27,28,0.227162,-81.458371,1,0.227162,-81.455664,1,5936
212,160,31,32,0.227162,-81.458371,1,0.227162,-81.458762,1,6784
213,1,15,16,0.020779,-58.345198,0,0.023953,-55.192926,0,3408
213,1,17,18,0.020779,-58.345198,0,0.022014,-57.813170,0,3834
213,1,19,20,0.020779,-58.345198,0,0.020897,-58.299257,0,4260
213,1,21,22,0.020779,-58.345198,0,0.020786,-58.335597,0,4686
213,1,23,24,0.020779,-58.345198,0,0.020788,-58.346201,0,5112
213,1,25,26,0.020779,-58.345198,0,0.020780,-58.344881,0,5538
213,1,27,28,0.020779,-58.345198,0,0.020779,-58.345467,0,5964
213,1,31,32,0.020779,-58.345198,0,0.020779,-58.345204,0,6816
213,2,15,16,0.027950,-61.849453,0,0.030722,-59.029240,0,3408
213,2,17,18,0.027950,-61.849453,0,0.028534,-60.864876,0,3834
213,2,19,20,0.027950,-61.849453,0,0.028153,-61.583534,0,4260
213,2,21,22,0.027950,-61.849453,0,0.027955,-61.849490,0,4686
213,2,23,24,0.027950,-61.849453,0,0.027945,-61.844117,0,5112
213,2,25,26,0.027950,-61.849453,0,0.027949,-61.851414,0,5538
213,2,27,28,0.027950,-61.849453,0,0.027950,-61.849230,0,5964
213,2,31,32,0.027950,-61.849453,0,0.027950,-61.849449,0,6816
213,5,15,16,0.046997,-65.279524,0,0.050948,-61.450916,0,3408
213,5,17,18,0.046997,-65.279524,0,0.047668,-63.904132,0,3834
213,5,19,20,0.046997,-65.279524,0,0.047140,-65.137713,0,4260
213,5,21,22,0.046997,-65.279524,0,0.047030,-65.207429,0,4686
213,5,23,24,0.046997,-65.279524,0,0.047005,-65.290294,0,5112
213,5,25,26,0.046997,-65.279524,0,0.046996,-65.280938,0,5538
213,5,27,28,0.046997,-65.279524,0,0.046996,-65.279592,0,5964
213,5,31,32,0.046997,-65.279524,0,0.046997,-65.279532,0,6816
213,10,15,16,0.065656,-68.449161,0,0.070659,-63.340361,0,3408
213,10,17,18,0.065656,-68.449161,0,0.066097,-66.274094,0,3834
213,10,19,20,0.065656,-68.449161,0,0.065796,-68.049683,0,4260
213,10,21,22,0.065656,-68.449161,0,0.065650,-68.387532,0,4686
213,10,23,24,0.065656,-68.449161,0,0.065656,-68.424098,0,5112
213,10,25,26,0.065656,-68.449161,0,0.065659,-68.447899,0,5538
213,10,27,28,0.065656,-68.449161,0,0.065656,-68.448512,0,5964
213,10,31,32,0.065656,-68.449161,0,0.065656,-68.449139,0,6816
213,20,15,16,0.086324,-72.076146,0,0.090081,-63.706055,0,3408
213,20,17,18,0.086324,-72.076146,0,0.086901,-70.169501,0,3834
213,20,19,20,0.086324,-72.076146,0,0.086325,-71.532714,0,4260
213,20,21,22,0.086324,-72.076146,0,0.086275,-71.994853,0,4686
213,20,23,24,0.086324,-72.076146,0,0.086324,-72.079576,0,5112
213,20,25,26,0.086324,-72.076146,0,0.086325,-72.074886,0,5538
213,20,27,28,0.086324,-72.076146,0,0.086324,-72.077257,0,5964
213,20,31,32,0.086324,-72.076146,0,0.086324,-72.076053,0,6816
213,40,15,16,0.119930,-75.113525,0,0.122804,-67.122214,0,3408
213,40,17,18,0.119930,-75.113525,0,0.120391,-71.701930,0,3834
213,40,19,20,0.119930,-75.113525,0,0.119992,-74.197816,0,4260
213,40,21,22,0.119930,-75.113525,0,0.119947,-75.070339,0,4686
213,40,23,24,0.119930,-75.113525,0,0.119933,-75.097850,0,5112
213,40,25,26,0.119930,-75.113525,0,0.119927,-75.112444,0,5538
213,40,27,28,0.119930,-75.113525,0,0.119930,-75.112140,0,5964
213,40,31,32,0.119930,-75.113525,0,0.119930,-75.113666,0,6816
213,80,15,16,0.169284,-77.987972,0,0.171831,-66.629398,0,3408
213,80,17,18,0.169284,-77.987972,0,0.169945,-72.524231,0,3834
213,80,19,20,0.169284,-77.987972,0,0.169290,-77.039649,0,4260
213,80,21,22,0.169284,-77.987972,0,0.169263,-77.872314,0,4686
213,80,23,24,0.169284,-77.987972,0,0.169295,-77.938698,0,5112
213,80,25,26,0.169284,-77.987972,0,0.169283,-77.999846,0,5538
213,80,27,28,0.169284,-77.987972,0,0.169284,-77.987015,0,5964
213,80,31,32,0.169284,-77.987972,0,0.169284,-77.988098,0,6816
213,160,15,16,0.225971,-81.486519,1,0.229285,-66.526456,0,3408
213,160,17,18,0.225971,-81.486519,1,0.226330,-76.223179,0,3834
213,160,19,20,0.225971,-81.486519,1,0.225872,-80.081267,1,4260
213,160,21,22,0.225971,-81.486519,1,0.225949,-81.313047,1,4686
213,160,23,24,0.225971,-81.486519,1,0.225977,-81.515829,1,5112
213,160,25,26,0.225971,-81.486519,1,0.225972,-81.490318,1,5538
213,160,27,28,0.225971,-81.486519,1,0.225971,-81.483505,1,5964
213,160,31,32,0.225971,-81.486519,1,0.225971,-81.486800,1,6816
214,1,15,16,0.020563,-58.425023,0,0.022934,-56.239866,0,3424
214,1,17,18,0.020563,-58.425023,0,0.021048,-57.905913,0,3852
214,1,19,20,0.020563,-58.425023,0,0.020771,-58.397333,0,4280
214,1,21,22,0.020563,-58.425023,0,0.020572,-58.422795,0,4708
214,1,23,24,0.020563,-58.425023,0,0.020560,-58.425923,0,5136
214,1,25,26,0.020563,-58.425023,0,0.020561,-58.425928,0,5564
214,1,27,28,0.020563,-58.425023,0,0.020564,-58.424797,0,5992
214,1,31,32,0.020563,-58.425023,0,0.020563,-58.425013,0,6848
214,2,15,16,0.027811,-61.889101,0,0.030829,-58.896827,0,3424
214,2,17,18,0.027811,-61.889101,0,0.028779,-61.272653,0,3852
214,2,19,20,0.027811,-61.889101,0,0.027887,-61.773783,0,4280
214,2,21,22,0.027811,-61.889101,0,0.027808,-61.891158,0,4708
214,2,23,24,0.027811,-61.889101,0,0.027814,-61.900852,0,5136
214,2,25,26,0.027811,-61.889101,0,0.027813,-61.888001,0,5564
214,2,27,28,0.027811,-61.889101,0,0.027811,-61.888767,0,5992
214,2,31,32,0.027811,-61.889101,0,0.027811,-61.889128,0,6848
214,5,15,16,0.045154,-65.678527,0,0.049068,-61.415719,0,3424
214,5,17,18,0.045154,-65.678527,0,0.046221,-64.591332,0,3852
214,5,19,20,0.045154,-65.678527,0,0.045330,-65.426898,0,4280
214,5,21,22,0.045154,-65.678527,0,0.045176,-65.625048,0,4708
214,5,23,24,0.045154,-65.678527,0,0.045158,-65.670034,0,5136
214,5,25,26,0.045154,-65.678527,0,0.045155,-65.678818,0,5564
214,5,27,28,0.045154,-65.678527,0,0.045154,-65.677783,0,5992
214,5,31,32,0.045154,-65.678527,0,0.045154,-65.678506,0,6848
214,10,15,16,0.064403,-68.611586,0,0.069552,-63.656205,0,3424
214,10,17,18,0.064403,-68.611586,0,0.065544,-67.186242,0,3852
214,10,19,20,0.064403,-68.611586,0,0.064533,-68.260272,0,4280
214,10,21,22,0.064403,-68.611586,0,0.064436,-68.503171,0,4708
214,10,23,24,0.064403,-68.611586,0,0.064408,-68.601166,0,5136
214,10,25,26,0.064403,-68.611586,0,0.064403,-68.612084,0,5564
214,10,27,28,0.064403,-68.611586,0,0.064402,-68.611666,0,5992
214,10,31,32,0.064403,-68.611586,0,0.064403,-68.611616,0,6848
214,20,15,16,0.086217,-72.086827,0,0.089679,-65.431925,0,3424
214,20,17,18,0.086217,-72.086827,0,0.086591,-69.230376,0,3852
214,20,19,20,0.086217,-72.086827,0,0.086311,-71.618963,0,4280
214,20,21,22,0.086217,-72.086827,0,0.086196,-72.013834,0,4708
214,20,23,24,0.086217,-72.086827,0,0.086216,-72.063175,0,5136
214,20,25,26,0.086217,-72.086827,0,0.086216,-72.094001,0,5564
214,20,27,28,0.086217,-72.086827,0,0.086217,-72.085693,0,5992
214,20,31,32,0.086217,-72.086827,0,0.086217,-72.086818,0,6848
214,40,15,16,0.114170,-75.525805,0,0.117331,-65.702003,0,3424
214,40,17,18,0.114170,-75.525805,0,0.114545,-72.087608,0,3852
214,40,19,20,0.114170,-75.525805,0,0.114122,-74.895906,0,4280
214,40,21,22,0.114170,-75.525805,0,0.114185,-75.522358,0,4708
214,40,23,24,0.114170,-75.525805,0,0.114172,-75.512378,0,5136
214,40,25,26,0.114170,-75.525805,0,0.114170,-75.517850,0,5564
214,40,27,28,0.114170,-75.525805,0,0.114171,-75.525913,0,5992
214,40,31,32,0.114170,-75.525805,0,0.114170,-75.525737,0,6848
214,80,15,16,0.163396,-78.256643,0,0.166682,-67.936106,0,3424
214,80,17,18,0.163396,-78.256643,0,0.163289,-74.481632,0,3852
214,80,19,20,0.163396,-78.256643,0,0.163468,-77.191946,0,4280
214,80,21,22,0.163396,-78.256643,0,0.163384,-78.180889,0,4708
214,80,23,24,0.163396,-78.256643,0,0.163393,-78.231853,0,5136
214,80,25,26,0.163396,-78.256643,0,0.163395,-78.260035,0,5564
214,80,27,28,0.163396,-78.256643,0,0.163396,-78.258288,0,5992
214,80,31,32,0.163396,-78.256643,0,0.163396,-78.256649,0,6848
214,160,15,16,0.223145,-81.614910,1,0.225063,-67.591325,0,3424
214,160,17,18,0.223145,-81.614910,1,0.224072,-74.629413,0,3852
214,160,19,20,0.223145,-81.614910,1,0.223049,-80.506040,1,4280
214,160,21,22,0.223145,-81.614910,1,0.223081,-81.468144,1,4708
214,160,23,24,0.223145,-81.614910,1,0.223162,-81.688369,1,5136
214,160,25,26,0.223145,-81.614910,1,0.223142,-81.625076,1,5564
214,160,27,28,0.223145,-81.614910,1,0.223146,-81.621039,1,5992
214,160,31,32,0.223145,-81.614910,1,0.223145,-81.614816,1,6848
215,1,15,16,0.020176,-58.589031,0,0.023063,-56.589107,0,3440
215,1,17,18,0.020176,-58.589031,0,0.020643,-58.214233,0,3870
215,1,19,20,0.020176,-58.589031,0,0.020284,-58.572254,0,4300
215,1,21,22,0.020176,-58.589031,0,0.020261,-58.619459,0,4730
215,1,23,24,0.020176,-58.589031,0,0.020185,-58.587135,0,5160
215,1,25,26,0.020176,-58.589031,0,0.020179,-58.590021,0,5590
215,1,27,28,0.020176,-58.589031,0,0.020176,-58.588609,0,6020
215,1,31,32,0.020176,-58.589031,0,0.020176,-58.589006,0,6880
215,2,15,16,0.027702,-61.866753,0,0.031777,-59.550635,0,3440
215,2,17,18,0.027702,-61.866753,0,0.028335,-61.252901,0,3870
215,2,19,20,0.027702,-61.866753,0,0.027933,-61.795930,0,4300
215,2,21,22,0.027702,-61.866753,0,0.027738,-61.907470,0,4730
215,2,23,24,0.027702,-61.866753,0,0.027716,-61.870900,0,5160
215,2,25,26,0.027702,-61.866753,0,0.027701,-61.866225,0,5590
215,2,27,28,0.027702,-61.866753,0,0.027703,-61.867105,0,6020
215,2,31,32,0.027702,-61.866753,0,0.027702,-61.866741,0,6880
215,5,15,16,0.043226,-66.112107,0,0.046877,-62.414594,0,3440
215,5,17,18,0.043226,-66.112107,0,0.043876,-65.032779,0,3870
215,5,19,20,0.043226,-66.112107,0,0.043290,-65.669923,0,4300
215,5,21,22,0.043226,-66.112107,0,0.043193,-66.046923,0,4730
215,5,23,24,0.043226,-66.112107,0,0.043232,-66.101412,0,5160
215,5,25,26,0.043226,-66.112107,0,0.043225,-66.111121,0,5590
215,5,27,28,0.043226,-66.112107,0,0.043225,-66.112362,0,6020
215,5,31,32,0.043226,-66.112107,0,0.043226,-66.112052,0,6880
215,10,15,16,0.062580,-68.856427,0,0.066692,-62.703318,0,3440
215,10,17,18,0.062580,-68.856427,0,0.063402,-67.200982,0,3870
215,10,19,20,0.062580,-68.856427,0,0.062620,-68.272202,0,4300
215,10,21,22,0.062580,-68.856427,0,0.062558,-68.751381,0,4730
215,10,23,24,0.062580,-68.856427,0,0.062582,-68.844763,0,5160
215,10,25,26,0.062580,-68.856427,0,0.062577,-68.855409,0,5590
215,10,27,28,0.062580,-68.856427,0,0.062580,-68.857174,0,6020
215,10,31,32,0.062580,-68.856427,0,0.062580,-68.856434,0,6880
215,20,15,16,0.085532,-72.145019,0,0.087503,-65.030044,0,3440
215,20,17,18,0.085532,-72.145019,0,0.086350,-69.432017,0,3870
215,20,19,20,0.085532,-72.145019,0,0.085526,-71.403109,0,4300
215,20,21,22,0.085532,-72.145019,0,0.085509,-72.062675,0,4730
215,20,23,24,0.085532,-72.145019,0,0.085531,-72.139060,0,5160
215,20,25,26,0.085532,-72.145019,0,0.085532,-72.148134,0,5590
215,20,27,28,0.085532,-72.145019,0,0.085532,-72.143468,0,6020
215,20,31,32,0.085532,-72.145019,0,0.085532,-72.145146,0,6880
215,40,15,16,0.111107,-75.765171,0,0.113570,-65.326020,0,3440
215,40,17,18,0.111107,-75.765171,0,0.111563,-71.702426,0,3870
215,40,19,20,0.111107,-75.765171,0,0.111162,-75.017603,0,4300
215,40,21,22,0.111107,-75.765171,0,0.111110,-75.685646,0,4730
215,40,23,24,0.111107,-75.765171,0,0.111115,-75.764758,0,5160
215,40,25,26,0.111107,-75.765171,0,0.111106,-75.766328,0,5590
215,40,27,28,0.111107,-75.765171,0,0.111108,-75.766288,0,6020
215,40,31,32,0.111107,-75.765171,0,0.111107,-75.765271,0,6880
215,80,15,16,0.156637,-78.621455,0,0.159554,-67.512066,0,3440
215,80,17,18,0.156637,-78.621455,0,0.157122,-73.947524,0,3870
215,80,19,20,0.156637,-78.621455,0,0.156668,-77.706436,0,4300
215,80,21,22,0.156637,-78.621455,0,0.156678,-78.562863,0,4730
215,80,23,24,0.156637,-78.621455,0,0.156633,-78.593291,0,5160
215,80,25,26,0.156637,-78.621455,0,0.156634,-78.627738,0,5590
215,80,27,28,0.156637,-78.621455,0,0.156638,-78.616267,0,6020
215,80,31,32,0.156637,-78.621455,0,0.156637,-78.621504,0,6880
215,160,15,16,0.217991,-81.787164,1,0.223925,-67.011707,0,3440
215,160,17,18,0.217991,-81.787164,1,0.218603,-76.062121,0,3870
215,160,19,20,0.217991,-81.787164,1,0.218034,-80.297821,1,4300
215,160,21,22,0.217991,-81.787164,1,0.217983,-81.517455,1,4730
215,160,23,24,0.217991,-81.787164,1,0.217993,-81.834158,1,5160
215,160,25,26,0.217991,-81.787164,1,0.217990,-81.800503,1,5590
215,160,27,28,0.217991,-81.787164,1,0.217991,-81.787437,1,6020
215,160,31,32,0.217991,-81.787164,1,0.217991,-81.787145,1,6880
216,1,15,16,0.019638,-58.808611,0,0.021399,-57.110620,0,3456
216,1,17,18,0.019638,-58.808611,0,0.020281,-58.415888,0,3888
216,1,19,20,0.019638,-58.808611,0,0.019756,-58.775267,0,4320
216,1,21,22,0.019638,-58.808611,0,0.019659,-58.792004,0,4752
216,1,23,24,0.019638,-58.808611,0,0.019635,-58.804527,0,5184
216,1,25,26,0.019638,-58.808611,0,0.019639,-58.809907,0,5616
216,1,27,28,0.019638,-58.808611,0,0.019638,-58.808534,0,6048
216,1,31,32,0.019638,-58.808611,0,0.019638,-58.808616,0,6912
216,2,15,16,0.027527,-61.928680,0,0.030400,-59.423759,0,3456
216,2,17,18,0.027527,-61.928680,0,0.028266,-61.120521,0,3888
216,2,19,20,0.027527,-61.928680,0,0.027674,-61.808650,0,4320
216,2,21,22,0.027527,-61.928680,0,0.027537,-61.914205,0,4752
216,2,23,24,0.027527,-61.928680,0,0.027540,-61.925434,0,5184
216,2,25,26,0.027527,-61.928680,0,0.027525,-61.927141,0,5616
216,2,27,28,0.027527,-61.928680,0,0.027527,-61.928669,0,6048
216,2,31,32,0.027527,-61.928680,0,0.027527,-61.928649,0,6912
216,5,15,16,0.041086,-66.560898,0,0.043558,-62.199279,0,3456
216,5,17,18,0.041086,-66.560898,0,0.041690,-64.738912,0,3888
216,5,19,20,0.041086,-66.560898,0,0.041158,-66.310201,0,4320
216,5,21,22,0.041086,-66.560898,0,0.041092,-66.498819,0,4752
216,5,23,24,0.041086,-66.560898,0,0.041088,-66.548246,0,5184
216,5,25,26,0.041086,-66.560898,0,0.041088,-66.560200,0,5616
216,5,27,28,0.041086,-66.560898,0,0.041086,-66.560752,0,6048
216,5,31,32,0.041086,-66.560898,0,0.041086,-66.560881,0,6912
216,10,15,16,0.060314,-69.171529,0,0.062755,-63.037065,0,3456
216,10,17,18,0.060314,-69.171529,0,0.060971,-67.534163,0,3888
216,10,19,20,0.060314,-69.171529,0,0.060530,-68.751086,0,4320
216,10,21,22,0.060314,-69.171529,0,0.060314,-69.096547,0,4752
216,10,23,24,0.060314,-69.171529,0,0.060308,-69.148957,0,5184
216,10,25,26,0.060314,-69.171529,0,0.060313,-69.167756,0,5616
216,10,27,28,0.060314,-69.171529,0,0.060315,-69.172245,0,6048
216,10,31,32,0.060314,-69.171529,0,0.060314,-69.171454,0,6912
216,20,15,16,0.084361,-72.271479,0,0.087677,-63.098344,0,3456
216,20,17,18,0.084361,-72.271479,0,0.084797,-69.975618,0,3888
216,20,19,20,0.084361,-72.271479,0,0.084486,-71.703677,0,4320
216,20,21,22,0.084361,-72.271479,0,0.084336,-72.156497,0,4752
216,20,23,24,0.084361,-72.271479,0,0.084356,-72.251645,0,5184
216,20,25,26,0.084361,-72.271479,0,0.084360,-72.269274,0,5616
216,20,27,28,0.084361,-72.271479,0,0.084361,-72.270946,0,6048
216,20,31,32,0.084361,-72.271479,0,0.084361,-72.271462,0,6912
216,40,15,16,0.111162,-75.761849,0,0.114540,-66.689183,0,3456
216,40,17,18,0.111162,-75.761849,0,0.111110,-72.538068,0,3888
216,40,19,20,0.111162,-75.761849,0,0.111318,-75.144842,0,4320
216,40,21,22,0.111162,-75.761849,0,0.111175,-75.682076,0,4752
216,40,23,24,0.111162,-75.761849,0,0.111169,-75.754662,0,5184
216,40,25,26,0.111162,-75.761849,0,0.111165,-75.763585,0,5616
216,40,27,28,0.111162,-75.761849,0,0.111162,-75.758713,0,6048
216,40,31,32,0.111162,-75.761849,0,0.111162,-75.761829,0,6912
216,80,15,16,0.148978,-78.995133,0,0.153885,-67.730402,0,3456
216,80,17,18,0.148978,-78.995133,0,0.149766,-74.239550,0,3888
216,80,19,20,0.148978,-78.995133,0,0.149211,-78.120612,0,4320
216,80,21,22,0.148978,-78.995133,0,0.148974,-78.881039,0,4752
216,80,23,24,0.148978,-78.995133,0,0.148976,-79.031748,0,5184
216,80,25,26,0.148978,-78.995133,0,0.148980,-78.983517,0,5616
216,80,27,28,0.148978,-78.995133,0,0.148977,-78.993512,0,6048
216,80,31,32,0.148978,-78.995133,0,0.148978,-78.995069,0,6912
216,160,15,16,0.211479,-82.083904,1,0.215157,-67.487161,0,3456
216,160,17,18,0.211479,-82.083904,1,0.211843,-77.491870,0,3888
216,160,19,20,0.211479,-82.083904,1,0.211579,-80.206330,1,4320
216,160,21,22,0.211479,-82.083904,1,0.211510,-81.976478,1,4752
216,160,23,24,0.211479,-82.083904,1,0.211481,-82.070636,1,5184
216,160,25,26,0.211479,-82.083904,1,0.211478,-82.087414,1,5616
216,160,27,28,0.211479,-82.083904,1,0.211479,-82.081525,1,6048
216,160,31,32,0.211479,-82.083904,1,0.211479,-82.084360,1,6912
217,1,15,16,0.018917,-59.126962,0,0.023059,-57.329648,0,3472
217,1,17,18,0.018917,-59.126962,0,0.020264,-58.630809,0,3906
217,1,19,20,0.018917,-59.126962,0,0.019044,-59.072799,0,4340
217,1,21,22,0.018917,-59.126962,0,0.018967,-59.115689,0,4774
217,1,23,24,0.018917,-59.126962,0,0.018910,-59.122417,0,5208
217,1,25,26,0.018917,-59.126962,0,0.018918,-59.126705,0,5642
217,1,27,28,0.018917,-59.126962,0,0.018917,-59.127101,0,6076
217,1,31,32,0.018917,-59.126962,0,0.018917,-59.126973,0,6944
217,2,15,16,0.027166,-62.042870,0,0.030938,-58.983665,0,3472
217,2,17,18,0.027166,-62.042870,0,0.027903,-61.454756,0,3906
217,2,19,20,0.027166,-62.042870,0,0.027310,-61.917890,0,4340
217,2,21,22,0.027166,-62.042870,0,0.027164,-62.022596,0,4774
217,2,23,24,0.027166,-62.042870,0,0.027166,-62.043484,0,5208
217,2,25,26,0.027166,-62.042870,0,0.027167,-62.041842,0,5642
217,2,27,28,0.027166,-62.042870,0,0.027165,-62.043563,0,6076
217,2,31,32,0.027166,-62.042870,0,0.027166,-62.042859,0,6944
217,5,15,16,0.040069,-66.712078,0,0.043876,-62.483294,0,3472
217,5,17,18,0.040069,-66.712078,0,0.040924,-65.540236,0,3906
217,5,19,20,0.040069,-66.712078,0,0.040225,-66.400976,0,4340
217,5,21,22,0.040069,-66.712078,0,0.040090,-66.656360,0,4774
217,5,23,24,0.040069,-66.712078,0,0.040069,-66.704281,0,5208
217,5,25,26,0.040069,-66.712078,0,0.040067,-66.713507,0,5642
217,5,27,28,0.040069,-66.712078,0,0.040069,-66.712150,0,6076
217,5,31,32,0.040069,-66.712078,0,0.040069,-66.712009,0,6944
217,10,15,16,0.057810,-69.579932,0,0.060245,-64.481873,0,3472
217,10,17,18,0.057810,-69.579932,0,0.058363,-67.780340,0,3906
217,10,19,20,0.057810,-69.579932,0,0.057896,-69.264058,0,4340
217,10,21,22,0.057810,-69.579932,0,0.057793,-69.503074,0,4774
217,10,23,24,0.057810,-69.579932,0,0.057811,-69.571528,0,5208
217,10,25,26,0.057810,-69.579932,0,0.057812,-69.583026,0,5642
217,10,27,28,0.057810,-69.579932,0,0.057810,-69.579063,0,6076
217,10,31,32,0.057810,-69.579932,0,0.057810,-69.579969,0,6944
217,20,15,16,0.082387,-72.479738,0,0.086325,-65.313772,0,3472
217,20,17,18,0.082387,-72.479738,0,0.083367,-69.838891,0,3906
217,20,19,20,0.082387,-72.479738,0,0.082490,-71.687244,0,4340
217,20,21,22,0.082387,-72.479738,0,0.082385,-72.380428,0,4774
217,20,23,24,0.082387,-72.479738,0,0.082387,-72.470340,0,5208
217,20,25,26,0.082387,-72.479738,0,0.082386,-72.476216,0,5642
217,20,27,28,0.082387,-72.479738,0,0.082387,-72.479783,0,6076
217,20,31,32,0.082387,-72.479738,0,0.082387,-72.479684,0,6944
217,40,15,16,0.110549,-75.807411,0,0.112966,-66.345085,0,3472
217,40,17,18,0.110549,-75.807411,0,0.110777,-72.194376,0,3906
217,40,19,20,0.110549,-75.807411,0,0.110645,-74.731448,0,4340
217,40,21,22,0.110549,-75.807411,0,0.110569,-75.703250,0,4774
217,40,23,24,0.110549,-75.807411,0,0.110536,-75.820124,0,5208
217,40,25,26,0.110549,-75.807411,0,0.110549,-75.810778,0,5642
217,40,27,28,0.110549,-75.807411,0,0.110549,-75.807057,0,6076
217,40,31,32,0.110549,-75.807411,0,0.110549,-75.807429,0,6944
217,80,15,16,0.141844,-79.442128,0,0.144487,-66.546185,0,3472
217,80,17,18,0.141844,-79.442128,0,0.142006,-73.439845,0,3906
217,80,19,20,0.141844,-79.442128,0,0.141733,-78.274812,0,4340
217,80,21,22,0.141844,-79.442128,0,0.141838,-79.260200,0,4774
217,80,23,24,0.141844,-79.442128,0,0.141848,-79.432137,0,5208
217,80,25,26,0.141844,-79.442128,0,0.141842,-79.444892,0,5642
217,80,27,28,0.141844,-79.442128,0,0.141844,-79.442267,0,6076
217,80,31,32,0.141844,-79.442128,0,0.141844,-79.442436,0,6944
217,160,15,16,0.203397,-82.420965,1,0.206243,-67.186072,0,3472
217,160,17,18,0.203397,-82.420965,1,0.204078,-76.438500,0,3906
217,160,19,20,0.203397,-82.420965,1,0.203535,-80.374446,1,4340
217,160,21,22,0.203397,-82.420965,1,0.203378,-82.132160,1,4774
217,160,23,24,0.203397,-82.420965,1,0.203402,-82.428197,1,5208
217,160,25,26,0.203397,-82.420965,1,0.203397,-82.432055,1,5642
217,160,27,28,0.203397,-82.420965,1,0.203397,-82.422918,1,6076
217,160,31,32,0.203397,-82.420965,1,0.203397,-82.421205,1,6944
218,1,15,16,0.018070,-59.484295,0,0.021246,-57.419231,0,3488
218,1,17,18,0.018070,-59.484295,0,0.018707,-58.880422,0,3924
218,1,19,20,0.018070,-59.484295,0,0.018171,-59.312142,0,4360
218,1,21,22,0.018070,-59.484295,0,0.018094,-59.468475,0,4796
218,1,23,24,0.018070,-59.484295,0,0.018067,-59.485028,0,5232
218,1,25,26,0.018070,-59.484295,0,0.018070,-59.483381,0,5668
218,1,27,28,0.018070,-59.484295,0,0.018070,-59.483955,0,6104
218,1,31,32,0.018070,-59.484295,0,0.018070,-59.484274,0,6976
218,2,15,16,0.026538,-62.261401,0,0.030629,-58.776730,0,3488
218,2,17,18,0.026538,-62.261401,0,0.027763,-61.433166,0,3924
218,2,19,20,0.026538,-62.261401,0,0.026591,-62.098225,0,4360
218,2,21,22,0.026538,-62.261401,0,0.026541,-62.269794,0,4796
218,2,23,24,0.026538,-62.261401,0,0.026528,-62.259042,0,5232
218,2,25,26,0.026538,-62.261401,0,0.026539,-62.260159,0,5668
218,2,27,28,0.026538,-62.261401,0,0.026538,-62.261928,0,6104
218,2,31,32,0.026538,-62.261401,0,0.026538,-62.261384,0,6976
218,5,15,16,0.040071,-66.711688,0,0.042531,-61.552940,0,3488
218,5,17,18,0.040071,-66.711688,0,0.040820,-65.430909,0,3924
218,5,19,20,0.040071,-66.711688,0,0.040251,-66.468627,0,4360
218,5,21,22,0.040071,-66.711688,0,0.040068,-66.645212,0,4796
218,5,23,24,0.040071,-66.711688,0,0.040071,-66.708363,0,5232
218,5,25,26,0.040071,-66.711688,0,0.040071,-66.711310,0,5668
218,5,27,28,0.040071,-66.711688,0,0.040071,-66.711577,0,6104
218,5,31,32,0.040071,-66.711688,0,0.040071,-66.711690,0,6976
218,10,15,16,0.055066,-69.995874,0,0.057642,-63.588169,0,3488
218,10,17,18,0.055066,-69.995874,0,0.055412,-68.127022,0,3924
218,10,19,20,0.055066,-69.995874,0,0.055128,-69.445237,0,4360
218,10,21,22,0.055066,-69.995874,0,0.055093,-69.960920,0,4796
218,10,23,24,0.055066,-69.995874,0,0.055076,-69.992623,0,5232
218,10,25,26,0.055066,-69.995874,0,0.055067,-69.989390,0,5668
218,10,27,28,0.055066,-69.995874,0,0.055067,-69.996412,0,6104
218,10,31,32,0.055066,-69.995874,0,0.055066,-69.995914,0,6976
218,20,15,16,0.079682,-72.742919,0,0.084404,-63.793482,0,3488
218,20,17,18,0.079682,-72.742919,0,0.081061,-69.630487,0,3924
218,20,19,20,0.079682,-72.742919,0,0.079811,-72.082723,0,4360
218,20,21,22,0.079682,-72.742919,0,0.079671,-72.592667,0,4796
218,20,23,24,0.079682,-72.742919,0,0.079684,-72.731167,0,5232
218,20,25,26,0.079682,-72.742919,0,0.079681,-72.746041,0,5668
218,20,27,28,0.079682,-72.742919,0,0.079681,-72.743089,0,6104
218,20,31,32,0.079682,-72.742919,0,0.079682,-72.742895,0,6976
218,40,15,16,0.109421,-75.888435,0,0.113123,-65.276393,0,3488
218,40,17,18,0.109421,-75.888435,0,0.109861,-72.968617,0,3924
218,40,19,20,0.109421,-75.888435,0,0.109396,-75.307594,0,4360
218,40,21,22,0.109421,-75.888435,0,0.109431,-75.733167,0,4796
218,40,23,24,0.109421,-75.888435,0,0.109419,-75.903335,0,5232
218,40,25,26,0.109421,-75.888435,0,0.109420,-75.896841,0,5668
218,40,27,28,0.109421,-75.888435,0,0.109421,-75.890299,0,6104
218,40,31,32,0.109421,-75.888435,0,0.109421,-75.888551,0,6976
218,80,15,16,0.141956,-79.435258,0,0.145564,-66.209607,0,3488
218,80,17,18,0.141956,-79.435258,0,0.141849,-73.401947,0,3924
218,80,19,20,0.141956,-79.435258,0,0.141916,-78.067395,0,4360
218,80,21,22,0.141956,-79.435258,0,0.141985,-79.409856,0,4796
218,80,23,24,0.141956,-79.435258,0,0.141954,-79.483086,0,5232
218,80,25,26,0.141956,-79.435258,0,0.141957,-79.437837,0,5668
218,80,27,28,0.141956,-79.435258,0,0.141956,-79.435212,0,6104
218,80,31,32,0.141956,-79.435258,0,0.141956,-79.435438,0,6976
218,160,15,16,0.194323,-82.860689,1,0.199874,-67.307596,0,3488
218,160,17,18,0.194323,-82.860689,1,0.194901,-75.481578,0,3924
218,160,19,20,0.194323,-82.860689,1,0.194448,-81.064007,1,4360
218,160,21,22,0.194323,-82.860689,1,0.194319,-82.475841,1,4796
218,160,23,24,0.194323,-82.860689,1,0.194327,-82.828423,1,5232
218,160,25,26,0.194323,-82.860689,1,0.194323,-82.868611,1,5668
218,160,27,28,0.194323,-82.860689,1,0.194323,-82.857153,1,6104
218,160,31,32,0.194323,-82.860689,1,0.194323,-82.860482,1,6976
219,1,15,16,0.017345,-59.937476,0,0.021594,-58.116865,0,3504
219,1,17,18,0.017345,-59.937476,0,0.017985,-59.580707,0,3942
219,1,19,20,0.017345,-59.937476,0,0.017370,-59.971171,0,4380
219,1,21,22,0.017345,-59.937476,0,0.017331,-59.973215,0,4818
219,1,23,24,0.017345,-59.937476,0,0.017354,-59.937057,0,5256
219,1,25,26,0.017345,-59.937476,0,0.017344,-59.937698,0,5694
219,1,27,28,0.017345,-59.937476,0,0.017345,-59.937414,0,6132
219,1,31,32,0.017345,-59.937476,0,0.017345,-59.937464,0,7008
219,2,15,16,0.025688,-62.549872,0,0.028843,-60.069696,0,3504
219,2,17,18,0.025688,-62.549872,0,0.026212,-61.881856,0,3942
219,2,19,20,0.025688,-62.549872,0,0.025772,-62.458922,0,4380
219,2,21,22,0.025688,-62.549872,0,0.025710,-62.571804,0,4818
219,2,23,24,0.025688,-62.549872,0,0.025683,-62.547722,0,5256
219,2,25,26,0.025688,-62.549872,0,0.025688,-62.551305,0,5694
219,2,27,28,0.025688,-62.549872,0,0.025688,-62.549933,0,6132
219,2,31,32,0.025688,-62.549872,0,0.025688,-62.549861,0,7008
219,5,15,16,0.039878,-66.757575,0,0.044309,-62.399732,0,3504
219,5,17,18,0.039878,-66.757575,0,0.040654,-65.225584,0,3942
219,5,19,20,0.039878,-66.757575,0,0.039934,-66.454795,0,4380
219,5,21,22,0.039878,-66.757575,0,0.039856,-66.677356,0,4818
219,5,23,24,0.039878,-66.757575,0,0.039880,-66.753433,0,5256
219,5,25,26,0.039878,-66.757575,0,0.039878,-66.755751,0,5694
219,5,27,28,0.039878,-66.757575,0,0.039879,-66.757635,0,6132
219,5,31,32,0.039878,-66.757575,0,0.039878,-66.757605,0,7008
219,10,15,16,0.052344,-70.378233,0,0.057835,-65.204611,0,3504
219,10,17,18,0.052344,-70.378233,0,0.052848,-68.688365,0,3942
219,10,19,20,0.052344,-70.378233,0,0.052526,-69.879203,0,4380
219,10,21,22,0.052344,-70.378233,0,0.052348,-70.276225,0,4818
219,10,23,24,0.052344,-70.378233,0,0.052337,-70.339969,0,5256
219,10,25,26,0.052344,-70.378233,0,0.052345,-70.378043,0,5694
219,10,27,28,0.052344,-70.378233,0,0.052344,-70.377809,0,6132
219,10,31,32,0.052344,-70.378233,0,0.052344,-70.378159,0,7008
219,20,15,16,0.076595,-73.097995,0,0.079779,-67.208710,0,3504
219,20,17,18,0.076595,-73.097995,0,0.076913,-70.887569,0,3942
219,20,19,20,0.076595,-73.097995,0,0.076653,-72.359574,0,4380
219,20,21,22,0.076595,-73.097995,0,0.076629,-72.966888,0,4818
219,20,23,24,0.076595,-73.097995,0,0.076601,-73.076291,0,5256
219,20,25,26,0.076595,-73.097995,0,0.076596,-73.099362,0,5694
219,20,27,28,0.076595,-73.097995,0,0.076594,-73.100079,0,6132
219,20,31,32,0.076595,-73.097995,0,0.076595,-73.098022,0,7008
219,40,15,16,0.107436,-76.056761,0,0.111206,-67.326638,0,3504
219,40,17,18,0.107436,-76.056761,0,0.108341,-72.326618,0,3942
219,40,19,20,0.107436,-76.056761,0,0.107578,-75.197081,0,4380
219,40,21,22,0.107436,-76.056761,0,0.107401,-75.981680,0,4818
219,40,23,24,0.107436,-76.056761,0,0.107430,-76.097338,0,5256
219,40,25,26,0.107436,-76.056761,0,0.107438,-76.056908,0,5694
219,40,27,28,0.107436,-76.056761,0,0.107436,-76.057197,0,6132
219,40,31,32,0.107436,-76.056761,0,0.107436,-76.056635,0,7008
219,80,15,16,0.141518,-79.475546,0,0.143054,-67.575781,0,3504
219,80,17,18,0.141518,-79.475546,0,0.141982,-74.535533,0,3942
219,80,19,20,0.141518,-79.475546,0,0.141617,-78.424193,0,4380
219,80,21,22,0.141518,-79.475546,0,0.141503,-79.556132,0,4818
219,80,23,24,0.141518,-79.475546,0,0.141519,-79.542697,0,5256
219,80,25,26,0.141518,-79.475546,0,0.141518,-79.475980,0,5694
219,80,27,28,0.141518,-79.475546,0,0.141518,-79.473461,0,6132
219,80,31,32,0.141518,-79.475546,0,0.141518,-79.475737,0,7008
219,160,15,16,0.184837,-83.314020,1,0.188362,-67.534311,0,3504
219,160,17,18,0.184837,-83.314020,1,0.185628,-77.001885,0,3942
219,160,19,20,0.184837,-83.314020,1,0.184823,-81.254282,1,4380
219,160,21,22,0.184837,-83.314020,1,0.184801,-82.951166,1,4818
219,160,23,24,0.184837,-83.314020,1,0.184841,-83.312673,1,5256
219,160,25,26,0.184837,-83.314020,1,0.184838,-83.293738,1,5694
219,160,27,28,0.184837,-83.314020,1,0.184837,-83.321303,1,6132
219,160,31,32,0.184837,-83.314020,1,0.184837,-83.313468,1,7008
220,1,15,16,0.016472,-60.387173,0,0.021323,-57.991033,0,3520
220,1,17,18,0.016472,-60.387173,0,0.017329,-59.927063,0,3960
220,1,19,20,0.016472,-60.387173,0,0.016504,-60.404752,0,4400
220,1,21,22,0.016472,-60.387173,0,0.016498,-60.369389,0,4840
220,1,23,24,0.016472,-60.387173,0,0.016485,-60.380772,0,5280
220,1,25,26,0.016472,-60.387173,0,0.016473,-60.386799,0,5720
220,1,27,28,0.016472,-60.387173,0,0.016473,-60.387553,0,6160
220,1,31,32,0.016472,-60.387173,0,0.016472,-60.387152,0,7040
220,2,15,16,0.024681,-62.927258,0,0.027619,-58.381360,0,3520
220,2,17,18,0.024681,-62.927258,0,0.025621,-61.883333,0,3960
220,2,19,20,0.024681,-62.927258,0,0.024754,-62.697494,0,4400
220,2,21,22,0.024681,-62.927258,0,0.024698,-62.911711,0,4840
220,2,23,24,0.024681,-62.927258,0,0.024675,-62.926917,0,5280
220,2,25,26,0.024681,-62.927258,0,0.024679,-62.928806,0,5720
220,2,27,28,0.024681,-62.927258,0,0.024681,-62.928185,0,6160
220,2,31,32,0.024681,-62.927258,0,0.024681,-62.927231,0,7040
220,5,15,16,0.039411,-66.841125,0,0.042766,-62.535936,0,3520
220,5,17,18,0.039411,-66.841125,0,0.040368,-65.776356,0,3960
220,5,19,20,0.039411,-66.841125,0,0.039574,-66.553137,0,4400
220,5,21,22,0.039411,-66.841125,0,0.039376,-66.784651,0,4840
220,5,23,24,0.039411,-66.841125,0,0.039421,-66.842318,0,5280
220,5,25,26,0.039411,-66.841125,0,0.039408,-66.839291,0,5720
220,5,27,28,0.039411,-66.841125,0,0.039412,-66.841954,0,6160
220,5,31,32,0.039411,-66.841125,0,0.039411,-66.841146,0,7040
220,10,15,16,0.052419,-70.368465,0,0.056119,-64.592714,0,3520
220,10,17,18,0.052419,-70.368465,0,0.052967,-67.883243,0,3960
220,10,19,20,0.052419,-70.368465,0,0.052447,-69.867045,0,4400
220,10,21,22,0.052419,-70.368465,0,0.052452,-70.308724,0,4840
220,10,23,24,0.052419,-70.368465,0,0.052430,-70.369792,0,5280
220,10,25,26,0.052419,-70.368465,0,0.052420,-70.372361,0,5720
220,10,27,28,0.052419,-70.368465,0,0.052420,-70.368574,0,6160
220,10,31,32,0.052419,-70.368465,0,0.052419,-70.368475,0,7040
220,20,15,16,0.073140,-73.494260,0,0.076215,-64.834189,0,3520
220,20,17,18,0.073140,-73.494260,0,0.073197,-70.549137,0,3960
220,20,19,20,0.073140,-73.494260,0,0.073157,-72.918521,0,4400
220,20,21,22,0.073140,-73.494260,0,0.073125,-73.386241,0,4840
220,20,23,24,0.073140,-73.494260,0,0.073146,-73.466304,0,5280
220,20,25,26,0.073140,-73.494260,0,0.073139,-73.495266,0,5720
220,20,27,28,0.073140,-73.494260,0,0.073140,-73.492961,0,6160
220,20,31,32,0.073140,-73.494260,0,0.073140,-73.494210,0,7040
220,40,15,16,0.104332,-76.279111,0,0.105866,-66.095121,0,3520
220,40,17,18,0.104332,-76.279111,0,0.105704,-72.255289,0,3960
220,40,19,20,0.104332,-76.279111,0,0.104416,-75.269406,0,4400
220,40,21,22,0.104332,-76.279111,0,0.104322,-76.236811,0,4840
220,40,23,24,0.104332,-76.279111,0,0.104329,-76.297560,0,5280
220,40,25,26,0.104332,-76.279111,0,0.104333,-76.283119,0,5720
220,40,27,28,0.104332,-76.279111,0,0.104332,-76.277958,0,6160
220,40,31,32,0.104332,-76.279111,0,0.104332,-76.279133,0,7040
220,80,15,16,0.140569,-79.527729,0,0.143100,-68.315594,0,3520
220,80,17,18,0.140569,-79.527729,0,0.140962,-75.036764,0,3960
220,80,19,20,0.140569,-79.527729,0,0.140580,-78.414822,0,4400
220,80,21,22,0.140569,-79.527729,0,0.140581,-79.426333,0,4840
220,80,23,24,0.140569,-79.527729,0,0.140569,-79.535729,0,5280
220,80,25,26,0.140569,-79.527729,0,0.140571,-79.514056,0,5720
220,80,27,28,0.140569,-79.527729,0,0.140569,-79.527791,0,6160
220,80,31,32,0.140569,-79.527729,0,0.140569,-79.527739,0,7040
220,160,15,16,0.180396,-83.559783,1,0.183238,-66.559957,0,3520
220,160,17,18,0.180396,-83.559783,1,0.181010,-74.973040,0,3960
220,160,19,20,0.180396,-83.559783,1,0.180389,-81.515343,1,4400
220,160,21,22,0.180396,-83.559783,1,0.180400,-83.215147,1,4840
220,160,23,24,0.180396,-83.559783,1,0.180407,-83.506605,1,5280
220,160,25,26,0.180396,-83.559783,1,0.180394,-83.552279,1,5720
220,160,27,28,0.180396,-83.559783,1,0.180396,-83.564745,1,6160
220,160,31,32,0.180396,-83.559783,1,0.180396,-83.559921,1,7040
221,1,15,16,0.016391,-60.332200,0,0.019696,-58.502751,0,3536
221,1,17,18,0.016391,-60.332200,0,0.017477,-59.591674,0,3978
221,1,19,20,0.016391,-60.332200,0,0.016616,-60.258884,0,4420
221,1,21,22,0.016391,-60.332200,0,0.016417,-60.326102,0,4862
221,1,23,24,0.016391,-60.332200,0,0.016389,-60.338899,0,5304
221,1,25,26,0.016391,-60.332200,0,0.016392,-60.331252,0,5746
221,1,27,28,0.016391,-60.332200,0,0.016391,-60.332284,0,6188
221,1,31,32,0.016391,-60.332200,0,0.016391,-60.332190,0,7072
221,2,15,16,0.023667,-63.368318,0,0.026458,-59.681119,0,3536
221,2,17,18,0.023667,-63.368318,0,0.024223,-62.467304,0,3978
221,2,19,20,0.023667,-63.368318,0,0.023753,-63.172179,0,4420
221,2,21,22,0.023667,-63.368318,0,0.023649,-63.350163,0,4862
221,2,23,24,0.023667,-63.368318,0,0.023672,-63.363230,0,5304
221,2,25,26,0.023667,-63.368318,0,0.023667,-63.371158,0,5746
221,2,27,28,0.023667,-63.368318,0,0.023667,-63.368341,0,6188
221,2,31,32,0.023667,-63.368318,0,0.023667,-63.368305,0,7072
221,5,15,16,0.038630,-67.035653,0,0.040581,-62.953164,0,3536
221,5,17,18,0.038630,-67.035653,0,0.039575,-65.979182,0,3978
221,5,19,20,0.038630,-67.035653,0,0.038711,-66.660636,0,4420
221,5,21,22,0.038630,-67.035653,0,0.038598,-66.950754,0,4862
221,5,23,24,0.038630,-67.035653,0,0.038632,-67.013954,0,5304
221,5,25,26,0.038630,-67.035653,0,0.038632,-67.036114,0,5746
221,5,27,28,0.038630,-67.035653,0,0.038629,-67.035831,0,6188
221,5,31,32,0.038630,-67.035653,0,0.038630,-67.035676,0,7072
221,10,15,16,0.052349,-70.410699,0,0.054978,-65.811465,0,3536
221,10,17,18,0.052349,-70.410699,0,0.053292,-68.724779,0,3978
221,10,19,20,0.052349,-70.410699,0,0.052465,-69.787939,0,4420
221,10,21,22,0.052349,-70.410699,0,0.052381,-70.317053,0,4862
221,10,23,24,0.052349,-70.410699,0,0.052340,-70.379771,0,5304
221,10,25,26,0.052349,-70.410699,0,0.052348,-70.403445,0,5746
221,10,27,28,0.052349,-70.410699,0,0.052349,-70.410015,0,6188
221,10,31,32,0.052349,-70.410699,0,0.052349,-70.410628,0,7072
221,20,15,16,0.069411,-73.936630,0,0.072522,-64.008834,0,3536
221,20,17,18,0.069411,-73.936630,0,0.069875,-70.680121,0,3978
221,20,19,20,0.069411,-73.936630,0,0.069450,-72.938629,0,4420
221,20,21,22,0.069411,-73.936630,0,0.069411,-73.768726,0,4862
221,20,23,24,0.069411,-73.936630,0,0.069406,-73.964329,0,5304
221,20,25,26,0.069411,-73.936630,0,0.069411,-73.932590,0,5746
221,20,27,28,0.069411,-73.936630,0,0.069411,-73.937198,0,6188
221,20,31,32,0.069411,-73.936630,0,0.069411,-73.936584,0,7072
221,40,15,16,0.100593,-76.605964,0,0.103928,-64.770213,0,3536
221,40,17,18,0.100593,-76.605964,0,0.100847,-71.900197,0,3978
221,40,19,20,0.100593,-76.605964,0,0.100710,-75.812176,0,4420
221,40,21,22,0.100593,-76.605964,0,0.100623,-76.551039,0,4862
221,40,23,24,0.100593,-76.605964,0,0.100593,-76.628810,0,5304
221,40,25,26,0.100593,-76.605964,0,0.100592,-76.604531,0,5746
221,40,27,28,0.100593,-76.605964,0,0.100593,-76.604626,0,6188
221,40,31,32,0.100593,-76.605964,0,0.100593,-76.605906,0,7072
221,80,15,16,0.138205,-79.666020,0,0.139387,-66.639347,0,3536
221,80,17,18,0.138205,-79.666020,0,0.138720,-75.084921,0,3978
221,80,19,20,0.138205,-79.666020,0,0.138287,-78.249844,0,4420
221,80,21,22,0.138205,-79.666020,0,0.138232,-79.592689,0,4862
221,80,23,24,0.138205,-79.666020,0,0.138198,-79.696323,0,5304
221,80,25,26,0.138205,-79.666020,0,0.138206,-79.673583,0,5746
221,80,27,28,0.138205,-79.666020,0,0.138205,-79.667399,0,6188
221,80,31,32,0.138205,-79.666020,0,0.138205,-79.665727,0,7072
221,160,15,16,0.180632,-83.537505,1,0.182424,-65.573234,0,3536
221,160,17,18,0.180632,-83.537505,1,0.180457,-76.280905,0,3978
221,160,19,20,0.180632,-83.537505,1,0.180733,-81.293937,1,4420
221,160,21,22,0.180632,-83.537505,1,0.180655,-83.143127,1,4862
221,160,23,24,0.180632,-83.537505,1,0.180631,-83.614186,1,5304
221,160,25,26,0.180632,-83.537505,1,0.180631,-83.545026,1,5746
221,160,27,28,0.180632,-83.537505,1,0.180632,-83.535365,1,6188
221,160,31,32,0.180632,-83.537505,1,0.180632,-83.537421,1,7072
222,1,15,16,0.016358,-60.349922,0,0.019902,-57.514984,0,3552
222,1,17,18,0.016358,-60.349922,0,0.016978,-59.654738,0,3996
222,1,19,20,0.016358,-60.349922,0,0.016495,-60.252435,0,4440
222,1,21,22,0.016358,-60.349922,0,0.016394,-60.358466,0,4884
222,1,23,24,0.016358,-60.349922,0,0.016367,-60.335705,0,5328
222,1,25,26,0.016358,-60.349922,0,0.016357,-60.350839,0,5772
222,1,27,28,0.016358,-60.349922,0,0.016358,-60.350194,0,6216
222,1,31,32,0.016358,-60.349922,0,0.016358,-60.349935,0,7104
222,2,15,16,0.022462,-63.839093,0,0.027756,-60.379866,0,3552
222,2,17,18,0.022462,-63.839093,0,0.023174,-62.919742,0,3996
222,2,19,20,0.022462,-63.839093,0,0.022509,-63.650614,0,4440
222,2,21,22,0.022462,-63.839093,0,0.022460,-63.816170,0,4884
222,2,23,24,0.022462,-63.839093,0,0.022468,-63.841013,0,5328
222,2,25,26,0.022462,-63.839093,0,0.022465,-63.839315,0,5772
222,2,27,28,0.022462,-63.839093,0,0.022463,-63.839780,0,6216
222,2,31,32,0.022462,-63.839093,0,0.022462,-63.839060,0,7104
222,5,15,16,0.037489,-67.281621,0,0.039900,-62.641778,0,3552
222,5,17,18,0.037489,-67.281621,0,0.038392,-65.119647,0,3996
222,5,19,20,0.037489,-67.281621,0,0.037606,-66.835765,0,4440
222,5,21,22,0.037489,-67.281621,0,0.037502,-67.178748,0,4884
222,5,23,24,0.037489,-67.281621,0,0.037492,-67.266496,0,5328
222,5,25,26,0.037489,-67.281621,0,0.037489,-67.283241,0,5772
222,5,27,28,0.037489,-67.281621,0,0.037489,-67.281589,0,6216
222,5,31,32,0.037489,-67.281621,0,0.037489,-67.281665,0,7104
222,10,15,16,0.051910,-70.469823,0,0.054240,-64.724565,0,3552
222,10,17,18,0.051910,-70.469823,0,0.052781,-68.847168,0,3996
222,10,19,20,0.051910,-70.469823,0,0.052037,-69.993557,0,4440
222,10,21,22,0.051910,-70.469823,0,0.051941,-70.321524,0,4884
222,10,23,24,0.051910,-70.469823,0,0.051927,-70.463801,0,5328
222,10,25,26,0.051910,-70.469823,0,0.051908,-70.466245,0,5772
222,10,27,28,0.051910,-70.469823,0,0.051909,-70.469327,0,6216
222,10,31,32,0.051910,-70.469823,0,0.051910,-70.469817,0,7104
222,20,15,16,0.068046,-74.084822,0,0.072372,-66.208772,0,3552
222,20,17,18,0.068046,-74.084822,0,0.068999,-71.265037,0,3996
222,20,19,20,0.068046,-74.084822,0,0.068125,-73.340243,0,4440
222,20,21,22,0.068046,-74.084822,0,0.068039,-73.947220,0,4884
222,20,23,24,0.068046,-74.084822,0,0.068049,-74.091643,0,5328
222,20,25,26,0.068046,-74.084822,0,0.068046,-74.081347,0,5772
222,20,27,28,0.068046,-74.084822,0,0.068045,-74.085378,0,6216
222,20,31,32,0.068046,-74.084822,0,0.068046,-74.084901,0,7104
222,40,15,16,0.096218,-76.954319,0,0.099161,-64.293846,0,3552
222,40,17,18,0.096218,-76.954319,0,0.097020,-73.380430,0,3996
222,40,19,20,0.096218,-76.954319,0,0.096204,-76.021732,0,4440
222,40,21,22,0.096218,-76.954319,0,0.096217,-76.901033,0,4884
222,40,23,24,0.096218,-76.954319,0,0.096217,-76.961199,0,5328
222,40,25,26,0.096218,-76.954319,0,0.096220,-76.955161,0,5772
222,40,27,28,0.096218,-76.954319,0,0.096218,-76.954905,0,6216
222,40,31,32,0.096218,-76.954319,0,0.096218,-76.954470,0,7104
222,80,15,16,0.135307,-79.842178,0,0.137351,-65.076589,0,3552
222,80,17,18,0.135307,-79.842178,0,0.135484,-73.955995,0,3996
222,80,19,20,0.135307,-79.842178,0,0.135377,-78.142143,0,4440
222,80,21,22,0.135307,-79.842178,0,0.135296,-79.753496,0,4884
222,80,23,24,0.135307,-79.842178,0,0.135312,-79.855854,0,5328
222,80,25,26,0.135307,-79.842178,0,0.135308,-79.845077,0,5772
222,80,27,28,0.135307,-79.842178,0,0.135307,-79.844425,0,6216
222,80,31,32,0.135307,-79.842178,0,0.135307,-79.842301,0,7104
222,160,15,16,0.179918,-83.572322,1,0.182558,-66.941506,0,3552
222,160,17,18,0.179918,-83.572322,1,0.180679,-77.548676,0,3996
222,160,19,20,0.179918,-83.572322,1,0.179793,-81.782869,1,4440
222,160,21,22,0.179918,-83.572322,1,0.179918,-83.315807,1,4884
222,160,23,24,0.179918,-83.572322,1,0.179909,-83.613146,1,5328
222,160,25,26,0.179918,-83.572322,1,0.179919,-83.579296,1,5772
222,160,27,28,0.179918,-83.572322,1,0.179918,-83.576737,1,6216
222,160,31,32,0.179918,-83.572322,1,0.179918,-83.572206,1,7104
223,1,15,16,0.016227,-60.391168,0,0.019575,-58.060087,0,3568
223,1,17,18,0.016227,-60.391168,0,0.017232,-59.875498,0,4014
223,1,19,20,0.016227,-60.391168,0,0.016408,-60.413846,0,4460
223,1,21,22,0.016227,-60.391168,0,0.016245,-60.382480,0,4906
223,1,23,24,0.016227,-60.391168,0,0.016233,-60.392572,0,5352
223,1,25,26,0.016227,-60.391168,0,0.016226,-60.390448,0,5798
223,1,27,28,0.016227,-60.391168,0,0.016226,-60.391032,0,6244
223,1,31,32,0.016227,-60.391168,0,0.016227,-60.391141,0,7136
223,2,15,16,0.021880,-64.005268,0,0.026341,-61.063271,0,3568
223,2,17,18,0.021880,-64.005268,0,0.022893,-62.701800,0,4014
223,2,19,20,0.021880,-64.005268,0,0.022176,-63.781778,0,4460
223,2,21,22,0.021880,-64.005268,0,0.021887,-63.954800,0,4906
223,2,23,24,0.021880,-64.005268,0,0.021878,-64.017808,0,5352
223,2,25,26,0.021880,-64.005268,0,0.021879,-64.005254,0,5798
223,2,27,28,0.021880,-64.005268,0,0.021880,-64.005369,0,6244
223,2,31,32,0.021880,-64.005268,0,0.021880,-64.005252,0,7136
223,5,15,16,0.036159,-67.629139,0,0.041668,-63.424485,0,3568
223,5,17,18,0.036159,-67.629139,0,0.036840,-66.093611,0,4014
223,5,19,20,0.036159,-67.629139,0,0.036343,-67.239811,0,4460
223,5,21,22,0.036159,-67.629139,0,0.036138,-67.538263,0,4906
223,5,23,24,0.036159,-67.629139,0,0.036159,-67.622289,0,5352
223,5,25,26,0.036159,-67.629139,0,0.036159,-67.628311,0,5798
223,5,27,28,0.036159,-67.629139,0,0.036159,-67.629549,0,6244
223,5,31,32,0.036159,-67.629139,0,0.036159,-67.629073,0,7136
223,10,15,16,0.051073,-70.624199,0,0.052536,-63.865782,0,3568
223,10,17,18,0.051073,-70.624199,0,0.051622,-68.381163,0,4014
223,10,19,20,0.051073,-70.624199,0,0.051291,-69.942039,0,4460
223,10,21,22,0.051073,-70.624199,0,0.051055,-70.458724,0,4906
223,10,23,24,0.051073,-70.624199,0,0.051082,-70.606427,0,5352
223,10,25,26,0.051073,-70.624199,0,0.051071,-70.626735,0,5798
223,10,27,28,0.051073,-70.624199,0,0.051074,-70.623774,0,6244
223,10,31,32,0.051073,-70.624199,0,0.051073,-70.624263,0,7136
223,20,15,16,0.068007,-74.094063,0,0.069907,-65.386427,0,3568
223,20,17,18,0.068007,-74.094063,0,0.068327,-71.196919,0,4014
223,20,19,20,0.068007,-74.094063,0,0.068273,-73.183546,0,4460
223,20,21,22,0.068007,-74.094063,0,0.068001,-73.953018,0,4906
223,20,23,24,0.068007,-74.094063,0,0.068008,-74.116428,0,5352
223,20,25,26,0.068007,-74.094063,0,0.068006,-74.083092,0,5798
223,20,27,28,0.068007,-74.094063,0,0.068007,-74.094599,0,6244
223,20,31,32,0.068007,-74.094063,0,0.068007,-74.094087,0,7136
223,40,15,16,0.091723,-77.382060,0,0.095802,-66.523447,0,3568
223,40,17,18,0.091723,-77.382060,0,0.092188,-73.444331,0,4014
223,40,19,20,0.091723,-77.382060,0,0.091668,-76.382933,0,4460
223,40,21,22,0.091723,-77.382060,0,0.091744,-77.290111,0,4906
223,40,23,24,0.091723,-77.382060,0,0.091732,-77.453964,0,5352
223,40,25,26,0.091723,-77.382060,0,0.091724,-77.375897,0,5798
223,40,27,28,0.091723,-77.382060,0,0.091723,-77.380036,0,6244
223,40,31,32,0.091723,-77.382060,0,0.091723,-77.382141,0,7136
223,80,15,16,0.130860,-80.119823,1,0.135042,-67.458744,0,3568
223,80,17,18,0.130860,-80.119823,1,0.131080,-74.936988,0,4014
223,80,19,20,0.130860,-80.119823,1,0.131115,-79.258854,0,4460
223,80,21,22,0.130860,-80.119823,1,0.130853,-79.892283,0,4906
223,80,23,24,0.130860,-80.119823,1,0.130847,-80.117492,1,5352
223,80,25,26,0.130860,-80.119823,1,0.130864,-80.130295,1,5798
223,80,27,28,0.130860,-80.119823,1,0.130860,-80.120227,1,6244
223,80,31,32,0.130860,-80.119823,1,0.130860,-80.119742,1,7136
223,160,15,16,0.177572,-83.630406,1,0.179896,-66.991364,0,3568
223,160,17,18,0.177572,-83.630406,1,0.178207,-76.675746,0,4014
223,160,19,20,0.177572,-83.630406,1,0.177656,-81.973037,1,4460
223,160,21,22,0.177572,-83.630406,1,0.177610,-83.053486,1,4906
223,160,23,24,0.177572,-83.630406,1,0.177570,-83.685808,1,5352
223,160,25,26,0.177572,-83.630406,1,0.177572,-83.641554,1,5798
223,160,27,28,0.177572,-83.630406,1,0.177572,-83.623320,1,6244
223,160,31,32,0.177572,-83.630406,1,0.177572,-83.630590,1,7136
224,1,15,16,0.015969,-60.540389,0,0.019358,-57.736592,0,3584
224,1,17,18,0.015969,-60.540389,0,0.016647,-59.830020,0,4032
224,1,19,20,0.015969,-60.540389,0,0.016109,-60.450681,0,4480
224,1,21,22,0.015969,-60.540389,0,0.016011,-60.540523,0,4928
224,1,23,24,0.015969,-60.540389,0,0.015966,-60.538033,0,5376
224,1,25,26,0.015969,-60.540389,0,0.015968,-60.540437,0,5824
224,1,27,28,0.015969,-60.540389,0,0.015969,-60.540404,0,6272
224,1,31,32,0.015969,-60.540389,0,0.015969,-60.540378,0,7168
224,2,15,16,0.021882,-64.004128,0,0.027174,-60.856042,0,3584
224,2,17,18,0.021882,-64.004128,0,0.022576,-63.028375,0,4032
224,2,19,20,0.021882,-64.004128,0,0.022027,-63.753239,0,4480
224,2,21,22,0.021882,-64.004128,0,0.021941,-63.993696,0,4928
224,2,23,24,0.021882,-64.004128,0,0.021881,-63.990334,0,5376
224,2,25,26,0.021882,-64.004128,0,0.021879,-64.006393,0,5824
224,2,27,28,0.021882,-64.004128,0,0.021883,-64.004728,0,6272
224,2,31,32,0.021882,-64.004128,0,0.021882,-64.004111,0,7168
224,5,15,16,0.034619,-68.035803,0,0.038236,-62.369472,0,3584
224,5,17,18,0.034619,-68.035803,0,0.035262,-66.617145,0,4032
224,5,19,20,0.034619,-68.035803,0,0.034690,-67.648414,0,4480
224,5,21,22,0.034619,-68.035803,0,0.034636,-67.955726,0,4928
224,5,23,24,0.034619,-68.035803,0,0.034620,-68.013088,0,5376
224,5,25,26,0.034619,-68.035803,0,0.034621,-68.037989,0,5824
224,5,27,28,0.034619,-68.035803,0,0.034619,-68.036047,0,6272
224,5,31,32,0.034619,-68.035803,0,0.034619,-68.035796,0,7168
224,10,15,16,0.049866,-70.815583,0,0.053391,-63.934290,0,3584
224,10,17,18,0.049866,-70.815583,0,0.050576,-68.718238,0,4032
224,10,19,20,0.049866,-70.815583,0,0.050035,-70.318174,0,4480
224,10,21,22,0.049866,-70.815583,0,0.049858,-70.698585,0,4928
224,10,23,24,0.049866,-70.815583,0,0.049874,-70.788953,0,5376
224,10,25,26,0.049866,-70.815583,0,0.049867,-70.816526,0,5824
224,10,27,28,0.049866,-70.815583,0,0.049867,-70.815390,0,6272
224,10,31,32,0.049866,-70.815583,0,0.049866,-70.815584,0,7168
224,20,15,16,0.067673,-74.131301,0,0.071742,-66.924938,0,3584
224,20,17,18,0.067673,-74.131301,0,0.068275,-71.243176,0,4032
224,20,19,20,0.067673,-74.131301,0,0.067794,-73.562828,0,4480
224,20,21,22,0.067673,-74.131301,0,0.067654,-73.966652,0,4928
224,20,23,24,0.067673,-74.131301,0,0.067673,-74.087001,0,5376
224,20,25,26,0.067673,-74.131301,0,0.067674,-74.124735,0,5824
224,20,27,28,0.067673,-74.131301,0,0.067673,-74.131845,0,6272
224,20,31,32,0.067673,-74.131301,0,0.067673,-74.131409,0,7168
224,40,15,16,0.087518,-77.730938,0,0.091071,-66.312413,0,3584
224,40,17,18,0.087518,-77.730938,0,0.088483,-72.816861,0,4032
224,40,19,20,0.087518,-77.730938,0,0.087430,-77.005448,0,4480
224,40,21,22,0.087518,-77.730938,0,0.087524,-77.475204,0,4928
224,40,23,24,0.087518,-77.730938,0,0.087527,-77.760192,0,5376
224,40,25,26,0.087518,-77.730938,0,0.087517,-77.731066,0,5824
224,40,27,28,0.087518,-77.730938,0,0.087518,-77.729425,0,6272
224,40,31,32,0.087518,-77.730938,0,0.087518,-77.730868,0,7168
224,80,15,16,0.125645,-80.465160,1,0.127630,-66.798273,0,3584
224,80,17,18,0.125645,-80.465160,1,0.125986,-75.718609,0,4032
224,80,19,20,0.125645,-80.465160,1,0.125668,-79.373780,0,4480
224,80,21,22,0.125645,-80.465160,1,0.125660,-80.499395,1,4928
224,80,23,24,0.125645,-80.465160,1,0.125640,-80.456273,1,5376
224,80,25,26,0.125645,-80.465160,1,0.125648,-80.455886,1,5824
224,80,27,28,0.125645,-80.465160,1,0.125645,-80.468449,1,6272
224,80,31,32,0.125645,-80.465160,1,0.125645,-80.465271,1,7168
224,160,15,16,0.174391,-83.808332,1,0.177517,-66.387744,0,3584
224,160,17,18,0.174391,-83.808332,1,0.175370,-75.750682,0,4032
224,160,19,20,0.174391,-83.808332,1,0.174430,-80.907947,1,4480
224,160,21,22,0.174391,-83.808332,1,0.174391,-83.561028,1,4928
224,160,23,24,0.174391,-83.808332,1,0.174397,-83.786418,1,5376
224,160,25,26,0.174391,-83.808332,1,0.174391,-83.818982,1,5824
224,160,27,28,0.174391,-83.808332,1,0.174390,-83.804186,1,6272
224,160,31,32,0.174391,-83.808332,1,0.174391,-83.808179,1,7168
225,1,15,16,0.015580,-60.757890,0,0.018482,-58.465819,0,3600
225,1,17,18,0.015580,-60.757890,0,0.016557,-60.310844,0,4050
225,1,19,20,0.015580,-60.757890,0,0.015714,-60.744829,0,4500
225,1,21,22,0.015580,-60.757890,0,0.015619,-60.724689,0,4950
225,1,23,24,0.015580,-60.757890,0,0.015578,-60.759848,0,5400
225,1,25,26,0.015580,-60.757890,0,0.015580,-60.757458,0,5850
225,1,27,28,0.015580,-60.757890,0,0.015580,-60.758237,0,6300
225,1,31,32,0.015580,-60.757890,0,0.015580,-60.757910,0,7200
225,2,15,16,0.021811,-64.027664,0,0.026379,-60.153025,0,3600
225,2,17,18,0.021811,-64.027664,0,0.023112,-63.030235,0,4050
225,2,19,20,0.021811,-64.027664,0,0.021946,-63.812804,0,4500
225,2,21,22,0.021811,-64.027664,0,0.021866,-64.025038,0,4950
225,2,23,24,0.021811,-64.027664,0,0.021810,-64.024925,0,5400
225,2,25,26,0.021811,-64.027664,0,0.021810,-64.026159,0,5850
225,2,27,28,0.021811,-64.027664,0,0.021812,-64.027990,0,6300
225,2,31,32,0.021811,-64.027664,0,0.021811,-64.027672,0,7200
225,5,15,16,0.032832,-68.470318,0,0.036180,-63.152037,0,3600
225,5,17,18,0.032832,-68.470318,0,0.033596,-66.257839,0,4050
225,5,19,20,0.032832,-68.470318,0,0.032941,-68.096906,0,4500
225,5,21,22,0.032832,-68.470318,0,0.032857,-68.385558,0,4950
225,5,23,24,0.032832,-68.470318,0,0.032835,-68.457794,0,5400
225,5,25,26,0.032832,-68.470318,0,0.032832,-68.466410,0,5850
225,5,27,28,0.032832,-68.470318,0,0.032832,-68.469743,0,6300
225,5,31,32,0.032832,-68.470318,0,0.032832,-68.470320,0,7200
225,10,15,16,0.048150,-71.116862,0,0.049977,-64.635469,0,3600
225,10,17,18,0.048150,-71.116862,0,0.048937,-69.098833,0,4050
225,10,19,20,0.048150,-71.116862,0,0.048249,-70.576812,0,4500
225,10,21,22,0.048150,-71.116862,0,0.048147,-70.956344,0,4950
225,10,23,24,0.048150,-71.116862,0,0.048161,-71.100948,0,5400
225,10,25,26,0.048150,-71.116862,0,0.048151,-71.118029,0,5850
225,10,27,28,0.048150,-71.116862,0,0.048149,-71.115803,0,6300
225,10,31,32,0.048150,-71.116862,0,0.048150,-71.116891,0,7200
225,20,15,16,0.066937,-74.239329,0,0.069674,-65.299386,0,3600
225,20,17,18,0.066937,-74.239329,0,0.067636,-70.318857,0,4050
225,20,19,20,0.066937,-74.239329,0,0.067159,-73.348889,0,4500
225,20,21,22,0.066937,-74.239329,0,0.066938,-74.101392,0,4950
225,20,23,24,0.066937,-74.239329,0,0.066922,-74.251483,0,5400
225,20,25,26,0.066937,-74.239329,0,0.066935,-74.242165,0,5850
225,20,27,28,0.066937,-74.239329,0,0.066937,-74.237208,0,6300
225,20,31,32,0.066937,-74.239329,0,0.066937,-74.239219,0,7200
225,40,15,16,0.087562,-77.740580,0,0.092136,-68.134765,0,3600
225,40,17,18,0.087562,-77.740580,0,0.088434,-73.944380,0,4050
225,40,19,20,0.087562,-77.740580,0,0.087584,-76.608736,0,4500
225,40,21,22,0.087562,-77.740580,0,0.087598,-77.513038,0,4950
225,40,23,24,0.087562,-77.740580,0,0.087561,-77.742853,0,5400
225,40,25,26,0.087562,-77.740580,0,0.087560,-77.739748,0,5850
225,40,27,28,0.087562,-77.740580,0,0.087562,-77.743832,0,6300
225,40,31,32,0.087562,-77.740580,0,0.087562,-77.740477,0,7200
225,80,15,16,0.120108,-80.899462,1,0.124379,-69.164762,0,3600
225,80,17,18,0.120108,-80.899462,1,0.120568,-75.319497,0,4050
225,80,19,20,0.120108,-80.899462,1,0.120172,-79.630362,0,4500
225,80,21,22,0.120108,-80.899462,1,0.120105,-80.905095,1,4950
225,80,23,24,0.120108,-80.899462,1,0.120113,-80.842113,1,5400
225,80,25,26,0.120108,-80.899462,1,0.120107,-80.892451,1,5850
225,80,27,28,0.120108,-80.899462,1,0.120107,-80.899691,1,6300
225,80,31,32,0.120108,-80.899462,1,0.120108,-80.899523,1,7200
225,160,15,16,0.169749,-84.039822,1,0.172979,-68.761575,0,3600
225,160,17,18,0.169749,-84.039822,1,0.169845,-76.741246,0,4050
225,160,19,20,0.169749,-84.039822,1,0.169873,-81.889823,1,4500
225,160,21,22,0.169749,-84.039822,1,0.169745,-83.576657,1,4950
225,160,23,24,0.169749,-84.039822,1,0.169756,-84.040095,1,5400
225,160,25,26,0.169749,-84.039822,1,0.169749,-84.001234,1,5850
225,160,27,28,0.169749,-84.039822,1,0.169749,-84.042346,1,6300
225,160,31,32,0.169749,-84.039822,1,0.169749,-84.040426,1,7200
226,1,15,16,0.015057,-61.080326,0,0.019672,-58.028272,0,3616
226,1,17,18,0.015057,-61.080326,0,0.015611,-60.478699,0,4068
226,1,19,20,0.015057,-61.080326,0,0.015180,-60.992992,0,4520
226,1,21,22,0.015057,-61.080326,0,0.015110,-61.074573,0,4972
226,1,23,24,0.015057,-61.080326,0,0.015054,-61.081431,0,5424
226,1,25,26,0.015057,-61.080326,0,0.015055,-61.083463,0,5876
226,1,27,28,0.015057,-61.080326,0,0.015058,-61.080473,0,6328
226,1,31,32,0.015057,-61.080326,0,0.015057,-61.080355,0,7232
226,2,15,16,0.021528,-64.133482,0,0.024166,-59.238669,0,3616
226,2,17,18,0.021528,-64.133482,0,0.022478,-63.110346,0,4068
226,2,19,20,0.021528,-64.133482,0,0.021690,-63.961535,0,4520
226,2,21,22,0.021528,-64.133482,0,0.021579,-64.117614,0,4972
226,2,23,24,0.021528,-64.133482,0,0.021520,-64.128344,0,5424
226,2,25,26,0.021528,-64.133482,0,0.021532,-64.135999,0,5876
226,2,27,28,0.021528,-64.133482,0,0.021528,-64.133144,0,6328
226,2,31,32,0.021528,-64.133482,0,0.021528,-64.133464,0,7232
226,5,15,16,0.031627,-68.791341,0,0.034824,-63.098767,0,3616
226,5,17,18,0.031627,-68.791341,0,0.032507,-67.064365,0,4068
226,5,19,20,0.031627,-68.791341,0,0.031758,-68.388476,0,4520
226,5,21,22,0.031627,-68.791341,0,0.031582,-68.698088,0,4972
226,5,23,24,0.031627,-68.791341,0,0.031619,-68.783615,0,5424
226,5,25,26,0.031627,-68.791341,0,0.031627,-68.787769,0,5876
226,5,27,28,0.031627,-68.791341,0,0.031627,-68.790860,0,6328
226,5,31,32,0.031627,-68.791341,0,0.031627,-68.791440,0,7232
226,10,15,16,0.046208,-71.447313,0,0.049710,-63.378629,0,3616
226,10,17,18,0.046208,-71.447313,0,0.047140,-69.359807,0,4068
226,10,19,20,0.046208,-71.447313,0,0.046224,-70.909758,0,4520
226,10,21,22,0.046208,-71.447313,0,0.046222,-71.398666,0,4972
226,10,23,24,0.046208,-71.447313,0,0.046203,-71.402818,0,5424
226,10,25,26,0.046208,-71.447313,0,0.046207,-71.441548,0,5876
226,10,27,28,0.046208,-71.447313,0,0.046209,-71.446121,0,6328
226,10,31,32,0.046208,-71.447313,0,0.046208,-71.447373,0,7232
226,20,15,16,0.065523,-74.404808,0,0.069142,-65.964957,0,3616
226,20,17,18,0.065523,-74.404808,0,0.066632,-71.470619,0,4068
226,20,19,20,0.065523,-74.404808,0,0.065730,-73.589430,0,4520
226,20,21,22,0.065523,-74.404808,0,0.065525,-74.275828,0,4972
226,20,23,24,0.065523,-74.404808,0,0.065521,-74.420689,0,5424
226,20,25,26,0.065523,-74.404808,0,0.065528,-74.402675,0,5876
226,20,27,28,0.065523,-74.404808,0,0.065524,-74.406198,0,6328
226,20,31,32,0.065523,-74.404808,0,0.065523,-74.404845,0,7232
226,40,15,16,0.087385,-77.757084,0,0.091516,-68.599095,0,3616
226,40,17,18,0.087385,-77.757084,0,0.087635,-73.719283,0,4068
226,40,19,20,0.087385,-77.757084,0,0.087523,-76.716202,0,4520
226,40,21,22,0.087385,-77.757084,0,0.087414,-77.657293,0,4972
226,40,23,24,0.087385,-77.757084,0,0.087378,-77.714509,0,5424
226,40,25,26,0.087385,-77.757084,0,0.087384,-77.755982,0,5876
226,40,27,28,0.087385,-77.757084,0,0.087384,-77.760776,0,6328
226,40,31,32,0.087385,-77.757084,0,0.087385,-77.757116,0,7232
226,80,15,16,0.114490,-81.395684,1,0.117775,-67.416567,0,3616
226,80,17,18,0.114490,-81.395684,1,0.114741,-76.238321,0,4068
226,80,19,20,0.114490,-81.395684,1,0.114505,-80.227263,1,4520
226,80,21,22,0.114490,-81.395684,1,0.114494,-81.184901,1,4972
226,80,23,24,0.114490,-81.395684,1,0.114494,-81.466309,1,5424
226,80,25,26,0.114490,-81.395684,1,0.114487,-81.386490,1,5876
226,80,27,28,0.114490,-81.395684,1,0.114490,-81.397834,1,6328
226,80,31,32,0.114490,-81.395684,1,0.114490,-81.395612,1,7232
226,160,15,16,0.163734,-84.387462,1,0.166041,-68.929532,0,3616
226,160,17,18,0.163734,-84.387462,1,0.164089,-77.764395,0,4068
226,160,19,20,0.163734,-84.387462,1,0.163862,-82.108380,1,4520
226,160,21,22,0.163734,-84.387462,1,0.163749,-83.893918,1,4972
226,160,23,24,0.163734,-84.387462,1,0.163717,-84.295679,1,5424
226,160,25,26,0.163734,-84.387462,1,0.163734,-84.351249,1,5876
226,160,27,28,0.163734,-84.387462,1,0.163733,-84.389173,1,6328
226,160,31,32,0.163734,-84.387462,1,0.163734,-84.387582,1,7232
227,1,15,16,0.014522,-61.470333,0,0.019474,-58.998668,0,3632
227,1,17,18,0.014522,-61.470333,0,0.015158,-61.034223,0,4086
227,1,19,20,0.014522,-61.470333,0,0.014734,-61.434024,0,4540
227,1,21,22,0.014522,-61.470333,0,0.014503,-61.496486,0,4994
227,1,23,24,0.014522,-61.470333,0,0.014517,-61.474496,0,5448
227,1,25,26,0.014522,-61.470333,0,0.014522,-61.471375,0,5902
227,1,27,28,0.014522,-61.470333,0,0.014522,-61.470630,0,6356
227,1,31,32,0.014522,-61.470333,0,0.014522,-61.470327,0,7264
227,2,15,16,0.021079,-64.305435,0,0.025189,-60.617777,0,3632
227,2,17,18,0.021079,-64.305435,0,0.021750,-63.437763,0,4086
227,2,19,20,0.021079,-64.305435,0,0.021326,-63.996830,0,4540
227,2,21,22,0.021079,-64.305435,0,0.021083,-64.280158,0,4994
227,2,23,24,0.021079,-64.305435,0,0.021096,-64.309715,0,5448
227,2,25,26,0.021079,-64.305435,0,0.021078,-64.302700,0,5902
227,2,27,28,0.021079,-64.305435,0,0.021080,-64.305077,0,6356
227,2,31,32,0.021079,-64.305435,0,0.021079,-64.305431,0,7264
227,5,15,16,0.031620,-68.774366,0,0.035293,-64.296117,0,3632
227,5,17,18,0.031620,-68.774366,0,0.032451,-66.782676,0,4086
227,5,19,20,0.031620,-68.774366,0,0.031813,-68.351670,0,4540
227,5,21,22,0.031620,-68.774366,0,0.031636,-68.670442,0,4994
227,5,23,24,0.031620,-68.774366,0,0.031623,-68.745419,0,5448
227,5,25,26,0.031620,-68.774366,0,0.031621,-68.771534,0,5902
227,5,27,28,0.031620,-68.774366,0,0.031621,-68.773766,0,6356
227,5,31,32,0.031620,-68.774366,0,0.031620,-68.774328,0,7264
227,10,15,16,0.044053,-71.883437,0,0.047888,-64.801588,0,3632
227,10,17,18,0.044053,-71.883437,0,0.044615,-69.685465,0,4086
227,10,19,20,0.044053,-71.883437,0,0.044160,-71.311863,0,4540
227,10,21,22,0.044053,-71.883437,0,0.044094,-71.752624,0,4994
227,10,23,24,0.044053,-71.883437,0,0.044049,-71.879953,0,5448
227,10,25,26,0.044053,-71.883437,0,0.044053,-71.877342,0,5902
227,10,27,28,0.044053,-71.883437,0,0.044053,-71.884060,0,6356
227,10,31,32,0.044053,-71.883437,0,0.044053,-71.883399,0,7264
227,20,15,16,0.063635,-74.668801,0,0.069517,-64.899700,0,3632
227,20,17,18,0.063635,-74.668801,0,0.064437,-71.841231,0,4086
227,20,19,20,0.063635,-74.668801,0,0.063723,-73.917322,0,4540
227,20,21,22,0.063635,-74.668801,0,0.063622,-74.495391,0,4994
227,20,23,24,0.063635,-74.668801,0,0.063643,-74.615304,0,5448
227,20,25,26,0.063635,-74.668801,0,0.063635,-74.667022,0,5902
227,20,27,28,0.063635,-74.668801,0,0.063635,-74.669164,0,6356
227,20,31,32,0.063635,-74.668801,0,0.063635,-74.668830,0,7264
227,40,15,16,0.086786,-77.845414,0,0.090522,-67.615961,0,3632
227,40,17,18,0.086786,-77.845414,0,0.087498,-73.504176,0,4086
227,40,19,20,0.086786,-77.845414,0,0.086857,-76.338975,0,4540
227,40,21,22,0.086786,-77.845414,0,0.086780,-77.750851,0,4994
227,40,23,24,0.086786,-77.845414,0,0.086786,-77.848071,0,5448
227,40,25,26,0.086786,-77.845414,0,0.086785,-77.836234,0,5902
227,40,27,28,0.086786,-77.845414,0,0.086787,-77.843486,0,6356
227,40,31,32,0.086786,-77.845414,0,0.086786,-77.845256,0,7264
227,80,15,16,0.112098,-81.514937,1,0.115155,-66.579088,0,3632
227,80,17,18,0.112098,-81.514937,1,0.113007,-75.686088,0,4086
227,80,19,20,0.112098,-81.514937,1,0.112129,-79.904863,0,4540
227,80,21,22,0.112098,-81.514937,1,0.112059,-81.406325,1,4994
227,80,23,24,0.112098,-81.514937,1,0.112095,-81.551046,1,5448
227,80,25,26,0.112098,-81.514937,1,0.112097,-81.497143,1,5902
227,80,27,28,0.112098,-81.514937,1,0.112099,-81.515657,1,6356
227,80,31,32,0.112098,-81.514937,1,0.112098,-81.514843,1,7264
227,160,15,16,0.156641,-84.778125,1,0.161241,-68.009847,0,3632
227,160,17,18,0.156641,-84.778125,1,0.157426,-77.229043,0,4086
227,160,19,20,0.156641,-84.778125,1,0.156737,-82.320785,1,4540
227,160,21,22,0.156641,-84.778125,1,0.156650,-84.284653,1,4994
227,160,23,24,0.156641,-84.778125,1,0.156641,-84.821430,1,5448
227,160,25,26,0.156641,-84.778125,1,0.156639,-84.768141,1,5902
227,160,27,28,0.156641,-84.778125,1,0.156641,-84.783720,1,6356
227,160,31,32,0.156641,-84.778125,1,0.156641,-84.778068,1,7264
228,1,15,16,0.013868,-61.923258,0,0.016931,-58.681665,0,3648
228,1,17,18,0.013868,-61.923258,0,0.014869,-60.993935,0,4104
228,1,19,20,0.013868,-61.923258,0,0.014032,-61.876941,0,4560
228,1,21,22,0.013868,-61.923258,0,0.013848,-61.898699,0,5016
228,1,23,24,0.013868,-61.923258,0,0.013865,-61.914393,0,5472
228,1,25,26,0.013868,-61.923258,0,0.013868,-61.924819,0,5928
228,1,27,28,0.013868,-61.923258,0,0.013868,-61.922993,0,6384
228,1,31,32,0.013868,-61.923258,0,0.013868,-61.923261,0,7296
228,2,15,16,0.020469,-64.573384,0,0.024680,-60.658517,0,3648
228,2,17,18,0.020469,-64.573384,0,0.021703,-63.423185,0,4104
228,2,19,20,0.020469,-64.573384,0,0.020744,-64.351548,0,4560
228,2,21,22,0.020469,-64.573384,0,0.020488,-64.523985,0,5016
228,2,23,24,0.020469,-64.573384,0,0.020470,-64.579648,0,5472
228,2,25,26,0.020469,-64.573384,0,0.020468,-64.571700,0,5928
228,2,27,28,0.020469,-64.573384,0,0.020469,-64.572289,0,6384
228,2,31,32,0.020469,-64.573384,0,0.020469,-64.573421,0,7296
228,5,15,16,0.031534,-68.793632,0,0.034815,-62.526663,0,3648
228,5,17,18,0.031534,-68.793632,0,0.032930,-67.262650,0,4104
228,5,19,20,0.031534,-68.793632,0,0.031633,-68.339627,0,4560
228,5,21,22,0.031534,-68.793632,0,0.031569,-68.696127,0,5016
228,5,23,24,0.031534,-68.793632,0,0.031526,-68.777699,0,5472
228,5,25,26,0.031534,-68.793632,0,0.031536,-68.793953,0,5928
228,5,27,28,0.031534,-68.793632,0,0.031534,-68.793010,0,6384
228,5,31,32,0.031534,-68.793632,0,0.031534,-68.793572,0,7296
228,10,15,16,0.041795,-72.375338,0,0.046818,-64.035822,0,3648
228,10,17,18,0.041795,-72.375338,0,0.042488,-69.341722,0,4104
228,10,19,20,0.041795,-72.375338,0,0.041828,-71.722281,0,4560
228,10,21,22,0.041795,-72.375338,0,0.041789,-72.267625,0,5016
228,10,23,24,0.041795,-72.375338,0,0.041803,-72.358651,0,5472
228,10,25,26,0.041795,-72.375338,0,0.041794,-72.377296,0,5928
228,10,27,28,0.041795,-72.375338,0,0.041795,-72.375974,0,6384
228,10,31,32,0.041795,-72.375338,0,0.041795,-72.375199,0,7296
228,20,15,16,0.061236,-74.984215,0,0.066127,-66.335548,0,3648
228,20,17,18,0.061236,-74.984215,0,0.061757,-71.089095,0,4104
228,20,19,20,0.061236,-74.984215,0,0.061244,-74.264518,0,4560
228,20,21,22,0.061236,-74.984215,0,0.061239,-74.835512,0,5016
228,20,23,24,0.061236,-74.984215,0,0.061234,-75.020919,0,5472
228,20,25,26,0.061236,-74.984215,0,0.061236,-74.982281,0,5928
228,20,27,28,0.061236,-74.984215,0,0.061236,-74.985010,0,6384
228,20,31,32,0.061236,-74.984215,0,0.061236,-74.984293,0,7296
228,40,15,16,0.085336,-77.970046,0,0.089445,-66.878474,0,3648
228,40,17,18,0.085336,-77.970046,0,0.085895,-73.880399,0,4104
228,40,19,20,0.085336,-77.970046,0,0.085497,-76.798759,0,4560
228,40,21,22,0.085336,-77.970046,0,0.085401,-77.794810,0,5016
228,40,23,24,0.085336,-77.970046,0,0.085343,-77.980900,0,5472
228,40,25,26,0.085336,-77.970046,0,0.085334,-77.967099,0,5928
228,40,27,28,0.085336,-77.970046,0,0.085336,-77.973867,0,6384
228,40,31,32,0.085336,-77.970046,0,0.085336,-77.970411,0,7296
228,80,15,16,0.112084,-81.516086,1,0.114899,-68.003126,0,3648
228,80,17,18,0.112084,-81.516086,1,0.112675,-76.082828,0,4104
228,80,19,20,0.112084,-81.516086,1,0.112058,-80.181477,1,4560
228,80,21,22,0.112084,-81.516086,1,0.112107,-81.353072,1,5016
228,80,23,24,0.112084,-81.516086,1,0.112085,-81.470520,1,5472
228,80,25,26,0.112084,-81.516086,1,0.112084,-81.516308,1,5928
228,80,27,28,0.112084,-81.516086,1,0.112084,-81.517394,1,6384
228,80,31,32,0.112084,-81.516086,1,0.112084,-81.515799,1,7296
228,160,15,16,0.149286,-85.239711,1,0.152719,-68.113434,0,3648
228,160,17,18,0.149286,-85.239711,1,0.149991,-76.843298,0,4104
228,160,19,20,0.149286,-85.239711,1,0.149442,-83.005641,1,4560
228,160,21,22,0.149286,-85.239711,1,0.149235,-84.592448,1,5016
228,160,23,24,0.149286,-85.239711,1,0.149285,-85.191005,1,5472
228,160,25,26,0.149286,-85.239711,1,0.149286,-85.255172,1,5928
228,160,27,28,0.149286,-85.239711,1,0.149287,-85.231820,1,6384
228,160,31,32,0.149286,-85.239711,1,0.149286,-85.239565,1,7296
229,1,15,16,0.013138,-62.375399,0,0.018094,-59.833377,0,3664
229,1,17,18,0.013138,-62.375399,0,0.013835,-61.805276,0,4122
229,1,19,20,0.013138,-62.375399,0,0.013236,-62.298706,0,4580
229,1,21,22,0.013138,-62.375399,0,0.013136,-62.378803,0,5038
229,1,23,24,0.013138,-62.375399,0,0.013133,-62.388047,0,5496
229,1,25,26,0.013138,-62.375399,0,0.013139,-62.374853,0,5954
229,1,27,28,0.013138,-62.375399,0,0.013138,-62.375307,0,6412
229,1,31,32,0.013138,-62.375399,0,0.013138,-62.375401,0,7328
229,2,15,16,0.019744,-64.920537,0,0.021827,-61.132579,0,3664
229,2,17,18,0.019744,-64.920537,0,0.020824,-63.886838,0,4122
229,2,19,20,0.019744,-64.920537,0,0.019781,-64.635251,0,4580
229,2,21,22,0.019744,-64.920537,0,0.019757,-64.898112,0,5038
229,2,23,24,0.019744,-64.920537,0,0.019733,-64.916078,0,5496
229,2,25,26,0.019744,-64.920537,0,0.019744,-64.920720,0,5954
229,2,27,28,0.019744,-64.920537,0,0.019743,-64.920133,0,6412
229,2,31,32,0.019744,-64.920537,0,0.019744,-64.920558,0,7328
229,5,15,16,0.031232,-68.877197,0,0.034307,-62.566037,0,3664
229,5,17,18,0.031232,-68.877197,0,0.031918,-67.299480,0,4122
229,5,19,20,0.031232,-68.877197,0,0.031414,-68.283711,0,4580
229,5,21,22,0.031232,-68.877197,0,0.031258,-68.782842,0,5038
229,5,23,24,0.031232,-68.877197,0,0.031224,-68.859810,0,5496
229,5,25,26,0.031232,-68.877197,0,0.031230,-68.876250,0,5954
229,5,27,28,0.031232,-68.877197,0,0.031231,-68.876961,0,6412
229,5,31,32,0.031232,-68.877197,0,0.031232,-68.877219,0,7328
229,10,15,16,0.041355,-72.433622,0,0.043673,-64.637217,0,3664
229,10,17,18,0.041355,-72.433622,0,0.042053,-70.416981,0,4122
229,10,19,20,0.041355,-72.433622,0,0.041391,-71.870710,0,4580
229,10,21,22,0.041355,-72.433622,0,0.041393,-72.356891,0,5038
229,10,23,24,0.041355,-72.433622,0,0.041358,-72.415555,0,5496
229,10,25,26,0.041355,-72.433622,0,0.041354,-72.438911,0,5954
229,10,27,28,0.041355,-72.433622,0,0.041355,-72.432882,0,6412
229,10,31,32,0.041355,-72.433622,0,0.041355,-72.433652,0,7328
229,20,15,16,0.058774,-75.384013,0,0.061072,-66.579098,0,3664
229,20,17,18,0.058774,-75.384013,0,0.059366,-71.074341,0,4122
229,20,19,20,0.058774,-75.384013,0,0.058842,-74.779702,0,4580
229,20,21,22,0.058774,-75.384013,0,0.058789,-75.248195,0,5038
229,20,23,24,0.058774,-75.384013,0,0.058779,-75.368566,0,5496
229,20,25,26,0.058774,-75.384013,0,0.058773,-75.380929,0,5954
229,20,27,28,0.058774,-75.384013,0,0.058774,-75.383412,0,6412
229,20,31,32,0.058774,-75.384013,0,0.058774,-75.384154,0,7328
229,40,15,16,0.083261,-78.193077,0,0.087917,-67.721874,0,3664
229,40,17,18,0.083261,-78.193077,0,0.083804,-74.081257,0,4122
229,40,19,20,0.083261,-78.193077,0,0.083384,-77.054198,0,4580
229,40,21,22,0.083261,-78.193077,0,0.083235,-78.114713,0,5038
229,40,23,24,0.083261,-78.193077,0,0.083260,-78.194313,0,5496
229,40,25,26,0.083261,-78.193077,0,0.083260,-78.197874,0,5954
229,40,27,28,0.083261,-78.193077,0,0.083261,-78.195443,0,6412
229,40,31,32,0.083261,-78.193077,0,0.083261,-78.193188,0,7328
229,80,15,16,0.111527,-81.525266,1,0.114574,-67.412867,0,3664
229,80,17,18,0.111527,-81.525266,1,0.112396,-75.223246,0,4122
229,80,19,20,0.111527,-81.525266,1,0.111705,-79.933584,0,4580
229,80,21,22,0.111527,-81.525266,1,0.111494,-81.467773,1,5038
229,80,23,24,0.111527,-81.525266,1,0.111523,-81.540195,1,5496
229,80,25,26,0.111527,-81.525266,1,0.111528,-81.521102,1,5954
229,80,27,28,0.111527,-81.525266,1,0.111527,-81.526680,1,6412
229,80,31,32,0.111527,-81.525266,1,0.111527,-81.524842,1,7328
229,160,15,16,0.143060,-85.628118,1,0.146982,-67.443045,0,3664
229,160,17,18,0.143060,-85.628118,1,0.143838,-77.049876,0,4122
229,160,19,20,0.143060,-85.628118,1,0.143151,-82.630490,1,4580
229,160,21,22,0.143060,-85.628118,1,0.143086,-85.187175,1,5038
229,160,23,24,0.143060,-85.628118,1,0.143053,-85.485954,1,5496
229,160,25,26,0.143060,-85.628118,1,0.143061,-85.635999,1,5954
229,160,27,28,0.143060,-85.628118,1,0.143061,-85.632634,1,6412
229,160,31,32,0.143060,-85.628118,1,0.143060,-85.628047,1,7328
230,1,15,16,0.012996,-62.482341,0,0.016569,-58.992601,0,3680
230,1,17,18,0.012996,-62.482341,0,0.013998,-61.637665,0,4140
230,1,19,20,0.012996,-62.482341,0,0.013183,-62.348187,0,4600
230,1,21,22,0.012996,-62.482341,0,0.013000,-62.464811,0,5060
230,1,23,24,0.012996,-62.482341,0,0.013015,-62.478088,0,5520
230,1,25,26,0.012996,-62.482341,0,0.012997,-62.482420,0,5980
230,1,27,28,0.012996,-62.482341,0,0.012996,-62.482020,0,6440
230,1,31,32,0.012996,-62.482341,0,0.012996,-62.482321,0,7360
230,2,15,16,0.018910,-65.302822,0,0.021790,-61.567555,0,3680
230,2,17,18,0.018910,-65.302822,0,0.019491,-64.205952,0,4140
230,2,19,20,0.018910,-65.302822,0,0.019013,-65.054422,0,4600
230,2,21,22,0.018910,-65.302822,0,0.018929,-65.285554,0,5060
230,2,23,24,0.018910,-65.302822,0,0.018910,-65.305883,0,5520
230,2,25,26,0.018910,-65.302822,0,0.018909,-65.300433,0,5980
230,2,27,28,0.018910,-65.302822,0,0.018910,-65.302636,0,6440
230,2,31,32,0.018910,-65.302822,0,0.018910,-65.302771,0,7360
230,5,15,16,0.030691,-69.027779,0,0.033617,-63.744112,0,3680
230,5,17,18,0.030691,-69.027779,0,0.031641,-67.358857,0,4140
230,5,19,20,0.030691,-69.027779,0,0.030958,-68.636242,0,4600
230,5,21,22,0.030691,-69.027779,0,0.030702,-68.922696,0,5060
230,5,23,24,0.030691,-69.027779,0,0.030684,-69.014072,0,5520
230,5,25,26,0.030691,-69.027779,0,0.030693,-69.023187,0,5980
230,5,27,28,0.030691,-69.027779,0,0.030691,-69.027239,0,6440
230,5,31,32,0.030691,-69.027779,0,0.030691,-69.027767,0,7360
230,10,15,16,0.041328,-72.439998,0,0.044529,-64.602824,0,3680
230,10,17,18,0.041328,-72.439998,0,0.042356,-69.616833,0,4140
230,10,19,20,0.041328,-72.439998,0,0.041470,-71.856249,0,4600
230,10,21,22,0.041328,-72.439998,0,0.041350,-72.329284,0,5060
230,10,23,24,0.041328,-72.439998,0,0.041322,-72.451471,0,5520
230,10,25,26,0.041328,-72.439998,0,0.041328,-72.441543,0,5980
230,10,27,28,0.041328,-72.439998,0,0.041328,-72.439816,0,6440
230,10,31,32,0.041328,-72.439998,0,0.041328,-72.439873,0,7360
230,20,15,16,0.055740,-75.777962,0,0.058037,-66.969338,0,3680
230,20,17,18,0.055740,-75.777962,0,0.056116,-72.710092,0,4140
230,20,19,20,0.055740,-75.777962,0,0.055747,-74.712588,0,4600
230,20,21,22,0.055740,-75.777962,0,0.055754,-75.664239,0,5060
230,20,23,24,0.055740,-75.777962,0,0.055752,-75.825167,0,5520
230,20,25,26,0.055740,-75.777962,0,0.055741,-75.775728,0,5980
230,20,27,28,0.055740,-75.777962,0,0.055740,-75.779497,0,6440
230,20,31,32,0.055740,-75.777962,0,0.055740,-75.777938,0,7360
230,40,15,16,0.080357,-78.458420,0,0.083614,-67.517716,0,3680
230,40,17,18,0.080357,-78.458420,0,0.081561,-74.003968,0,4140
230,40,19,20,0.080357,-78.458420,0,0.080453,-77.342565,0,4600
230,40,21,22,0.080357,-78.458420,0,0.080376,-78.284630,0,5060
230,40,23,24,0.080357,-78.458420,0,0.080350,-78.488129,0,5520
230,40,25,26,0.080357,-78.458420,0,0.080358,-78.464989,0,5980
230,40,27,28,0.080357,-78.458420,0,0.080358,-78.458245,0,6440
230,40,31,32,0.080357,-78.458420,0,0.080357,-78.458634,0,7360
230,80,15,16,0.110251,-81.637574,1,0.114722,-66.626352,0,3680
230,80,17,18,0.110251,-81.637574,1,0.111192,-77.128077,0,4140
230,80,19,20,0.110251,-81.637574,1,0.110493,-80.002845,1,4600
230,80,21,22,0.110251,-81.637574,1,0.110252,-81.452424,1,5060
230,80,23,24,0.110251,-81.637574,1,0.110251,-81.674537,1,5520
230,80,25,26,0.110251,-81.637574,1,0.110250,-81.655277,1,5980
230,80,27,28,0.110251,-81.637574,1,0.110251,-81.637677,1,6440
230,80,31,32,0.110251,-81.637574,1,0.110251,-81.637333,1,7360
230,160,15,16,0.143249,-85.616753,1,0.145039,-65.195730,0,3680
230,160,17,18,0.143249,-85.616753,1,0.144046,-78.854475,0,4140
230,160,19,20,0.143249,-85.616753,1,0.143304,-82.840388,1,4600
230,160,21,22,0.143249,-85.616753,1,0.143225,-85.112366,1,5060
230,160,23,24,0.143249,-85.616753,1,0.143260,-85.588843,1,5520
230,160,25,26,0.143249,-85.616753,1,0.143247,-85.590284,1,5980
230,160,27,28,0.143249,-85.616753,1,0.143249,-85.609838,1,6440
230,160,31,32,0.143249,-85.616753,1,0.143249,-85.616901,1,7360
231,1,15,16,0.012919,-62.455331,0,0.015901,-59.610615,0,3696
231,1,17,18,0.012919,-62.455331,0,0.013807,-61.765292,0,4158
231,1,19,20,0.012919,-62.455331,0,0.013119,-62.349144,0,4620
231,1,21,22,0.012919,-62.455331,0,0.012952,-62.480326,0,5082
231,1,23,24,0.012919,-62.455331,0,0.012921,-62.457470,0,5544
231,1,25,26,0.012919,-62.455331,0,0.012919,-62.451319,0,6006
231,1,27,28,0.012919,-62.455331,0,0.012919,-62.456268,0,6468
231,1,31,32,0.012919,-62.455331,0,0.012919,-62.455325,0,7392
231,2,15,16,0.017978,-65.723696,0,0.023505,-61.688042,0,3696
231,2,17,18,0.017978,-65.723696,0,0.019024,-64.436969,0,4158
231,2,19,20,0.017978,-65.723696,0,0.018052,-65.388481,0,4620
231,2,21,22,0.017978,-65.723696,0,0.017975,-65.721925,0,5082
231,2,23,24,0.017978,-65.723696,0,0.017978,-65.743531,0,5544
231,2,25,26,0.017978,-65.723696,0,0.017978,-65.729320,0,6006
231,2,27,28,0.017978,-65.723696,0,0.017978,-65.723503,0,6468
231,2,31,32,0.017978,-65.723696,0,0.017978,-65.723689,0,7392
231,5,15,16,0.029906,-69.269494,0,0.033516,-64.086963,0,3696
231,5,17,18,0.029906,-69.269494,0,0.030624,-67.438129,0,4158
231,5,19,20,0.029906,-69.269494,0,0.030073,-68.656601,0,4620
231,5,21,22,0.029906,-69.269494,0,0.029901,-69.130269,0,5082
231,5,23,24,0.029906,-69.269494,0,0.029902,-69.253371,0,5544
231,5,25,26,0.029906,-69.269494,0,0.029904,-69.266216,0,6006
231,5,27,28,0.029906,-69.269494,0,0.029906,-69.268987,0,6468
231,5,31,32,0.029906,-69.269494,0,0.029906,-69.269482,0,7392
231,10,15,16,0.041075,-72.458530,0,0.045827,-65.211693,0,3696
231,10,17,18,0.041075,-72.458530,0,0.041733,-69.642162,0,4158
231,10,19,20,0.041075,-72.458530,0,0.041235,-71.887587,0,4620
231,10,21,22,0.041075,-72.458530,0,0.041107,-72.339281,0,5082
231,10,23,24,0.041075,-72.458530,0,0.041074,-72.474460,0,5544
231,10,25,26,0.041075,-72.458530,0,0.041076,-72.460799,0,6006
231,10,27,28,0.041075,-72.458530,0,0.041074,-72.458730,0,6468
231,10,31,32,0.041075,-72.458530,0,0.041075,-72.458594,0,7392
231,20,15,16,0.053637,-76.079171,0,0.055504,-67.381014,0,3696
231,20,17,18,0.053637,-76.079171,0,0.054345,-72.223942,0,4158
231,20,19,20,0.053637,-76.079171,0,0.053811,-75.069811,0,4620
231,20,21,22,0.053637,-76.079171,0,0.053653,-75.960420,0,5082
231,20,23,24,0.053637,-76.079171,0,0.053639,-76.076688,0,5544
231,20,25,26,0.053637,-76.079171,0,0.053635,-76.077673,0,6006
231,20,27,28,0.053637,-76.079171,0,0.053638,-76.078905,0,6468
231,20,31,32,0.053637,-76.079171,0,0.053637,-76.079313,0,7392
231,40,15,16,0.077279,-78.827024,0,0.080692,-65.566948,0,3696
231,40,17,18,0.077279,-78.827024,0,0.078051,-74.524761,0,4158
231,40,19,20,0.077279,-78.827024,0,0.077323,-77.428646,0,4620
231,40,21,22,0.077279,-78.827024,0,0.077254,-78.628884,0,5082
231,40,23,24,0.077279,-78.827024,0,0.077269,-78.867080,0,5544
231,40,25,26,0.077279,-78.827024,0,0.077280,-78.824929,0,6006
231,40,27,28,0.077279,-78.827024,0,0.077279,-78.827286,0,6468
231,40,31,32,0.077279,-78.827024,0,0.077279,-78.827013,0,7392
231,80,15,16,0.107869,-81.799294,1,0.111960,-65.858569,0,3696
231,80,17,18,0.107869,-81.799294,1,0.108894,-76.148722,0,4158
231,80,19,20,0.107869,-81.799294,1,0.107993,-80.116163,1,4620
231,80,21,22,0.107869,-81.799294,1,0.107904,-81.557522,1,5082
231,80,23,24,0.107869,-81.799294,1,0.107868,-81.896818,1,5544
231,80,25,26,0.107869,-81.799294,1,0.107868,-81.802373,1,6006
231,80,27,28,0.107869,-81.799294,1,0.107870,-81.803176,1,6468
231,80,31,32,0.107869,-81.799294,1,0.107869,-81.799464,1,7392
231,160,15,16,0.142663,-85.606296,1,0.145650,-65.372282,0,3696
231,160,17,18,0.142663,-85.606296,1,0.143172,-76.403032,0,4158
231,160,19,20,0.142663,-85.606296,1,0.142833,-82.433711,1,4620
231,160,21,22,0.142663,-85.606296,1,0.142717,-84.894673,1,5082
231,160,23,24,0.142663,-85.606296,1,0.142665,-85.658798,1,5544
231,160,25,26,0.142663,-85.606296,1,0.142660,-85.587045,1,6006
231,160,27,28,0.142663,-85.606296,1,0.142663,-85.612443,1,6468
231,160,31,32,0.142663,-85.606296,1,0.142663,-85.606575,1,7392
232,1,15,16,0.012853,-62.508386,0,0.016287,-59.344565,0,3712
232,1,17,18,0.012853,-62.508386,0,0.013656,-62.000058,0,4176
232,1,19,20,0.012853,-62.508386,0,0.013074,-62.432356,0,4640
232,1,21,22,0.012853,-62.508386,0,0.012902,-62.537828,0,5104
232,1,23,24,0.012853,-62.508386,0,0.012849,-62.509734,0,5568
232,1,25,26,0.012853,-62.508386,0,0.012854,-62.504812,0,6032
232,1,27,28,0.012853,-62.508386,0,0.012854,-62.508419,0,6496
232,1,31,32,0.012853,-62.508386,0,0.012853,-62.508375,0,7424
232,2,15,16,0.017275,-66.076016,0,0.021609,-62.154948,0,3712
232,2,17,18,0.017275,-66.076016,0,0.018046,-64.891054,0,4176
232,2,19,20,0.017275,-66.076016,0,0.017384,-65.754221,0,4640
232,2,21,22,0.017275,-66.076016,0,0.017273,-66.014863,0,5104
232,2,23,24,0.017275,-66.076016,0,0.017273,-66.077464,0,5568
232,2,25,26,0.017275,-66.076016,0,0.017275,-66.076799,0,6032
232,2,27,28,0.017275,-66.076016,0,0.017275,-66.075586,0,6496
232,2,31,32,0.017275,-66.076016,0,0.017275,-66.076065,0,7424
232,5,15,16,0.028887,-69.583320,0,0.032934,-63.067799,0,3712
232,5,17,18,0.028887,-69.583320,0,0.029555,-67.887468,0,4176
232,5,19,20,0.028887,-69.583320,0,0.029002,-69.124869,0,4640
232,5,21,22,0.028887,-69.583320,0,0.028870,-69.497700,0,5104
232,5,23,24,0.028887,-69.583320,0,0.028895,-69.568420,0,5568
232,5,25,26,0.028887,-69.583320,0,0.028888,-69.580179,0,6032
232,5,27,28,0.028887,-69.583320,0,0.028887,-69.582740,0,6496
232,5,31,32,0.028887,-69.583320,0,0.028887,-69.583382,0,7424
232,10,15,16,0.040506,-72.589575,0,0.045424,-64.762720,0,3712
232,10,17,18,0.040506,-72.589575,0,0.041168,-69.981533,0,4176
232,10,19,20,0.040506,-72.589575,0,0.040764,-71.999963,0,4640
232,10,21,22,0.040506,-72.589575,0,0.040506,-72.466387,0,5104
232,10,23,24,0.040506,-72.589575,0,0.040509,-72.605084,0,5568
232,10,25,26,0.040506,-72.589575,0,0.040507,-72.583714,0,6032
232,10,27,28,0.040506,-72.589575,0,0.040506,-72.590813,0,6496
232,10,31,32,0.040506,-72.589575,0,0.040506,-72.589699,0,7424
232,20,15,16,0.053682,-76.072060,0,0.056387,-67.389692,0,3712
232,20,17,18,0.053682,-76.072060,0,0.054026,-71.931739,0,4176
232,20,19,20,0.053682,-76.072060,0,0.053984,-75.011255,0,4640
232,20,21,22,0.053682,-76.072060,0,0.053726,-75.983445,0,5104
232,20,23,24,0.053682,-76.072060,0,0.053681,-76.037566,0,5568
232,20,25,26,0.053682,-76.072060,0,0.053679,-76.068571,0,6032
232,20,27,28,0.053682,-76.072060,0,0.053681,-76.072327,0,6496
232,20,31,32,0.053682,-76.072060,0,0.053682,-76.072027,0,7424
232,40,15,16,0.073706,-79.204926,0,0.076456,-65.608043,0,3712
232,40,17,18,0.073706,-79.204926,0,0.074234,-75.167584,0,4176
232,40,19,20,0.073706,-79.204926,0,0.073571,-77.924101,0,4640
232,40,21,22,0.073706,-79.204926,0,0.073733,-79.085104,0,5104
232,40,23,24,0.073706,-79.204926,0,0.073715,-79.252860,0,5568
232,40,25,26,0.073706,-79.204926,0,0.073705,-79.221180,0,6032
232,40,27,28,0.073706,-79.204926,0,0.073706,-79.206457,0,6496
232,40,31,32,0.073706,-79.204926,0,0.073706,-79.204764,0,7424
232,80,15,16,0.104946,-82.083292,1,0.107131,-67.422653,0,3712
232,80,17,18,0.104946,-82.083292,1,0.105627,-76.381599,0,4176
232,80,19,20,0.104946,-82.083292,1,0.104952,-79.962927,0,4640
232,80,21,22,0.104946,-82.083292,1,0.104949,-81.930090,1,5104
232,80,23,24,0.104946,-82.083292,1,0.104950,-82.019276,1,5568
232,80,25,26,0.104946,-82.083292,1,0.104943,-82.094914,1,6032
232,80,27,28,0.104946,-82.083292,1,0.104946,-82.085788,1,6496
232,80,31,32,0.104946,-82.083292,1,0.104946,-82.083476,1,7424
232,160,15,16,0.141489,-85.681549,1,0.144287,-65.702047,0,3712
232,160,17,18,0.141489,-85.681549,1,0.142086,-76.724932,0,4176
232,160,19,20,0.141489,-85.681549,1,0.141652,-82.346489,1,4640
232,160,21,22,0.141489,-85.681549,1,0.141510,-84.983260,1,5104
232,160,23,24,0.141489,-85.681549,1,0.141497,-85.518868,1,5568
232,160,25,26,0.141489,-85.681549,1,0.141487,-85.705714,1,6032
232,160,27,28,0.141489,-85.681549,1,0.141489,-85.677549,1,6496
232,160,31,32,0.141489,-85.681549,1,0.141489,-85.681538,1,7424
233,1,15,16,0.012686,-62.612931,0,0.016170,-59.878456,0,3728
233,1,17,18,0.012686,-62.612931,0,0.013744,-62.120786,0,4194
233,1,19,20,0.012686,-62.612931,0,0.012995,-62.481627,0,4660
233,1,21,22,0.012686,-62.612931,0,0.012770,-62.611475,0,5126
233,1,23,24,0.012686,-62.612931,0,0.012697,-62.602937,0,5592
233,1,25,26,0.012686,-62.612931,0,0.012688,-62.613838,0,6058
233,1,27,28,0.012686,-62.612931,0,0.012687,-62.613140,0,6524
233,1,31,32,0.012686,-62.612931,0,0.012686,-62.612893,0,7456
233,2,15,16,0.017229,-66.032203,0,0.021446,-61.835517,0,3728
233,2,17,18,0.017229,-66.032203,0,0.018453,-64.996630,0,4194
233,2,19,20,0.017229,-66.032203,0,0.017421,-65.739622,0,4660
233,2,21,22,0.017229,-66.032203,0,0.017235,-66.008570,0,5126
233,2,23,24,0.017229,-66.032203,0,0.017238,-66.025312,0,5592
233,2,25,26,0.017229,-66.032203,0,0.017230,-66.028070,0,6058
233,2,27,28,0.017229,-66.032203,0,0.017229,-66.032469,0,6524
233,2,31,32,0.017229,-66.032203,0,0.017229,-66.032187,0,7456
233,5,15,16,0.027778,-69.976326,0,0.033073,-64.521110,0,3728
233,5,17,18,0.027778,-69.976326,0,0.029007,-67.859242,0,4194
233,5,19,20,0.027778,-69.976326,0,0.027960,-69.469814,0,4660
233,5,21,22,0.027778,-69.976326,0,0.027773,-69.868923,0,5126
233,5,23,24,0.027778,-69.976326,0,0.027782,-69.962840,0,5592
233,5,25,26,0.027778,-69.976326,0,0.027776,-69.970395,0,6058
233,5,27,28,0.027778,-69.976326,0,0.027777,-69.975679,0,6524
233,5,31,32,0.027778,-69.976326,0,0.027778,-69.976268,0,7456
233,10,15,16,0.039634,-72.772432,0,0.043865,-63.442399,0,3728
233,10,17,18,0.039634,-72.772432,0,0.040262,-70.048004,0,4194
233,10,19,20,0.039634,-72.772432,0,0.039737,-72.150160,0,4660
233,10,21,22,0.039634,-72.772432,0,0.039638,-72.649844,0,5126
233,10,23,24,0.039634,-72.772432,0,0.039645,-72.780153,0,5592
233,10,25,26,0.039634,-72.772432,0,0.039634,-72.772826,0,6058
233,10,27,28,0.039634,-72.772432,0,0.039634,-72.773340,0,6524
233,10,31,32,0.039634,-72.772432,0,0.039634,-72.772479,0,7456
233,20,15,16,0.053586,-76.115128,0,0.057925,-67.298077,0,3728
233,20,17,18,0.053586,-76.115128,0,0.054228,-72.454907,0,4194
233,20,19,20,0.053586,-76.115128,0,0.053626,-75.304995,0,4660
233,20,21,22,0.053586,-76.115128,0,0.053610,-75.841610,0,5126
233,20,23,24,0.053586,-76.115128,0,0.053586,-76.145943,0,5592
233,20,25,26,0.053586,-76.115128,0,0.053586,-76.126745,0,6058
233,20,27,28,0.053586,-76.115128,0,0.053586,-76.116260,0,6524
233,20,31,32,0.053586,-76.115128,0,0.053586,-76.114854,0,7456
233,40,15,16,0.069751,-79.624565,0,0.072230,-67.196687,0,3728
233,40,17,18,0.069751,-79.624565,0,0.070524,-73.118329,0,4194
233,40,19,20,0.069751,-79.624565,0,0.069758,-78.435863,0,4660
233,40,21,22,0.069751,-79.624565,0,0.069730,-79.294056,0,5126
233,40,23,24,0.069751,-79.624565,0,0.069751,-79.639338,0,5592
233,40,25,26,0.069751,-79.624565,0,0.069750,-79.629010,0,6058
233,40,27,28,0.069751,-79.624565,0,0.069752,-79.621939,0,6524
233,40,31,32,0.069751,-79.624565,0,0.069751,-79.624677,0,7456
233,80,15,16,0.101116,-82.429728,1,0.104863,-67.458878,0,3728
233,80,17,18,0.101116,-82.429728,1,0.101570,-77.615714,0,4194
233,80,19,20,0.101116,-82.429728,1,0.101210,-80.526726,1,4660
233,80,21,22,0.101116,-82.429728,1,0.101108,-82.282344,1,5126
233,80,23,24,0.101116,-82.429728,1,0.101114,-82.374982,1,5592
233,80,25,26,0.101116,-82.429728,1,0.101117,-82.412540,1,6058
233,80,27,28,0.101116,-82.429728,1,0.101116,-82.428191,1,6524
233,80,31,32,0.101116,-82.429728,1,0.101116,-82.429771,1,7456
233,160,15,16,0.139386,-85.801608,1,0.142045,-66.830265,0,3728
233,160,17,18,0.139386,-85.801608,1,0.140004,-77.597268,0,4194
233,160,19,20,0.139386,-85.801608,1,0.139452,-83.451041,1,4660
233,160,21,22,0.139386,-85.801608,1,0.139407,-84.955682,1,5126
233,160,23,24,0.139386,-85.801608,1,0.139384,-85.773256,1,5592
233,160,25,26,0.139386,-85.801608,1,0.139386,-85.770466,1,6058
233,160,27,28,0.139386,-85.801608,1,0.139386,-85.804312,1,6524
233,160,31,32,0.139386,-85.801608,1,0.139386,-85.801341,1,7456
234,1,15,16,0.012410,-62.817335,0,0.015717,-58.091613,0,3744
234,1,17,18,0.012410,-62.817335,0,0.013486,-62.116284,0,4212
234,1,19,20,0.012410,-62.817335,0,0.012643,-62.749829,0,4680
234,1,21,22,0.012410,-62.817335,0,0.012438,-62.797466,0,5148
234,1,23,24,0.012410,-62.817335,0,0.012411,-62.818894,0,5616
234,1,25,26,0.012410,-62.817335,0,0.012407,-62.816769,0,6084
234,1,27,28,0.012410,-62.817335,0,0.012409,-62.817109,0,6552
234,1,31,32,0.012410,-62.817335,0,0.012410,-62.817308,0,7488
234,2,15,16,0.017182,-66.052950,0,0.021047,-62.392148,0,3744
234,2,17,18,0.017182,-66.052950,0,0.018354,-64.923875,0,4212
234,2,19,20,0.017182,-66.052950,0,0.017400,-65.690538,0,4680
234,2,21,22,0.017182,-66.052950,0,0.017208,-66.043633,0,5148
234,2,23,24,0.017182,-66.052950,0,0.017178,-66.061386,0,5616
234,2,25,26,0.017182,-66.052950,0,0.017179,-66.054217,0,6084
234,2,27,28,0.017182,-66.052950,0,0.017182,-66.052254,0,6552
234,2,31,32,0.017182,-66.052950,0,0.017182,-66.052905,0,7488
234,5,15,16,0.026379,-70.399143,0,0.029423,-63.905313,0,3744
234,5,17,18,0.026379,-70.399143,0,0.027567,-68.166018,0,4212
234,5,19,20,0.026379,-70.399143,0,0.026637,-69.738123,0,4680
234,5,21,22,0.026379,-70.399143,0,0.026364,-70.255020,0,5148
234,5,23,24,0.026379,-70.399143,0,0.026373,-70.379745,0,5616
234,5,25,26,0.026379,-70.399143,0,0.026380,-70.397555,0,6084
234,5,27,28,0.026379,-70.399143,0,0.026379,-70.398082,0,6552
234,5,31,32,0.026379,-70.399143,0,0.026379,-70.399231,0,7488
234,10,15,16,0.038445,-73.078012,0,0.041834,-63.472317,0,3744
234,10,17,18,0.038445,-73.078012,0,0.039660,-69.078954,0,4212
234,10,19,20,0.038445,-73.078012,0,0.038559,-72.048131,0,4680
234,10,21,22,0.038445,-73.078012,0,0.038463,-72.866545,0,5148
234,10,23,24,0.038445,-73.078012,0,0.038439,-73.048145,0,5616
234,10,25,26,0.038445,-73.078012,0,0.038443,-73.082423,0,6084
234,10,27,28,0.038445,-73.078012,0,0.038445,-73.078045,0,6552
234,10,31,32,0.038445,-73.078012,0,0.038445,-73.078099,0,7488
234,20,15,16,0.053068,-76.190629,0,0.056604,-66.123145,0,3744
234,20,17,18,0.053068,-76.190629,0,0.054299,-72.469596,0,4212
234,20,19,20,0.053068,-76.190629,0,0.053152,-75.098328,0,4680
234,20,21,22,0.053068,-76.190629,0,0.053081,-76.099878,0,5148
234,20,23,24,0.053068,-76.190629,0,0.053070,-76.194621,0,5616
234,20,25,26,0.053068,-76.190629,0,0.053068,-76.176185,0,6084
234,20,27,28,0.053068,-76.190629,0,0.053068,-76.193881,0,6552
234,20,31,32,0.053068,-76.190629,0,0.053068,-76.190637,0,7488
234,40,15,16,0.069176,-79.687399,0,0.072117,-68.069289,0,3744
234,40,17,18,0.069176,-79.687399,0,0.069961,-74.997016,0,4212
234,40,19,20,0.069176,-79.687399,0,0.069258,-78.213108,0,4680
234,40,21,22,0.069176,-79.687399,0,0.069206,-79.423441,0,5148
234,40,23,24,0.069176,-79.687399,0,0.069180,-79.709595,0,5616
234,40,25,26,0.069176,-79.687399,0,0.069176,-79.679570,0,6084
234,40,27,28,0.069176,-79.687399,0,0.069176,-79.690237,0,6552
234,40,31,32,0.069176,-79.687399,0,0.069176,-79.687171,0,7488
234,80,15,16,0.096888,-82.865936,1,0.100123,-65.886952,0,3744
234,80,17,18,0.096888,-82.865936,1,0.097642,-76.985830,0,4212
234,80,19,20,0.096888,-82.865936,1,0.097050,-81.130937,1,4680
234,80,21,22,0.096888,-82.865936,1,0.096853,-82.468892,1,5148
234,80,23,24,0.096888,-82.865936,1,0.096882,-82.883210,1,5616
234,80,25,26,0.096888,-82.865936,1,0.096889,-82.837427,1,6084
234,80,27,28,0.096888,-82.865936,1,0.096888,-82.871643,1,6552
234,80,31,32,0.096888,-82.865936,1,0.096888,-82.865604,1,7488
234,160,15,16,0.136037,-86.039531,1,0.139070,-68.076701,0,3744
234,160,17,18,0.136037,-86.039531,1,0.136712,-77.308637,0,4212
234,160,19,20,0.136037,-86.039531,1,0.136185,-83.340995,1,4680
234,160,21,22,0.136037,-86.039531,1,0.136026,-85.397458,1,5148
234,160,23,24,0.136037,-86.039531,1,0.136037,-85.929799,1,5616
234,160,25,26,0.136037,-86.039531,1,0.136038,-86.010888,1,6084
234,160,27,28,0.136037,-86.039531,1,0.136037,-86.041888,1,6552
234,160,31,32,0.136037,-86.039531,1,0.136037,-86.039497,1,7488
235,1,15,16,0.012055,-63.102735,0,0.015444,-59.885437,0,3760
235,1,17,18,0.012055,-63.102735,0,0.012954,-62.498463,0,4230
235,1,19,20,0.012055,-63.102735,0,0.012116,-62.971835,0,4700
235,1,21,22,0.012055,-63.102735,0,0.012110,-63.099540,0,5170
235,1,23,24,0.012055,-63.102735,0,0.012062,-63.098936,0,5640
235,1,25,26,0.012055,-63.102735,0,0.012055,-63.101844,0,6110
235,1,27,28,0.012055,-63.102735,0,0.012055,-63.103036,0,6580
235,1,31,32,0.012055,-63.102735,0,0.012055,-63.102755,0,7520
235,2,15,16,0.017042,-66.154059,0,0.022300,-62.171880,0,3760
235,2,17,18,0.017042,-66.154059,0,0.017899,-64.826585,0,4230
235,2,19,20,0.017042,-66.154059,0,0.017290,-65.929847,0,4700
235,2,21,22,0.017042,-66.154059,0,0.017071,-66.125045,0,5170
235,2,23,24,0.017042,-66.154059,0,0.017042,-66.146170,0,5640
235,2,25,26,0.017042,-66.154059,0,0.017042,-66.151419,0,6110
235,2,27,28,0.017042,-66.154059,0,0.017041,-66.155314,0,6580
235,2,31,32,0.017042,-66.154059,0,0.017042,-66.154030,0,7520
235,5,15,16,0.024919,-70.835873,0,0.029563,-63.494720,0,3760
235,5,17,18,0.024919,-70.835873,0,0.025795,-68.640016,0,4230
235,5,19,20,0.024919,-70.835873,0,0.025130,-70.297088,0,4700
235,5,21,22,0.024919,-70.835873,0,0.024942,-70.681560,0,5170
235,5,23,24,0.024919,-70.835873,0,0.024920,-70.821118,0,5640
235,5,25,26,0.024919,-70.835873,0,0.024918,-70.836215,0,6110
235,5,27,28,0.024919,-70.835873,0,0.024920,-70.835618,0,6580
235,5,31,32,0.024919,-70.835873,0,0.024919,-70.835920,0,7520
235,10,15,16,0.037121,-73.441401,0,0.039065,-64.983973,0,3760
235,10,17,18,0.037121,-73.441401,0,0.038188,-70.451083,0,4230
235,10,19,20,0.037121,-73.441401,0,0.037250,-72.823655,0,4700
235,10,21,22,0.037121,-73.441401,0,0.037176,-73.135229,0,5170
235,10,23,24,0.037121,-73.441401,0,0.037127,-73.431435,0,5640
235,10,25,26,0.037121,-73.441401,0,0.037120,-73.439304,0,6110
235,10,27,28,0.037121,-73.441401,0,0.037120,-73.439848,0,6580
235,10,31,32,0.037121,-73.441401,0,0.037121,-73.441491,0,7520
235,20,15,16,0.052093,-76.357100,0,0.054438,-65.465772,0,3760
235,20,17,18,0.052093,-76.357100,0,0.052587,-72.403432,0,4230
235,20,19,20,0.052093,-76.357100,0,0.052291,-75.526927,0,4700
235,20,21,22,0.052093,-76.357100,0,0.052131,-76.159818,0,5170
235,20,23,24,0.052093,-76.357100,0,0.052085,-76.332772,0,5640
235,20,25,26,0.052093,-76.357100,0,0.052094,-76.356482,0,6110
235,20,27,28,0.052093,-76.357100,0,0.052093,-76.357263,0,6580
235,20,31,32,0.052093,-76.357100,0,0.052093,-76.357110,0,7520
235,40,15,16,0.069096,-79.724130,0,0.073291,-66.740962,0,3760
235,40,17,18,0.069096,-79.724130,0,0.069880,-74.643356,0,4230
235,40,19,20,0.069096,-79.724130,0,0.069212,-78.523192,0,4700
235,40,21,22,0.069096,-79.724130,0,0.069142,-79.645583,0,5170
235,40,23,24,0.069096,-79.724130,0,0.069092,-79.688372,0,5640
235,40,25,26,0.069096,-79.724130,0,0.069095,-79.709261,0,6110
235,40,27,28,0.069096,-79.724130,0,0.069096,-79.720277,0,6580
235,40,31,32,0.069096,-79.724130,0,0.069096,-79.724228,0,7520
235,80,15,16,0.092034,-83.301384,1,0.093954,-66.091882,0,3760
235,80,17,18,0.092034,-83.301384,1,0.092603,-77.186750,0,4230
235,80,19,20,0.092034,-83.301384,1,0.092118,-81.147192,1,4700
235,80,21,22,0.092034,-83.301384,1,0.092038,-82.944483,1,5170
235,80,23,24,0.092034,-83.301384,1,0.092034,-83.274049,1,5640
235,80,25,26,0.092034,-83.301384,1,0.092036,-83.319213,1,6110
235,80,27,28,0.092034,-83.301384,1,0.092033,-83.303635,1,6580
235,80,31,32,0.092034,-83.301384,1,0.092034,-83.300860,1,7520
235,160,15,16,0.131498,-86.329278,1,0.136695,-68.162164,0,3760
235,160,17,18,0.131498,-86.329278,1,0.131999,-78.358606,0,4230
235,160,19,20,0.131498,-86.329278,1,0.131525,-83.035237,1,4700
235,160,21,22,0.131498,-86.329278,1,0.131491,-85.585748,1,5170
235,160,23,24,0.131498,-86.329278,1,0.131497,-86.270966,1,5640
235,160,25,26,0.131498,-86.329278,1,0.131500,-86.310619,1,6110
235,160,27,28,0.131498,-86.329278,1,0.131499,-86.321200,1,6580
235,160,31,32,0.131498,-86.329278,1,0.131498,-86.329397,1,7520
236,1,15,16,0.011605,-63.469726,0,0.015028,-59.452053,0,3776
236,1,17,18,0.011605,-63.469726,0,0.012401,-62.453589,0,4248
236,1,19,20,0.011605,-63.469726,0,0.011710,-63.229815,0,4720
236,1,21,22,0.011605,-63.469726,0,0.011605,-63.449799,0,5192
236,1,23,24,0.011605,-63.469726,0,0.011605,-63.465419,0,5664
236,1,25,26,0.011605,-63.469726,0,0.011605,-63.471136,0,6136
236,1,27,28,0.011605,-63.469726,0,0.011605,-63.470050,0,6608
236,1,31,32,0.011605,-63.469726,0,0.011605,-63.469725,0,7552
236,2,15,16,0.016768,-66.285100,0,0.021069,-61.368008,0,3776
236,2,17,18,0.016768,-66.285100,0,0.017188,-64.604977,0,4248
236,2,19,20,0.016768,-66.285100,0,0.017063,-66.006268,0,4720
236,2,21,22,0.016768,-66.285100,0,0.016803,-66.266377,0,5192
236,2,23,24,0.016768,-66.285100,0,0.016775,-66.291462,0,5664
236,2,25,26,0.016768,-66.285100,0,0.016767,-66.285281,0,6136
236,2,27,28,0.016768,-66.285100,0,0.016769,-66.284142,0,6608
236,2,31,32,0.016768,-66.285100,0,0.016768,-66.285115,0,7552
236,5,15,16,0.024907,-70.838691,0,0.028577,-64.569172,0,3776
236,5,17,18,0.024907,-70.838691,0,0.025705,-69.104806,0,4248
236,5,19,20,0.024907,-70.838691,0,0.025177,-70.223823,0,4720
236,5,21,22,0.024907,-70.838691,0,0.024923,-70.692995,0,5192
236,5,23,24,0.024907,-70.838691,0,0.024911,-70.826329,0,5664
236,5,25,26,0.024907,-70.838691,0,0.024906,-70.833440,0,6136
236,5,27,28,0.024907,-70.838691,0,0.024908,-70.838966,0,6608
236,5,31,32,0.024907,-70.838691,0,0.024907,-70.838750,0,7552
236,10,15,16,0.035420,-73.827886,0,0.038690,-66.902509,0,3776
236,10,17,18,0.035420,-73.827886,0,0.036239,-70.751918,0,4248
236,10,19,20,0.035420,-73.827886,0,0.035491,-72.967978,0,4720
236,10,21,22,0.035420,-73.827886,0,0.035409,-73.680474,0,5192
236,10,23,24,0.035420,-73.827886,0,0.035415,-73.825831,0,5664
236,10,25,26,0.035420,-73.827886,0,0.035418,-73.810555,0,6136
236,10,27,28,0.035420,-73.827886,0,0.035420,-73.828421,0,6608
236,10,31,32,0.035420,-73.827886,0,0.035420,-73.827893,0,7552
236,20,15,16,0.050806,-76.572789,0,0.055848,-67.943270,0,3776
236,20,17,18,0.050806,-76.572789,0,0.051484,-71.449880,0,4248
236,20,19,20,0.050806,-76.572789,0,0.050873,-75.589227,0,4720
236,20,21,22,0.050806,-76.572789,0,0.050783,-76.487890,0,5192
236,20,23,24,0.050806,-76.572789,0,0.050801,-76.551377,0,5664
236,20,25,26,0.050806,-76.572789,0,0.050808,-76.573363,0,6136
236,20,27,28,0.050806,-76.572789,0,0.050805,-76.570936,0,6608
236,20,31,32,0.050806,-76.572789,0,0.050806,-76.572749,0,7552
236,40,15,16,0.068669,-79.766827,0,0.073277,-66.938869,0,3776
236,40,17,18,0.068669,-79.766827,0,0.069468,-75.713846,0,4248
236,40,19,20,0.068669,-79.766827,0,0.068871,-78.195536,0,4720
236,40,21,22,0.068669,-79.766827,0,0.068703,-79.534908,0,5192
236,40,23,24,0.068669,-79.766827,0,0.068658,-79.790897,0,5664
236,40,25,26,0.068669,-79.766827,0,0.068670,-79.759703,0,6136
236,40,27,28,0.068669,-79.766827,0,0.068669,-79.767241,0,6608
236,40,31,32,0.068669,-79.766827,0,0.068669,-79.766921,0,7552
236,80,15,16,0.088771,-83.633643,1,0.090966,-67.629706,0,3776
236,80,17,18,0.088771,-83.633643,1,0.089589,-76.234403,0,4248
236,80,19,20,0.088771,-83.633643,1,0.088892,-81.454002,1,4720
236,80,21,22,0.088771,-83.633643,1,0.088756,-82.976503,1,5192
236,80,23,24,0.088771,-83.633643,1,0.088769,-83.626479,1,5664
236,80,25,26,0.088771,-83.633643,1,0.088773,-83.641175,1,6136
236,80,27,28,0.088771,-83.633643,1,0.088771,-83.625667,1,6608
236,80,31,32,0.088771,-83.633643,1,0.088771,-83.633354,1,7552
236,160,15,16,0.126158,-86.716759,1,0.130378,-67.243797,0,3776
236,160,17,18,0.126158,-86.716759,1,0.126686,-75.587687,0,4248
236,160,19,20,0.126158,-86.716759,1,0.126301,-83.578176,1,4720
236,160,21,22,0.126158,-86.716759,1,0.126168,-85.978527,1,5192
236,160,23,24,0.126158,-86.716759,1,0.126152,-86.557143,1,5664
236,160,25,26,0.126158,-86.716759,1,0.126158,-86.727477,1,6136
236,160,27,28,0.126158,-86.716759,1,0.126158,-86.713486,1,6608
236,160,31,32,0.126158,-86.716759,1,0.126158,-86.716267,1,7552
237,1,15,16,0.011140,-63.894364,0,0.015171,-60.728493,0,3792
237,1,17,18,0.011140,-63.894364,0,0.011897,-62.891934,0,4266
237,1,19,20,0.011140,-63.894364,0,0.011092,-63.597890,0,4740
237,1,21,22,0.011140,-63.894364,0,0.011160,-63.904206,0,5214
237,1,23,24,0.011140,-63.894364,0,0.011144,-63.900055,0,5688
237,1,25,26,0.011140,-63.894364,0,0.011137,-63.891002,0,6162
237,1,27,28,0.011140,-63.894364,0,0.011140,-63.894649,0,6636
237,1,31,32,0.011140,-63.894364,0,0.011140,-63.894358,0,7584
237,2,15,16,0.016313,-66.525986,0,0.020420,-62.287066,0,3792
237,2,17,18,0.016313,-66.525986,0,0.017042,-64.928440,0,4266
237,2,19,20,0.016313,-66.525986,0,0.016605,-66.246288,0,4740
237,2,21,22,0.016313,-66.525986,0,0.016341,-66.495913,0,5214
237,2,23,24,0.016313,-66.525986,0,0.016315,-66.524657,0,5688
237,2,25,26,0.016313,-66.525986,0,0.016313,-66.526500,0,6162
237,2,27,28,0.016313,-66.525986,0,0.016313,-66.526078,0,6636
237,2,31,32,0.016313,-66.525986,0,0.016313,-66.525946,0,7584
237,5,15,16,0.024890,-70.841953,0,0.028291,-63.327768,0,3792
237,5,17,18,0.024890,-70.841953,0,0.026143,-67.886220,0,4266
237,5,19,20,0.024890,-70.841953,0,0.025119,-70.098907,0,4740
237,5,21,22,0.024890,-70.841953,0,0.024905,-70.689450,0,5214
237,5,23,24,0.024890,-70.841953,0,0.024892,-70.830051,0,5688
237,5,25,26,0.024890,-70.841953,0,0.024891,-70.840159,0,6162
237,5,27,28,0.024890,-70.841953,0,0.024891,-70.840545,0,6636
237,5,31,32,0.024890,-70.841953,0,0.024891,-70.842008,0,7584
237,10,15,16,0.033484,-74.248175,0,0.036037,-64.882157,0,3792
237,10,17,18,0.033484,-74.248175,0,0.033905,-71.261307,0,4266
237,10,19,20,0.033484,-74.248175,0,0.033675,-73.100026,0,4740
237,10,21,22,0.033484,-74.248175,0,0.033525,-74.112456,0,5214
237,10,23,24,0.033484,-74.248175,0,0.033484,-74.245211,0,5688
237,10,25,26,0.033484,-74.248175,0,0.033487,-74.241331,0,6162
237,10,27,28,0.033484,-74.248175,0,0.033483,-74.250467,0,6636
237,10,31,32,0.033484,-74.248175,0,0.033484,-74.248173,0,7584
237,20,15,16,0.049138,-76.885928,0,0.052532,-65.990318,0,3792
237,20,17,18,0.049138,-76.885928,0,0.049766,-73.201567,0,4266
237,20,19,20,0.049138,-76.885928,0,0.049160,-75.873245,0,4740
237,20,21,22,0.049138,-76.885928,0,0.049156,-76.765706,0,5214
237,20,23,24,0.049138,-76.885928,0,0.049144,-76.924046,0,5688
237,20,25,26,0.049138,-76.885928,0,0.049138,-76.880974,0,6162
237,20,27,28,0.049138,-76.885928,0,0.049138,-76.885538,0,6636
237,20,31,32,0.049138,-76.885928,0,0.049138,-76.885782,0,7584
237,40,15,16,0.067770,-79.899863,0,0.071690,-67.301935,0,3792
237,40,17,18,0.067770,-79.899863,0,0.068428,-75.594425,0,4266
237,40,19,20,0.067770,-79.899863,0,0.067905,-77.987097,0,4740
237,40,21,22,0.067770,-79.899863,0,0.067792,-79.774694,0,5214
237,40,23,24,0.067770,-79.899863,0,0.067772,-79.925392,0,5688
237,40,25,26,0.067770,-79.899863,0,0.067768,-79.898802,0,6162
237,40,27,28,0.067770,-79.899863,0,0.067769,-79.901195,0,6636
237,40,31,32,0.067770,-79.899863,0,0.067770,-79.899896,0,7584
237,80,15,16,0.088917,-83.590711,1,0.092362,-66.536136,0,3792
237,80,17,18,0.088917,-83.590711,1,0.089542,-76.380000,0,4266
237,80,19,20,0.088917,-83.590711,1,0.088982,-81.183374,1,4740
237,80,21,22,0.088917,-83.590711,1,0.088882,-83.091664,1,5214
237,80,23,24,0.088917,-83.590711,1,0.088924,-83.500181,1,5688
237,80,25,26,0.088917,-83.590711,1,0.088917,-83.612305,1,6162
237,80,27,28,0.088917,-83.590711,1,0.088916,-83.591797,1,6636
237,80,31,32,0.088917,-83.590711,1,0.088916,-83.590763,1,7584
237,160,15,16,0.120574,-87.147595,1,0.122379,-66.544790,0,3792
237,160,17,18,0.120574,-87.147595,1,0.120961,-76.230862,0,4266
237,160,19,20,0.120574,-87.147595,1,0.120604,-84.343257,1,4740
237,160,21,22,0.120574,-87.147595,1,0.120575,-86.243875,1,5214
237,160,23,24,0.120574,-87.147595,1,0.120569,-87.009306,1,5688
237,160,25,26,0.120574,-87.147595,1,0.120573,-87.117816,1,6162
237,160,27,28,0.120574,-87.147595,1,0.120574,-87.141281,1,6636
237,160,31,32,0.120574,-87.147595,1,0.120574,-87.147221,1,7584
238,1,15,16,0.010593,-64.367969,0,0.014811,-59.236655,0,3808
238,1,17,18,0.010593,-64.367969,0,0.011419,-63.295990,0,4284
238,1,19,20,0.010593,-64.367969,0,0.010756,-64.074874,0,4760
238,1,21,22,0.010593,-64.367969,0,0.010577,-64.338887,0,5236
238,1,23,24,0.010593,-64.367969,0,0.010593,-64.368426,0,5712
238,1,25,26,0.010593,-64.367969,0,0.010594,-64.368029,0,6188
238,1,27,28,0.010593,-64.367969,0,0.010593,-64.367368,0,6664
238,1,31,32,0.010593,-64.367969,0,0.010593,-64.367953,0,7616
238,2,15,16,0.015757,-66.846275,0,0.019047,-62.639817,0,3808
238,2,17,18,0.015757,-66.846275,0,0.017055,-65.583445,0,4284
238,2,19,20,0.015757,-66.846275,0,0.015946,-66.433062,0,4760
238,2,21,22,0.015757,-66.846275,0,0.015779,-66.803259,0,5236
238,2,23,24,0.015757,-66.846275,0,0.015758,-66.840718,0,5712
238,2,25,26,0.015757,-66.846275,0,0.015757,-66.844505,0,6188
238,2,27,28,0.015757,-66.846275,0,0.015758,-66.845986,0,6664
238,2,31,32,0.015757,-66.846275,0,0.015757,-66.846280,0,7616
238,5,15,16,0.024716,-70.905321,0,0.028424,-63.548714,0,3808
238,5,17,18,0.024716,-70.905321,0,0.025666,-68.348253,0,4284
238,5,19,20,0.024716,-70.905321,0,0.024898,-70.158191,0,4760
238,5,21,22,0.024716,-70.905321,0,0.024726,-70.785224,0,5236
238,5,23,24,0.024716,-70.905321,0,0.024724,-70.890390,0,5712
238,5,25,26,0.024716,-70.905321,0,0.024717,-70.907387,0,6188
238,5,27,28,0.024716,-70.905321,0,0.024716,-70.905216,0,6664
238,5,31,32,0.024716,-70.905321,0,0.024716,-70.905291,0,7616
238,10,15,16,0.032573,-74.466741,0,0.036495,-64.868259,0,3808
238,10,17,18,0.032573,-74.466741,0,0.033244,-71.822481,0,4284
238,10,19,20,0.032573,-74.466741,0,0.032731,-73.730452,0,4760
238,10,21,22,0.032573,-74.466741,0,0.032593,-74.277356,0,5236
238,10,23,24,0.032573,-74.466741,0,0.032577,-74.468282,0,5712
238,10,25,26,0.032573,-74.466741,0,0.032573,-74.470984,0,6188
238,10,27,28,0.032573,-74.466741,0,0.032573,-74.468885,0,6664
238,10,31,32,0.032573,-74.466741,0,0.032573,-74.466615,0,7616
238,20,15,16,0.047088,-77.230046,0,0.050956,-66.061003,0,3808
238,20,17,18,0.047088,-77.230046,0,0.047973,-73.575682,0,4284
238,20,19,20,0.047088,-77.230046,0,0.047158,-75.901119,0,4760
238,20,21,22,0.047088,-77.230046,0,0.047067,-76.921819,0,5236
238,20,23,24,0.047088,-77.230046,0,0.047081,-77.276796,0,5712
238,20,25,26,0.047088,-77.230046,0,0.047087,-77.229798,0,6188
238,20,27,28,0.047088,-77.230046,0,0.047088,-77.233046,0,6664
238,20,31,32,0.047088,-77.230046,0,0.047088,-77.230140,0,7616
238,40,15,16,0.066309,-80.066048,1,0.070317,-66.948764,0,3808
238,40,17,18,0.066309,-80.066048,1,0.066917,-75.001177,0,4284
238,40,19,20,0.066309,-80.066048,1,0.066440,-78.943992,0,4760
238,40,21,22,0.066309,-80.066048,1,0.066320,-79.936475,0,5236
238,40,23,24,0.066309,-80.066048,1,0.066313,-80.066002,1,5712
238,40,25,26,0.066309,-80.066048,1,0.066309,-80.073547,1,6188
238,40,27,28,0.066309,-80.066048,1,0.066309,-80.064845,1,6664
238,40,31,32,0.066309,-80.066048,1,0.066309,-80.066107,1,7616
238,80,15,16,0.088642,-83.619605,1,0.090107,-65.321665,0,3808
238,80,17,18,0.088642,-83.619605,1,0.089353,-75.951600,0,4284
238,80,19,20,0.088642,-83.619605,1,0.088685,-81.378428,1,4760
238,80,21,22,0.088642,-83.619605,1,0.088646,-83.264298,1,5236
238,80,23,24,0.088642,-83.619605,1,0.088638,-83.574374,1,5712
238,80,25,26,0.088642,-83.619605,1,0.088642,-83.609790,1,6188
238,80,27,28,0.088642,-83.619605,1,0.088642,-83.623681,1,6664
238,80,31,32,0.088642,-83.619605,1,0.088642,-83.619661,1,7616
238,160,15,16,0.114420,-87.591941,1,0.117203,-68.535261,0,3808
238,160,17,18,0.114420,-87.591941,1,0.115076,-78.057310,0,4284
238,160,19,20,0.114420,-87.591941,1,0.114460,-84.013793,1,4760
238,160,21,22,0.114420,-87.591941,1,0.114393,-86.585073,1,5236
238,160,23,24,0.114420,-87.591941,1,0.114421,-87.461848,1,5712
238,160,25,26,0.114420,-87.591941,1,0.114420,-87.578447,1,6188
238,160,27,28,0.114420,-87.591941,1,0.114420,-87.603025,1,6664
238,160,31,32,0.114420,-87.591941,1,0.114420,-87.591962,1,7616
239,1,15,16,0.010204,-64.594379,0,0.016404,-61.615549,0,3824
239,1,17,18,0.010204,-64.594379,0,0.011022,-63.325455,0,4302
239,1,19,20,0.010204,-64.594379,0,0.010511,-64.342440,0,4780
239,1,21,22,0.010204,-64.594379,0,0.010228,-64.585710,0,5258
239,1,23,24,0.010204,-64.594379,0,0.010201,-64.591127,0,5736
239,1,25,26,0.010204,-64.594379,0,0.010205,-64.587571,0,6214
239,1,27,28,0.010204,-64.594379,0,0.010204,-64.594921,0,6692
239,1,31,32,0.010204,-64.594379,0,0.010204,-64.594340,0,7648
239,2,15,16,0.015203,-67.253423,0,0.019022,-62.300743,0,3824
239,2,17,18,0.015203,-67.253423,0,0.015820,-65.845803,0,4302
239,2,19,20,0.015203,-67.253423,0,0.015273,-66.794687,0,4780
239,2,21,22,0.015203,-67.253423,0,0.015219,-67.203439,0,5258
239,2,23,24,0.015203,-67.253423,0,0.015195,-67.245310,0,5736
239,2,25,26,0.015203,-67.253423,0,0.015203,-67.252199,0,6214
239,2,27,28,0.015203,-67.253423,0,0.015202,-67.253822,0,6692
239,2,31,32,0.015203,-67.253423,0,0.015203,-67.253396,0,7648
239,5,15,16,0.024383,-71.044589,0,0.029360,-62.627694,0,3824
239,5,17,18,0.024383,-71.044589,0,0.025454,-68.212604,0,4302
239,5,19,20,0.024383,-71.044589,0,0.024501,-70.301246,0,4780
239,5,21,22,0.024383,-71.044589,0,0.024394,-70.916839,0,5258
239,5,23,24,0.024383,-71.044589,0,0.024385,-71.034109,0,5736
239,5,25,26,0.024383,-71.044589,0,0.024383,-71.042369,0,6214
239,5,27,28,0.024383,-71.044589,0,0.024383,-71.044327,0,6692
239,5,31,32,0.024383,-71.044589,0,0.024383,-71.044599,0,7648
239,10,15,16,0.032627,-74.475485,0,0.035454,-64.503330,0,3824
239,10,17,18,0.032627,-74.475485,0,0.033238,-70.900545,0,4302
239,10,19,20,0.032627,-74.475485,0,0.032842,-73.693503,0,4780
239,10,21,22,0.032627,-74.475485,0,0.032681,-74.335185,0,5258
239,10,23,24,0.032627,-74.475485,0,0.032625,-74.464142,0,5736
239,10,25,26,0.032627,-74.475485,0,0.032625,-74.478410,0,6214
239,10,27,28,0.032627,-74.475485,0,0.032627,-74.474331,0,6692
239,10,31,32,0.032627,-74.475485,0,0.032627,-74.475466,0,7648
239,20,15,16,0.044656,-77.634926,0,0.048761,-66.920871,0,3824
239,20,17,18,0.044656,-77.634926,0,0.045375,-73.203406,0,4302
239,20,19,20,0.044656,-77.634926,0,0.044875,-76.097188,0,4780
239,20,21,22,0.044656,-77.634926,0,0.044650,-77.478291,0,5258
239,20,23,24,0.044656,-77.634926,0,0.044657,-77.736300,0,5736
239,20,25,26,0.044656,-77.634926,0,0.044657,-77.649935,0,6214
239,20,27,28,0.044656,-77.634926,0,0.044656,-77.634176,0,6692
239,20,31,32,0.044656,-77.634926,0,0.044656,-77.634809,0,7648
239,40,15,16,0.064384,-80.344898,1,0.070288,-66.862140,0,3824
239,40,17,18,0.064384,-80.344898,1,0.065358,-75.467836,0,4302
239,40,19,20,0.064384,-80.344898,1,0.064471,-79.081727,0,4780
239,40,21,22,0.064384,-80.344898,1,0.064367,-79.893830,0,5258
239,40,23,24,0.064384,-80.344898,1,0.064377,-80.279410,1,5736
239,40,25,26,0.064384,-80.344898,1,0.064384,-80.357857,1,6214
239,40,27,28,0.064384,-80.344898,1,0.064384,-80.346404,1,6692
239,40,31,32,0.064384,-80.344898,1,0.064384,-80.345063,1,7648
239,80,15,16,0.087791,-83.679234,1,0.091183,-67.294407,0,3824
239,80,17,18,0.087791,-83.679234,1,0.089046,-76.678321,0,4302
239,80,19,20,0.087791,-83.679234,1,0.087835,-81.524262,1,4780
239,80,21,22,0.087791,-83.679234,1,0.087818,-83.465920,1,5258
239,80,23,24,0.087791,-83.679234,1,0.087787,-83.684488,1,5736
239,80,25,26,0.087791,-83.679234,1,0.087791,-83.662205,1,6214
239,80,27,28,0.087791,-83.679234,1,0.087790,-83.681646,1,6692
239,80,31,32,0.087791,-83.679234,1,0.087791,-83.679651,1,7648
239,160,15,16,0.113389,-87.678265,1,0.115667,-66.097933,0,3824
239,160,17,18,0.113389,-87.678265,1,0.114338,-77.766816,0,4302
239,160,19,20,0.113389,-87.678265,1,0.113679,-84.839760,1,4780
239,160,21,22,0.113389,-87.678265,1,0.113377,-86.880201,1,5258
239,160,23,24,0.113389,-87.678265,1,0.113395,-87.376144,1,5736
239,160,25,26,0.113389,-87.678265,1,0.113389,-87.644856,1,6214
239,160,27,28,0.113389,-87.678265,1,0.113388,-87.686401,1,6692
239,160,31,32,0.113389,-87.678265,1,0.113389,-87.677898,1,7648
240,1,15,16,0.010210,-64.589451,0,0.015851,-60.608361,0,3840
240,1,17,18,0.010210,-64.589451,0,0.011016,-63.680956,0,4320
240,1,19,20,0.010210,-64.589451,0,0.010422,-64.375898,0,4800
240,1,21,22,0.010210,-64.589451,0,0.010246,-64.540638,0,5280
240,1,23,24,0.010210,-64.589451,0,0.010215,-64.607300,0,5760
240,1,25,26,0.010210,-64.589451,0,0.010209,-64.588280,0,6240
240,1,27,28,0.010210,-64.589451,0,0.010210,-64.589440,0,6720
240,1,31,32,0.010210,-64.589451,0,0.010210,-64.589408,0,7680
240,2,15,16,0.014480,-67.691374,0,0.017920,-62.891816,0,3840
240,2,17,18,0.014480,-67.691374,0,0.015042,-66.410827,0,4320
240,2,19,20,0.014480,-67.691374,0,0.014640,-67.327608,0,4800
240,2,21,22,0.014480,-67.691374,0,0.014502,-67.603551,0,5280
240,2,23,24,0.014480,-67.691374,0,0.014487,-67.697598,0,5760
240,2,25,26,0.014480,-67.691374,0,0.014478,-67.688079,0,6240
240,2,27,28,0.014480,-67.691374,0,0.014480,-67.691854,0,6720
240,2,31,32,0.014480,-67.691374,0,0.014480,-67.691310,0,7680
240,5,15,16,0.023811,-71.238604,0,0.027483,-64.732234,0,3840
240,5,17,18,0.023811,-71.238604,0,0.024414,-68.332038,0,4320
240,5,19,20,0.023811,-71.238604,0,0.023904,-70.684522,0,4800
240,5,21,22,0.023811,-71.238604,0,0.023835,-71.145082,0,5280
240,5,23,24,0.023811,-71.238604,0,0.023819,-71.225693,0,5760
240,5,25,26,0.023811,-71.238604,0,0.023813,-71.233392,0,6240
240,5,27,28,0.023811,-71.238604,0,0.023810,-71.237622,0,6720
240,5,31,32,0.023811,-71.238604,0,0.023811,-71.238626,0,7680
240,10,15,16,0.032494,-74.506584,0,0.037018,-64.785396,0,3840
240,10,17,18,0.032494,-74.506584,0,0.033266,-71.158110,0,4320
240,10,19,20,0.032494,-74.506584,0,0.032776,-73.899119,0,4800
240,10,21,22,0.032494,-74.506584,0,0.032538,-74.321356,0,5280
240,10,23,24,0.032494,-74.506584,0,0.032491,-74.481698,0,5760
240,10,25,26,0.032494,-74.506584,0,0.032495,-74.495818,0,6240
240,10,27,28,0.032494,-74.506584,0,0.032494,-74.504203,0,6720
240,10,31,32,0.032494,-74.506584,0,0.032494,-74.506477,0,7680
240,20,15,16,0.042336,-78.047769,0,0.046240,-67.222106,0,3840
240,20,17,18,0.042336,-78.047769,0,0.043085,-73.940748,0,4320
240,20,19,20,0.042336,-78.047769,0,0.042396,-76.819250,0,4800
240,20,21,22,0.042336,-78.047769,0,0.042362,-77.882121,0,5280
240,20,23,24,0.042336,-78.047769,0,0.042343,-78.097266,0,5760
240,20,25,26,0.042336,-78.047769,0,0.042337,-78.037558,0,6240
240,20,27,28,0.042336,-78.047769,0,0.042336,-78.046977,0,6720
240,20,31,32,0.042336,-78.047769,0,0.042336,-78.047514,0,7680
240,40,15,16,0.062014,-80.650780,1,0.066299,-66.657350,0,3840
240,40,17,18,0.062014,-80.650780,1,0.063091,-75.655246,0,4320
240,40,19,20,0.062014,-80.650780,1,0.062137,-79.258320,0,4800
240,40,21,22,0.062014,-80.650780,1,0.062012,-80.493611,1,5280
240,40,23,24,0.062014,-80.650780,1,0.062008,-80.693920,1,5760
240,40,25,26,0.062014,-80.650780,1,0.062015,-80.657749,1,6240
240,40,27,28,0.062014,-80.650780,1,0.062013,-80.652199,1,6720
240,40,31,32,0.062014,-80.650780,1,0.062014,-80.651013,1,7680
240,80,15,16,0.086340,-83.848025,1,0.089915,-69.523885,0,3840
240,80,17,18,0.086340,-83.848025,1,0.087682,-76.223915,0,4320
240,80,19,20,0.086340,-83.848025,1,0.086539,-81.232526,1,4800
240,80,21,22,0.086340,-83.848025,1,0.086348,-83.370731,1,5280
240,80,23,24,0.086340,-83.848025,1,0.086334,-83.715290,1,5760
240,80,25,26,0.086340,-83.848025,1,0.086342,-83.843108,1,6240
240,80,27,28,0.086340,-83.848025,1,0.086339,-83.855174,1,6720
240,80,31,32,0.086340,-83.848025,1,0.086340,-83.848480,1,7680
240,160,15,16,0.113311,-87.684946,1,0.117298,-68.287585,0,3840
240,160,17,18,0.113311,-87.684946,1,0.114557,-77.485368,0,4320
240,160,19,20,0.113311,-87.684946,1,0.113215,-83.845327,1,4800
240,160,21,22,0.113311,-87.684946,1,0.113280,-86.839622,1,5280
240,160,23,24,0.113311,-87.684946,1,0.113312,-87.521908,1,5760
240,160,25,26,0.113311,-87.684946,1,0.113309,-87.670143,1,6240
240,160,27,28,0.113311,-87.684946,1,0.113311,-87.680765,1,6720
240,160,31,32,0.113311,-87.684946,1,0.113311,-87.685640,1,7680
241,1,15,16,0.010176,-64.601365,0,0.015977,-61.068373,0,3856
241,1,17,18,0.010176,-64.601365,0,0.010987,-63.468359,0,4338
241,1,19,20,0.010176,-64.601365,0,0.010407,-64.363559,0,4820
241,1,21,22,0.010176,-64.601365,0,0.010197,-64.557156,0,5302
241,1,23,24,0.010176,-64.601365,0,0.010175,-64.611340,0,5784
241,1,25,26,0.010176,-64.601365,0,0.010176,-64.602589,0,6266
241,1,27,28,0.010176,-64.601365,0,0.010176,-64.600077,0,6748
241,1,31,32,0.010176,-64.601365,0,0.010176,-64.601298,0,7712
241,2,15,16,0.013623,-68.106463,0,0.017465,-63.884170,0,3856
241,2,17,18,0.013623,-68.106463,0,0.014536,-66.332052,0,4338
241,2,19,20,0.013623,-68.106463,0,0.013799,-67.704162,0,4820
241,2,21,22,0.013623,-68.106463,0,0.013677,-67.949288,0,5302
241,2,23,24,0.013623,-68.106463,0,0.013633,-68.109845,0,5784
241,2,25,26,0.013623,-68.106463,0,0.013621,-68.109845,0,6266
241,2,27,28,0.013623,-68.106463,0,0.013624,-68.106594,0,6748
241,2,31,32,0.013623,-68.106463,0,0.013623,-68.106530,0,7712
241,5,15,16,0.023096,-71.533243,0,0.026554,-63.524749,0,3856
241,5,17,18,0.023096,-71.533243,0,0.023571,-68.740304,0,4338
241,5,19,20,0.023096,-71.533243,0,0.023139,-70.951546,0,4820
241,5,21,22,0.023096,-71.533243,0,0.023069,-71.389042,0,5302
241,5,23,24,0.023096,-71.533243,0,0.023098,-71.514745,0,5784
241,5,25,26,0.023096,-71.533243,0,0.023097,-71.535212,0,6266
241,5,27,28,0.023096,-71.533243,0,0.023096,-71.533310,0,6748
241,5,31,32,0.023096,-71.533243,0,0.023096,-71.533197,0,7712
241,10,15,16,0.032145,-74.611476,0,0.035960,-65.663071,0,3856
241,10,17,18,0.032145,-74.611476,0,0.033081,-71.543155,0,4338
241,10,19,20,0.032145,-74.611476,0,0.032310,-73.850435,0,4820
241,10,21,22,0.032145,-74.611476,0,0.032163,-74.387514,0,5302
241,10,23,24,0.032145,-74.611476,0,0.032136,-74.611203,0,5784
241,10,25,26,0.032145,-74.611476,0,0.032148,-74.610941,0,6266
241,10,27,28,0.032145,-74.611476,0,0.032144,-74.613818,0,6748
241,10,31,32,0.032145,-74.611476,0,0.032145,-74.611568,0,7712
241,20,15,16,0.042435,-78.067602,0,0.047240,-66.788188,0,3856
241,20,17,18,0.042435,-78.067602,0,0.043252,-73.249906,0,4338
241,20,19,20,0.042435,-78.067602,0,0.042515,-76.884872,0,4820
241,20,21,22,0.042435,-78.067602,0,0.042407,-77.949387,0,5302
241,20,23,24,0.042435,-78.067602,0,0.042439,-78.025883,0,5784
241,20,25,26,0.042435,-78.067602,0,0.042435,-78.063719,0,6266
241,20,27,28,0.042435,-78.067602,0,0.042435,-78.068000,0,6748
241,20,31,32,0.042435,-78.067602,0,0.042435,-78.067505,0,7712
241,40,15,16,0.059130,-81.038316,1,0.062923,-67.998541,0,3856
241,40,17,18,0.059130,-81.038316,1,0.059471,-75.091169,0,4338
241,40,19,20,0.059130,-81.038316,1,0.059056,-79.800476,0,4820
241,40,21,22,0.059130,-81.038316,1,0.059141,-80.977268,1,5302
241,40,23,24,0.059130,-81.038316,1,0.059124,-81.065844,1,5784
241,40,25,26,0.059130,-81.038316,1,0.059131,-81.031166,1,6266
241,40,27,28,0.059130,-81.038316,1,0.059130,-81.037116,1,6748
241,40,31,32,0.059130,-81.038316,1,0.059130,-81.038290,1,7712
241,80,15,16,0.084109,-84.081925,1,0.089310,-67.387655,0,3856
241,80,17,18,0.084109,-84.081925,1,0.085259,-76.837101,0,4338
241,80,19,20,0.084109,-84.081925,1,0.084148,-82.013142,1,4820
241,80,21,22,0.084109,-84.081925,1,0.084112,-83.620638,1,5302
241,80,23,24,0.084109,-84.081925,1,0.084105,-84.113030,1,5784
241,80,25,26,0.084109,-84.081925,1,0.084109,-84.064266,1,6266
241,80,27,28,0.084109,-84.081925,1,0.084109,-84.090390,1,6748
241,80,31,32,0.084109,-84.081925,1,0.084109,-84.081782,1,7712
241,160,15,16,0.112667,-87.710369,1,0.115081,-68.720652,0,3856
241,160,17,18,0.112667,-87.710369,1,0.113989,-76.043420,0,4338
241,160,19,20,0.112667,-87.710369,1,0.112907,-83.292239,1,4820
241,160,21,22,0.112667,-87.710369,1,0.112664,-86.970833,1,5302
241,160,23,24,0.112667,-87.710369,1,0.112669,-87.568255,1,5784
241,160,25,26,0.112667,-87.710369,1,0.112667,-87.714546,1,6266
241,160,27,28,0.112667,-87.710369,1,0.112666,-87.718499,1,6748
241,160,31,32,0.112667,-87.710369,1,0.112667,-87.710173,1,7712
242,1,15,16,0.010076,-64.700599,0,0.014492,-61.376447,0,3872
242,1,17,18,0.010076,-64.700599,0,0.010820,-63.787088,0,4356
242,1,19,20,0.010076,-64.700599,0,0.010342,-64.443672,0,4840
242,1,21,22,0.010076,-64.700599,0,0.010095,-64.702128,0,5324
242,1,23,24,0.010076,-64.700599,0,0.010081,-64.697792,0,5808
242,1,25,26,0.010076,-64.700599,0,0.010076,-64.699135,0,6292
242,1,27,28,0.010076,-64.700599,0,0.010076,-64.701830,0,6776
242,1,31,32,0.010076,-64.700599,0,0.010076,-64.700593,0,7744
242,2,15,16,0.013606,-68.118159,0,0.017276,-63.039516,0,3872
242,2,17,18,0.013606,-68.118159,0,0.014495,-66.358931,0,4356
242,2,19,20,0.013606,-68.118159,0,0.013731,-67.709809,0,4840
242,2,21,22,0.013606,-68.118159,0,0.013632,-68.033696,0,5324
242,2,23,24,0.013606,-68.118159,0,0.013601,-68.120685,0,5808
242,2,25,26,0.013606,-68.118159,0,0.013607,-68.111971,0,6292
242,2,27,28,0.013606,-68.118159,0,0.013607,-68.118938,0,6776
242,2,31,32,0.013606,-68.118159,0,0.013606,-68.118153,0,7744
242,5,15,16,0.022191,-71.878222,0,0.025702,-65.218964,0,3872
242,5,17,18,0.022191,-71.878222,0,0.022954,-69.430848,0,4356
242,5,19,20,0.022191,-71.878222,0,0.022216,-71.228711,0,4840
242,5,21,22,0.022191,-71.878222,0,0.022184,-71.740461,0,5324
242,5,23,24,0.022191,-71.878222,0,0.022191,-71.867463,0,5808
242,5,25,26,0.022191,-71.878222,0,0.022192,-71.875730,0,6292
242,5,27,28,0.022191,-71.878222,0,0.022191,-71.876943,0,6776
242,5,31,32,0.022191,-71.878222,0,0.022191,-71.878348,0,7744
242,10,15,16,0.031551,-74.767660,0,0.035924,-65.724771,0,3872
242,10,17,18,0.031551,-74.767660,0,0.032581,-71.744292,0,4356
242,10,19,20,0.031551,-74.767660,0,0.031698,-73.634777,0,4840
242,10,21,22,0.031551,-74.767660,0,0.031587,-74.632361,0,5324
242,10,23,24,0.031551,-74.767660,0,0.031558,-74.753658,0,5808
242,10,25,26,0.031551,-74.767660,0,0.031552,-74.767309,0,6292
242,10,27,28,0.031551,-74.767660,0,0.031551,-74.768626,0,6776
242,10,31,32,0.031551,-74.767660,0,0.031551,-74.767656,0,7744
242,20,15,16,0.042384,-78.078366,0,0.046683,-64.752668,0,3872
242,20,17,18,0.042384,-78.078366,0,0.043052,-73.689484,0,4356
242,20,19,20,0.042384,-78.078366,0,0.042468,-76.597973,0,4840
242,20,21,22,0.042384,-78.078366,0,0.042382,-77.964486,0,5324
242,20,23,24,0.042384,-78.078366,0,0.042382,-78.122009,0,5808
242,20,25,26,0.042384,-78.078366,0,0.042383,-78.088504,0,6292
242,20,27,28,0.042384,-78.078366,0,0.042384,-78.082778,0,6776
242,20,31,32,0.042384,-78.078366,0,0.042384,-78.078308,0,7744
242,40,15,16,0.056132,-81.463279,1,0.059850,-67.456994,0,3872
242,40,17,18,0.056132,-81.463279,1,0.056801,-76.574411,0,4356
242,40,19,20,0.056132,-81.463279,1,0.056410,-79.718185,0,4840
242,40,21,22,0.056132,-81.463279,1,0.056119,-81.254163,1,5324
242,40,23,24,0.056132,-81.463279,1,0.056135,-81.422864,1,5808
242,40,25,26,0.056132,-81.463279,1,0.056133,-81.481622,1,6292
242,40,27,28,0.056132,-81.463279,1,0.056132,-81.463168,1,6776
242,40,31,32,0.056132,-81.463279,1,0.056132,-81.463521,1,7744
242,80,15,16,0.081238,-84.417316,1,0.087614,-67.279576,0,3872
242,80,17,18,0.081238,-84.417316,1,0.082311,-76.631488,0,4356
242,80,19,20,0.081238,-84.417316,1,0.081482,-81.077672,1,4840
242,80,21,22,0.081238,-84.417316,1,0.081235,-84.018238,1,5324
242,80,23,24,0.081238,-84.417316,1,0.081233,-84.409981,1,5808
242,80,25,26,0.081238,-84.417316,1,0.081238,-84.396868,1,6292
242,80,27,28,0.081238,-84.417316,1,0.081238,-84.418395,1,6776
242,80,31,32,0.081238,-84.417316,1,0.081238,-84.417556,1,7744
242,160,15,16,0.111265,-87.832808,1,0.115699,-67.941045,0,3872
242,160,17,18,0.111265,-87.832808,1,0.112464,-76.851818,0,4356
242,160,19,20,0.111265,-87.832808,1,0.111305,-84.047997,1,4840
242,160,21,22,0.111265,-87.832808,1,0.111226,-87.003249,1,5324
242,160,23,24,0.111265,-87.832808,1,0.111272,-87.636116,1,5808
242,160,25,26,0.111265,-87.832808,1,0.111264,-87.804772,1,6292
242,160,27,28,0.111265,-87.832808,1,0.111266,-87.834331,1,6776
242,160,31,32,0.111265,-87.832808,1,0.111265,-87.832509,1,7744
243,1,15,16,0.009896,-64.864599,0,0.015293,-61.141229,0,3888
243,1,17,18,0.009896,-64.864599,0,0.010799,-63.916653,0,4374
243,1,19,20,0.009896,-64.864599,0,0.010055,-64.650152,0,4860
243,1,21,22,0.009896,-64.864599,0,0.009909,-64.832544,0,5346
243,1,23,24,0.009896,-64.864599,0,0.009904,-64.850199,0,5832
243,1,25,26,0.009896,-64.864599,0,0.009896,-64.864269,0,6318
243,1,27,28,0.009896,-64.864599,0,0.009896,-64.864248,0,6804
243,1,31,32,0.009896,-64.864599,0,0.009896,-64.864632,0,7776
243,2,15,16,0.013595,-68.145392,0,0.016682,-62.408026,0,3888
243,2,17,18,0.013595,-68.145392,0,0.014407,-66.484617,0,4374
243,2,19,20,0.013595,-68.145392,0,0.013895,-67.849997,0,4860
243,2,21,22,0.013595,-68.145392,0,0.013637,-68.044475,0,5346
243,2,23,24,0.013595,-68.145392,0,0.013611,-68.131922,0,5832
243,2,25,26,0.013595,-68.145392,0,0.013593,-68.140925,0,6318
243,2,27,28,0.013595,-68.145392,0,0.013595,-68.144539,0,6804
243,2,31,32,0.013595,-68.145392,0,0.013595,-68.145427,0,7776
243,5,15,16,0.021086,-72.271500,0,0.025548,-63.787653,0,3888
243,5,17,18,0.021086,-72.271500,0,0.021832,-69.440927,0,4374
243,5,19,20,0.021086,-72.271500,0,0.021251,-71.226349,0,4860
243,5,21,22,0.021086,-72.271500,0,0.021109,-72.207312,0,5346
243,5,23,24,0.021086,-72.271500,0,0.021092,-72.244506,0,5832
243,5,25,26,0.021086,-72.271500,0,0.021086,-72.268252,0,6318
243,5,27,28,0.021086,-72.271500,0,0.021086,-72.270345,0,6804
243,5,31,32,0.021086,-72.271500,0,0.021086,-72.271445,0,7776
243,10,15,16,0.030761,-75.025406,0,0.035753,-64.611852,0,3888
243,10,17,18,0.030761,-75.025406,0,0.031362,-72.162965,0,4374
243,10,19,20,0.030761,-75.025406,0,0.030916,-73.641306,0,4860
243,10,21,22,0.030761,-75.025406,0,0.030753,-74.726041,0,5346
243,10,23,24,0.030761,-75.025406,0,0.030771,-75.000580,0,5832
243,10,25,26,0.030761,-75.025406,0,0.030759,-75.027237,0,6318
243,10,27,28,0.030761,-75.025406,0,0.030761,-75.024683,0,6804
243,10,31,32,0.030761,-75.025406,0,0.030761,-75.025098,0,7776
243,20,15,16,0.042081,-78.160055,0,0.046820,-66.834892,0,3888
243,20,17,18,0.042081,-78.160055,0,0.043110,-74.618808,0,4374
243,20,19,20,0.042081,-78.160055,0,0.042343,-76.933768,0,4860
243,20,21,22,0.042081,-78.160055,0,0.042080,-77.895292,0,5346
243,20,23,24,0.042081,-78.160055,0,0.042083,-78.221081,0,5832
243,20,25,26,0.042081,-78.160055,0,0.042080,-78.149849,0,6318
243,20,27,28,0.042081,-78.160055,0,0.042081,-78.158736,0,6804
243,20,31,32,0.042081,-78.160055,0,0.042081,-78.159957,0,7776
243,40,15,16,0.054652,-81.672582,1,0.058498,-68.211432,0,3888
243,40,17,18,0.054652,-81.672582,1,0.055575,-76.508384,0,4374
243,40,19,20,0.054652,-81.672582,1,0.054921,-79.766601,0,4860
243,40,21,22,0.054652,-81.672582,1,0.054709,-81.519686,1,5346
243,40,23,24,0.054652,-81.672582,1,0.054648,-81.699048,1,5832
243,40,25,26,0.054652,-81.672582,1,0.054651,-81.671801,1,6318
243,40,27,28,0.054652,-81.672582,1,0.054652,-81.668436,1,6804
243,40,31,32,0.054652,-81.672582,1,0.054652,-81.672859,1,7776
243,80,15,16,0.077969,-84.796416,1,0.079301,-68.058529,0,3888
243,80,17,18,0.077969,-84.796416,1,0.078395,-75.675015,0,4374
243,80,19,20,0.077969,-84.796416,1,0.077973,-81.920078,1,4860
243,80,21,22,0.077969,-84.796416,1,0.077967,-84.235211,1,5346
243,80,23,24,0.077969,-84.796416,1,0.077966,-84.854445,1,5832
243,80,25,26,0.077969,-84.796416,1,0.077968,-84.800549,1,6318
243,80,27,28,0.077969,-84.796416,1,0.077969,-84.797218,1,6804
243,80,31,32,0.077969,-84.796416,1,0.077969,-84.796197,1,7776
243,160,15,16,0.108902,-88.010594,1,0.111270,-66.358609,0,3888
243,160,17,18,0.108902,-88.010594,1,0.109239,-78.793394,0,4374
243,160,19,20,0.108902,-88.010594,1,0.108908,-84.413878,1,4860
243,160,21,22,0.108902,-88.010594,1,0.108912,-87.321892,1,5346
243,160,23,24,0.108902,-88.010594,1,0.108901,-87.926680,1,5832
243,160,25,26,0.108902,-88.010594,1,0.108902,-88.025707,1,6318
243,160,27,28,0.108902,-88.010594,1,0.108902,-88.013587,1,6804
243,160,31,32,0.108902,-88.010594,1,0.108902,-88.009929,1,7776
244,1,15,16,0.009611,-65.126050,0,0.013032,-61.685916,0,3904
244,1,17,18,0.009611,-65.126050,0,0.010607,-64.044972,0,4392
244,1,19,20,0.009611,-65.126050,0,0.009848,-64.774990,0,4880
244,1,21,22,0.009611,-65.126050,0,0.009640,-65.103276,0,5368
244,1,23,24,0.009611,-65.126050,0,0.009617,-65.125224,0,5856
244,1,25,26,0.009611,-65.126050,0,0.009611,-65.128616,0,6344
244,1,27,28,0.009611,-65.126050,0,0.009611,-65.126154,0,6832
244,1,31,32,0.009611,-65.126050,0,0.009611,-65.126092,0,7808
244,2,15,16,0.013508,-68.204572,0,0.016716,-63.734760,0,3904
244,2,17,18,0.013508,-68.204572,0,0.014538,-66.310396,0,4392
244,2,19,20,0.013508,-68.204572,0,0.013723,-67.809045,0,4880
244,2,21,22,0.013508,-68.204572,0,0.013490,-68.062140,0,5368
244,2,23,24,0.013508,-68.204572,0,0.013501,-68.181312,0,5856
244,2,25,26,0.013508,-68.204572,0,0.013508,-68.199724,0,6344
244,2,27,28,0.013508,-68.204572,0,0.013508,-68.204658,0,6832
244,2,31,32,0.013508,-68.204572,0,0.013508,-68.204575,0,7808
244,5,15,16,0.019994,-72.709117,0,0.023545,-65.957855,0,3904
244,5,17,18,0.019994,-72.709117,0,0.020780,-69.677669,0,4392
244,5,19,20,0.019994,-72.709117,0,0.020118,-72.058273,0,4880
244,5,21,22,0.019994,-72.709117,0,0.020048,-72.568829,0,5368
244,5,23,24,0.019994,-72.709117,0,0.020005,-72.692898,0,5856
244,5,25,26,0.019994,-72.709117,0,0.019995,-72.711026,0,6344
244,5,27,28,0.019994,-72.709117,0,0.019994,-72.709188,0,6832
244,5,31,32,0.019994,-72.709117,0,0.019994,-72.709147,0,7808
244,10,15,16,0.029664,-75.331740,0,0.034338,-65.809965,0,3904
244,10,17,18,0.029664,-75.331740,0,0.030478,-72.253227,0,4392
244,10,19,20,0.029664,-75.331740,0,0.029695,-74.276527,0,4880
244,10,21,22,0.029664,-75.331740,0,0.029635,-75.106814,0,5368
244,10,23,24,0.029664,-75.331740,0,0.029661,-75.330120,0,5856
244,10,25,26,0.029664,-75.331740,0,0.029665,-75.332739,0,6344
244,10,27,28,0.029664,-75.331740,0,0.029664,-75.329601,0,6832
244,10,31,32,0.029664,-75.331740,0,0.029664,-75.331726,0,7808
244,20,15,16,0.041448,-78.271570,0,0.045040,-67.141109,0,3904
244,20,17,18,0.041448,-78.271570,0,0.042612,-73.496187,0,4392
244,20,19,20,0.041448,-78.271570,0,0.041675,-77.118522,0,4880
244,20,21,22,0.041448,-78.271570,0,0.041430,-78.092231,0,5368
244,20,23,24,0.041448,-78.271570,0,0.041451,-78.237376,0,5856
244,20,25,26,0.041448,-78.271570,0,0.041449,-78.263926,0,6344
244,20,27,28,0.041448,-78.271570,0,0.041449,-78.268877,0,6832
244,20,31,32,0.041448,-78.271570,0,0.041448,-78.271506,0,7808
244,40,15,16,0.054672,-81.668867,1,0.058013,-67.039810,0,3904
244,40,17,18,0.054672,-81.668867,1,0.055764,-75.355825,0,4392
244,40,19,20,0.054672,-81.668867,1,0.054849,-80.117517,1,4880
244,40,21,22,0.054672,-81.668867,1,0.054689,-81.468300,1,5368
244,40,23,24,0.054672,-81.668867,1,0.054674,-81.688222,1,5856
244,40,25,26,0.054672,-81.668867,1,0.054670,-81.644423,1,6344
244,40,27,28,0.054672,-81.668867,1,0.054672,-81.666851,1,6832
244,40,31,32,0.054672,-81.668867,1,0.054672,-81.668899,1,7808
244,80,15,16,0.074196,-85.245878,1,0.077011,-66.772481,0,3904
244,80,17,18,0.074196,-85.245878,1,0.075315,-75.624539,0,4392
244,80,19,20,0.074196,-85.245878,1,0.074251,-82.985092,1,4880
244,80,21,22,0.074196,-85.245878,1,0.074239,-84.515164,1,5368
244,80,23,24,0.074196,-85.245878,1,0.074189,-85.199508,1,5856
244,80,25,26,0.074196,-85.245878,1,0.074196,-85.255927,1,6344
244,80,27,28,0.074196,-85.245878,1,0.074196,-85.251697,1,6832
244,80,31,32,0.074196,-85.245878,1,0.074196,-85.245848,1,7808
244,160,15,16,0.105553,-88.294504,1,0.107687,-66.778447,0,3904
244,160,17,18,0.105553,-88.294504,1,0.106814,-78.611521,0,4392
244,160,19,20,0.105553,-88.294504,1,0.105700,-84.211768,1,4880
244,160,21,22,0.105553,-88.294504,1,0.105578,-87.260310,1,5368
244,160,23,24,0.105553,-88.294504,1,0.105545,-88.125431,1,5856
244,160,25,26,0.105553,-88.294504,1,0.105556,-88.267338,1,6344
244,160,27,28,0.105553,-88.294504,1,0.105553,-88.288242,1,6832
244,160,31,32,0.105553,-88.294504,1,0.105553,-88.294192,1,7808
245,1,15,16,0.009283,-65.458465,0,0.013288,-61.708849,0,3920
245,1,17,18,0.009283,-65.458465,0,0.010471,-64.400739,0,4410
245,1,19,20,0.009283,-65.458465,0,0.009447,-65.049428,0,4900
245,1,21,22,0.009283,-65.458465,0,0.009327,-65.413235,0,5390
245,1,23,24,0.009283,-65.458465,0,0.009290,-65.456786,0,5880
245,1,25,26,0.009283,-65.458465,0,0.009282,-65.456293,0,6370
245,1,27,28,0.009283,-65.458465,0,0.009283,-65.458547,0,6860
245,1,31,32,0.009283,-65.458465,0,0.009283,-65.458518,0,7840
245,2,15,16,0.013295,-68.333297,0,0.019180,-63.249014,0,3920
245,2,17,18,0.013295,-68.333297,0,0.013945,-66.472910,0,4410
245,2,19,20,0.013295,-68.333297,0,0.013502,-67.895197,0,4900
245,2,21,22,0.013295,-68.333297,0,0.013351,-68.241430,0,5390
245,2,23,24,0.013295,-68.333297,0,0.013302,-68.314398,0,5880
245,2,25,26,0.013295,-68.333297,0,0.013295,-68.332281,0,6370
245,2,27,28,0.013295,-68.333297,0,0.013294,-68.332256,0,6860
245,2,31,32,0.013295,-68.333297,0,0.013295,-68.333302,0,7840
245,5,15,16,0.019675,-72.839110,0,0.024117,-63.115576,0,3920
245,5,17,18,0.019675,-72.839110,0,0.020719,-70.113343,0,4410
245,5,19,20,0.019675,-72.839110,0,0.019967,-72.165578,0,4900
245,5,21,22,0.019675,-72.839110,0,0.019707,-72.707012,0,5390
245,5,23,24,0.019675,-72.839110,0,0.019679,-72.833066,0,5880
245,5,25,26,0.019675,-72.839110,0,0.019676,-72.836931,0,6370
245,5,27,28,0.019675,-72.839110,0,0.019675,-72.840222,0,6860
245,5,31,32,0.019675,-72.839110,0,0.019675,-72.839117,0,7840
245,10,15,16,0.028314,-75.706587,0,0.032375,-64.289746,0,3920
245,10,17,18,0.028314,-75.706587,0,0.028982,-71.636896,0,4410
245,10,19,20,0.028314,-75.706587,0,0.028355,-74.875968,0,4900
245,10,21,22,0.028314,-75.706587,0,0.028351,-75.494920,0,5390
245,10,23,24,0.028314,-75.706587,0,0.028318,-75.718053,0,5880
245,10,25,26,0.028314,-75.706587,0,0.028316,-75.688328,0,6370
245,10,27,28,0.028314,-75.706587,0,0.028314,-75.710017,0,6860
245,10,31,32,0.028314,-75.706587,0,0.028314,-75.706534,0,7840
245,20,15,16,0.040540,-78.486424,0,0.043583,-67.518414,0,3920
245,20,17,18,0.040540,-78.486424,0,0.041408,-74.881267,0,4410
245,20,19,20,0.040540,-78.486424,0,0.040548,-77.374847,0,4900
245,20,21,22,0.040540,-78.486424,0,0.040541,-78.357834,0,5390
245,20,23,24,0.040540,-78.486424,0,0.040539,-78.541244,0,5880
245,20,25,26,0.040540,-78.486424,0,0.040541,-78.502682,0,6370
245,20,27,28,0.040540,-78.486424,0,0.040540,-78.480584,0,6860
245,20,31,32,0.040540,-78.486424,0,0.040540,-78.486410,0,7840
245,40,15,16,0.054532,-81.705768,1,0.059340,-67.191003,0,3920
245,40,17,18,0.054532,-81.705768,1,0.055647,-74.783935,0,4410
245,40,19,20,0.054532,-81.705768,1,0.054591,-80.127140,1,4900
245,40,21,22,0.054532,-81.705768,1,0.054542,-81.577734,1,5390
245,40,23,24,0.054532,-81.705768,1,0.054535,-81.691128,1,5880
245,40,25,26,0.054532,-81.705768,1,0.054531,-81.698317,1,6370
245,40,27,28,0.054532,-81.705768,1,0.054533,-81.708857,1,6860
245,40,31,32,0.054532,-81.705768,1,0.054532,-81.705802,1,7840
245,80,15,16,0.070486,-85.704674,1,0.074669,-65.218339,0,3920
245,80,17,18,0.070486,-85.704674,1,0.071387,-77.098120,0,4410
245,80,19,20,0.070486,-85.704674,1,0.070503,-82.819748,1,4900
245,80,21,22,0.070486,-85.704674,1,0.070507,-85.039938,1,5390
245,80,23,24,0.070486,-85.704674,1,0.070492,-85.715127,1,5880
245,80,25,26,0.070486,-85.704674,1,0.070486,-85.704553,1,6370
245,80,27,28,0.070486,-85.704674,1,0.070486,-85.708124,1,6860
245,80,31,32,0.070486,-85.704674,1,0.070486,-85.704604,1,7840
245,160,15,16,0.101687,-88.641445,1,0.105531,-69.290271,0,3920
245,160,17,18,0.101687,-88.641445,1,0.102441,-77.926158,0,4410
245,160,19,20,0.101687,-88.641445,1,0.101879,-84.635538,1,4900
245,160,21,22,0.101687,-88.641445,1,0.101733,-87.695984,1,5390
245,160,23,24,0.101687,-88.641445,1,0.101699,-88.384712,1,5880
245,160,25,26,0.101687,-88.641445,1,0.101685,-88.643871,1,6370
245,160,27,28,0.101687,-88.641445,1,0.101686,-88.641973,1,6860
245,160,31,32,0.101687,-88.641445,1,0.101687,-88.640975,1,7840
246,1,15,16,0.008897,-65.862577,0,0.012536,-61.709566,0,3936
246,1,17,18,0.008897,-65.862577,0,0.009870,-64.587265,0,4428
246,1,19,20,0.008897,-65.862577,0,0.009038,-65.511832,0,4920
246,1,21,22,0.008897,-65.862577,0,0.008917,-65.816291,0,5412
246,1,23,24,0.008897,-65.862577,0,0.008901,-65.852880,0,5904
246,1,25,26,0.008897,-65.862577,0,0.008898,-65.864017,0,6396
246,1,27,28,0.008897,-65.862577,0,0.008897,-65.862189,0,6888
246,1,31,32,0.008897,-65.862577,0,0.008897,-65.862593,0,7872
246,2,15,16,0.012993,-68.533540,0,0.016786,-62.921095,0,3936
246,2,17,18,0.012993,-68.533540,0,0.013893,-66.829620,0,4428
246,2,19,20,0.012993,-68.533540,0,0.013297,-68.100143,0,4920
246,2,21,22,0.012993,-68.533540,0,0.013024,-68.433363,0,5412
246,2,23,24,0.012993,-68.533540,0,0.012997,-68.517765,0,5904
246,2,25,26,0.012993,-68.533540,0,0.012993,-68.532934,0,6396
246,2,27,28,0.012993,-68.533540,0,0.012994,-68.534401,0,6888
246,2,31,32,0.012993,-68.533540,0,0.012994,-68.533540,0,7872
246,5,15,16,0.019673,-72.840206,0,0.024279,-67.193779,0,3936
246,5,17,18,0.019673,-72.840206,0,0.020371,-70.295108,0,4428
246,5,19,20,0.019673,-72.840206,0,0.019813,-71.946216,0,4920
246,5,21,22,0.019673,-72.840206,0,0.019710,-72.675595,0,5412
246,5,23,24,0.019673,-72.840206,0,0.019671,-72.863550,0,5904
246,5,25,26,0.019673,-72.840206,0,0.019672,-72.833133,0,6396
246,5,27,28,0.019673,-72.840206,0,0.019672,-72.839721,0,6888
246,5,31,32,0.019673,-72.840206,0,0.019673,-72.840199,0,7872
246,10,15,16,0.026886,-76.105183,0,0.029569,-65.771734,0,3936
246,10,17,18,0.026886,-76.105183,0,0.027559,-70.368647,0,4428
246,10,19,20,0.026886,-76.105183,0,0.026994,-75.008884,0,4920
246,10,21,22,0.026886,-76.105183,0,0.026915,-75.944968,0,5412
246,10,23,24,0.026886,-76.105183,0,0.026899,-76.137313,0,5904
246,10,25,26,0.026886,-76.105183,0,0.026886,-76.106378,0,6396
246,10,27,28,0.026886,-76.105183,0,0.026886,-76.106553,0,6888
246,10,31,32,0.026886,-76.105183,0,0.026886,-76.105349,0,7872
246,20,15,16,0.039272,-78.745847,0,0.043278,-66.805291,0,3936
246,20,17,18,0.039272,-78.745847,0,0.039713,-73.891606,0,4428
246,20,19,20,0.039272,-78.745847,0,0.039388,-77.206201,0,4920
246,20,21,22,0.039272,-78.745847,0,0.039277,-78.550380,0,5412
246,20,23,24,0.039272,-78.745847,0,0.039286,-78.762936,0,5904
246,20,25,26,0.039272,-78.745847,0,0.039272,-78.736435,0,6396
246,20,27,28,0.039272,-78.745847,0,0.039272,-78.745951,0,6888
246,20,31,32,0.039272,-78.745847,0,0.039272,-78.746130,0,7872
246,40,15,16,0.053897,-81.785295,1,0.056277,-67.636374,0,3936
246,40,17,18,0.053897,-81.785295,1,0.054480,-75.541061,0,4428
246,40,19,20,0.053897,-81.785295,1,0.054058,-80.027514,1,4920
246,40,21,22,0.053897,-81.785295,1,0.053919,-81.706436,1,5412
246,40,23,24,0.053897,-81.785295,1,0.053889,-81.771708,1,5904
246,40,25,26,0.053897,-81.785295,1,0.053897,-81.768458,1,6396
246,40,27,28,0.053897,-81.785295,1,0.053897,-81.786199,1,6888
246,40,31,32,0.053897,-81.785295,1,0.053897,-81.785323,1,7872
246,80,15,16,0.070517,-85.701364,1,0.072646,-65.717674,0,3936
246,80,17,18,0.070517,-85.701364,1,0.071082,-76.241059,0,4428
246,80,19,20,0.070517,-85.701364,1,0.070509,-83.373105,1,4920
246,80,21,22,0.070517,-85.701364,1,0.070514,-84.777181,1,5412
246,80,23,24,0.070517,-85.701364,1,0.070527,-85.571744,1,5904
246,80,25,26,0.070517,-85.701364,1,0.070514,-85.758215,1,6396
246,80,27,28,0.070517,-85.701364,1,0.070517,-85.705549,1,6888
246,80,31,32,0.070517,-85.701364,1,0.070517,-85.700813,1,7872
246,160,15,16,0.097332,-89.062239,1,0.100165,-65.780065,0,3936
246,160,17,18,0.097332,-89.062239,1,0.097858,-77.947395,0,4428
246,160,19,20,0.097332,-89.062239,1,0.097259,-85.589063,1,4920
246,160,21,22,0.097332,-89.062239,1,0.097317,-87.856098,1,5412
246,160,23,24,0.097332,-89.062239,1,0.097332,-88.843803,1,5904
246,160,25,26,0.097332,-89.062239,1,0.097333,-89.017417,1,6396
246,160,27,28,0.097332,-89.062239,1,0.097332,-89.065097,1,6888
246,160,31,32,0.097332,-89.062239,1,0.097332,-89.062880,1,7872
247,1,15,16,0.008468,-66.289747,0,0.012168,-60.626380,0,3952
247,1,17,18,0.008468,-66.289747,0,0.009731,-64.359128,0,4446
247,1,19,20,0.008468,-66.289747,0,0.008693,-65.931984,0,4940
247,1,21,22,0.008468,-66.289747,0,0.008470,-66.174481,0,5434
247,1,23,24,0.008468,-66.289747,0,0.008474,-66.286062,0,5928
247,1,25,26,0.008468,-66.289747,0,0.008470,-66.285150,0,6422
247,1,27,28,0.008468,-66.289747,0,0.008468,-66.290885,0,6916
247,1,31,32,0.008468,-66.289747,0,0.008468,-66.289751,0,7904
247,2,15,16,0.012626,-68.832019,0,0.016297,-63.342052,0,3952
247,2,17,18,0.012626,-68.832019,0,0.013276,-66.861325,0,4446
247,2,19,20,0.012626,-68.832019,0,0.012715,-68.252680,0,4940
247,2,21,22,0.012626,-68.832019,0,0.012649,-68.738202,0,5434
247,2,23,24,0.012626,-68.832019,0,0.012627,-68.819093,0,5928
247,2,25,26,0.012626,-68.832019,0,0.012625,-68.830532,0,6422
247,2,27,28,0.012626,-68.832019,0,0.012626,-68.832097,0,6916
247,2,31,32,0.012626,-68.832019,0,0.012626,-68.832074,0,7904
247,5,15,16,0.019552,-72.905217,0,0.023801,-64.133592,0,3952
247,5,17,18,0.019552,-72.905217,0,0.020419,-70.028686,0,4446
247,5,19,20,0.019552,-72.905217,0,0.019673,-72.227983,0,4940
247,5,21,22,0.019552,-72.905217,0,0.019589,-72.802098,0,5434
247,5,23,24,0.019552,-72.905217,0,0.019551,-72.901701,0,5928
247,5,25,26,0.019552,-72.905217,0,0.019549,-72.904174,0,6422
247,5,27,28,0.019552,-72.905217,0,0.019552,-72.906310,0,6916
247,5,31,32,0.019552,-72.905217,0,0.019552,-72.905192,0,7904
247,10,15,16,0.025740,-76.477236,0,0.029520,-66.817632,0,3952
247,10,17,18,0.025740,-76.477236,0,0.026889,-72.524506,0,4446
247,10,19,20,0.025740,-76.477236,0,0.025987,-75.511565,0,4940
247,10,21,22,0.025740,-76.477236,0,0.025746,-76.294937,0,5434
247,10,23,24,0.025740,-76.477236,0,0.025741,-76.474505,0,5928
247,10,25,26,0.025740,-76.477236,0,0.025739,-76.480052,0,6422
247,10,27,28,0.025740,-76.477236,0,0.025740,-76.474825,0,6916
247,10,31,32,0.025740,-76.477236,0,0.025740,-76.477291,0,7904
247,20,15,16,0.037688,-79.098584,0,0.043220,-65.217145,0,3952
247,20,17,18,0.037688,-79.098584,0,0.038461,-74.668644,0,4446
247,20,19,20,0.037688,-79.098584,0,0.037775,-77.947078,0,4940
247,20,21,22,0.037688,-79.098584,0,0.037704,-78.995937,0,5434
247,20,23,24,0.037688,-79.098584,0,0.037681,-79.083369,0,5928
247,20,25,26,0.037688,-79.098584,0,0.037690,-79.102613,0,6422
247,20,27,28,0.037688,-79.098584,0,0.037687,-79.099031,0,6916
247,20,31,32,0.037688,-79.098584,0,0.037688,-79.098477,0,7904
247,40,15,16,0.052941,-81.971035,1,0.055293,-67.217063,0,3952
247,40,17,18,0.052941,-81.971035,1,0.053206,-74.052115,0,4446
247,40,19,20,0.052941,-81.971035,1,0.052978,-80.331494,1,4940
247,40,21,22,0.052941,-81.971035,1,0.052968,-81.596941,1,5434
247,40,23,24,0.052941,-81.971035,1,0.052930,-81.962291,1,5928
247,40,25,26,0.052941,-81.971035,1,0.052938,-81.981433,1,6422
247,40,27,28,0.052941,-81.971035,1,0.052941,-81.966441,1,6916
247,40,31,32,0.052941,-81.971035,1,0.052941,-81.971203,1,7904
247,80,15,16,0.070354,-85.687470,1,0.073849,-65.859831,0,3952
247,80,17,18,0.070354,-85.687470,1,0.070807,-76.270848,0,4446
247,80,19,20,0.070354,-85.687470,1,0.070442,-82.768144,1,4940
247,80,21,22,0.070354,-85.687470,1,0.070382,-85.168938,1,5434
247,80,23,24,0.070354,-85.687470,1,0.070362,-85.698341,1,5928
247,80,25,26,0.070354,-85.687470,1,0.070351,-85.712100,1,6422
247,80,27,28,0.070354,-85.687470,1,0.070354,-85.684995,1,6916
247,80,31,32,0.070354,-85.687470,1,0.070354,-85.687978,1,7904
247,160,15,16,0.092297,-89.491955,1,0.094458,-68.095276,0,3952
247,160,17,18,0.092297,-89.491955,1,0.093260,-77.835260,0,4446
247,160,19,20,0.092297,-89.491955,1,0.092380,-84.290108,1,4940
247,160,21,22,0.092297,-89.491955,1,0.092325,-88.128034,1,5434
247,160,23,24,0.092297,-89.491955,1,0.092299,-89.336389,1,5928
247,160,25,26,0.092297,-89.491955,1,0.092297,-89.430388,1,6422
247,160,27,28,0.092297,-89.491955,1,0.092298,-89.481518,1,6916
247,160,31,32,0.092297,-89.491955,1,0.092297,-89.491429,1,7904
248,1,15,16,0.008083,-66.644674,0,0.011080,-60.925450,0,3968
248,1,17,18,0.008083,-66.644674,0,0.008934,-65.202016,0,4464
248,1,19,20,0.008083,-66.644674,0,0.008287,-66.298188,0,4960
248,1,21,22,0.008083,-66.644674,0,0.008103,-66.616732,0,5456
248,1,23,24,0.008083,-66.644674,0,0.008084,-66.637648,0,5952
248,1,25,26,0.008083,-66.644674,0,0.008082,-66.644633,0,6448
248,1,27,28,0.008083,-66.644674,0,0.008083,-66.644566,0,6944
248,1,31,32,0.008083,-66.644674,0,0.008083,-66.644567,0,7936
248,2,15,16,0.012158,-69.195874,0,0.016977,-63.304560,0,3968
248,2,17,18,0.012158,-69.195874,0,0.013287,-66.671348,0,4464
248,2,19,20,0.012158,-69.195874,0,0.012289,-68.696458,0,4960
248,2,21,22,0.012158,-69.195874,0,0.012135,-69.091083,0,5456
248,2,23,24,0.012158,-69.195874,0,0.012161,-69.176014,0,5952
248,2,25,26,0.012158,-69.195874,0,0.012158,-69.194233,0,6448
248,2,27,28,0.012158,-69.195874,0,0.012158,-69.196418,0,6944
248,2,31,32,0.012158,-69.195874,0,0.012158,-69.195859,0,7936
248,5,15,16,0.019320,-72.993013,0,0.022565,-64.086908,0,3968
248,5,17,18,0.019320,-72.993013,0,0.020328,-70.744587,0,4464
248,5,19,20,0.019320,-72.993013,0,0.019413,-72.342335,0,4960
248,5,21,22,0.019320,-72.993013,0,0.019347,-72.887981,0,5456
248,5,23,24,0.019320,-72.993013,0,0.019326,-72.997902,0,5952
248,5,25,26,0.019320,-72.993013,0,0.019320,-72.989009,0,6448
248,5,27,28,0.019320,-72.993013,0,0.019319,-72.994272,0,6944
248,5,31,32,0.019320,-72.993013,0,0.019320,-72.993078,0,7936
248,10,15,16,0.025768,-76.467511,0,0.029518,-65.985970,0,3968
248,10,17,18,0.025768,-76.467511,0,0.026155,-72.904331,0,4464
248,10,19,20,0.025768,-76.467511,0,0.026066,-75.564187,0,4960
248,10,21,22,0.025768,-76.467511,0,0.025775,-76.292989,0,5456
248,10,23,24,0.025768,-76.467511,0,0.025767,-76.428307,0,5952
248,10,25,26,0.025768,-76.467511,0,0.025766,-76.472545,0,6448
248,10,27,28,0.025768,-76.467511,0,0.025768,-76.467048,0,6944
248,10,31,32,0.025768,-76.467511,0,0.025768,-76.467424,0,7936
248,20,15,16,0.035839,-79.471933,0,0.039579,-65.434651,0,3968
248,20,17,18,0.035839,-79.471933,0,0.036288,-74.329684,0,4464
248,20,19,20,0.035839,-79.471933,0,0.035875,-78.226084,0,4960
248,20,21,22,0.035839,-79.471933,0,0.035822,-79.350024,0,5456
248,20,23,24,0.035839,-79.471933,0,0.035837,-79.484062,0,5952
248,20,25,26,0.035839,-79.471933,0,0.035840,-79.482515,0,6448
248,20,27,28,0.035839,-79.471933,0,0.035839,-79.475404,0,6944
248,20,31,32,0.035839,-79.471933,0,0.035839,-79.471944,0,7936
248,40,15,16,0.051506,-82.218714,1,0.055548,-66.902914,0,3968
248,40,17,18,0.051506,-82.218714,1,0.052237,-75.863696,0,4464
248,40,19,20,0.051506,-82.218714,1,0.051472,-80.354792,1,4960
248,40,21,22,0.051506,-82.218714,1,0.051517,-81.653069,1,5456
248,40,23,24,0.051506,-82.218714,1,0.051512,-82.335061,1,5952
248,40,25,26,0.051506,-82.218714,1,0.051507,-82.201589,1,6448
248,40,27,28,0.051506,-82.218714,1,0.051506,-82.215112,1,6944
248,40,31,32,0.051506,-82.218714,1,0.051506,-82.218247,1,7936
248,80,15,16,0.069884,-85.753729,1,0.073671,-67.682903,0,3968
248,80,17,18,0.069884,-85.753729,1,0.071096,-78.415221,0,4464
248,80,19,20,0.069884,-85.753729,1,0.070010,-83.205062,1,4960
248,80,21,22,0.069884,-85.753729,1,0.069881,-85.105320,1,5456
248,80,23,24,0.069884,-85.753729,1,0.069886,-85.791841,1,5952
248,80,25,26,0.069884,-85.753729,1,0.069883,-85.796216,1,6448
248,80,27,28,0.069884,-85.753729,1,0.069884,-85.744452,1,6944
248,80,31,32,0.069884,-85.753729,1,0.069884,-85.753422,1,7936
248,160,15,16,0.089989,-89.741053,1,0.094926,-68.267929,0,3968
248,160,17,18,0.089989,-89.741053,1,0.090924,-80.002892,1,4464
248,160,19,20,0.089989,-89.741053,1,0.089950,-85.334196,1,4960
248,160,21,22,0.089989,-89.741053,1,0.089995,-88.425388,1,5456
248,160,23,24,0.089989,-89.741053,1,0.089997,-89.462513,1,5952
248,160,25,26,0.089989,-89.741053,1,0.089990,-89.719262,1,6448
248,160,27,28,0.089989,-89.741053,1,0.089990,-89.735768,1,6944
248,160,31,32,0.089989,-89.741053,1,0.089989,-89.740186,1,7936
249,1,15,16,0.008066,-66.649209,0,0.013474,-61.274735,0,3984
249,1,17,18,0.008066,-66.649209,0,0.009281,-64.958523,0,4482
249,1,19,20,0.008066,-66.649209,0,0.008278,-66.194362,0,4980
249,1,21,22,0.008066,-66.649209,0,0.008084,-66.611065,0,5478
249,1,23,24,0.008066,-66.649209,0,0.008067,-66.634478,0,5976
249,1,25,26,0.008066,-66.649209,0,0.008066,-66.652694,0,6474
249,1,27,28,0.008066,-66.649209,0,0.008066,-66.649564,0,6972
249,1,31,32,0.008066,-66.649209,0,0.008066,-66.649175,0,7968
249,2,15,16,0.011566,-69.604108,0,0.015956,-64.471427,0,3984
249,2,17,18,0.011566,-69.604108,0,0.012636,-68.295663,0,4482
249,2,19,20,0.011566,-69.604108,0,0.011758,-69.147212,0,4980
249,2,21,22,0.011566,-69.604108,0,0.011591,-69.507702,0,5478
249,2,23,24,0.011566,-69.604108,0,0.011560,-69.570271,0,5976
249,2,25,26,0.011566,-69.604108,0,0.011566,-69.602206,0,6474
249,2,27,28,0.011566,-69.604108,0,0.011566,-69.603597,0,6972
249,2,31,32,0.011566,-69.604108,0,0.011566,-69.604091,0,7968
249,5,15,16,0.018938,-73.189978,0,0.023861,-64.495436,0,3984
249,5,17,18,0.018938,-73.189978,0,0.020005,-70.493006,0,4482
249,5,19,20,0.018938,-73.189978,0,0.019095,-72.418836,0,4980
249,5,21,22,0.018938,-73.189978,0,0.018942,-72.996093,0,5478
249,5,23,24,0.018938,-73.189978,0,0.018925,-73.192110,0,5976
249,5,25,26,0.018938,-73.189978,0,0.018937,-73.191263,0,6474
249,5,27,28,0.018938,-73.189978,0,0.018938,-73.189418,0,6972
249,5,31,32,0.018938,-73.189978,0,0.018938,-73.189980,0,7968
249,10,15,16,0.025712,-76.506687,0,0.030118,-65.842013,0,3984
249,10,17,18,0.025712,-76.506687,0,0.026755,-71.629822,0,4482
249,10,19,20,0.025712,-76.506687,0,0.025890,-75.259280,0,4980
249,10,21,22,0.025712,-76.506687,0,0.025711,-76.340529,0,5478
249,10,23,24,0.025712,-76.506687,0,0.025710,-76.537836,0,5976
249,10,25,26,0.025712,-76.506687,0,0.025712,-76.496352,0,6474
249,10,27,28,0.025712,-76.506687,0,0.025712,-76.502346,0,6972
249,10,31,32,0.025712,-76.506687,0,0.025712,-76.506573,0,7968
249,20,15,16,0.033986,-79.893005,0,0.038567,-66.945656,0,3984
249,20,17,18,0.033986,-79.893005,0,0.035137,-74.215507,0,4482
249,20,19,20,0.033986,-79.893005,0,0.034128,-78.435259,0,4980
249,20,21,22,0.033986,-79.893005,0,0.034001,-79.626095,0,5478
249,20,23,24,0.033986,-79.893005,0,0.033993,-79.830025,0,5976
249,20,25,26,0.033986,-79.893005,0,0.033986,-79.884889,0,6474
249,20,27,28,0.033986,-79.893005,0,0.033986,-79.893081,0,6972
249,20,31,32,0.033986,-79.893005,0,0.033986,-79.892954,0,7968
249,40,15,16,0.049756,-82.553165,1,0.052369,-65.487070,0,3984
249,40,17,18,0.049756,-82.553165,1,0.050231,-76.452966,0,4482
249,40,19,20,0.049756,-82.553165,1,0.049786,-80.458605,1,4980
249,40,21,22,0.049756,-82.553165,1,0.049748,-82.248414,1,5478
249,40,23,24,0.049756,-82.553165,1,0.049759,-82.568290,1,5976
249,40,25,26,0.049756,-82.553165,1,0.049755,-82.572208,1,6474
249,40,27,28,0.049756,-82.553165,1,0.049756,-82.546760,1,6972
249,40,31,32,0.049756,-82.553165,1,0.049756,-82.552794,1,7968
249,80,15,16,0.068833,-85.869920,1,0.073613,-67.205318,0,3984
249,80,17,18,0.068833,-85.869920,1,0.069540,-78.057419,0,4482
249,80,19,20,0.068833,-85.869920,1,0.068899,-82.984085,1,4980
249,80,21,22,0.068833,-85.869920,1,0.068866,-85.247418,1,5478
249,80,23,24,0.068833,-85.869920,1,0.068833,-85.807043,1,5976
249,80,25,26,0.068833,-85.869920,1,0.068833,-85.824873,1,6474
249,80,27,28,0.068833,-85.869920,1,0.068833,-85.868169,1,6972
249,80,31,32,0.068833,-85.869920,1,0.068833,-85.870228,1,7968
249,160,15,16,0.090007,-89.699708,1,0.094310,-67.086749,0,3984
249,160,17,18,0.090007,-89.699708,1,0.090886,-79.823472,0,4482
249,160,19,20,0.090007,-89.699708,1,0.090238,-86.177912,1,4980
249,160,21,22,0.090007,-89.699708,1,0.090041,-88.307504,1,5478
249,160,23,24,0.090007,-89.699708,1,0.090004,-89.436931,1,5976
249,160,25,26,0.090007,-89.699708,1,0.090004,-89.688443,1,6474
249,160,27,28,0.090007,-89.699708,1,0.090006,-89.707413,1,6972
249,160,31,32,0.090007,-89.699708,1,0.090007,-89.699801,1,7968
250,1,15,16,0.008050,-66.665483,0,0.011747,-60.555448,0,4000
250,1,17,18,0.008050,-66.665483,0,0.009201,-65.059960,0,4500
250,1,19,20,0.008050,-66.665483,0,0.008354,-66.343222,0,5000
250,1,21,22,0.008050,-66.665483,0,0.008100,-66.603673,0,5500
250,1,23,24,0.008050,-66.665483,0,0.008056,-66.655982,0,6000
250,1,25,26,0.008050,-66.665483,0,0.008052,-66.667032,0,6500
250,1,27,28,0.008050,-66.665483,0,0.008051,-66.665998,0,7000
250,1,31,32,0.008050,-66.665483,0,0.008050,-66.665539,0,8000
250,2,15,16,0.010981,-70.044022,0,0.017512,-63.884208,0,4000
250,2,17,18,0.010981,-70.044022,0,0.011970,-68.008982,0,4500
250,2,19,20,0.010981,-70.044022,0,0.011201,-69.436030,0,5000
250,2,21,22,0.010981,-70.044022,0,0.010972,-69.879743,0,5500
250,2,23,24,0.010981,-70.044022,0,0.010980,-70.023863,0,6000
250,2,25,26,0.010981,-70.044022,0,0.010982,-70.041295,0,6500
250,2,27,28,0.010981,-70.044022,0,0.010981,-70.043735,0,7000
250,2,31,32,0.010981,-70.044022,0,0.010981,-70.043986,0,8000
250,5,15,16,0.018385,-73.435839,0,0.020074,-63.342742,0,4000
250,5,17,18,0.018385,-73.435839,0,0.019665,-70.296272,0,4500
250,5,19,20,0.018385,-73.435839,0,0.018422,-72.559854,0,5000
250,5,21,22,0.018385,-73.435839,0,0.018432,-73.318631,0,5500
250,5,23,24,0.018385,-73.435839,0,0.018396,-73.436620,0,6000
250,5,25,26,0.018385,-73.435839,0,0.018387,-73.439353,0,6500
250,5,27,28,0.018385,-73.435839,0,0.018384,-73.437230,0,7000
250,5,31,32,0.018385,-73.435839,0,0.018385,-73.435751,0,8000
250,10,15,16,0.025480,-76.571768,0,0.030255,-64.835381,0,4000
250,10,17,18,0.025480,-76.571768,0,0.026434,-72.729355,0,4500
250,10,19,20,0.025480,-76.571768,0,0.025614,-75.509217,0,5000
250,10,21,22,0.025480,-76.571768,0,0.025515,-76.421644,0,5500
250,10,23,24,0.025480,-76.571768,0,0.025502,-76.534127,0,6000
250,10,25,26,0.025480,-76.571768,0,0.025479,-76.588046,0,6500
250,10,27,28,0.025480,-76.571768,0,0.025481,-76.570849,0,7000
250,10,31,32,0.025480,-76.571768,0,0.025480,-76.571668,0,8000
250,20,15,16,0.033425,-80.022600,1,0.037947,-67.486380,0,4000
250,20,17,18,0.033425,-80.022600,1,0.034134,-74.544202,0,4500
250,20,19,20,0.033425,-80.022600,1,0.033610,-78.727402,0,5000
250,20,21,22,0.033425,-80.022600,1,0.033478,-79.923588,0,5500
250,20,23,24,0.033425,-80.022600,1,0.033425,-80.044902,1,6000
250,20,25,26,0.033425,-80.022600,1,0.033427,-80.007508,1,6500
250,20,27,28,0.033425,-80.022600,1,0.033426,-80.023775,1,7000
250,20,31,32,0.033425,-80.022600,1,0.033425,-80.022420,1,8000
250,40,15,16,0.047577,-82.962221,1,0.053246,-67.324361,0,4000
250,40,17,18,0.047577,-82.962221,1,0.048157,-76.255203,0,4500
250,40,19,20,0.047577,-82.962221,1,0.047633,-80.787238,1,5000
250,40,21,22,0.047577,-82.962221,1,0.047558,-82.687937,1,5500
250,40,23,24,0.047577,-82.962221,1,0.047578,-82.995313,1,6000
250,40,25,26,0.047577,-82.962221,1,0.047575,-82.954156,1,6500
250,40,27,28,0.047577,-82.962221,1,0.047577,-82.967571,1,7000
250,40,31,32,0.047577,-82.962221,1,0.047577,-82.962313,1,8000
250,80,15,16,0.067297,-86.093987,1,0.070355,-68.099634,0,4000
250,80,17,18,0.067297,-86.093987,1,0.068074,-78.641434,0,4500
250,80,19,20,0.067297,-86.093987,1,0.067319,-83.682553,1,5000
250,80,21,22,0.067297,-86.093987,1,0.067332,-85.221290,1,5500
250,80,23,24,0.067297,-86.093987,1,0.067302,-85.997430,1,6000
250,80,25,26,0.067297,-86.093987,1,0.067297,-86.092903,1,6500
250,80,27,28,0.067297,-86.093987,1,0.067297,-86.093664,1,7000
250,80,31,32,0.067297,-86.093987,1,0.067297,-86.094076,1,8000
250,160,15,16,0.089630,-89.737227,1,0.094663,-68.824463,0,4000
250,160,17,18,0.089630,-89.737227,1,0.090685,-77.911934,0,4500
250,160,19,20,0.089630,-89.737227,1,0.089645,-84.619448,1,5000
250,160,21,22,0.089630,-89.737227,1,0.089631,-88.835092,1,5500
250,160,23,24,0.089630,-89.737227,1,0.089633,-89.506046,1,6000
250,160,25,26,0.089630,-89.737227,1,0.089631,-89.732862,1,6500
250,160,27,28,0.089630,-89.737227,1,0.089630,-89.735923,1,7000
250,160,31,32,0.089630,-89.737227,1,0.089630,-89.736823,1,8000
251,1,15,16,0.007990,-66.752011,0,0.014674,-62.393402,0,4016
251,1,17,18,0.007990,-66.752011,0,0.008921,-65.478463,0,4518
251,1,19,20,0.007990,-66.752011,0,0.008160,-66.357346,0,5020
251,1,21,22,0.007990,-66.752011,0,0.008061,-66.691334,0,5522
251,1,23,24,0.007990,-66.752011,0,0.007987,-66.740428,0,6024
251,1,25,26,0.007990,-66.752011,0,0.007991,-66.756075,0,6526
251,1,27,28,0.007990,-66.752011,0,0.007989,-66.751651,0,7028
251,1,31,32,0.007990,-66.752011,0,0.007990,-66.751961,0,8032
251,2,15,16,0.010751,-70.190888,0,0.017052,-63.518599,0,4016
251,2,17,18,0.010751,-70.190888,0,0.012309,-67.544882,0,4518
251,2,19,20,0.010751,-70.190888,0,0.011031,-69.667996,0,5020
251,2,21,22,0.010751,-70.190888,0,0.010785,-70.092146,0,5522
251,2,23,24,0.010751,-70.190888,0,0.010748,-70.179294,0,6024
251,2,25,26,0.010751,-70.190888,0,0.010750,-70.195509,0,6526
251,2,27,28,0.010751,-70.190888,0,0.010750,-70.191325,0,7028
251,2,31,32,0.010751,-70.190888,0,0.010751,-70.190892,0,8032
251,5,15,16,0.017776,-73.791964,0,0.021691,-61.367320,0,4016
251,5,17,18,0.017776,-73.791964,0,0.018708,-71.119907,0,4518
251,5,19,20,0.017776,-73.791964,0,0.017886,-73.088529,0,5020
251,5,21,22,0.017776,-73.791964,0,0.017792,-73.655864,0,5522
251,5,23,24,0.017776,-73.791964,0,0.017780,-73.774580,0,6024
251,5,25,26,0.017776,-73.791964,0,0.017777,-73.796864,0,6526
251,5,27,28,0.017776,-73.791964,0,0.017776,-73.791281,0,7028
251,5,31,32,0.017776,-73.791964,0,0.017776,-73.792010,0,8032
251,10,15,16,0.025105,-76.728952,0,0.028514,-65.701865,0,4016
251,10,17,18,0.025105,-76.728952,0,0.025570,-73.027363,0,4518
251,10,19,20,0.025105,-76.728952,0,0.025243,-75.768682,0,5020
251,10,21,22,0.025105,-76.728952,0,0.025126,-76.565566,0,5522
251,10,23,24,0.025105,-76.728952,0,0.025111,-76.702136,0,6024
251,10,25,26,0.025105,-76.728952,0,0.025106,-76.729115,0,6526
251,10,27,28,0.025105,-76.728952,0,0.025105,-76.727146,0,7028
251,10,31,32,0.025105,-76.728952,0,0.025105,-76.728835,0,8032
251,20,15,16,0.033446,-80.049130,1,0.037127,-67.255140,0,4016
251,20,17,18,0.033446,-80.049130,1,0.034506,-73.751536,0,4518
251,20,19,20,0.033446,-80.049130,1,0.033632,-78.621799,0,5020
251,20,21,22,0.033446,-80.049130,1,0.033451,-79.545311,0,5522
251,20,23,24,0.033446,-80.049130,1,0.033452,-80.055278,1,6024
251,20,25,26,0.033446,-80.049130,1,0.033444,-80.040725,1,6526
251,20,27,28,0.033446,-80.049130,1,0.033447,-80.051299,1,7028
251,20,31,32,0.033446,-80.049130,1,0.033446,-80.049394,1,8032
251,40,15,16,0.045191,-83.389635,1,0.050182,-68.278500,0,4016
251,40,17,18,0.045191,-83.389635,1,0.046011,-75.417387,0,4518
251,40,19,20,0.045191,-83.389635,1,0.045354,-81.513584,1,5020
251,40,21,22,0.045191,-83.389635,1,0.045216,-83.048233,1,5522
251,40,23,24,0.045191,-83.389635,1,0.045194,-83.455955,1,6024
251,40,25,26,0.045191,-83.389635,1,0.045190,-83.411483,1,6526
251,40,27,28,0.045191,-83.389635,1,0.045190,-83.381764,1,7028
251,40,31,32,0.045191,-83.389635,1,0.045191,-83.389691,1,8032
251,80,15,16,0.065376,-86.382705,1,0.070847,-67.288768,0,4016
251,80,17,18,0.065376,-86.382705,1,0.066145,-78.872725,0,4518
251,80,19,20,0.065376,-86.382705,1,0.065425,-83.524848,1,5020
251,80,21,22,0.065376,-86.382705,1,0.065387,-85.461152,1,5522
251,80,23,24,0.065376,-86.382705,1,0.065385,-86.179326,1,6024
251,80,25,26,0.065376,-86.382705,1,0.065377,-86.373503,1,6526
251,80,27,28,0.065376,-86.382705,1,0.065376,-86.377349,1,7028
251,80,31,32,0.065376,-86.382705,1,0.065376,-86.382619,1,8032
251,160,15,16,0.088669,-89.801587,1,0.091501,-66.556099,0,4016
251,160,17,18,0.088669,-89.801587,1,0.089323,-78.061283,0,4518
251,160,19,20,0.088669,-89.801587,1,0.088753,-86.039673,1,5020
251,160,21,22,0.088669,-89.801587,1,0.088707,-88.488297,1,5522
251,160,23,24,0.088669,-89.801587,1,0.088662,-89.555098,1,6024
251,160,25,26,0.088669,-89.801587,1,0.088669,-89.745931,1,6526
251,160,27,28,0.088669,-89.801587,1,0.088669,-89.800629,1,7028
251,160,31,32,0.088669,-89.801587,1,0.088669,-89.801684,1,8032
252,1,15,16,0.007859,-66.876184,0,0.011556,-62.285773,0,4032
252,1,17,18,0.007859,-66.876184,0,0.009099,-65.049014,0,4536
252,1,19,20,0.007859,-66.876184,0,0.008022,-66.557875,0,5040
252,1,21,22,0.007859,-66.876184,0,0.007870,-66.785822,0,5544
252,1,23,24,0.007859,-66.876184,0,0.007859,-66.882075,0,6048
252,1,25,26,0.007859,-66.876184,0,0.007857,-66.871868,0,6552
252,1,27,28,0.007859,-66.876184,0,0.007859,-66.875569,0,7056
252,1,31,32,0.007859,-66.876184,0,0.007859,-66.876242,0,8064
252,2,15,16,0.010750,-70.191425,0,0.014642,-64.567395,0,4032
252,2,17,18,0.010750,-70.191425,0,0.011630,-67.917087,0,4536
252,2,19,20,0.010750,-70.191425,0,0.010895,-69.363495,0,5040
252,2,21,22,0.010750,-70.191425,0,0.010768,-70.091425,0,5544
252,2,23,24,0.010750,-70.191425,0,0.010756,-70.173802,0,6048
252,2,25,26,0.010750,-70.191425,0,0.010753,-70.187269,0,6552
252,2,27,28,0.010750,-70.191425,0,0.010751,-70.191964,0,7056
252,2,31,32,0.010750,-70.191425,0,0.010750,-70.191522,0,8064
252,5,15,16,0.016956,-74.222453,0,0.021711,-65.967083,0,4032
252,5,17,18,0.016956,-74.222453,0,0.017684,-70.578583,0,4536
252,5,19,20,0.016956,-74.222453,0,0.017109,-73.310429,0,5040
252,5,21,22,0.016956,-74.222453,0,0.017024,-73.959672,0,5544
252,5,23,24,0.016956,-74.222453,0,0.016959,-74.182924,0,6048
252,5,25,26,0.016956,-74.222453,0,0.016957,-74.222319,0,6552
252,5,27,28,0.016956,-74.222453,0,0.016956,-74.222587,0,7056
252,5,31,32,0.016956,-74.222453,0,0.016956,-74.222572,0,8064
252,10,15,16,0.024519,-76.933636,0,0.030769,-67.408971,0,4032
252,10,17,18,0.024519,-76.933636,0,0.025616,-72.966703,0,4536
252,10,19,20,0.024519,-76.933636,0,0.024678,-75.314247,0,5040
252,10,21,22,0.024519,-76.933636,0,0.024543,-76.699285,0,5544
252,10,23,24,0.024519,-76.933636,0,0.024522,-76.926380,0,6048
252,10,25,26,0.024519,-76.933636,0,0.024521,-76.946506,0,6552
252,10,27,28,0.024519,-76.933636,0,0.024518,-76.935819,0,7056
252,10,31,32,0.024519,-76.933636,0,0.024519,-76.933696,0,8064
252,20,15,16,0.033287,-80.087567,1,0.037805,-65.283188,0,4032
252,20,17,18,0.033287,-80.087567,1,0.034149,-74.419584,0,4536
252,20,19,20,0.033287,-80.087567,1,0.033478,-79.154965,0,5040
252,20,21,22,0.033287,-80.087567,1,0.033304,-79.898918,0,5544
252,20,23,24,0.033287,-80.087567,1,0.033290,-80.117587,1,6048
252,20,25,26,0.033287,-80.087567,1,0.033286,-80.075858,1,6552
252,20,27,28,0.033287,-80.087567,1,0.033288,-80.083319,1,7056
252,20,31,32,0.033287,-80.087567,1,0.033287,-80.087654,1,8064
252,40,15,16,0.043303,-83.807382,1,0.047678,-68.155834,0,4032
252,40,17,18,0.043303,-83.807382,1,0.044258,-76.499511,0,4536
252,40,19,20,0.043303,-83.807382,1,0.043534,-81.359070,1,5040
252,40,21,22,0.043303,-83.807382,1,0.043353,-83.316906,1,5544
252,40,23,24,0.043303,-83.807382,1,0.043308,-83.825938,1,6048
252,40,25,26,0.043303,-83.807382,1,0.043302,-83.827376,1,6552
252,40,27,28,0.043303,-83.807382,1,0.043303,-83.801586,1,7056
252,40,31,32,0.043303,-83.807382,1,0.043303,-83.807303,1,8064
252,80,15,16,0.062766,-86.756377,1,0.066199,-67.365890,0,4032
252,80,17,18,0.062766,-86.756377,1,0.062850,-78.536230,0,4536
252,80,19,20,0.062766,-86.756377,1,0.062857,-83.760562,1,5040
252,80,21,22,0.062766,-86.756377,1,0.062746,-85.813772,1,5544
252,80,23,24,0.062766,-86.756377,1,0.062768,-86.490420,1,6048
252,80,25,26,0.062766,-86.756377,1,0.062766,-86.751706,1,6552
252,80,27,28,0.062766,-86.756377,1,0.062766,-86.755700,1,7056
252,80,31,32,0.062766,-86.756377,1,0.062766,-86.756992,1,8064
252,160,15,16,0.087064,-89.989563,1,0.092225,-66.965752,0,4032
252,160,17,18,0.087064,-89.989563,1,0.088041,-80.420804,1,4536
252,160,19,20,0.087064,-89.989563,1,0.087181,-86.330478,1,5040
252,160,21,22,0.087064,-89.989563,1,0.087072,-88.727866,1,5544
252,160,23,24,0.087064,-89.989563,1,0.087063,-89.748916,1,6048
252,160,25,26,0.087064,-89.989563,1,0.087065,-89.963308,1,6552
252,160,27,28,0.087064,-89.989563,1,0.087064,-89.978759,1,7056
252,160,31,32,0.087064,-89.989563,1,0.087064,-89.988938,1,8064
253,1,15,16,0.007652,-67.100006,0,0.014664,-62.260218,0,4048
253,1,17,18,0.007652,-67.100006,0,0.008752,-65.899431,0,4554
253,1,19,20,0.007652,-67.100006,0,0.007814,-66.623253,0,5060
253,1,21,22,0.007652,-67.100006,0,0.007697,-67.041056,0,5566
253,1,23,24,0.007652,-67.100006,0,0.007654,-67.101874,0,6072
253,1,25,26,0.007652,-67.100006,0,0.007651,-67.096380,0,6578
253,1,27,28,0.007652,-67.100006,0,0.007652,-67.099507,0,7084
253,1,31,32,0.007652,-67.100006,0,0.007652,-67.099987,0,8096
253,2,15,16,0.010695,-70.237289,0,0.017297,-64.176469,0,4048
253,2,17,18,0.010695,-70.237289,0,0.011590,-68.144820,0,4554
253,2,19,20,0.010695,-70.237289,0,0.011044,-69.589122,0,5060
253,2,21,22,0.010695,-70.237289,0,0.010742,-70.121929,0,5566
253,2,23,24,0.010695,-70.237289,0,0.010690,-70.207631,0,6072
253,2,25,26,0.010695,-70.237289,0,0.010698,-70.233762,0,6578
253,2,27,28,0.010695,-70.237289,0,0.010695,-70.236507,0,7084
253,2,31,32,0.010695,-70.237289,0,0.010695,-70.237430,0,8096
253,5,15,16,0.016063,-74.640056,0,0.019972,-63.451824,0,4048
253,5,17,18,0.016063,-74.640056,0,0.017584,-71.608584,0,4554
253,5,19,20,0.016063,-74.640056,0,0.016317,-73.675146,0,5060
253,5,21,22,0.016063,-74.640056,0,0.016080,-74.470721,0,5566
253,5,23,24,0.016063,-74.640056,0,0.016071,-74.624983,0,6072
253,5,25,26,0.016063,-74.640056,0,0.016066,-74.641212,0,6578
253,5,27,28,0.016063,-74.640056,0,0.016063,-74.643426,0,7084
253,5,31,32,0.016063,-74.640056,0,0.016063,-74.640165,0,8096
253,10,15,16,0.023760,-77.237295,0,0.027475,-66.319196,0,4048
253,10,17,18,0.023760,-77.237295,0,0.024593,-73.104399,0,4554
253,10,19,20,0.023760,-77.237295,0,0.023900,-75.459130,0,5060
253,10,21,22,0.023760,-77.237295,0,0.023767,-77.021805,0,5566
253,10,23,24,0.023760,-77.237295,0,0.023764,-77.282775,0,6072
253,10,25,26,0.023760,-77.237295,0,0.023759,-77.246084,0,6578
253,10,27,28,0.023760,-77.237295,0,0.023760,-77.235922,0,7084
253,10,31,32,0.023760,-77.237295,0,0.023760,-77.237245,0,8096
253,20,15,16,0.032910,-80.213260,1,0.036163,-67.912925,0,4048
253,20,17,18,0.032910,-80.213260,1,0.033711,-75.275785,0,4554
253,20,19,20,0.032910,-80.213260,1,0.033092,-78.720468,0,5060
253,20,21,22,0.032910,-80.213260,1,0.032946,-79.938784,0,5566
253,20,23,24,0.032910,-80.213260,1,0.032916,-80.276552,1,6072
253,20,25,26,0.032910,-80.213260,1,0.032910,-80.191975,1,6578
253,20,27,28,0.032910,-80.213260,1,0.032910,-80.214184,1,7084
253,20,31,32,0.032910,-80.213260,1,0.032910,-80.213402,1,8096
253,40,15,16,0.043347,-83.770885,1,0.047635,-65.677766,0,4048
253,40,17,18,0.043347,-83.770885,1,0.044310,-77.089194,0,4554
253,40,19,20,0.043347,-83.770885,1,0.043511,-81.254168,1,5060
253,40,21,22,0.043347,-83.770885,1,0.043364,-83.088490,1,5566
253,40,23,24,0.043347,-83.770885,1,0.043344,-83.894167,1,6072
253,40,25,26,0.043347,-83.770885,1,0.043350,-83.769442,1,6578
253,40,27,28,0.043347,-83.770885,1,0.043348,-83.762473,1,7084
253,40,31,32,0.043347,-83.770885,1,0.043347,-83.770960,1,8096
253,80,15,16,0.059765,-87.162283,1,0.062026,-67.387863,0,4048
253,80,17,18,0.059765,-87.162283,1,0.060568,-77.793221,0,4554
253,80,19,20,0.059765,-87.162283,1,0.059880,-83.368788,1,5060
253,80,21,22,0.059765,-87.162283,1,0.059753,-86.454645,1,5566
253,80,23,24,0.059765,-87.162283,1,0.059769,-87.012360,1,6072
253,80,25,26,0.059765,-87.162283,1,0.059765,-87.167262,1,6578
253,80,27,28,0.059765,-87.162283,1,0.059764,-87.165358,1,7084
253,80,31,32,0.059765,-87.162283,1,0.059765,-87.162421,1,8096
253,160,15,16,0.084839,-90.236677,1,0.089787,-68.139176,0,4048
253,160,17,18,0.084839,-90.236677,1,0.085100,-78.864211,0,4554
253,160,19,20,0.084839,-90.236677,1,0.084895,-84.933280,1,5060
253,160,21,22,0.084839,-90.236677,1,0.084804,-88.513563,1,5566
253,160,23,24,0.084839,-90.236677,1,0.084843,-90.001981,1,6072
253,160,25,26,0.084839,-90.236677,1,0.084839,-90.188131,1,6578
253,160,27,28,0.084839,-90.236677,1,0.084840,-90.248249,1,7084
253,160,31,32,0.084839,-90.236677,1,0.084839,-90.236650,1,8096
254,1,15,16,0.007396,-67.363681,0,0.010861,-61.835710,0,4064
254,1,17,18,0.007396,-67.363681,0,0.008851,-65.786914,0,4572
254,1,19,20,0.007396,-67.363681,0,0.007583,-67.144559,0,5080
254,1,21,22,0.007396,-67.363681,0,0.007433,-67.318687,0,5588
254,1,23,24,0.007396,-67.363681,0,0.007399,-67.356794,0,6096
254,1,25,26,0.007396,-67.363681,0,0.007396,-67.366943,0,6604
254,1,27,28,0.007396,-67.363681,0,0.007396,-67.363653,0,7112
254,1,31,32,0.007396,-67.363681,0,0.007396,-67.363646,0,8128
254,2,15,16,0.010563,-70.337551,0,0.015526,-63.566599,0,4064
254,2,17,18,0.010563,-70.337551,0,0.011707,-67.789375,0,4572
254,2,19,20,0.010563,-70.337551,0,0.010855,-69.716315,0,5080
254,2,21,22,0.010563,-70.337551,0,0.010572,-70.195815,0,5588
254,2,23,24,0.010563,-70.337551,0,0.010571,-70.316126,0,6096
254,2,25,26,0.010563,-70.337551,0,0.010563,-70.336304,0,6604
254,2,27,28,0.010563,-70.337551,0,0.010562,-70.337969,0,7112
254,2,31,32,0.010563,-70.337551,0,0.010563,-70.337399,0,8128
254,5,15,16,0.015505,-74.925343,0,0.019120,-65.624562,0,4064
254,5,17,18,0.015505,-74.925343,0,0.016300,-71.054711,0,4572
254,5,19,20,0.015505,-74.925343,0,0.015724,-73.763846,0,5080
254,5,21,22,0.015505,-74.925343,0,0.015541,-74.681837,0,5588
254,5,23,24,0.015505,-74.925343,0,0.015518,-74.916555,0,6096
254,5,25,26,0.015505,-74.925343,0,0.015505,-74.918537,0,6604
254,5,27,28,0.015505,-74.925343,0,0.015505,-74.926555,0,7112
254,5,31,32,0.015505,-74.925343,0,0.015505,-74.925180,0,8128
254,10,15,16,0.022757,-77.570505,0,0.025123,-66.285487,0,4064
254,10,17,18,0.022757,-77.570505,0,0.023940,-72.978141,0,4572
254,10,19,20,0.022757,-77.570505,0,0.022808,-76.199668,0,5080
254,10,21,22,0.022757,-77.570505,0,0.022801,-77.269728,0,5588
254,10,23,24,0.022757,-77.570505,0,0.022749,-77.531811,0,6096
254,10,25,26,0.022757,-77.570505,0,0.022757,-77.574878,0,6604
254,10,27,28,0.022757,-77.570505,0,0.022758,-77.568334,0,7112
254,10,31,32,0.022757,-77.570505,0,0.022757,-77.570632,0,8128
254,20,15,16,0.032241,-80.374830,1,0.038085,-66.833418,0,4064
254,20,17,18,0.032241,-80.374830,1,0.033687,-74.565319,0,4572
254,20,19,20,0.032241,-80.374830,1,0.032557,-78.705001,0,5080
254,20,21,22,0.032241,-80.374830,1,0.032282,-80.182940,1,5588
254,20,23,24,0.032241,-80.374830,1,0.032237,-80.341625,1,6096
254,20,25,26,0.032241,-80.374830,1,0.032242,-80.363687,1,6604
254,20,27,28,0.032241,-80.374830,1,0.032240,-80.376976,1,7112
254,20,31,32,0.032241,-80.374830,1,0.032241,-80.374831,1,8128
254,40,15,16,0.043253,-83.791838,1,0.047535,-68.510125,0,4064
254,40,17,18,0.043253,-83.791838,1,0.044591,-75.921552,0,4572
254,40,19,20,0.043253,-83.791838,1,0.043433,-81.151001,1,5080
254,40,21,22,0.043253,-83.791838,1,0.043276,-83.419930,1,5588
254,40,23,24,0.043253,-83.791838,1,0.043258,-83.797652,1,6096
254,40,25,26,0.043253,-83.791838,1,0.043251,-83.803558,1,6604
254,40,27,28,0.043253,-83.791838,1,0.043253,-83.801168,1,7112
254,40,31,32,0.043253,-83.791838,1,0.043253,-83.791711,1,8128
254,80,15,16,0.056774,-87.632156,1,0.061263,-66.855012,0,4064
254,80,17,18,0.056774,-87.632156,1,0.057957,-78.784952,0,4572
254,80,19,20,0.056774,-87.632156,1,0.057077,-84.054320,1,5080
254,80,21,22,0.056774,-87.632156,1,0.056792,-86.594041,1,5588
254,80,23,24,0.056774,-87.632156,1,0.056788,-87.567292,1,6096
254,80,25,26,0.056774,-87.632156,1,0.056771,-87.662159,1,6604
254,80,27,28,0.056774,-87.632156,1,0.056774,-87.637140,1,7112
254,80,31,32,0.056774,-87.632156,1,0.056774,-87.632315,1,8128
254,160,15,16,0.081938,-90.583697,1,0.086802,-67.717391,0,4064
254,160,17,18,0.081938,-90.583697,1,0.082834,-79.917960,0,4572
254,160,19,20,0.081938,-90.583697,1,0.082116,-84.579471,1,5080
254,160,21,22,0.081938,-90.583697,1,0.081934,-88.928758,1,5588
254,160,23,24,0.081938,-90.583697,1,0.081936,-90.276548,1,6096
254,160,25,26,0.081938,-90.583697,1,0.081937,-90.530868,1,6604
254,160,27,28,0.081938,-90.583697,1,0.081938,-90.575613,1,7112
254,160,31,32,0.081938,-90.583697,1,0.081938,-90.583894,1,8128
255,1,15,16,0.007136,-67.756593,0,0.010795,-62.378522,0,4080
255,1,17,18,0.007136,-67.756593,0,0.007857,-66.107155,0,4590
255,1,19,20,0.007136,-67.756593,0,0.007302,-67.427783,0,5100
255,1,21,22,0.007136,-67.756593,0,0.007135,-67.670295,0,5610
255,1,23,24,0.007136,-67.756593,0,0.007140,-67.773190,0,6120
255,1,25,26,0.007136,-67.756593,0,0.007138,-67.753357,0,6630
255,1,27,28,0.007136,-67.756593,0,0.007136,-67.756764,0,7140
255,1,31,32,0.007136,-67.756593,0,0.007136,-67.756557,0,8160
255,2,15,16,0.010365,-70.531751,0,0.015767,-64.124688,0,4080
255,2,17,18,0.010365,-70.531751,0,0.011174,-67.602299,0,4590
255,2,19,20,0.010365,-70.531751,0,0.010566,-70.130930,0,5100
255,2,21,22,0.010365,-70.531751,0,0.010377,-70.412994,0,5610
255,2,23,24,0.010365,-70.531751,0,0.010358,-70.496927,0,6120
255,2,25,26,0.010365,-70.531751,0,0.010363,-70.528241,0,6630
255,2,27,28,0.010365,-70.531751,0,0.010365,-70.531565,0,7140
255,2,31,32,0.010365,-70.531751,0,0.010365,-70.531737,0,8160
255,5,15,16,0.015518,-74.928896,0,0.021675,-64.771002,0,4080
255,5,17,18,0.015518,-74.928896,0,0.016905,-71.556364,0,4590
255,5,19,20,0.015518,-74.928896,0,0.015725,-73.462578,0,5100
255,5,21,22,0.015518,-74.928896,0,0.015574,-74.752704,0,5610
255,5,23,24,0.015518,-74.928896,0,0.015535,-74.899258,0,6120
255,5,25,26,0.015518,-74.928896,0,0.015519,-74.923296,0,6630
255,5,27,28,0.015518,-74.928896,0,0.015518,-74.931151,0,7140
255,5,31,32,0.015518,-74.928896,0,0.015518,-74.928813,0,8160
255,10,15,16,0.021572,-77.968300,0,0.025276,-65.205366,0,4080
255,10,17,18,0.021572,-77.968300,0,0.022838,-73.203813,0,4590
255,10,19,20,0.021572,-77.968300,0,0.021726,-76.925954,0,5100
255,10,21,22,0.021572,-77.968300,0,0.021584,-77.749467,0,5610
255,10,23,24,0.021572,-77.968300,0,0.021575,-77.960002,0,6120
255,10,25,26,0.021572,-77.968300,0,0.021575,-77.957909,0,6630
255,10,27,28,0.021572,-77.968300,0,0.021571,-77.967871,0,7140
255,10,31,32,0.021572,-77.968300,0,0.021572,-77.968499,0,8160
255,20,15,16,0.031436,-80.648038,1,0.035623,-67.141681,0,4080
255,20,17,18,0.031436,-80.648038,1,0.031956,-74.628430,0,4590
255,20,19,20,0.031436,-80.648038,1,0.031569,-79.320770,0,5100
255,20,21,22,0.031436,-80.648038,1,0.031466,-80.393149,1,5610
255,20,23,24,0.031436,-80.648038,1,0.031444,-80.722189,1,6120
255,20,25,26,0.031436,-80.648038,1,0.031436,-80.654550,1,6630
255,20,27,28,0.031436,-80.648038,1,0.031437,-80.651330,1,7140
255,20,31,32,0.031436,-80.648038,1,0.031436,-80.647780,1,8160
255,40,15,16,0.042926,-83.851467,1,0.047175,-66.245163,0,4080
255,40,17,18,0.042926,-83.851467,1,0.043893,-75.886734,0,4590
255,40,19,20,0.042926,-83.851467,1,0.043016,-81.805642,1,5100
255,40,21,22,0.042926,-83.851467,1,0.042925,-83.604545,1,5610
255,40,23,24,0.042926,-83.851467,1,0.042931,-83.715534,1,6120
255,40,25,26,0.042926,-83.851467,1,0.042926,-83.825439,1,6630
255,40,27,28,0.042926,-83.851467,1,0.042926,-83.846828,1,7140
255,40,31,32,0.042926,-83.851467,1,0.042926,-83.851378,1,8160
255,80,15,16,0.055824,-87.770080,1,0.059329,-66.780122,0,4080
255,80,17,18,0.055824,-87.770080,1,0.057128,-76.616240,0,4590
255,80,19,20,0.055824,-87.770080,1,0.056087,-83.484687,1,5100
255,80,21,22,0.055824,-87.770080,1,0.055846,-87.071531,1,5610
255,80,23,24,0.055824,-87.770080,1,0.055820,-87.648922,1,6120
255,80,25,26,0.055824,-87.770080,1,0.055823,-87.815771,1,6630
255,80,27,28,0.055824,-87.770080,1,0.055824,-87.765943,1,7140
255,80,31,32,0.055824,-87.770080,1,0.055824,-87.770023,1,8160
255,160,15,16,0.078277,-90.950906,1,0.082138,-69.233380,0,4080
255,160,17,18,0.078277,-90.950906,1,0.079147,-76.869243,0,4590
255,160,19,20,0.078277,-90.950906,1,0.078322,-85.765578,1,5100
255,160,21,22,0.078277,-90.950906,1,0.078268,-89.597645,1,5610
255,160,23,24,0.078277,-90.950906,1,0.078278,-90.636319,1,6120
255,160,25,26,0.078277,-90.950906,1,0.078279,-90.929480,1,6630
255,160,27,28,0.078277,-90.950906,1,0.078277,-90.949029,1,7140
255,160,31,32,0.078277,-90.950906,1,0.078277,-90.951089,1,8160
256,1,15,16,0.006827,-68.219805,0,0.010849,-63.139515,0,4096
256,1,17,18,0.006827,-68.219805,0,0.007460,-66.836627,0,4608
256,1,19,20,0.006827,-68.219805,0,0.006924,-67.790893,0,5120
256,1,21,22,0.006827,-68.219805,0,0.006861,-68.138975,0,5632
256,1,23,24,0.006827,-68.219805,0,0.006828,-68.215989,0,6144
256,1,25,26,0.006827,-68.219805,0,0.006828,-68.221207,0,6656
256,1,27,28,0.006827,-68.219805,0,0.006827,-68.219088,0,7168
256,1,31,32,0.006827,-68.219805,0,0.006827,-68.219764,0,8192
256,2,15,16,0.010080,-70.788248,0,0.012858,-63.187480,0,4096
256,2,17,18,0.010080,-70.788248,0,0.011127,-68.508952,0,4608
256,2,19,20,0.010080,-70.788248,0,0.010226,-70.240848,0,5120
256,2,21,22,0.010080,-70.788248,0,0.010094,-70.607444,0,5632
256,2,23,24,0.010080,-70.788248,0,0.010079,-70.772017,0,6144
256,2,25,26,0.010080,-70.788248,0,0.010080,-70.787052,0,6656
256,2,27,28,0.010080,-70.788248,0,0.010080,-70.788099,0,7168
256,2,31,32,0.010080,-70.788248,0,0.010080,-70.788173,0,8192
256,5,15,16,0.015468,-74.954991,0,0.019289,-65.988416,0,4096
256,5,17,18,0.015468,-74.954991,0,0.016162,-72.147307,0,4608
256,5,19,20,0.015468,-74.954991,0,0.015774,-74.042961,0,5120
256,5,21,22,0.015468,-74.954991,0,0.015511,-74.699214,0,5632
256,5,23,24,0.015468,-74.954991,0,0.015476,-74.927360,0,6144
256,5,25,26,0.015468,-74.954991,0,0.015466,-74.947151,0,6656
256,5,27,28,0.015468,-74.954991,0,0.015468,-74.955981,0,7168
256,5,31,32,0.015468,-74.954991,0,0.015468,-74.954894,0,8192
256,10,15,16,0.020485,-78.379920,0,0.022994,-66.374352,0,4096
256,10,17,18,0.020485,-78.379920,0,0.021163,-73.768069,0,4608
256,10,19,20,0.020485,-78.379920,0,0.020658,-77.122697,0,5120
256,10,21,22,0.020485,-78.379920,0,0.020469,-78.228824,0,5632
256,10,23,24,0.020485,-78.379920,0,0.020485,-78.414957,0,6144
256,10,25,26,0.020485,-78.379920,0,0.020488,-78.381502,0,6656
256,10,27,28,0.020485,-78.379920,0,0.020485,-78.380428,0,7168
256,10,31,32,0.020485,-78.379920,0,0.020485,-78.379852,0,8192
256,20,15,16,0.030186,-80.951073,1,0.033325,-66.259431,0,4096
256,20,17,18,0.030186,-80.951073,1,0.031177,-75.854557,0,4608
256,20,19,20,0.030186,-80.951073,1,0.030295,-79.692196,0,5120
256,20,21,22,0.030186,-80.951073,1,0.030207,-80.681080,1,5632
256,20,23,24,0.030186,-80.951073,1,0.030195,-81.050716,1,6144
256,20,25,26,0.030186,-80.951073,1,0.030186,-80.957233,1,6656
256,20,27,28,0.030186,-80.951073,1,0.030186,-80.948758,1,7168
256,20,31,32,0.030186,-80.951073,1,0.030186,-80.951314,1,8192
256,40,15,16,0.042242,-84.005577,1,0.048519,-69.234673,0,4096
256,40,17,18,0.042242,-84.005577,1,0.042791,-76.529894,0,4608
256,40,19,20,0.042242,-84.005577,1,0.042410,-81.430755,1,5120
256,40,21,22,0.042242,-84.005577,1,0.042221,-83.730880,1,5632
256,40,23,24,0.042242,-84.005577,1,0.042249,-83.880042,1,6144
256,40,25,26,0.042242,-84.005577,1,0.042240,-84.010120,1,6656
256,40,27,28,0.042242,-84.005577,1,0.042241,-84.012265,1,7168
256,40,31,32,0.042242,-84.005577,1,0.042242,-84.005459,1,8192
256,80,15,16,0.055818,-87.771150,1,0.060161,-69.427242,0,4096
256,80,17,18,0.055818,-87.771150,1,0.056594,-78.181052,0,4608
256,80,19,20,0.055818,-87.771150,1,0.056047,-83.620701,1,5120
256,80,21,22,0.055818,-87.771150,1,0.055810,-86.946956,1,5632
256,80,23,24,0.055818,-87.771150,1,0.055825,-87.687779,1,6144
256,80,25,26,0.055818,-87.771150,1,0.055819,-87.726020,1,6656
256,80,27,28,0.055818,-87.771150,1,0.055819,-87.778526,1,7168
256,80,31,32,0.055818,-87.771150,1,0.055818,-87.771672,1,8192
256,160,15,16,0.074622,-91.391162,1,0.077004,-67.172928,0,4096
256,160,17,18,0.074622,-91.391162,1,0.075210,-79.141587,0,4608
256,160,19,20,0.074622,-91.391162,1,0.074669,-86.325404,1,5120
256,160,21,22,0.074622,-91.391162,1,0.074654,-89.925149,1,5632
256,160,23,24,0.074622,-91.391162,1,0.074613,-90.901763,1,6144
256,160,25,26,0.074622,-91.391162,1,0.074620,-91.313742,1,6656
256,160,27,28,0.074622,-91.391162,1,0.074623,-91.384728,1,7168
256,160,31,32,0.074622,-91.391162,1,0.074622,-91.391320,1,8192
257,1,15,16,0.006453,-68.660615,0,0.010281,-63.006470,0,4112
257,1,17,18,0.006453,-68.660615,0,0.007236,-66.971194,0,4626
257,1,19,20,0.006453,-68.660615,0,0.006628,-68.214849,0,5140
257,1,21,22,0.006453,-68.660615,0,0.006486,-68.522735,0,5654
257,1,23,24,0.006453,-68.660615,0,0.006455,-68.636201,0,6168
257,1,25,26,0.006453,-68.660615,0,0.006453,-68.654935,0,6682
257,1,27,28,0.006453,-68.660615,0,0.006453,-68.660554,0,7196
257,1,31,32,0.006453,-68.660615,0,0.006453,-68.660585,0,8224
257,2,15,16,0.009739,-71.135188,0,0.015146,-62.935508,0,4112
257,2,17,18,0.009739,-71.135188,0,0.010784,-68.770916,0,4626
257,2,19,20,0.009739,-71.135188,0,0.009824,-70.580107,0,5140
257,2,21,22,0.009739,-71.135188,0,0.009762,-70.952073,0,5654
257,2,23,24,0.009739,-71.135188,0,0.009748,-71.099251,0,6168
257,2,25,26,0.009739,-71.135188,0,0.009740,-71.134530,0,6682
257,2,27,28,0.009739,-71.135188,0,0.009739,-71.133995,0,7196
257,2,31,32,0.009739,-71.135188,0,0.009739,-71.135156,0,8224
257,5,15,16,0.015324,-75.049922,0,0.020328,-65.204161,0,4112
257,5,17,18,0.015324,-75.049922,0,0.015960,-70.900289,0,4626
257,5,19,20,0.015324,-75.049922,0,0.015487,-73.972544,0,5140
257,5,21,22,0.015324,-75.049922,0,0.015371,-74.856975,0,5654
257,5,23,24,0.015324,-75.049922,0,0.015335,-75.015970,0,6168
257,5,25,26,0.015324,-75.049922,0,0.015323,-75.045342,0,6682
257,5,27,28,0.015324,-75.049922,0,0.015324,-75.046899,0,7196
257,5,31,32,0.015324,-75.049922,0,0.015324,-75.049915,0,8224
257,10,15,16,0.020357,-78.463985,0,0.026276,-66.825781,0,4112
257,10,17,18,0.020357,-78.463985,0,0.021099,-74.234548,0,4626
257,10,19,20,0.020357,-78.463985,0,0.020652,-76.990488,0,5140
257,10,21,22,0.020357,-78.463985,0,0.020347,-78.289084,0,5654
257,10,23,24,0.020357,-78.463985,0,0.020366,-78.442161,0,6168
257,10,25,26,0.020357,-78.463985,0,0.020357,-78.480376,0,6682
257,10,27,28,0.020357,-78.463985,0,0.020357,-78.462600,0,7196
257,10,31,32,0.020357,-78.463985,0,0.020357,-78.463752,0,8224
257,20,15,16,0.028719,-81.315064,1,0.033876,-67.726928,0,4112
257,20,17,18,0.028719,-81.315064,1,0.029298,-74.651964,0,4626
257,20,19,20,0.028719,-81.315064,1,0.028980,-79.366842,0,5140
257,20,21,22,0.028719,-81.315064,1,0.028733,-80.978847,1,5654
257,20,23,24,0.028719,-81.315064,1,0.028720,-81.229310,1,6168
257,20,25,26,0.028719,-81.315064,1,0.028721,-81.331790,1,6682
257,20,27,28,0.028719,-81.315064,1,0.028719,-81.316365,1,7196
257,20,31,32,0.028719,-81.315064,1,0.028719,-81.314880,1,8224
257,40,15,16,0.041326,-84.230098,1,0.044548,-65.805461,0,4112
257,40,17,18,0.041326,-84.230098,1,0.042302,-76.013060,0,4626
257,40,19,20,0.041326,-84.230098,1,0.041430,-81.329095,1,5140
257,40,21,22,0.041326,-84.230098,1,0.041327,-83.585101,1,5654
257,40,23,24,0.041326,-84.230098,1,0.041317,-84.244302,1,6168
257,40,25,26,0.041326,-84.230098,1,0.041324,-84.244888,1,6682
257,40,27,28,0.041326,-84.230098,1,0.041326,-84.229433,1,7196
257,40,31,32,0.041326,-84.230098,1,0.041326,-84.230325,1,8224
257,80,15,16,0.055495,-87.799804,1,0.060570,-67.999656,0,4112
257,80,17,18,0.055495,-87.799804,1,0.056347,-78.576728,0,4626
257,80,19,20,0.055495,-87.799804,1,0.055669,-83.973753,1,5140
257,80,21,22,0.055495,-87.799804,1,0.055515,-86.830739,1,5654
257,80,23,24,0.055495,-87.799804,1,0.055504,-87.570950,1,6168
257,80,25,26,0.055495,-87.799804,1,0.055490,-87.847591,1,6682
257,80,27,28,0.055495,-87.799804,1,0.055495,-87.810566,1,7196
257,80,31,32,0.055495,-87.799804,1,0.055495,-87.798765,1,8224
257,160,15,16,0.071426,-91.778149,1,0.073439,-66.994623,0,4112
257,160,17,18,0.071426,-91.778149,1,0.072349,-76.384900,0,4626
257,160,19,20,0.071426,-91.778149,1,0.071549,-86.314638,1,5140
257,160,21,22,0.071426,-91.778149,1,0.071447,-90.216341,1,5654
257,160,23,24,0.071426,-91.778149,1,0.071416,-91.414041,1,6168
257,160,25,26,0.071426,-91.778149,1,0.071428,-91.715203,1,6682
257,160,27,28,0.071426,-91.778149,1,0.071427,-91.773632,1,7196
257,160,31,32,0.071426,-91.778149,1,0.071426,-91.777539,1,8224
258,1,15,16,0.006397,-68.731799,0,0.011095,-62.256512,0,4128
258,1,17,18,0.006397,-68.731799,0,0.007443,-67.191539,0,4644
258,1,19,20,0.006397,-68.731799,0,0.006732,-68.216764,0,5160
258,1,21,22,0.006397,-68.731799,0,0.006411,-68.638710,0,5676
258,1,23,24,0.006397,-68.731799,0,0.006387,-68.721455,0,6192
258,1,25,26,0.006397,-68.731799,0,0.006398,-68.723361,0,6708
258,1,27,28,0.006397,-68.731799,0,0.006397,-68.732569,0,7224
258,1,31,32,0.006397,-68.731799,0,0.006397,-68.731760,0,8256
258,2,15,16,0.009327,-71.533846,0,0.012565,-63.261548,0,4128
258,2,17,18,0.009327,-71.533846,0,0.010166,-68.514034,0,4644
258,2,19,20,0.009327,-71.533846,0,0.009523,-70.742917,0,5160
258,2,21,22,0.009327,-71.533846,0,0.009327,-71.353689,0,5676
258,2,23,24,0.009327,-71.533846,0,0.009328,-71.503522,0,6192
258,2,25,26,0.009327,-71.533846,0,0.009325,-71.524073,0,6708
258,2,27,28,0.009327,-71.533846,0,0.009327,-71.533995,0,7224
258,2,31,32,0.009327,-71.533846,0,0.009327,-71.533930,0,8256
258,5,15,16,0.015056,-75.197039,0,0.021404,-66.533354,0,4128
258,5,17,18,0.015056,-75.197039,0,0.015929,-69.725074,0,4644
258,5,19,20,0.015056,-75.197039,0,0.015286,-74.231816,0,5160
258,5,21,22,0.015056,-75.197039,0,0.015112,-74.957254,0,5676
258,5,23,24,0.015056,-75.197039,0,0.015056,-75.164634,0,6192
258,5,25,26,0.015056,-75.197039,0,0.015057,-75.207569,0,6708
258,5,27,28,0.015056,-75.197039,0,0.015056,-75.196132,0,7224
258,5,31,32,0.015056,-75.197039,0,0.015056,-75.197001,0,8256
258,10,15,16,0.020340,-78.470162,0,0.025387,-64.543410,0,4128
258,10,17,18,0.020340,-78.470162,0,0.020901,-74.061015,0,4644
258,10,19,20,0.020340,-78.470162,0,0.020473,-77.302271,0,5160
258,10,21,22,0.020340,-78.470162,0,0.020352,-78.311990,0,5676
258,10,23,24,0.020340,-78.470162,0,0.020338,-78.463273,0,6192
258,10,25,26,0.020340,-78.470162,0,0.020340,-78.477481,0,6708
258,10,27,28,0.020340,-78.470162,0,0.020340,-78.470944,0,7224
258,10,31,32,0.020340,-78.470162,0,0.020340,-78.470184,0,8256
258,20,15,16,0.027352,-81.693072,1,0.031577,-69.196693,0,4128
258,20,17,18,0.027352,-81.693072,1,0.028263,-74.094462,0,4644
258,20,19,20,0.027352,-81.693072,1,0.027469,-80.067555,1,5160
258,20,21,22,0.027352,-81.693072,1,0.027330,-81.518296,1,5676
258,20,23,24,0.027352,-81.693072,1,0.027358,-81.669892,1,6192
258,20,25,26,0.027352,-81.693072,1,0.027351,-81.694418,1,6708
258,20,27,28,0.027352,-81.693072,1,0.027351,-81.692458,1,7224
258,20,31,32,0.027352,-81.693072,1,0.027352,-81.693162,1,8256
258,40,15,16,0.039979,-84.548808,1,0.043977,-68.180932,0,4128
258,40,17,18,0.039979,-84.548808,1,0.040276,-77.331312,0,4644
258,40,19,20,0.039979,-84.548808,1,0.040046,-82.151702,1,5160
258,40,21,22,0.039979,-84.548808,1,0.039973,-84.245432,1,5676
258,40,23,24,0.039979,-84.548808,1,0.039986,-84.545531,1,6192
258,40,25,26,0.039979,-84.548808,1,0.039979,-84.532291,1,6708
258,40,27,28,0.039979,-84.548808,1,0.039979,-84.548327,1,7224
258,40,31,32,0.039979,-84.548808,1,0.039979,-84.548592,1,8256
258,80,15,16,0.054876,-87.912568,1,0.058476,-67.062124,0,4128
258,80,17,18,0.054876,-87.912568,1,0.055462,-76.967922,0,4644
258,80,19,20,0.054876,-87.912568,1,0.055008,-83.978269,1,5160
258,80,21,22,0.054876,-87.912568,1,0.054912,-87.112148,1,5676
258,80,23,24,0.054876,-87.912568,1,0.054872,-87.832467,1,6192
258,80,25,26,0.054876,-87.912568,1,0.054874,-87.866136,1,6708
258,80,27,28,0.054876,-87.912568,1,0.054876,-87.912191,1,7224
258,80,31,32,0.054876,-87.912568,1,0.054876,-87.912482,1,8256
258,160,15,16,0.071516,-91.766985,1,0.076156,-67.321675,0,4128
258,160,17,18,0.071516,-91.766985,1,0.072130,-78.687470,0,4644
258,160,19,20,0.071516,-91.766985,1,0.071557,-86.737903,1,5160
258,160,21,22,0.071516,-91.766985,1,0.071517,-90.359001,1,5676
258,160,23,24,0.071516,-91.766985,1,0.071510,-91.431782,1,6192
258,160,25,26,0.071516,-91.766985,1,0.071516,-91.703927,1,6708
258,160,27,28,0.071516,-91.766985,1,0.071516,-91.769121,1,7224
258,160,31,32,0.071516,-91.766985,1,0.071516,-91.765228,1,8256
259,1,15,16,0.006362,-68.715508,0,0.010748,-64.113324,0,4144
259,1,17,18,0.006362,-68.715508,0,0.007268,-66.714440,0,4662
259,1,19,20,0.006362,-68.715508,0,0.006567,-68.209546,0,5180
259,1,21,22,0.006362,-68.715508,0,0.006421,-68.620268,0,5698
259,1,23,24,0.006362,-68.715508,0,0.006369,-68.706282,0,6216
259,1,25,26,0.006362,-68.715508,0,0.006361,-68.716091,0,6734
259,1,27,28,0.006362,-68.715508,0,0.006362,-68.716545,0,7252
259,1,31,32,0.006362,-68.715508,0,0.006362,-68.715519,0,8288
259,2,15,16,0.008790,-71.952964,0,0.013095,-64.576102,0,4144
259,2,17,18,0.008790,-71.952964,0,0.009842,-69.581710,0,4662
259,2,19,20,0.008790,-71.952964,0,0.008955,-71.346649,0,5180
259,2,21,22,0.008790,-71.952964,0,0.008831,-71.781213,0,5698
259,2,23,24,0.008790,-71.952964,0,0.008795,-71.891756,0,6216
259,2,25,26,0.008790,-71.952964,0,0.008790,-71.952223,0,6734
259,2,27,28,0.008790,-71.952964,0,0.008790,-71.952677,0,7252
259,2,31,32,0.008790,-71.952964,0,0.008790,-71.952907,0,8288
259,5,15,16,0.014723,-75.442333,0,0.017733,-65.075756,0,4144
259,5,17,18,0.014723,-75.442333,0,0.015733,-72.011186,0,4662
259,5,19,20,0.014723,-75.442333,0,0.014951,-74.613662,0,5180
259,5,21,22,0.014723,-75.442333,0,0.014688,-75.226811,0,5698
259,5,23,24,0.014723,-75.442333,0,0.014730,-75.424505,0,6216
259,5,25,26,0.014723,-75.442333,0,0.014723,-75.435868,0,6734
259,5,27,28,0.014723,-75.442333,0,0.014723,-75.440207,0,7252
259,5,31,32,0.014723,-75.442333,0,0.014723,-75.442272,0,8288
259,10,15,16,0.020222,-78.542903,0,0.024976,-65.171270,0,4144
259,10,17,18,0.020222,-78.542903,0,0.021079,-73.618766,0,4662
259,10,19,20,0.020222,-78.542903,0,0.020388,-77.087569,0,5180
259,10,21,22,0.020222,-78.542903,0,0.020254,-78.334192,0,5698
259,10,23,24,0.020222,-78.542903,0,0.020223,-78.588245,0,6216
259,10,25,26,0.020222,-78.542903,0,0.020223,-78.540652,0,6734
259,10,27,28,0.020222,-78.542903,0,0.020222,-78.536671,0,7252
259,10,31,32,0.020222,-78.542903,0,0.020222,-78.542899,0,8288
259,20,15,16,0.026431,-81.983834,1,0.032278,-65.940828,0,4144
259,20,17,18,0.026431,-81.983834,1,0.026918,-74.813858,0,4662
259,20,19,20,0.026431,-81.983834,1,0.026560,-79.986786,0,5180
259,20,21,22,0.026431,-81.983834,1,0.026472,-81.671161,1,5698
259,20,23,24,0.026431,-81.983834,1,0.026436,-81.919722,1,6216
259,20,25,26,0.026431,-81.983834,1,0.026434,-81.975582,1,6734
259,20,27,28,0.026431,-81.983834,1,0.026431,-81.986941,1,7252
259,20,31,32,0.026431,-81.983834,1,0.026431,-81.983425,1,8288
259,40,15,16,0.038193,-84.899180,1,0.041520,-67.137176,0,4144
259,40,17,18,0.038193,-84.899180,1,0.039184,-77.427857,0,4662
259,40,19,20,0.038193,-84.899180,1,0.038437,-81.852292,1,5180
259,40,21,22,0.038193,-84.899180,1,0.038208,-84.378443,1,5698
259,40,23,24,0.038193,-84.899180,1,0.038190,-84.918062,1,6216
259,40,25,26,0.038193,-84.899180,1,0.038197,-84.883172,1,6734
259,40,27,28,0.038193,-84.899180,1,0.038193,-84.888587,1,7252
259,40,31,32,0.038193,-84.899180,1,0.038193,-84.899651,1,8288
259,80,15,16,0.053945,-88.092241,1,0.057591,-66.486942,0,4144
259,80,17,18,0.053945,-88.092241,1,0.054578,-78.283892,0,4662
259,80,19,20,0.053945,-88.092241,1,0.054001,-84.259163,1,5180
259,80,21,22,0.053945,-88.092241,1,0.053954,-87.051843,1,5698
259,80,23,24,0.053945,-88.092241,1,0.053943,-87.919746,1,6216
259,80,25,26,0.053945,-88.092241,1,0.053947,-88.106590,1,6734
259,80,27,28,0.053945,-88.092241,1,0.053945,-88.088311,1,7252
259,80,31,32,0.053945,-88.092241,1,0.053945,-88.091833,1,8288
259,160,15,16,0.071331,-91.780960,1,0.073519,-68.059864,0,4144
259,160,17,18,0.071331,-91.780960,1,0.072276,-75.672156,0,4662
259,160,19,20,0.071331,-91.780960,1,0.071420,-85.511351,1,5180
259,160,21,22,0.071331,-91.780960,1,0.071307,-90.034907,1,5698
259,160,23,24,0.071331,-91.780960,1,0.071326,-91.440695,1,6216
259,160,25,26,0.071331,-91.780960,1,0.071329,-91.687963,1,6734
259,160,27,28,0.071331,-91.780960,1,0.071331,-91.770316,1,7252
259,160,31,32,0.071331,-91.780960,1,0.071331,-91.779292,1,8288
260,1,15,16,0.006320,-68.773338,0,0.012161,-62.219957,0,4160
260,1,17,18,0.006320,-68.773338,0,0.007088,-66.467608,0,4680
260,1,19,20,0.006320,-68.773338,0,0.006553,-68.342593,0,5200
260,1,21,22,0.006320,-68.773338,0,0.006380,-68.671201,0,5720
260,1,23,24,0.006320,-68.773338,0,0.006327,-68.755287,0,6240
260,1,25,26,0.006320,-68.773338,0,0.006321,-68.776507,0,6760
260,1,27,28,0.006320,-68.773338,0,0.006320,-68.771830,0,7280
260,1,31,32,0.006320,-68.773338,0,0.006320,-68.773339,0,8320
260,2,15,16,0.008467,-72.258424,0,0.012834,-65.348034,0,4160
260,2,17,18,0.008467,-72.258424,0,0.009942,-69.599294,0,4680
260,2,19,20,0.008467,-72.258424,0,0.008812,-71.581489,0,5200
260,2,21,22,0.008467,-72.258424,0,0.008505,-72.086004,0,5720
260,2,23,24,0.008467,-72.258424,0,0.008468,-72.227467,0,6240
260,2,25,26,0.008467,-72.258424,0,0.008468,-72.253932,0,6760
260,2,27,28,0.008467,-72.258424,0,0.008467,-72.259593,0,7280
260,2,31,32,0.008467,-72.258424,0,0.008467,-72.258369,0,8320
260,5,15,16,0.014232,-75.736015,0,0.019696,-67.138680,0,4160
260,5,17,18,0.014232,-75.736015,0,0.014810,-71.925691,0,4680
260,5,19,20,0.014232,-75.736015,0,0.014261,-74.910520,0,5200
260,5,21,22,0.014232,-75.736015,0,0.014233,-75.570203,0,5720
260,5,23,24,0.014232,-75.736015,0,0.014238,-75.698346,0,6240
260,5,25,26,0.014232,-75.736015,0,0.014230,-75.736842,0,6760
260,5,27,28,0.014232,-75.736015,0,0.014232,-75.731737,0,7280
260,5,31,32,0.014232,-75.736015,0,0.014232,-75.736072,0,8320
260,10,15,16,0.019944,-78.648176,0,0.025144,-67.548872,0,4160
260,10,17,18,0.019944,-78.648176,0,0.020793,-73.621739,0,4680
260,10,19,20,0.019944,-78.648176,0,0.020186,-77.084837,0,5200
260,10,21,22,0.019944,-78.648176,0,0.019925,-78.388516,0,5720
260,10,23,24,0.019944,-78.648176,0,0.019941,-78.649723,0,6240
260,10,25,26,0.019944,-78.648176,0,0.019943,-78.643269,0,6760
260,10,27,28,0.019944,-78.648176,0,0.019944,-78.646904,0,7280
260,10,31,32,0.019944,-78.648176,0,0.019944,-78.648206,0,8320
260,20,15,16,0.026455,-81.977840,1,0.031023,-65.772058,0,4160
260,20,17,18,0.026455,-81.977840,1,0.027454,-75.072920,0,4680
260,20,19,20,0.026455,-81.977840,1,0.026823,-79.994541,0,5200
260,20,21,22,0.026455,-81.977840,1,0.026486,-81.744244,1,5720
260,20,23,24,0.026455,-81.977840,1,0.026456,-82.054831,1,6240
260,20,25,26,0.026455,-81.977840,1,0.026456,-81.998954,1,6760
260,20,27,28,0.026455,-81.977840,1,0.026455,-81.974289,1,7280
260,20,31,32,0.026455,-81.977840,1,0.026455,-81.977674,1,8320
260,40,15,16,0.036395,-85.353694,1,0.040930,-67.171753,0,4160
260,40,17,18,0.036395,-85.353694,1,0.037193,-77.369471,0,4680
260,40,19,20,0.036395,-85.353694,1,0.036505,-81.595712,1,5200
260,40,21,22,0.036395,-85.353694,1,0.036395,-84.746776,1,5720
260,40,23,24,0.036395,-85.353694,1,0.036403,-85.355731,1,6240
260,40,25,26,0.036395,-85.353694,1,0.036398,-85.337352,1,6760
260,40,27,28,0.036395,-85.353694,1,0.036396,-85.347975,1,7280
260,40,31,32,0.036395,-85.353694,1,0.036395,-85.353698,1,8320
260,80,15,16,0.052443,-88.366763,1,0.055178,-67.797870,0,4160
260,80,17,18,0.052443,-88.366763,1,0.052739,-77.710793,0,4680
260,80,19,20,0.052443,-88.366763,1,0.052528,-84.663507,1,5200
260,80,21,22,0.052443,-88.366763,1,0.052474,-87.347057,1,5720
260,80,23,24,0.052443,-88.366763,1,0.052444,-88.231169,1,6240
260,80,25,26,0.052443,-88.366763,1,0.052441,-88.411969,1,6760
260,80,27,28,0.052443,-88.366763,1,0.052443,-88.368778,1,7280
260,80,31,32,0.052443,-88.366763,1,0.052443,-88.366644,1,8320
260,160,15,16,0.070785,-91.852626,1,0.077443,-66.855260,0,4160
260,160,17,18,0.070785,-91.852626,1,0.071932,-77.754423,0,4680
260,160,19,20,0.070785,-91.852626,1,0.070906,-86.812559,1,5200
260,160,21,22,0.070785,-91.852626,1,0.070764,-90.104747,1,5720
260,160,23,24,0.070785,-91.852626,1,0.070786,-91.440789,1,6240
260,160,25,26,0.070785,-91.852626,1,0.070785,-91.757283,1,6760
260,160,27,28,0.070785,-91.852626,1,0.070785,-91.849841,1,7280
260,160,31,32,0.070785,-91.852626,1,0.070785,-91.852185,1,8320
261,1,15,16,0.006233,-68.877847,0,0.010627,-63.910423,0,4176
261,1,17,18,0.006233,-68.877847,0,0.007737,-66.861182,0,4698
261,1,19,20,0.006233,-68.877847,0,0.006387,-68.156911,0,5220
261,1,21,22,0.006233,-68.877847,0,0.006272,-68.779318,0,5742
261,1,23,24,0.006233,-68.877847,0,0.006238,-68.876634,0,6264
261,1,25,26,0.006233,-68.877847,0,0.006234,-68.879028,0,6786
261,1,27,28,0.006233,-68.877847,0,0.006233,-68.878170,0,7308
261,1,31,32,0.006233,-68.877847,0,0.006233,-68.877758,0,8352
261,2,15,16,0.008491,-72.247791,0,0.012490,-64.437174,0,4176
261,2,17,18,0.008491,-72.247791,0,0.009585,-70.169679,0,4698
261,2,19,20,0.008491,-72.247791,0,0.008714,-71.246495,0,5220
261,2,21,22,0.008491,-72.247791,0,0.008518,-71.985231,0,5742
261,2,23,24,0.008491,-72.247791,0,0.008495,-72.205923,0,6264
261,2,25,26,0.008491,-72.247791,0,0.008492,-72.248043,0,6786
261,2,27,28,0.008491,-72.247791,0,0.008491,-72.246302,0,7308
261,2,31,32,0.008491,-72.247791,0,0.008491,-72.247826,0,8352
261,5,15,16,0.013604,-76.102459,0,0.016747,-66.762342,0,4176
261,5,17,18,0.013604,-76.102459,0,0.014396,-71.482562,0,4698
261,5,19,20,0.013604,-76.102459,0,0.013775,-74.907468,0,5220
261,5,21,22,0.013604,-76.102459,0,0.013627,-75.881848,0,5742
261,5,23,24,0.013604,-76.102459,0,0.013606,-76.112434,0,6264
261,5,25,26,0.013604,-76.102459,0,0.013603,-76.108847,0,6786
261,5,27,28,0.013604,-76.102459,0,0.013604,-76.105378,0,7308
261,5,31,32,0.013604,-76.102459,0,0.013604,-76.102314,0,8352
261,10,15,16,0.019570,-78.854482,0,0.023078,-66.209264,0,4176
261,10,17,18,0.019570,-78.854482,0,0.020608,-74.627115,0,4698
261,10,19,20,0.019570,-78.854482,0,0.019712,-77.592276,0,5220
261,10,21,22,0.019570,-78.854482,0,0.019603,-78.523531,0,5742
261,10,23,24,0.019570,-78.854482,0,0.019578,-78.885795,0,6264
261,10,25,26,0.019570,-78.854482,0,0.019570,-78.860608,0,6786
261,10,27,28,0.019570,-78.854482,0,0.019568,-78.855063,0,7308
261,10,31,32,0.019570,-78.854482,0,0.019570,-78.854229,0,8352
261,20,15,16,0.026358,-82.042181,1,0.031592,-65.736707,0,4176
261,20,17,18,0.026358,-82.042181,1,0.027177,-74.774393,0,4698
261,20,19,20,0.026358,-82.042181,1,0.026534,-79.908086,0,5220
261,20,21,22,0.026358,-82.042181,1,0.026382,-81.824875,1,5742
261,20,23,24,0.026358,-82.042181,1,0.026359,-82.105424,1,6264
261,20,25,26,0.026358,-82.042181,1,0.026357,-82.024966,1,6786
261,20,27,28,0.026358,-82.042181,1,0.026358,-82.039053,1,7308
261,20,31,32,0.026358,-82.042181,1,0.026358,-82.042306,1,8352
261,40,15,16,0.034605,-85.809495,1,0.039007,-66.632217,0,4176
261,40,17,18,0.034605,-85.809495,1,0.035354,-76.969505,0,4698
261,40,19,20,0.034605,-85.809495,1,0.034766,-81.943777,1,5220
261,40,21,22,0.034605,-85.809495,1,0.034623,-85.294853,1,5742
261,40,23,24,0.034605,-85.809495,1,0.034605,-85.833167,1,6264
261,40,25,26,0.034605,-85.809495,1,0.034604,-85.788256,1,6786
261,40,27,28,0.034605,-85.809495,1,0.034605,-85.805226,1,7308
261,40,31,32,0.034605,-85.809495,1,0.034605,-85.809484,1,8352
261,80,15,16,0.050356,-88.685844,1,0.056036,-66.105587,0,4176
261,80,17,18,0.050356,-88.685844,1,0.051466,-78.651372,0,4698
261,80,19,20,0.050356,-88.685844,1,0.050356,-85.139090,1,5220
261,80,21,22,0.050356,-88.685844,1,0.050372,-87.407613,1,5742
261,80,23,24,0.050356,-88.685844,1,0.050351,-88.529953,1,6264
261,80,25,26,0.050356,-88.685844,1,0.050357,-88.684942,1,6786
261,80,27,28,0.050356,-88.685844,1,0.050356,-88.686803,1,7308
261,80,31,32,0.050356,-88.685844,1,0.050356,-88.686516,1,8352
261,160,15,16,0.069718,-91.986736,1,0.074099,-68.782707,0,4176
261,160,17,18,0.069718,-91.986736,1,0.070971,-79.050936,0,4698
261,160,19,20,0.069718,-91.986736,1,0.069782,-87.120907,1,5220
261,160,21,22,0.069718,-91.986736,1,0.069706,-90.366253,1,5742
261,160,23,24,0.069718,-91.986736,1,0.069704,-91.655727,1,6264
261,160,25,26,0.069718,-91.986736,1,0.069718,-91.878186,1,6786
261,160,27,28,0.069718,-91.986736,1,0.069718,-91.967453,1,7308
261,160,31,32,0.069718,-91.986736,1,0.069718,-91.984877,1,8352
262,1,15,16,0.006102,-69.085994,0,0.009537,-61.991623,0,4192
262,1,17,18,0.006102,-69.085994,0,0.007327,-67.561206,0,4716
262,1,19,20,0.006102,-69.085994,0,0.006316,-68.651712,0,5240
262,1,21,22,0.006102,-69.085994,0,0.006175,-68.994029,0,5764
262,1,23,24,0.006102,-69.085994,0,0.006107,-69.076160,0,6288
262,1,25,26,0.006102,-69.085994,0,0.006102,-69.083898,0,6812
262,1,27,28,0.006102,-69.085994,0,0.006102,-69.086655,0,7336
262,1,31,32,0.006102,-69.085994,0,0.006102,-69.085944,0,8384
262,2,15,16,0.008465,-72.276154,0,0.012843,-65.223686,0,4192
262,2,17,18,0.008465,-72.276154,0,0.010024,-69.475001,0,4716
262,2,19,20,0.008465,-72.276154,0,0.008642,-71.588103,0,5240
262,2,21,22,0.008465,-72.276154,0,0.008496,-72.052970,0,5764
262,2,23,24,0.008465,-72.276154,0,0.008470,-72.233723,0,6288
262,2,25,26,0.008465,-72.276154,0,0.008468,-72.264441,0,6812
262,2,27,28,0.008465,-72.276154,0,0.008465,-72.275360,0,7336
262,2,31,32,0.008465,-72.276154,0,0.008465,-72.276108,0,8384
262,5,15,16,0.012899,-76.508386,0,0.019153,-66.189970,0,4192
262,5,17,18,0.012899,-76.508386,0,0.013563,-72.667086,0,4716
262,5,19,20,0.012899,-76.508386,0,0.013126,-75.658001,0,5240
262,5,21,22,0.012899,-76.508386,0,0.012916,-76.301390,0,5764
262,5,23,24,0.012899,-76.508386,0,0.012897,-76.515928,0,6288
262,5,25,26,0.012899,-76.508386,0,0.012900,-76.513913,0,6812
262,5,27,28,0.012899,-76.508386,0,0.012899,-76.510201,0,7336
262,5,31,32,0.012899,-76.508386,0,0.012899,-76.508196,0,8384
262,10,15,16,0.018989,-79.107896,0,0.022484,-65.649596,0,4192
262,10,17,18,0.018989,-79.107896,0,0.019810,-73.515603,0,4716
262,10,19,20,0.018989,-79.107896,0,0.019180,-77.587961,0,5240
262,10,21,22,0.018989,-79.107896,0,0.019015,-78.824446,0,5764
262,10,23,24,0.018989,-79.107896,0,0.018996,-79.143502,0,6288
262,10,25,26,0.018989,-79.107896,0,0.018990,-79.081247,0,6812
262,10,27,28,0.018989,-79.107896,0,0.018989,-79.109750,0,7336
262,10,31,32,0.018989,-79.107896,0,0.018989,-79.107884,0,8384
262,20,15,16,0.026115,-82.113775,1,0.031356,-65.457717,0,4192
262,20,17,18,0.026115,-82.113775,1,0.027119,-77.475705,0,4716
262,20,19,20,0.026115,-82.113775,1,0.026323,-80.547331,1,5240
262,20,21,22,0.026115,-82.113775,1,0.026141,-81.596618,1,5764
262,20,23,24,0.026115,-82.113775,1,0.026122,-82.128682,1,6288
262,20,25,26,0.026115,-82.113775,1,0.026115,-82.090573,1,6812
262,20,27,28,0.026115,-82.113775,1,0.026114,-82.115224,1,7336
262,20,31,32,0.026115,-82.113775,1,0.026115,-82.113715,1,8384
262,40,15,16,0.034331,-85.883565,1,0.037267,-68.827568,0,4192
262,40,17,18,0.034331,-85.883565,1,0.035346,-76.841852,0,4716
262,40,19,20,0.034331,-85.883565,1,0.034519,-83.154478,1,5240
262,40,21,22,0.034331,-85.883565,1,0.034362,-85.053569,1,5764
262,40,23,24,0.034331,-85.883565,1,0.034334,-85.880072,1,6288
262,40,25,26,0.034331,-85.883565,1,0.034329,-85.869128,1,6812
262,40,27,28,0.034331,-85.883565,1,0.034331,-85.881919,1,7336
262,40,31,32,0.034331,-85.883565,1,0.034331,-85.883362,1,8384
262,80,15,16,0.048074,-89.097686,1,0.050063,-68.863497,0,4192
262,80,17,18,0.048074,-89.097686,1,0.049013,-78.339444,0,4716
262,80,19,20,0.048074,-89.097686,1,0.048282,-84.789631,1,5240
262,80,21,22,0.048074,-89.097686,1,0.048109,-88.063067,1,5764
262,80,23,24,0.048074,-89.097686,1,0.048066,-88.912323,1,6288
262,80,25,26,0.048074,-89.097686,1,0.048073,-89.096484,1,6812
262,80,27,28,0.048074,-89.097686,1,0.048075,-89.098502,1,7336
262,80,31,32,0.048074,-89.097686,1,0.048074,-89.097499,1,8384
262,160,15,16,0.068101,-92.203635,1,0.072955,-67.407461,0,4192
262,160,17,18,0.068101,-92.203635,1,0.069026,-78.865911,0,4716
262,160,19,20,0.068101,-92.203635,1,0.068120,-86.849653,1,5240
262,160,21,22,0.068101,-92.203635,1,0.068130,-90.531916,1,5764
262,160,23,24,0.068101,-92.203635,1,0.068106,-91.780077,1,6288
262,160,25,26,0.068101,-92.203635,1,0.068097,-92.114169,1,6812
262,160,27,28,0.068101,-92.203635,1,0.068101,-92.205156,1,7336
262,160,31,32,0.068101,-92.203635,1,0.068101,-92.202759,1,8384
263,1,15,16,0.005930,-69.369459,0,0.010722,-63.075914,0,4208
263,1,17,18,0.005930,-69.369459,0,0.006734,-67.720630,0,4734
263,1,19,20,0.005930,-69.369459,0,0.006179,-68.855191,0,5260
263,1,21,22,0.005930,-69.369459,0,0.005927,-69.274577,0,5786
263,1,23,24,0.005930,-69.369459,0,0.005925,-69.350373,0,6312
263,1,25,26,0.005930,-69.369459,0,0.005930,-69.363932,0,6838
263,1,27,28,0.005930,-69.369459,0,0.005929,-69.368721,0,7364
263,1,31,32,0.005930,-69.369459,0,0.005930,-69.369451,0,8416
263,2,15,16,0.008396,-72.354251,0,0.012104,-64.796253,0,4208
263,2,17,18,0.008396,-72.354251,0,0.009736,-69.649730,0,4734
263,2,19,20,0.008396,-72.354251,0,0.008599,-71.738819,0,5260
263,2,21,22,0.008396,-72.354251,0,0.008424,-72.115185,0,5786
263,2,23,24,0.008396,-72.354251,0,0.008397,-72.333920,0,6312
263,2,25,26,0.008396,-72.354251,0,0.008394,-72.347258,0,6838
263,2,27,28,0.008396,-72.354251,0,0.008396,-72.355351,0,7364
263,2,31,32,0.008396,-72.354251,0,0.008396,-72.354194,0,8416
263,5,15,16,0.012243,-76.927670,0,0.017680,-65.915123,0,4208
263,5,17,18,0.012243,-76.927670,0,0.013536,-72.760367,0,4734
263,5,19,20,0.012243,-76.927670,0,0.012494,-75.707516,0,5260
263,5,21,22,0.012243,-76.927670,0,0.012303,-76.631550,0,5786
263,5,23,24,0.012243,-76.927670,0,0.012243,-76.927857,0,6312
263,5,25,26,0.012243,-76.927670,0,0.012243,-76.924070,0,6838
263,5,27,28,0.012243,-76.927670,0,0.012243,-76.929875,0,7364
263,5,31,32,0.012243,-76.927670,0,0.012243,-76.927673,0,8416
263,10,15,16,0.018182,-79.438897,0,0.020541,-65.531878,0,4208
263,10,17,18,0.018182,-79.438897,0,0.018804,-73.978561,0,4734
263,10,19,20,0.018182,-79.438897,0,0.018355,-78.223245,0,5260
263,10,21,22,0.018182,-79.438897,0,0.018224,-79.269288,0,5786
263,10,23,24,0.018182,-79.438897,0,0.018187,-79.424995,0,6312
263,10,25,26,0.018182,-79.438897,0,0.018182,-79.432836,0,6838
263,10,27,28,0.018182,-79.438897,0,0.018181,-79.448465,0,7364
263,10,31,32,0.018182,-79.438897,0,0.018182,-79.438680,0,8416
263,20,15,16,0.025739,-82.294951,1,0.029394,-65.587443,0,4208
263,20,17,18,0.025739,-82.294951,1,0.026420,-75.550576,0,4734
263,20,19,20,0.025739,-82.294951,1,0.025842,-80.238535,1,5260
263,20,21,22,0.025739,-82.294951,1,0.025749,-81.950985,1,5786
263,20,23,24,0.025739,-82.294951,1,0.025744,-82.232923,1,6312
263,20,25,26,0.025739,-82.294951,1,0.025738,-82.278523,1,6838
263,20,27,28,0.025739,-82.294951,1,0.025739,-82.294351,1,7364
263,20,31,32,0.025739,-82.294951,1,0.025739,-82.295052,1,8416
263,40,15,16,0.034289,-85.868353,1,0.037648,-67.911971,0,4208
263,40,17,18,0.034289,-85.868353,1,0.035021,-77.411583,0,4734
263,40,19,20,0.034289,-85.868353,1,0.034522,-83.231860,1,5260
263,40,21,22,0.034289,-85.868353,1,0.034343,-85.254291,1,5786
263,40,23,24,0.034289,-85.868353,1,0.034286,-85.927399,1,6312
263,40,25,26,0.034289,-85.868353,1,0.034287,-85.853993,1,6838
263,40,27,28,0.034289,-85.868353,1,0.034290,-85.870157,1,7364
263,40,31,32,0.034289,-85.868353,1,0.034289,-85.868460,1,8416
263,80,15,16,0.045736,-89.534197,1,0.049773,-66.214481,0,4208
263,80,17,18,0.045736,-89.534197,1,0.046677,-78.390614,0,4734
263,80,19,20,0.045736,-89.534197,1,0.045877,-84.821399,1,5260
263,80,21,22,0.045736,-89.534197,1,0.045743,-88.335082,1,5786
263,80,23,24,0.045736,-89.534197,1,0.045744,-89.218313,1,6312
263,80,25,26,0.045736,-89.534197,1,0.045737,-89.540085,1,6838
263,80,27,28,0.045736,-89.534197,1,0.045736,-89.530031,1,7364
263,80,31,32,0.045736,-89.534197,1,0.045736,-89.535347,1,8416
263,160,15,16,0.065858,-92.488195,1,0.072481,-66.639896,0,4208
263,160,17,18,0.065858,-92.488195,1,0.067066,-78.045025,0,4734
263,160,19,20,0.065858,-92.488195,1,0.065923,-85.909284,1,5260
263,160,21,22,0.065858,-92.488195,1,0.065861,-90.695346,1,5786
263,160,23,24,0.065858,-92.488195,1,0.065859,-92.074826,1,6312
263,160,25,26,0.065858,-92.488195,1,0.065859,-92.433854,1,6838
263,160,27,28,0.065858,-92.488195,1,0.065857,-92.488257,1,7364
263,160,31,32,0.065858,-92.488195,1,0.065858,-92.488424,1,8416
264,1,15,16,0.005703,-69.699388,0,0.008092,-61.745734,0,4224
264,1,17,18,0.005703,-69.699388,0,0.006978,-67.214299,0,4752
264,1,19,20,0.005703,-69.699388,0,0.006009,-69.226620,0,5280
264,1,21,22,0.005703,-69.699388,0,0.005712,-69.563170,0,5808
264,1,23,24,0.005703,-69.699388,0,0.005711,-69.687380,0,6336
264,1,25,26,0.005703,-69.699388,0,0.005705,-69.694412,0,6864
264,1,27,28,0.005703,-69.699388,0,0.005702,-69.698271,0,7392
264,1,31,32,0.005703,-69.699388,0,0.005703,-69.699452,0,8448
264,2,15,16,0.008238,-72.511578,0,0.012853,-65.003706,0,4224
264,2,17,18,0.008238,-72.511578,0,0.009261,-69.780888,0,4752
264,2,19,20,0.008238,-72.511578,0,0.008506,-71.783480,0,5280
264,2,21,22,0.008238,-72.511578,0,0.008280,-72.266226,0,5808
264,2,23,24,0.008238,-72.511578,0,0.008239,-72.491706,0,6336
264,2,25,26,0.008238,-72.511578,0,0.008240,-72.511497,0,6864
264,2,27,28,0.008238,-72.511578,0,0.008238,-72.512734,0,7392
264,2,31,32,0.008238,-72.511578,0,0.008238,-72.511635,0,8448
264,5,15,16,0.012265,-76.915937,0,0.017576,-68.157608,0,4224
264,5,17,18,0.012265,-76.915937,0,0.013325,-72.944239,0,4752
264,5,19,20,0.012265,-76.915937,0,0.012656,-75.941023,0,5280
264,5,21,22,0.012265,-76.915937,0,0.012326,-76.710156,0,5808
264,5,23,24,0.012265,-76.915937,0,0.012263,-76.871262,0,6336
264,5,25,26,0.012265,-76.915937,0,0.012263,-76.927430,0,6864
264,5,27,28,0.012265,-76.915937,0,0.012265,-76.916254,0,7392
264,5,31,32,0.012265,-76.915937,0,0.012265,-76.916187,0,8448
264,10,15,16,0.017325,-79.808099,0,0.020761,-67.499816,0,4224
264,10,17,18,0.017325,-79.808099,0,0.018445,-74.718431,0,4752
264,10,19,20,0.017325,-79.808099,0,0.017574,-78.323141,0,5280
264,10,21,22,0.017325,-79.808099,0,0.017341,-79.687739,0,5808
264,10,23,24,0.017325,-79.808099,0,0.017326,-79.773222,0,6336
264,10,25,26,0.017325,-79.808099,0,0.017325,-79.814898,0,6864
264,10,27,28,0.017325,-79.808099,0,0.017324,-79.805257,0,7392
264,10,31,32,0.017325,-79.808099,0,0.017325,-79.808030,0,8448
264,20,15,16,0.025113,-82.502798,1,0.029868,-64.336473,0,4224
264,20,17,18,0.025113,-82.502798,1,0.025687,-75.188806,0,4752
264,20,19,20,0.025113,-82.502798,1,0.025250,-80.596583,1,5280
264,20,21,22,0.025113,-82.502798,1,0.025066,-82.270280,1,5808
264,20,23,24,0.025113,-82.502798,1,0.025111,-82.590683,1,6336
264,20,25,26,0.025113,-82.502798,1,0.025113,-82.483313,1,6864
264,20,27,28,0.025113,-82.502798,1,0.025113,-82.504994,1,7392
264,20,31,32,0.025113,-82.502798,1,0.025113,-82.502934,1,8448
264,40,15,16,0.034078,-85.926278,1,0.035834,-66.964381,0,4224
264,40,17,18,0.034078,-85.926278,1,0.035009,-75.484453,0,4752
264,40,19,20,0.034078,-85.926278,1,0.034366,-83.048950,1,5280
264,40,21,22,0.034078,-85.926278,1,0.034126,-85.481046,1,5808
264,40,23,24,0.034078,-85.926278,1,0.034074,-85.956421,1,6336
264,40,25,26,0.034078,-85.926278,1,0.034080,-85.941229,1,6864
264,40,27,28,0.034078,-85.926278,1,0.034079,-85.923995,1,7392
264,40,31,32,0.034078,-85.926278,1,0.034078,-85.925844,1,8448
264,80,15,16,0.044186,-89.830098,1,0.048197,-67.372626,0,4224
264,80,17,18,0.044186,-89.830098,1,0.044886,-79.353957,0,4752
264,80,19,20,0.044186,-89.830098,1,0.044324,-84.201163,1,5280
264,80,21,22,0.044186,-89.830098,1,0.044198,-88.795790,1,5808
264,80,23,24,0.044186,-89.830098,1,0.044184,-89.552508,1,6336
264,80,25,26,0.044186,-89.830098,1,0.044186,-89.821070,1,6864
264,80,27,28,0.044186,-89.830098,1,0.044186,-89.829360,1,7392
264,80,31,32,0.044186,-89.830098,1,0.044186,-89.829967,1,8448
264,160,15,16,0.063162,-92.852905,1,0.066892,-65.177246,0,4224
264,160,17,18,0.063162,-92.852905,1,0.064172,-79.264924,0,4752
264,160,19,20,0.063162,-92.852905,1,0.063213,-86.555538,1,5280
264,160,21,22,0.063162,-92.852905,1,0.063181,-90.981382,1,5808
264,160,23,24,0.063162,-92.852905,1,0.063151,-92.441374,1,6336
264,160,25,26,0.063162,-92.852905,1,0.063163,-92.754274,1,6864
264,160,27,28,0.063162,-92.852905,1,0.063161,-92.853508,1,7392
264,160,31,32,0.063162,-92.852905,1,0.063162,-92.853064,1,8448
265,1,15,16,0.005482,-70.122652,0,0.007364,-64.170742,0,4240
265,1,17,18,0.005482,-70.122652,0,0.006436,-67.490096,0,4770
265,1,19,20,0.005482,-70.122652,0,0.005799,-69.350540,0,5300
265,1,21,22,0.005482,-70.122652,0,0.005477,-69.961130,0,5830
265,1,23,24,0.005482,-70.122652,0,0.005484,-70.119159,0,6360
265,1,25,26,0.005482,-70.122652,0,0.005481,-70.123759,0,6890
265,1,27,28,0.005482,-70.122652,0,0.005482,-70.122690,0,7420
265,1,31,32,0.005482,-70.122652,0,0.005482,-70.122557,0,8480
265,2,15,16,0.008043,-72.752537,0,0.013669,-64.128269,0,4240
265,2,17,18,0.008043,-72.752537,0,0.009339,-70.138432,0,4770
265,2,19,20,0.008043,-72.752537,0,0.008133,-71.962228,0,5300
265,2,21,22,0.008043,-72.752537,0,0.008059,-72.572863,0,5830
265,2,23,24,0.008043,-72.752537,0,0.008040,-72.714291,0,6360
265,2,25,26,0.008043,-72.752537,0,0.008043,-72.749348,0,6890
265,2,27,28,0.008043,-72.752537,0,0.008043,-72.751813,0,7420
265,2,31,32,0.008043,-72.752537,0,0.008043,-72.752566,0,8480
265,5,15,16,0.012245,-76.944137,0,0.017179,-64.435580,0,4240
265,5,17,18,0.012245,-76.944137,0,0.013328,-73.683643,0,4770
265,5,19,20,0.012245,-76.944137,0,0.012450,-75.906106,0,5300
265,5,21,22,0.012245,-76.944137,0,0.012305,-76.680870,0,5830
265,5,23,24,0.012245,-76.944137,0,0.012245,-76.946839,0,6360
265,5,25,26,0.012245,-76.944137,0,0.012248,-76.957702,0,6890
265,5,27,28,0.012245,-76.944137,0,0.012246,-76.944646,0,7420
265,5,31,32,0.012245,-76.944137,0,0.012245,-76.944045,0,8480
265,10,15,16,0.016470,-80.227183,1,0.021052,-66.888501,0,4240
265,10,17,18,0.016470,-80.227183,1,0.017354,-73.285651,0,4770
265,10,19,20,0.016470,-80.227183,1,0.016695,-77.873298,0,5300
265,10,21,22,0.016470,-80.227183,1,0.016520,-79.775042,0,5830
265,10,23,24,0.016470,-80.227183,1,0.016480,-80.283867,1,6360
265,10,25,26,0.016470,-80.227183,1,0.016470,-80.213694,1,6890
265,10,27,28,0.016470,-80.227183,1,0.016470,-80.224248,1,7420
265,10,31,32,0.016470,-80.227183,1,0.016470,-80.226635,1,8480
265,20,15,16,0.024138,-82.801236,1,0.027569,-65.305546,0,4240
265,20,17,18,0.024138,-82.801236,1,0.024810,-76.084301,0,4770
265,20,19,20,0.024138,-82.801236,1,0.024414,-80.220615,1,5300
265,20,21,22,0.024138,-82.801236,1,0.024138,-82.549728,1,5830
265,20,23,24,0.024138,-82.801236,1,0.024140,-82.719259,1,6360
265,20,25,26,0.024138,-82.801236,1,0.024140,-82.777920,1,6890
265,20,27,28,0.024138,-82.801236,1,0.024138,-82.802730,1,7420
265,20,31,32,0.024138,-82.801236,1,0.024138,-82.801190,1,8480
265,40,15,16,0.033749,-86.037874,1,0.035959,-67.803527,0,4240
265,40,17,18,0.033749,-86.037874,1,0.035193,-77.741347,0,4770
265,40,19,20,0.033749,-86.037874,1,0.033861,-83.875019,1,5300
265,40,21,22,0.033749,-86.037874,1,0.033718,-85.248757,1,5830
265,40,23,24,0.033749,-86.037874,1,0.033758,-85.992766,1,6360
265,40,25,26,0.033749,-86.037874,1,0.033749,-86.062486,1,6890
265,40,27,28,0.033749,-86.037874,1,0.033749,-86.027706,1,7420
265,40,31,32,0.033749,-86.037874,1,0.033749,-86.038141,1,8480
265,80,15,16,0.044212,-89.834588,1,0.048649,-65.542474,0,4240
265,80,17,18,0.044212,-89.834588,1,0.045075,-77.026099,0,4770
265,80,19,20,0.044212,-89.834588,1,0.044451,-86.110692,1,5300
265,80,21,22,0.044212,-89.834588,1,0.044256,-88.372157,1,5830
265,80,23,24,0.044212,-89.834588,1,0.044208,-89.553592,1,6360
265,80,25,26,0.044212,-89.834588,1,0.044212,-89.768776,1,6890
265,80,27,28,0.044212,-89.834588,1,0.044212,-89.837569,1,7420
265,80,31,32,0.044212,-89.834588,1,0.044212,-89.834882,1,8480
265,160,15,16,0.060301,-93.261741,1,0.063849,-68.159277,0,4240
265,160,17,18,0.060301,-93.261741,1,0.060546,-76.680994,0,4770
265,160,19,20,0.060301,-93.261741,1,0.060408,-85.805368,1,5300
265,160,21,22,0.060301,-93.261741,1,0.060305,-91.163607,1,5830
265,160,23,24,0.060301,-93.261741,1,0.060296,-92.769125,1,6360
265,160,25,26,0.060301,-93.261741,1,0.060300,-93.181568,1,6890
265,160,27,28,0.060301,-93.261741,1,0.060301,-93.253212,1,7420
265,160,31,32,0.060301,-93.261741,1,0.060301,-93.261092,1,8480
266,1,15,16,0.005210,-70.576028,0,0.009132,-63.747071,0,4256
266,1,17,18,0.005210,-70.576028,0,0.006115,-68.561910,0,4788
266,1,19,20,0.005210,-70.576028,0,0.005356,-69.969212,0,5320
266,1,21,22,0.005210,-70.576028,0,0.005214,-70.392267,0,5852
266,1,23,24,0.005210,-70.576028,0,0.005206,-70.556746,0,6384
266,1,25,26,0.005210,-70.576028,0,0.005210,-70.574562,0,6916
266,1,27,28,0.005210,-70.576028,0,0.005209,-70.574269,0,7448
266,1,31,32,0.005210,-70.576028,0,0.005210,-70.576002,0,8512
266,2,15,16,0.007765,-73.057294,0,0.012327,-65.732506,0,4256
266,2,17,18,0.007765,-73.057294,0,0.009519,-70.116438,0,4788
266,2,19,20,0.007765,-73.057294,0,0.008033,-71.873666,0,5320
266,2,21,22,0.007765,-73.057294,0,0.007760,-72.903279,0,5852
266,2,23,24,0.007765,-73.057294,0,0.007768,-73.040069,0,6384
266,2,25,26,0.007765,-73.057294,0,0.007766,-73.062353,0,6916
266,2,27,28,0.007765,-73.057294,0,0.007764,-73.056526,0,7448
266,2,31,32,0.007765,-73.057294,0,0.007765,-73.057350,0,8512
266,5,15,16,0.012151,-77.002787,0,0.016256,-67.233081,0,4256
266,5,17,18,0.012151,-77.002787,0,0.013450,-71.655609,0,4788
266,5,19,20,0.012151,-77.002787,0,0.012400,-75.920321,0,5320
266,5,21,22,0.012151,-77.002787,0,0.012217,-76.788319,0,5852
266,5,23,24,0.012151,-77.002787,0,0.012155,-76.997939,0,6384
266,5,25,26,0.012151,-77.002787,0,0.012150,-76.997195,0,6916
266,5,27,28,0.012151,-77.002787,0,0.012153,-77.004948,0,7448
266,5,31,32,0.012151,-77.002787,0,0.012151,-77.002978,0,8512
266,10,15,16,0.016048,-80.418481,1,0.021095,-67.177630,0,4256
266,10,17,18,0.016048,-80.418481,1,0.016831,-73.621668,0,4788
266,10,19,20,0.016048,-80.418481,1,0.016314,-78.796548,0,5320
266,10,21,22,0.016048,-80.418481,1,0.016067,-80.229295,1,5852
266,10,23,24,0.016048,-80.418481,1,0.016052,-80.303302,1,6384
266,10,25,26,0.016048,-80.418481,1,0.016047,-80.418895,1,6916
266,10,27,28,0.016048,-80.418481,1,0.016048,-80.414238,1,7448
266,10,31,32,0.016048,-80.418481,1,0.016048,-80.418157,1,8512
266,20,15,16,0.023116,-83.150657,1,0.028321,-68.925885,0,4256
266,20,17,18,0.023116,-83.150657,1,0.023912,-76.076606,0,4788
266,20,19,20,0.023116,-83.150657,1,0.023240,-81.427389,1,5320
266,20,21,22,0.023116,-83.150657,1,0.023119,-82.856162,1,5852
266,20,23,24,0.023116,-83.150657,1,0.023110,-83.263145,1,6384
266,20,25,26,0.023116,-83.150657,1,0.023117,-83.125550,1,6916
266,20,27,28,0.023116,-83.150657,1,0.023116,-83.154721,1,7448
266,20,31,32,0.023116,-83.150657,1,0.023116,-83.150782,1,8512
266,40,15,16,0.033039,-86.252896,1,0.038608,-67.676139,0,4256
266,40,17,18,0.033039,-86.252896,1,0.034510,-78.318209,0,4788
266,40,19,20,0.033039,-86.252896,1,0.033145,-83.450696,1,5320
266,40,21,22,0.033039,-86.252896,1,0.033021,-85.311753,1,5852
266,40,23,24,0.033039,-86.252896,1,0.033034,-86.222388,1,6384
266,40,25,26,0.033039,-86.252896,1,0.033036,-86.274095,1,6916
266,40,27,28,0.033039,-86.252896,1,0.033039,-86.258616,1,7448
266,40,31,32,0.033039,-86.252896,1,0.033039,-86.253067,1,8512
266,80,15,16,0.044090,-89.856209,1,0.048365,-67.059477,0,4256
266,80,17,18,0.044090,-89.856209,1,0.044633,-79.134973,0,4788
266,80,19,20,0.044090,-89.856209,1,0.044370,-85.154093,1,5320
266,80,21,22,0.044090,-89.856209,1,0.044100,-88.731633,1,5852
266,80,23,24,0.044090,-89.856209,1,0.044101,-89.672162,1,6384
266,80,25,26,0.044090,-89.856209,1,0.044089,-89.842437,1,6916
266,80,27,28,0.044090,-89.856209,1,0.044091,-89.858074,1,7448
266,80,31,32,0.044090,-89.856209,1,0.044090,-89.855636,1,8512
266,160,15,16,0.057268,-93.712365,1,0.062194,-67.740626,0,4256
266,160,17,18,0.057268,-93.712365,1,0.058387,-78.030160,0,4788
266,160,19,20,0.057268,-93.712365,1,0.057434,-87.574945,1,5320
266,160,21,22,0.057268,-93.712365,1,0.057315,-91.752353,1,5852
266,160,23,24,0.057268,-93.712365,1,0.057274,-93.090700,1,6384
266,160,25,26,0.057268,-93.712365,1,0.057269,-93.582944,1,6916
266,160,27,28,0.057268,-93.712365,1,0.057268,-93.683924,1,7448
266,160,31,32,0.057268,-93.712365,1,0.057268,-93.711964,1,8512
267,1,15,16,0.005034,-70.774911,0,0.009736,-62.578217,0,4272
267,1,17,18,0.005034,-70.774911,0,0.005926,-68.644655,0,4806
267,1,19,20,0.005034,-70.774911,0,0.005343,-70.061259,0,5340
267,1,21,22,0.005034,-70.774911,0,0.005088,-70.659688,0,5874
267,1,23,24,0.005034,-70.774911,0,0.005034,-70.749728,0,6408
267,1,25,26,0.005034,-70.774911,0,0.005032,-70.768649,0,6942
267,1,27,28,0.005034,-70.774911,0,0.005034,-70.772388,0,7476
267,1,31,32,0.005034,-70.774911,0,0.005034,-70.774905,0,8544
267,2,15,16,0.007449,-73.436471,0,0.012652,-65.656978,0,4272
267,2,17,18,0.007449,-73.436471,0,0.008331,-69.928756,0,4806
267,2,19,20,0.007449,-73.436471,0,0.007686,-72.364022,0,5340
267,2,21,22,0.007449,-73.436471,0,0.007473,-73.275133,0,5874
267,2,23,24,0.007449,-73.436471,0,0.007440,-73.419684,0,6408
267,2,25,26,0.007449,-73.436471,0,0.007449,-73.436543,0,6942
267,2,27,28,0.007449,-73.436471,0,0.007448,-73.436541,0,7476
267,2,31,32,0.007449,-73.436471,0,0.007449,-73.436387,0,8544
267,5,15,16,0.011993,-77.149726,0,0.016216,-66.161951,0,4272
267,5,17,18,0.011993,-77.149726,0,0.012946,-72.608563,0,4806
267,5,19,20,0.011993,-77.149726,0,0.012292,-76.053505,0,5340
267,5,21,22,0.011993,-77.149726,0,0.012002,-76.887840,0,5874
267,5,23,24,0.011993,-77.149726,0,0.011995,-77.131213,0,6408
267,5,25,26,0.011993,-77.149726,0,0.011994,-77.126908,0,6942
267,5,27,28,0.011993,-77.149726,0,0.011993,-77.151073,0,7476
267,5,31,32,0.011993,-77.149726,0,0.011993,-77.149470,0,8544
267,10,15,16,0.016059,-80.440964,1,0.021795,-66.662409,0,4272
267,10,17,18,0.016059,-80.440964,1,0.017558,-74.903374,0,4806
267,10,19,20,0.016059,-80.440964,1,0.016166,-79.269038,0,5340
267,10,21,22,0.016059,-80.440964,1,0.016087,-80.063324,1,5874
267,10,23,24,0.016059,-80.440964,1,0.016069,-80.408331,1,6408
267,10,25,26,0.016059,-80.440964,1,0.016056,-80.450559,1,6942
267,10,27,28,0.016059,-80.440964,1,0.016059,-80.445733,1,7476
267,10,31,32,0.016059,-80.440964,1,0.016059,-80.440926,1,8544
267,20,15,16,0.021994,-83.576829,1,0.026492,-68.443405,0,4272
267,20,17,18,0.021994,-83.576829,1,0.023286,-74.017894,0,4806
267,20,19,20,0.021994,-83.576829,1,0.022412,-81.482894,1,5340
267,20,21,22,0.021994,-83.576829,1,0.022019,-83.055680,1,5874
267,20,23,24,0.021994,-83.576829,1,0.022002,-83.577540,1,6408
267,20,25,26,0.021994,-83.576829,1,0.021996,-83.589607,1,6942
267,20,27,28,0.021994,-83.576829,1,0.021994,-83.575087,1,7476
267,20,31,32,0.021994,-83.576829,1,0.021994,-83.577183,1,8544
267,40,15,16,0.031971,-86.517930,1,0.035857,-66.985972,0,4272
267,40,17,18,0.031971,-86.517930,1,0.032853,-76.619897,0,4806
267,40,19,20,0.031971,-86.517930,1,0.032082,-83.133812,1,5340
267,40,21,22,0.031971,-86.517930,1,0.031999,-85.575736,1,5874
267,40,23,24,0.031971,-86.517930,1,0.031968,-86.502022,1,6408
267,40,25,26,0.031971,-86.517930,1,0.031969,-86.514777,1,6942
267,40,27,28,0.031971,-86.517930,1,0.031971,-86.521099,1,7476
267,40,31,32,0.031971,-86.517930,1,0.031971,-86.517720,1,8544
267,80,15,16,0.043822,-89.947603,1,0.047171,-67.798266,0,4272
267,80,17,18,0.043822,-89.947603,1,0.044674,-78.574186,0,4806
267,80,19,20,0.043822,-89.947603,1,0.043956,-86.093247,1,5340
267,80,21,22,0.043822,-89.947603,1,0.043841,-88.565798,1,5874
267,80,23,24,0.043822,-89.947603,1,0.043817,-89.768783,1,6408
267,80,25,26,0.043822,-89.947603,1,0.043821,-89.880977,1,6942
267,80,27,28,0.043822,-89.947603,1,0.043822,-89.955208,1,7476
267,80,31,32,0.043822,-89.947603,1,0.043822,-89.947286,1,8544
267,160,15,16,0.056760,-93.792778,1,0.060916,-65.646418,0,4272
267,160,17,18,0.056760,-93.792778,1,0.057855,-79.785455,0,4806
267,160,19,20,0.056760,-93.792778,1,0.056919,-87.135093,1,5340
267,160,21,22,0.056760,-93.792778,1,0.056749,-92.066930,1,5874
267,160,23,24,0.056760,-93.792778,1,0.056769,-93.133037,1,6408
267,160,25,26,0.056760,-93.792778,1,0.056763,-93.646781,1,6942
267,160,27,28,0.056760,-93.792778,1,0.056759,-93.763372,1,7476
267,160,31,32,0.056760,-93.792778,1,0.056760,-93.794122,1,8544
268,1,15,16,0.005035,-70.771568,0,0.008514,-63.348700,0,4288
268,1,17,18,0.005035,-70.771568,0,0.006556,-68.093705,0,4824
268,1,19,20,0.005035,-70.771568,0,0.005285,-70.133881,0,5360
268,1,21,22,0.005035,-70.771568,0,0.005074,-70.660519,0,5896
268,1,23,24,0.005035,-70.771568,0,0.005042,-70.755191,0,6432
268,1,25,26,0.005035,-70.771568,0,0.005036,-70.766077,0,6968
268,1,27,28,0.005035,-70.771568,0,0.005036,-70.770919,0,7504
268,1,31,32,0.005035,-70.771568,0,0.005035,-70.771611,0,8576
268,2,15,16,0.007073,-73.819475,0,0.011673,-65.879414,0,4288
268,2,17,18,0.007073,-73.819475,0,0.007876,-70.113341,0,4824
268,2,19,20,0.007073,-73.819475,0,0.007275,-73.022399,0,5360
268,2,21,22,0.007073,-73.819475,0,0.007091,-73.634932,0,5896
268,2,23,24,0.007073,-73.819475,0,0.007075,-73.805519,0,6432
268,2,25,26,0.007073,-73.819475,0,0.007074,-73.819413,0,6968
268,2,27,28,0.007073,-73.819475,0,0.007073,-73.820590,0,7504
268,2,31,32,0.007073,-73.819475,0,0.007073,-73.819519,0,8576
268,5,15,16,0.011713,-77.346028,0,0.014450,-65.449606,0,4288
268,5,17,18,0.011713,-77.346028,0,0.012662,-72.923382,0,4824
268,5,19,20,0.011713,-77.346028,0,0.011909,-76.057355,0,5360
268,5,21,22,0.011713,-77.346028,0,0.011707,-77.041735,0,5896
268,5,23,24,0.011713,-77.346028,0,0.011714,-77.356090,0,6432
268,5,25,26,0.011713,-77.346028,0,0.011714,-77.357507,0,6968
268,5,27,28,0.011713,-77.346028,0,0.011714,-77.345427,0,7504
268,5,31,32,0.011713,-77.346028,0,0.011713,-77.346115,0,8576
268,10,15,16,0.015996,-80.472804,1,0.021706,-66.919411,0,4288
268,10,17,18,0.015996,-80.472804,1,0.016585,-74.249450,0,4824
268,10,19,20,0.015996,-80.472804,1,0.016192,-79.039652,0,5360
268,10,21,22,0.015996,-80.472804,1,0.016040,-80.177421,1,5896
268,10,23,24,0.015996,-80.472804,1,0.016000,-80.491380,1,6432
268,10,25,26,0.015996,-80.472804,1,0.015995,-80.459331,1,6968
268,10,27,28,0.015996,-80.472804,1,0.015996,-80.472969,1,7504
268,10,31,32,0.015996,-80.472804,1,0.015996,-80.472747,1,8576
268,20,15,16,0.020909,-84.066503,1,0.023593,-66.307139,0,4288
268,20,17,18,0.020909,-84.066503,1,0.021868,-77.780670,0,4824
268,20,19,20,0.020909,-84.066503,1,0.021071,-82.096723,1,5360
268,20,21,22,0.020909,-84.066503,1,0.020946,-83.694060,1,5896
268,20,23,24,0.020909,-84.066503,1,0.020907,-84.077784,1,6432
268,20,25,26,0.020909,-84.066503,1,0.020910,-84.048512,1,6968
268,20,27,28,0.020909,-84.066503,1,0.020909,-84.064396,1,7504
268,20,31,32,0.020909,-84.066503,1,0.020909,-84.067069,1,8576
268,40,15,16,0.030723,-86.878578,1,0.034554,-68.740052,0,4288
268,40,17,18,0.030723,-86.878578,1,0.031475,-77.133132,0,4824
268,40,19,20,0.030723,-86.878578,1,0.030876,-83.908566,1,5360
268,40,21,22,0.030723,-86.878578,1,0.030734,-85.888832,1,5896
268,40,23,24,0.030723,-86.878578,1,0.030723,-86.620771,1,6432
268,40,25,26,0.030723,-86.878578,1,0.030724,-86.895944,1,6968
268,40,27,28,0.030723,-86.878578,1,0.030723,-86.871992,1,7504
268,40,31,32,0.030723,-86.878578,1,0.030723,-86.879588,1,8576
268,80,15,16,0.043114,-90.107515,1,0.047260,-68.213052,0,4288
268,80,17,18,0.043114,-90.107515,1,0.044063,-78.608768,0,4824
268,80,19,20,0.043114,-90.107515,1,0.043196,-84.526317,1,5360
268,80,21,22,0.043114,-90.107515,1,0.043123,-88.983158,1,5896
268,80,23,24,0.043114,-90.107515,1,0.043117,-89.719820,1,6432
268,80,25,26,0.043114,-90.107515,1,0.043116,-90.096428,1,6968
268,80,27,28,0.043114,-90.107515,1,0.043114,-90.102964,1,7504
268,80,31,32,0.043114,-90.107515,1,0.043114,-90.107110,1,8576
268,160,15,16,0.056730,-93.798376,1,0.060122,-64.111524,0,4288
268,160,17,18,0.056730,-93.798376,1,0.057303,-77.648186,0,4824
268,160,19,20,0.056730,-93.798376,1,0.057066,-87.782097,1,5360
268,160,21,22,0.056730,-93.798376,1,0.056742,-91.387290,1,5896
268,160,23,24,0.056730,-93.798376,1,0.056735,-93.299174,1,6432
268,160,25,26,0.056730,-93.798376,1,0.056730,-93.688235,1,6968
268,160,27,28,0.056730,-93.798376,1,0.056730,-93.761037,1,7504
268,160,31,32,0.056730,-93.798376,1,0.056730,-93.797930,1,8576
269,1,15,16,0.005012,-70.794155,0,0.007625,-64.105021,0,4304
269,1,17,18,0.005012,-70.794155,0,0.006256,-68.280087,0,4842
269,1,19,20,0.005012,-70.794155,0,0.005371,-70.320186,0,5380
269,1,21,22,0.005012,-70.794155,0,0.005065,-70.640613,0,5918
269,1,23,24,0.005012,-70.794155,0,0.005018,-70.781729,0,6456
269,1,25,26,0.005012,-70.794155,0,0.005015,-70.793499,0,6994
269,1,27,28,0.005012,-70.794155,0,0.005012,-70.794176,0,7532
269,1,31,32,0.005012,-70.794155,0,0.005012,-70.794134,0,8608
269,2,15,16,0.006702,-74.246082,0,0.011423,-65.581103,0,4304
269,2,17,18,0.006702,-74.246082,0,0.007809,-70.530336,0,4842
269,2,19,20,0.006702,-74.246082,0,0.006930,-73.608562,0,5380
269,2,21,22,0.006702,-74.246082,0,0.006751,-74.070177,0,5918
269,2,23,24,0.006702,-74.246082,0,0.006711,-74.263355,0,6456
269,2,25,26,0.006702,-74.246082,0,0.006704,-74.238247,0,6994
269,2,27,28,0.006702,-74.246082,0,0.006702,-74.246928,0,7532
269,2,31,32,0.006702,-74.246082,0,0.006702,-74.246166,0,8608
269,5,15,16,0.011413,-77.648127,0,0.016808,-68.125106,0,4304
269,5,17,18,0.011413,-77.648127,0,0.012723,-72.877007,0,4842
269,5,19,20,0.011413,-77.648127,0,0.011469,-75.716671,0,5380
269,5,21,22,0.011413,-77.648127,0,0.011412,-77.400599,0,5918
269,5,23,24,0.011413,-77.648127,0,0.011420,-77.582255,0,6456
269,5,25,26,0.011413,-77.648127,0,0.011414,-77.677816,0,6994
269,5,27,28,0.011413,-77.648127,0,0.011414,-77.646150,0,7532
269,5,31,32,0.011413,-77.648127,0,0.011413,-77.648431,0,8608
269,10,15,16,0.015851,-80.590868,1,0.024825,-67.302397,0,4304
269,10,17,18,0.015851,-80.590868,1,0.016352,-75.210338,0,4842
269,10,19,20,0.015851,-80.590868,1,0.016094,-78.833356,0,5380
269,10,21,22,0.015851,-80.590868,1,0.015886,-80.283973,1,5918
269,10,23,24,0.015851,-80.590868,1,0.015849,-80.482062,1,6456
269,10,25,26,0.015851,-80.590868,1,0.015850,-80.606606,1,6994
269,10,27,28,0.015851,-80.590868,1,0.015850,-80.587113,1,7532
269,10,31,32,0.015851,-80.590868,1,0.015851,-80.590993,1,8608
269,20,15,16,0.020932,-84.033931,1,0.025992,-69.313276,0,4304
269,20,17,18,0.020932,-84.033931,1,0.021964,-75.798535,0,4842
269,20,19,20,0.020932,-84.033931,1,0.021249,-82.033692,1,5380
269,20,21,22,0.020932,-84.033931,1,0.020927,-83.592336,1,5918
269,20,23,24,0.020932,-84.033931,1,0.020940,-84.062903,1,6456
269,20,25,26,0.020932,-84.033931,1,0.020933,-84.062007,1,6994
269,20,27,28,0.020932,-84.033931,1,0.020932,-84.035462,1,7532
269,20,31,32,0.020932,-84.033931,1,0.020932,-84.033491,1,8608
269,40,15,16,0.029312,-87.277038,1,0.033500,-67.499401,0,4304
269,40,17,18,0.029312,-87.277038,1,0.030497,-76.763018,0,4842
269,40,19,20,0.029312,-87.277038,1,0.029500,-83.787912,1,5380
269,40,21,22,0.029312,-87.277038,1,0.029380,-86.228410,1,5918
269,40,23,24,0.029312,-87.277038,1,0.029318,-87.246677,1,6456
269,40,25,26,0.029312,-87.277038,1,0.029313,-87.353492,1,6994
269,40,27,28,0.029312,-87.277038,1,0.029313,-87.268530,1,7532
269,40,31,32,0.029312,-87.277038,1,0.029312,-87.277666,1,8608
269,80,15,16,0.041946,-90.329863,1,0.045323,-67.292397,0,4304
269,80,17,18,0.041946,-90.329863,1,0.042949,-78.219221,0,4842
269,80,19,20,0.041946,-90.329863,1,0.042053,-85.538851,1,5380
269,80,21,22,0.041946,-90.329863,1,0.042004,-88.547698,1,5918
269,80,23,24,0.041946,-90.329863,1,0.041957,-90.142891,1,6456
269,80,25,26,0.041946,-90.329863,1,0.041947,-90.293761,1,6994
269,80,27,28,0.041946,-90.329863,1,0.041946,-90.338242,1,7532
269,80,31,32,0.041946,-90.329863,1,0.041946,-90.328976,1,8608
269,160,15,16,0.056427,-93.850715,1,0.060942,-69.063715,0,4304
269,160,17,18,0.056427,-93.850715,1,0.057002,-79.148866,0,4842
269,160,19,20,0.056427,-93.850715,1,0.056657,-88.145758,1,5380
269,160,21,22,0.056427,-93.850715,1,0.056441,-92.081787,1,5918
269,160,23,24,0.056427,-93.850715,1,0.056429,-93.418586,1,6456
269,160,25,26,0.056427,-93.850715,1,0.056428,-93.749780,1,6994
269,160,27,28,0.056427,-93.850715,1,0.056428,-93.841258,1,7532
269,160,31,32,0.056427,-93.850715,1,0.056427,-93.852386,1,8608
270,1,15,16,0.004958,-70.888273,0,0.010152,-62.930192,0,4320
270,1,17,18,0.004958,-70.888273,0,0.006057,-68.321717,0,4860
270,1,19,20,0.004958,-70.888273,0,0.005191,-70.239787,0,5400
270,1,21,22,0.004958,-70.888273,0,0.005019,-70.700112,0,5940
270,1,23,24,0.004958,-70.888273,0,0.004960,-70.859893,0,6480
270,1,25,26,0.004958,-70.888273,0,0.004958,-70.887693,0,7020
270,1,27,28,0.004958,-70.888273,0,0.004958,-70.888360,0,7560
270,1,31,32,0.004958,-70.888273,0,0.004958,-70.888220,0,8640
270,2,15,16,0.006713,-74.231576,0,0.011123,-64.867808,0,4320
270,2,17,18,0.006713,-74.231576,0,0.007719,-70.546640,0,4860
270,2,19,20,0.006713,-74.231576,0,0.007030,-73.433312,0,5400
270,2,21,22,0.006713,-74.231576,0,0.006771,-74.071712,0,5940
270,2,23,24,0.006713,-74.231576,0,0.006715,-74.237497,0,6480
270,2,25,26,0.006713,-74.231576,0,0.006713,-74.242288,0,7020
270,2,27,28,0.006713,-74.231576,0,0.006713,-74.229766,0,7560
270,2,31,32,0.006713,-74.231576,0,0.006713,-74.231536,0,8640
270,5,15,16,0.010919,-77.981525,0,0.015031,-68.239820,0,4320
270,5,17,18,0.010919,-77.981525,0,0.011883,-72.755715,0,4860
270,5,19,20,0.010919,-77.981525,0,0.011039,-76.479274,0,5400
270,5,21,22,0.010919,-77.981525,0,0.010925,-77.777785,0,5940
270,5,23,24,0.010919,-77.981525,0,0.010926,-77.951392,0,6480
270,5,25,26,0.010919,-77.981525,0,0.010917,-77.993725,0,7020
270,5,27,28,0.010919,-77.981525,0,0.010919,-77.977944,0,7560
270,5,31,32,0.010919,-77.981525,0,0.010919,-77.981530,0,8640
270,10,15,16,0.015548,-80.743232,1,0.020430,-65.571199,0,4320
270,10,17,18,0.015548,-80.743232,1,0.016614,-74.011197,0,4860
270,10,19,20,0.015548,-80.743232,1,0.015835,-79.484606,0,5400
270,10,21,22,0.015548,-80.743232,1,0.015584,-80.568890,1,5940
270,10,23,24,0.015548,-80.743232,1,0.015550,-80.815589,1,6480
270,10,25,26,0.015548,-80.743232,1,0.015548,-80.729106,1,7020
270,10,27,28,0.015548,-80.743232,1,0.015548,-80.743767,1,7560
270,10,31,32,0.015548,-80.743232,1,0.015548,-80.743225,1,8640
270,20,15,16,0.020905,-84.048584,1,0.023593,-66.307139,0,4320
270,20,17,18,0.020905,-84.048584,1,0.022242,-76.462362,0,4860
270,20,19,20,0.020905,-84.048584,1,0.021072,-82.170599,1,5400
270,20,21,22,0.020905,-84.048584,1,0.020957,-83.909629,1,5940
270,20,23,24,0.020905,-84.048584,1,0.020909,-83.993504,1,6480
270,20,25,26,0.020905,-84.048584,1,0.020908,-84.045670,1,7020
270,20,27,28,0.020905,-84.048584,1,0.020904,-84.042236,1,7560
270,20,31,32,0.020905,-84.048584,1,0.020905,-84.048732,1,8640
270,40,15,16,0.027892,-87.749922,1,0.031953,-67.089937,0,4320
270,40,17,18,0.027892,-87.749922,1,0.028327,-75.191641,0,4860
270,40,19,20,0.027892,-87.749922,1,0.028213,-83.975752,1,5400
270,40,21,22,0.027892,-87.749922,1,0.027854,-86.658833,1,5940
270,40,23,24,0.027892,-87.749922,1,0.027896,-87.542680,1,6480
270,40,25,26,0.027892,-87.749922,1,0.027891,-87.741405,1,7020
270,40,27,28,0.027892,-87.749922,1,0.027891,-87.748127,1,7560
270,40,31,32,0.027892,-87.749922,1,0.027892,-87.749113,1,8640
270,80,15,16,0.040478,-90.614106,1,0.044948,-67.406405,0,4320
270,80,17,18,0.040478,-90.614106,1,0.041517,-79.212330,0,4860
270,80,19,20,0.040478,-90.614106,1,0.040659,-85.842930,1,5400
270,80,21,22,0.040478,-90.614106,1,0.040494,-89.044954,1,5940
270,80,23,24,0.040478,-90.614106,1,0.040472,-90.304082,1,6480
270,80,25,26,0.040478,-90.614106,1,0.040475,-90.604459,1,7020
270,80,27,28,0.040478,-90.614106,1,0.040478,-90.605494,1,7560
270,80,31,32,0.040478,-90.614106,1,0.040478,-90.613093,1,8640
270,160,15,16,0.055737,-93.966689,1,0.058903,-65.465995,0,4320
270,160,17,18,0.055737,-93.966689,1,0.056671,-78.712881,0,4860
270,160,19,20,0.055737,-93.966689,1,0.056005,-87.185701,1,5400
270,160,21,22,0.055737,-93.966689,1,0.055691,-91.910077,1,5940
270,160,23,24,0.055737,-93.966689,1,0.055734,-93.351189,1,6480
270,160,25,26,0.055737,-93.966689,1,0.055736,-93.855028,1,7020
270,160,27,28,0.055737,-93.966689,1,0.055737,-93.953849,1,7560
270,160,31,32,0.055737,-93.966689,1,0.055737,-93.967077,1,8640
271,1,15,16,0.004858,-71.060906,0,0.009577,-61.823605,0,4336
271,1,17,18,0.004858,-71.060906,0,0.005869,-69.123234,0,4878
271,1,19,20,0.004858,-71.060906,0,0.005097,-70.526270,0,5420
271,1,21,22,0.004858,-71.060906,0,0.004896,-70.969762,0,5962
271,1,23,24,0.004858,-71.060906,0,0.004868,-71.040715,0,6504
271,1,25,26,0.004858,-71.060906,0,0.004856,-71.060269,0,7046
271,1,27,28,0.004858,-71.060906,0,0.004859,-71.059303,0,7588
271,1,31,32,0.004858,-71.060906,0,0.004858,-71.060848,0,8672
271,2,15,16,0.006690,-74.265824,0,0.011248,-63.675492,0,4336
271,2,17,18,0.006690,-74.265824,0,0.007759,-70.585569,0,4878
271,2,19,20,0.006690,-74.265824,0,0.006909,-73.473261,0,5420
271,2,21,22,0.006690,-74.265824,0,0.006756,-74.086132,0,5962
271,2,23,24,0.006690,-74.265824,0,0.006688,-74.250495,0,6504
271,2,25,26,0.006690,-74.265824,0,0.006690,-74.261899,0,7046
271,2,27,28,0.006690,-74.265824,0,0.006690,-74.268083,0,7588
271,2,31,32,0.006690,-74.265824,0,0.006690,-74.265782,0,8672
271,5,15,16,0.010334,-78.362147,0,0.016288,-65.830325,0,4336
271,5,17,18,0.010334,-78.362147,0,0.011433,-73.608436,0,4878
271,5,19,20,0.010334,-78.362147,0,0.010685,-76.669989,0,5420
271,5,21,22,0.010334,-78.362147,0,0.010384,-78.014765,0,5962
271,5,23,24,0.010334,-78.362147,0,0.010341,-78.364825,0,6504
271,5,25,26,0.010334,-78.362147,0,0.010337,-78.358523,0,7046
271,5,27,28,0.010334,-78.362147,0,0.010334,-78.366756,0,7588
271,5,31,32,0.010334,-78.362147,0,0.010334,-78.362290,0,8672
271,10,15,16,0.015174,-81.002171,1,0.020327,-64.524549,0,4336
271,10,17,18,0.015174,-81.002171,1,0.015881,-75.152037,0,4878
271,10,19,20,0.015174,-81.002171,1,0.015299,-78.995623,0,5420
271,10,21,22,0.015174,-81.002171,1,0.015252,-80.809386,1,5962
271,10,23,24,0.015174,-81.002171,1,0.015182,-80.983105,1,6504
271,10,25,26,0.015174,-81.002171,1,0.015174,-81.002962,1,7046
271,10,27,28,0.015174,-81.002171,1,0.015175,-81.002194,1,7588
271,10,31,32,0.015174,-81.002171,1,0.015174,-81.001818,1,8672
271,20,15,16,0.020830,-84.102236,1,0.024630,-66.446794,0,4336
271,20,17,18,0.020830,-84.102236,1,0.021942,-76.838989,0,4878
271,20,19,20,0.020830,-84.102236,1,0.020888,-81.593316,1,5420
271,20,21,22,0.020830,-84.102236,1,0.020820,-83.631937,1,5962
271,20,23,24,0.020830,-84.102236,1,0.020826,-83.987333,1,6504
271,20,25,26,0.020830,-84.102236,1,0.020830,-84.088955,1,7046
271,20,27,28,0.020830,-84.102236,1,0.020830,-84.100983,1,7588
271,20,31,32,0.020830,-84.102236,1,0.020830,-84.102693,1,8672
271,40,15,16,0.027179,-87.965718,1,0.030115,-67.419256,0,4336
271,40,17,18,0.027179,-87.965718,1,0.028150,-78.418050,0,4878
271,40,19,20,0.027179,-87.965718,1,0.027300,-83.737051,1,5420
271,40,21,22,0.027179,-87.965718,1,0.027213,-87.266397,1,5962
271,40,23,24,0.027179,-87.965718,1,0.027183,-87.888959,1,6504
271,40,25,26,0.027179,-87.965718,1,0.027178,-87.965787,1,7046
271,40,27,28,0.027179,-87.965718,1,0.027179,-87.970982,1,7588
271,40,31,32,0.027179,-87.965718,1,0.027179,-87.965559,1,8672
271,80,15,16,0.038720,-90.981768,1,0.044041,-65.794702,0,4336
271,80,17,18,0.038720,-90.981768,1,0.039698,-79.429272,0,4878
271,80,19,20,0.038720,-90.981768,1,0.038781,-86.081530,1,5420
271,80,21,22,0.038720,-90.981768,1,0.038727,-89.469024,1,5962
271,80,23,24,0.038720,-90.981768,1,0.038714,-90.624373,1,6504
271,80,25,26,0.038720,-90.981768,1,0.038717,-90.973669,1,7046
271,80,27,28,0.038720,-90.981768,1,0.038720,-90.966311,1,7588
271,80,31,32,0.038720,-90.981768,1,0.038720,-90.982229,1,8672
271,160,15,16,0.054643,-94.156549,1,0.059543,-67.119039,0,4336
271,160,17,18,0.054643,-94.156549,1,0.055514,-79.800919,0,4878
271,160,19,20,0.054643,-94.156549,1,0.054552,-87.424523,1,5420
271,160,21,22,0.054643,-94.156549,1,0.054691,-92.333419,1,5962
271,160,23,24,0.054643,-94.156549,1,0.054643,-93.569059,1,6504
271,160,25,26,0.054643,-94.156549,1,0.054643,-93.966187,1,7046
271,160,27,28,0.054643,-94.156549,1,0.054643,-94.140655,1,7588
271,160,31,32,0.054643,-94.156549,1,0.054643,-94.158455,1,8672
272,1,15,16,0.004721,-71.312365,0,0.009721,-63.676285,0,4352
272,1,17,18,0.004721,-71.312365,0,0.005373,-68.659084,0,4896
272,1,19,20,0.004721,-71.312365,0,0.005015,-70.809123,0,5440
272,1,21,22,0.004721,-71.312365,0,0.004765,-71.192376,0,5984
272,1,23,24,0.004721,-71.312365,0,0.004726,-71.283283,0,6528
272,1,25,26,0.004721,-71.312365,0,0.004719,-71.305673,0,7072
272,1,27,28,0.004721,-71.312365,0,0.004720,-71.313277,0,7616
272,1,31,32,0.004721,-71.312365,0,0.004721,-71.312406,0,8704
272,2,15,16,0.006639,-74.321410,0,0.012260,-65.250127,0,4352
272,2,17,18,0.006639,-74.321410,0,0.007497,-71.558604,0,4896
272,2,19,20,0.006639,-74.321410,0,0.006957,-73.607961,0,5440
272,2,21,22,0.006639,-74.321410,0,0.006692,-74.181092,0,5984
272,2,23,24,0.006639,-74.321410,0,0.006645,-74.300371,0,6528
272,2,25,26,0.006639,-74.321410,0,0.006639,-74.313025,0,7072
272,2,27,28,0.006639,-74.321410,0,0.006639,-74.319523,0,7616
272,2,31,32,0.006639,-74.321410,0,0.006639,-74.321335,0,8704
272,5,15,16,0.009824,-78.772662,0,0.012554,-67.662619,0,4352
272,5,17,18,0.009824,-78.772662,0,0.010477,-72.877243,0,4896
272,5,19,20,0.009824,-78.772662,0,0.009975,-77.281792,0,5440
272,5,21,22,0.009824,-78.772662,0,0.009851,-78.334353,0,5984
272,5,23,24,0.009824,-78.772662,0,0.009834,-78.765555,0,6528
272,5,25,26,0.009824,-78.772662,0,0.009824,-78.775724,0,7072
272,5,27,28,0.009824,-78.772662,0,0.009824,-78.777217,0,7616
272,5,31,32,0.009824,-78.772662,0,0.009824,-78.772915,0,8704
272,10,15,16,0.014585,-81.298033,1,0.018378,-66.114915,0,4352
272,10,17,18,0.014585,-81.298033,1,0.016023,-74.534710,0,4896
272,10,19,20,0.014585,-81.298033,1,0.014697,-79.508711,0,5440
272,10,21,22,0.014585,-81.298033,1,0.014594,-81.011316,1,5984
272,10,23,24,0.014585,-81.298033,1,0.014593,-81.237344,1,6528
272,10,25,26,0.014585,-81.298033,1,0.014587,-81.310398,1,7072
272,10,27,28,0.014585,-81.298033,1,0.014586,-81.291323,1,7616
272,10,31,32,0.014585,-81.298033,1,0.014585,-81.298247,1,8704
272,20,15,16,0.020518,-84.247300,1,0.026272,-65.099362,0,4352
272,20,17,18,0.020518,-84.247300,1,0.021228,-77.188157,0,4896
272,20,19,20,0.020518,-84.247300,1,0.020678,-81.975061,1,5440
272,20,21,22,0.020518,-84.247300,1,0.020496,-83.989346,1,5984
272,20,23,24,0.020518,-84.247300,1,0.020513,-84.319894,1,6528
272,20,25,26,0.020518,-84.247300,1,0.020517,-84.255933,1,7072
272,20,27,28,0.020518,-84.247300,1,0.020518,-84.248738,1,7616
272,20,31,32,0.020518,-84.247300,1,0.020518,-84.246894,1,8704
272,40,15,16,0.027188,-87.962152,1,0.031374,-66.551018,0,4352
272,40,17,18,0.027188,-87.962152,1,0.028134,-76.432677,0,4896
272,40,19,20,0.027188,-87.962152,1,0.027364,-83.299982,1,5440
272,40,21,22,0.027188,-87.962152,1,0.027248,-86.944724,1,5984
272,40,23,24,0.027188,-87.962152,1,0.027189,-87.882358,1,6528
272,40,25,26,0.027188,-87.962152,1,0.027189,-87.934567,1,7072
272,40,27,28,0.027188,-87.962152,1,0.027188,-87.958267,1,7616
272,40,31,32,0.027188,-87.962152,1,0.027188,-87.961979,1,8704
272,80,15,16,0.036936,-91.451856,1,0.039166,-69.601982,0,4352
272,80,17,18,0.036936,-91.451856,1,0.037779,-77.673494,0,4896
272,80,19,20,0.036936,-91.451856,1,0.037098,-85.960141,1,5440
272,80,21,22,0.036936,-91.451856,1,0.036964,-90.106261,1,5984
272,80,23,24,0.036936,-91.451856,1,0.036936,-91.116099,1,6528
272,80,25,26,0.036936,-91.451856,1,0.036937,-91.371701,1,7072
272,80,27,28,0.036936,-91.451856,1,0.036936,-91.454924,1,7616
272,80,31,32,0.036936,-91.451856,1,0.036936,-91.452131,1,8704
272,160,15,16,0.052952,-94.417391,1,0.057544,-66.319541,0,4352
272,160,17,18,0.052952,-94.417391,1,0.054214,-78.803861,0,4896
272,160,19,20,0.052952,-94.417391,1,0.053050,-87.950677,1,5440
272,160,21,22,0.052952,-94.417391,1,0.052953,-92.225897,1,5984
272,160,23,24,0.052952,-94.417391,1,0.052953,-93.706178,1,6528
272,160,25,26,0.052952,-94.417391,1,0.052953,-94.238975,1,7072
272,160,27,28,0.052952,-94.417391,1,0.052952,-94.372402,1,7616
272,160,31,32,0.052952,-94.417391,1,0.052952,-94.417177,1,8704
273,1,15,16,0.004582,-71.654761,0,0.010195,-62.574196,0,4368
273,1,17,18,0.004582,-71.654761,0,0.005448,-68.672146,0,4914
273,1,19,20,0.004582,-71.654761,0,0.004794,-71.057100,0,5460
273,1,21,22,0.004582,-71.654761,0,0.004607,-71.448716,0,6006
273,1,23,24,0.004582,-71.654761,0,0.004588,-71.613439,0,6552
273,1,25,26,0.004582,-71.654761,0,0.004581,-71.647126,0,7098
273,1,27,28,0.004582,-71.654761,0,0.004582,-71.652877,0,7644
273,1,31,32,0.004582,-71.654761,0,0.004582,-71.654646,0,8736
273,2,15,16,0.006540,-74.468429,0,0.010860,-64.630817,0,4368
273,2,17,18,0.006540,-74.468429,0,0.007821,-70.535825,0,4914
273,2,19,20,0.006540,-74.468429,0,0.006854,-73.532083,0,5460
273,2,21,22,0.006540,-74.468429,0,0.006615,-74.260945,0,6006
273,2,23,24,0.006540,-74.468429,0,0.006553,-74.466462,0,6552
273,2,25,26,0.006540,-74.468429,0,0.006538,-74.454639,0,7098
273,2,27,28,0.006540,-74.468429,0,0.006540,-74.469922,0,7644
273,2,31,32,0.006540,-74.468429,0,0.006540,-74.468457,0,8736
273,5,15,16,0.009682,-78.909652,0,0.015804,-66.821938,0,4368
273,5,17,18,0.009682,-78.909652,0,0.010610,-73.792797,0,4914
273,5,19,20,0.009682,-78.909652,0,0.009921,-77.555709,0,5460
273,5,21,22,0.009682,-78.909652,0,0.009720,-78.663350,0,6006
273,5,23,24,0.009682,-78.909652,0,0.009687,-78.903294,0,6552
273,5,25,26,0.009682,-78.909652,0,0.009681,-78.897441,0,7098
273,5,27,28,0.009682,-78.909652,0,0.009682,-78.910007,0,7644
273,5,31,32,0.009682,-78.909652,0,0.009682,-78.909707,0,8736
273,10,15,16,0.013906,-81.659076,1,0.017813,-66.335913,0,4368
273,10,17,18,0.013906,-81.659076,1,0.014487,-75.919114,0,4914
273,10,19,20,0.013906,-81.659076,1,0.014283,-79.881833,0,5460
273,10,21,22,0.013906,-81.659076,1,0.013906,-81.360127,1,6006
273,10,23,24,0.013906,-81.659076,1,0.013904,-81.743322,1,6552
273,10,25,26,0.013906,-81.659076,1,0.013905,-81.664397,1,7098
273,10,27,28,0.013906,-81.659076,1,0.013906,-81.657663,1,7644
273,10,31,32,0.013906,-81.659076,1,0.013906,-81.659218,1,8736
273,20,15,16,0.020068,-84.449387,1,0.024463,-66.844232,0,4368
273,20,17,18,0.020068,-84.449387,1,0.020790,-77.377229,0,4914
273,20,19,20,0.020068,-84.449387,1,0.020182,-81.867438,1,5460
273,20,21,22,0.020068,-84.449387,1,0.020074,-84.141265,1,6006
273,20,23,24,0.020068,-84.449387,1,0.020079,-84.443579,1,6552
273,20,25,26,0.020068,-84.449387,1,0.020069,-84.433345,1,7098
273,20,27,28,0.020068,-84.449387,1,0.020068,-84.451052,1,7644
273,20,31,32,0.020068,-84.449387,1,0.020068,-84.449156,1,8736
273,40,15,16,0.027130,-87.988759,1,0.030115,-67.419256,0,4368
273,40,17,18,0.027130,-87.988759,1,0.027998,-77.512231,0,4914
273,40,19,20,0.027130,-87.988759,1,0.027230,-84.623740,1,5460
273,40,21,22,0.027130,-87.988759,1,0.027170,-87.159594,1,6006
273,40,23,24,0.027130,-87.988759,1,0.027132,-87.974171,1,6552
273,40,25,26,0.027130,-87.988759,1,0.027129,-87.929873,1,7098
273,40,27,28,0.027130,-87.988759,1,0.027130,-87.996714,1,7644
273,40,31,32,0.027130,-87.988759,1,0.027130,-87.989251,1,8736
273,80,15,16,0.035071,-91.907872,1,0.040526,-66.168357,0,4368
273,80,17,18,0.035071,-91.907872,1,0.036285,-77.973078,0,4914
273,80,19,20,0.035071,-91.907872,1,0.035361,-85.232534,1,5460
273,80,21,22,0.035071,-91.907872,1,0.035109,-89.740442,1,6006
273,80,23,24,0.035071,-91.907872,1,0.035074,-91.487349,1,6552
273,80,25,26,0.035071,-91.907872,1,0.035073,-91.849621,1,7098
273,80,27,28,0.035071,-91.907872,1,0.035071,-91.891402,1,7644
273,80,31,32,0.035071,-91.907872,1,0.035071,-91.907620,1,8736
273,160,15,16,0.050889,-94.742146,1,0.056070,-68.154223,0,4368
273,160,17,18,0.050889,-94.742146,1,0.051592,-78.314456,0,4914
273,160,19,20,0.050889,-94.742146,1,0.051069,-86.760087,1,5460
273,160,21,22,0.050889,-94.742146,1,0.050954,-92.383749,1,6006
273,160,23,24,0.050889,-94.742146,1,0.050890,-94.229480,1,6552
273,160,25,26,0.050889,-94.742146,1,0.050892,-94.591386,1,7098
273,160,27,28,0.050889,-94.742146,1,0.050888,-94.724219,1,7644
273,160,31,32,0.050889,-94.742146,1,0.050889,-94.742662,1,8736
274,1,15,16,0.004398,-72.047891,0,0.006425,-64.230523,0,4384
274,1,17,18,0.004398,-72.047891,0,0.005477,-69.168628,0,4932
274,1,19,20,0.004398,-72.047891,0,0.004561,-71.184803,0,5480
274,1,21,22,0.004398,-72.047891,0,0.004432,-71.845902,0,6028
274,1,23,24,0.004398,-72.047891,0,0.004399,-72.011631,0,6576
274,1,25,26,0.004398,-72.047891,0,0.004396,-72.043532,0,7124
274,1,27,28,0.004398,-72.047891,0,0.004398,-72.048383,0,7672
274,1,31,32,0.004398,-72.047891,0,0.004398,-72.047984,0,8768
274,2,15,16,0.006388,-74.652826,0,0.009705,-64.595740,0,4384
274,2,17,18,0.006388,-74.652826,0,0.007319,-71.061212,0,4932
274,2,19,20,0.006388,-74.652826,0,0.006608,-73.596977,0,5480
274,2,21,22,0.006388,-74.652826,0,0.006459,-74.371739,0,6028
274,2,23,24,0.006388,-74.652826,0,0.006388,-74.651288,0,6576
274,2,25,26,0.006388,-74.652826,0,0.006388,-74.662347,0,7124
274,2,27,28,0.006388,-74.652826,0,0.006388,-74.655402,0,7672
274,2,31,32,0.006388,-74.652826,0,0.006388,-74.652809,0,8768
274,5,15,16,0.009679,-78.912019,0,0.013120,-66.033167,0,4384
274,5,17,18,0.009679,-78.912019,0,0.010559,-74.226402,0,4932
274,5,19,20,0.009679,-78.912019,0,0.009933,-77.534784,0,5480
274,5,21,22,0.009679,-78.912019,0,0.009741,-78.688558,0,6028
274,5,23,24,0.009679,-78.912019,0,0.009676,-78.890963,0,6576
274,5,25,26,0.009679,-78.912019,0,0.009678,-78.914432,0,7124
274,5,27,28,0.009679,-78.912019,0,0.009679,-78.909536,0,7672
274,5,31,32,0.009679,-78.912019,0,0.009679,-78.911986,0,8768
274,10,15,16,0.013192,-82.043837,1,0.016491,-65.361343,0,4384
274,10,17,18,0.013192,-82.043837,1,0.014276,-76.051767,0,4932
274,10,19,20,0.013192,-82.043837,1,0.013356,-80.307836,1,5480
274,10,21,22,0.013192,-82.043837,1,0.013226,-81.719451,1,6028
274,10,23,24,0.013192,-82.043837,1,0.013189,-82.010091,1,6576
274,10,25,26,0.013192,-82.043837,1,0.013193,-82.035104,1,7124
274,10,27,28,0.013192,-82.043837,1,0.013192,-82.046879,1,7672
274,10,31,32,0.013192,-82.043837,1,0.013192,-82.044195,1,8768
274,20,15,16,0.019413,-84.759103,1,0.024377,-66.477423,0,4384
274,20,17,18,0.019413,-84.759103,1,0.020264,-75.021215,0,4932
274,20,19,20,0.019413,-84.759103,1,0.019511,-82.066513,1,5480
274,20,21,22,0.019413,-84.759103,1,0.019417,-84.234128,1,6028
274,20,23,24,0.019413,-84.759103,1,0.019420,-84.729240,1,6576
274,20,25,26,0.019413,-84.759103,1,0.019411,-84.777398,1,7124
274,20,27,28,0.019413,-84.759103,1,0.019414,-84.756963,1,7672
274,20,31,32,0.019413,-84.759103,1,0.019413,-84.759552,1,8768
274,40,15,16,0.026867,-88.089983,1,0.032731,-66.540541,0,4384
274,40,17,18,0.026867,-88.089983,1,0.027737,-78.282050,0,4932
274,40,19,20,0.026867,-88.089983,1,0.027059,-83.765105,1,5480
274,40,21,22,0.026867,-88.089983,1,0.026872,-87.111402,1,6028
274,40,23,24,0.026867,-88.089983,1,0.026871,-88.042997,1,6576
274,40,25,26,0.026867,-88.089983,1,0.026869,-88.101673,1,7124
274,40,27,28,0.026867,-88.089983,1,0.026867,-88.090742,1,7672
274,40,31,32,0.026867,-88.089983,1,0.026867,-88.090362,1,8768
274,80,15,16,0.035094,-91.902681,1,0.039014,-67.089661,0,4384
274,80,17,18,0.035094,-91.902681,1,0.036276,-76.446142,0,4932
274,80,19,20,0.035094,-91.902681,1,0.035215,-85.565533,1,5480
274,80,21,22,0.035094,-91.902681,1,0.035122,-90.215433,1,6028
274,80,23,24,0.035094,-91.902681,1,0.035101,-91.558606,1,6576
274,80,25,26,0.035094,-91.902681,1,0.035093,-91.846478,1,7124
274,80,27,28,0.035094,-91.902681,1,0.035094,-91.885791,1,7672
274,80,31,32,0.035094,-91.902681,1,0.035094,-91.902696,1,8768
274,160,15,16,0.048590,-95.132905,1,0.053148,-65.400732,0,4384
274,160,17,18,0.048590,-95.132905,1,0.049874,-78.858282,0,4932
274,160,19,20,0.048590,-95.132905,1,0.048736,-86.904913,1,5480
274,160,21,22,0.048590,-95.132905,1,0.048578,-92.884522,1,6028
274,160,23,24,0.048590,-95.132905,1,0.048600,-94.470266,1,6576
274,160,25,26,0.048590,-95.132905,1,0.048590,-94.906271,1,7124
274,160,27,28,0.048590,-95.132905,1,0.048590,-95.108091,1,7672
274,160,31,32,0.048590,-95.132905,1,0.048590,-95.134898,1,8768
275,1,15,16,0.004164,-72.470445,0,0.011071,-63.908391,0,4400
275,1,17,18,0.004164,-72.470445,0,0.005741,-69.416791,0,4950
275,1,19,20,0.004164,-72.470445,0,0.004406,-71.885381,0,5500
275,1,21,22,0.004164,-72.470445,0,0.004207,-72.284139,0,6050
275,1,23,24,0.004164,-72.470445,0,0.004167,-72.441112,0,6600
275,1,25,26,0.004164,-72.470445,0,0.004165,-72.469523,0,7150
275,1,27,28,0.004164,-72.470445,0,0.004164,-72.470315,0,7700
275,1,31,32,0.004164,-72.470445,0,0.004164,-72.470527,0,8800
275,2,15,16,0.006218,-74.954002,0,0.012376,-65.345323,0,4400
275,2,17,18,0.006218,-74.954002,0,0.006870,-70.756780,0,4950
275,2,19,20,0.006218,-74.954002,0,0.006379,-74.218215,0,5500
275,2,21,22,0.006218,-74.954002,0,0.006227,-74.752942,0,6050
275,2,23,24,0.006218,-74.954002,0,0.006223,-74.963689,0,6600
275,2,25,26,0.006218,-74.954002,0,0.006218,-74.950479,0,7150
275,2,27,28,0.006218,-74.954002,0,0.006219,-74.955024,0,7700
275,2,31,32,0.006218,-74.954002,0,0.006218,-74.953950,0,8800
275,5,15,16,0.009631,-78.981260,0,0.014836,-65.215451,0,4400
275,5,17,18,0.009631,-78.981260,0,0.011065,-73.791093,0,4950
275,5,19,20,0.009631,-78.981260,0,0.009757,-77.636419,0,5500
275,5,21,22,0.009631,-78.981260,0,0.009679,-78.687701,0,6050
275,5,23,24,0.009631,-78.981260,0,0.009634,-79.021157,0,6600
275,5,25,26,0.009631,-78.981260,0,0.009632,-78.972708,0,7150
275,5,27,28,0.009631,-78.981260,0,0.009631,-78.977096,0,7700
275,5,31,32,0.009631,-78.981260,0,0.009631,-78.981036,0,8800
275,10,15,16,0.012676,-82.395025,1,0.017596,-67.967227,0,4400
275,10,17,18,0.012676,-82.395025,1,0.013826,-73.103510,0,4950
275,10,19,20,0.012676,-82.395025,1,0.012857,-79.934520,0,5500
275,10,21,22,0.012676,-82.395025,1,0.012715,-81.990350,1,6050
275,10,23,24,0.012676,-82.395025,1,0.012681,-82.479966,1,6600
275,10,25,26,0.012676,-82.395025,1,0.012675,-82.397695,1,7150
275,10,27,28,0.012676,-82.395025,1,0.012676,-82.396375,1,7700
275,10,31,32,0.012676,-82.395025,1,0.012676,-82.395544,1,8800
275,20,15,16,0.018570,-85.103702,1,0.022061,-66.388215,0,4400
275,20,17,18,0.018570,-85.103702,1,0.019752,-76.047163,0,4950
275,20,19,20,0.018570,-85.103702,1,0.018803,-82.539641,1,5500
275,20,21,22,0.018570,-85.103702,1,0.018605,-84.583076,1,6050
275,20,23,24,0.018570,-85.103702,1,0.018564,-84.989520,1,6600
275,20,25,26,0.018570,-85.103702,1,0.018572,-85.128474,1,7150
275,20,27,28,0.018570,-85.103702,1,0.018570,-85.118521,1,7700
275,20,31,32,0.018570,-85.103702,1,0.018570,-85.103261,1,8800
275,40,15,16,0.026413,-88.256340,1,0.030666,-66.451467,0,4400
275,40,17,18,0.026413,-88.256340,1,0.027533,-75.800778,0,4950
275,40,19,20,0.026413,-88.256340,1,0.026698,-84.298767,1,5500
275,40,21,22,0.026413,-88.256340,1,0.026415,-87.229020,1,6050
275,40,23,24,0.026413,-88.256340,1,0.026419,-88.061073,1,6600
275,40,25,26,0.026413,-88.256340,1,0.026410,-88.318472,1,7150
275,40,27,28,0.026413,-88.256340,1,0.026414,-88.253255,1,7700
275,40,31,32,0.026413,-88.256340,1,0.026413,-88.256638,1,8800
275,80,15,16,0.035067,-91.904767,1,0.040253,-67.955441,0,4400
275,80,17,18,0.035067,-91.904767,1,0.035746,-79.216818,0,4950
275,80,19,20,0.035067,-91.904767,1,0.035118,-86.312305,1,5500
275,80,21,22,0.035067,-91.904767,1,0.035087,-90.290504,1,6050
275,80,23,24,0.035067,-91.904767,1,0.035070,-91.424657,1,6600
275,80,25,26,0.035067,-91.904767,1,0.035065,-91.838749,1,7150
275,80,27,28,0.035067,-91.904767,1,0.035067,-91.877716,1,7700
275,80,31,32,0.035067,-91.904767,1,0.035067,-91.905973,1,8800
275,160,15,16,0.046212,-95.554707,1,0.051105,-66.325994,0,4400
275,160,17,18,0.046212,-95.554707,1,0.047571,-79.876207,0,4950
275,160,19,20,0.046212,-95.554707,1,0.046483,-88.379787,1,5500
275,160,21,22,0.046212,-95.554707,1,0.046220,-92.965431,1,6050
275,160,23,24,0.046212,-95.554707,1,0.046215,-94.962437,1,6600
275,160,25,26,0.046212,-95.554707,1,0.046214,-95.396837,1,7150
275,160,27,28,0.046212,-95.554707,1,0.046212,-95.530869,1,7700
275,160,31,32,0.046212,-95.554707,1,0.046212,-95.554211,1,8800
276,1,15,16,0.003990,-72.828843,0,0.008793,-64.585679,0,4416
276,1,17,18,0.003990,-72.828843,0,0.005213,-69.097461,0,4968
276,1,19,20,0.003990,-72.828843,0,0.004222,-72.066539,0,5520
276,1,21,22,0.003990,-72.828843,0,0.004008,-72.611378,0,6072
276,1,23,24,0.003990,-72.828843,0,0.004004,-72.804623,0,6624
276,1,25,26,0.003990,-72.828843,0,0.003991,-72.824110,0,7176
276,1,27,28,0.003990,-72.828843,0,0.003990,-72.827655,0,7728
276,1,31,32,0.003990,-72.828843,0,0.003990,-72.828799,0,8832
276,2,15,16,0.005982,-75.338594,0,0.008825,-65.856363,0,4416
276,2,17,18,0.005982,-75.338594,0,0.006854,-71.388875,0,4968
276,2,19,20,0.005982,-75.338594,0,0.006291,-74.487273,0,5520
276,2,21,22,0.005982,-75.338594,0,0.005997,-75.079776,0,6072
276,2,23,24,0.005982,-75.338594,0,0.005985,-75.321954,0,6624
276,2,25,26,0.005982,-75.338594,0,0.005981,-75.317378,0,7176
276,2,27,28,0.005982,-75.338594,0,0.005982,-75.340611,0,7728
276,2,31,32,0.005982,-75.338594,0,0.005982,-75.338532,0,8832
276,5,15,16,0.009519,-79.080216,0,0.012832,-65.842538,0,4416
276,5,17,18,0.009519,-79.080216,0,0.010754,-74.836586,0,4968
276,5,19,20,0.009519,-79.080216,0,0.009761,-77.234577,0,5520
276,5,21,22,0.009519,-79.080216,0,0.009555,-78.789661,0,6072
276,5,23,24,0.009519,-79.080216,0,0.009520,-79.124367,0,6624
276,5,25,26,0.009519,-79.080216,0,0.009521,-79.072791,0,7176
276,5,27,28,0.009519,-79.080216,0,0.009520,-79.080293,0,7728
276,5,31,32,0.009519,-79.080216,0,0.009519,-79.080245,0,8832
276,10,15,16,0.012690,-82.386631,1,0.016921,-67.330080,0,4416
276,10,17,18,0.012690,-82.386631,1,0.013777,-75.244580,0,4968
276,10,19,20,0.012690,-82.386631,1,0.012898,-80.184826,1,5520
276,10,21,22,0.012690,-82.386631,1,0.012701,-82.094359,1,6072
276,10,23,24,0.012690,-82.386631,1,0.012692,-82.275324,1,6624
276,10,25,26,0.012690,-82.386631,1,0.012690,-82.395400,1,7176
276,10,27,28,0.012690,-82.386631,1,0.012690,-82.385358,1,7728
276,10,31,32,0.012690,-82.386631,1,0.012690,-82.386358,1,8832
276,20,15,16,0.017723,-85.545009,1,0.020918,-68.170539,0,4416
276,20,17,18,0.017723,-85.545009,1,0.018875,-75.538317,0,4968
276,20,19,20,0.017723,-85.545009,1,0.018017,-83.018750,1,5520
276,20,21,22,0.017723,-85.545009,1,0.017745,-84.943716,1,6072
276,20,23,24,0.017723,-85.545009,1,0.017726,-85.517588,1,6624
276,20,25,26,0.017723,-85.545009,1,0.017725,-85.522448,1,7176
276,20,27,28,0.017723,-85.545009,1,0.017722,-85.550830,1,7728
276,20,31,32,0.017723,-85.545009,1,0.017723,-85.545008,1,8832
276,40,15,16,0.025683,-88.520636,1,0.028860,-67.316810,0,4416
276,40,17,18,0.025683,-88.520636,1,0.026233,-77.165368,0,4968
276,40,19,20,0.025683,-88.520636,1,0.025799,-84.779251,1,5520
276,40,21,22,0.025683,-88.520636,1,0.025682,-87.187873,1,6072
276,40,23,24,0.025683,-88.520636,1,0.025677,-88.334986,1,6624
276,40,25,26,0.025683,-88.520636,1,0.025683,-88.548259,1,7176
276,40,27,28,0.025683,-88.520636,1,0.025683,-88.513407,1,7728
276,40,31,32,0.025683,-88.520636,1,0.025683,-88.521418,1,8832
276,80,15,16,0.034854,-91.972935,1,0.039115,-66.316497,0,4416
276,80,17,18,0.034854,-91.972935,1,0.036117,-79.839060,0,4968
276,80,19,20,0.034854,-91.972935,1,0.034980,-87.541467,1,5520
276,80,21,22,0.034854,-91.972935,1,0.034886,-89.363638,1,6072
276,80,23,24,0.034854,-91.972935,1,0.034859,-91.563891,1,6624
276,80,25,26,0.034854,-91.972935,1,0.034855,-91.948761,1,7176
276,80,27,28,0.034854,-91.972935,1,0.034853,-91.974949,1,7728
276,80,31,32,0.034854,-91.972935,1,0.034854,-91.971685,1,8832
276,160,15,16,0.045026,-95.783545,1,0.049278,-66.617847,0,4416
276,160,17,18,0.045026,-95.783545,1,0.046117,-80.382780,1,4968
276,160,19,20,0.045026,-95.783545,1,0.045223,-88.797951,1,5520
276,160,21,22,0.045026,-95.783545,1,0.045052,-93.207919,1,6072
276,160,23,24,0.045026,-95.783545,1,0.045032,-95.141633,1,6624
276,160,25,26,0.045026,-95.783545,1,0.045029,-95.642967,1,7176
276,160,27,28,0.045026,-95.783545,1,0.045026,-95.773575,1,7728
276,160,31,32,0.045026,-95.783545,1,0.045026,-95.783800,1,8832
277,1,15,16,0.003978,-72.803398,0,0.009358,-62.878896,0,4432
277,1,17,18,0.003978,-72.803398,0,0.004924,-69.888015,0,4986
277,1,19,20,0.003978,-72.803398,0,0.004264,-72.016297,0,5540
277,1,21,22,0.003978,-72.803398,0,0.004020,-72.655618,0,6094
277,1,23,24,0.003978,-72.803398,0,0.003987,-72.768876,0,6648
277,1,25,26,0.003978,-72.803398,0,0.003978,-72.799813,0,7202
277,1,27,28,0.003978,-72.803398,0,0.003978,-72.800628,0,7756
277,1,31,32,0.003978,-72.803398,0,0.003978,-72.803445,0,8864
277,2,15,16,0.005681,-75.751622,0,0.008869,-65.525170,0,4432
277,2,17,18,0.005681,-75.751622,0,0.006987,-72.454767,0,4986
277,2,19,20,0.005681,-75.751622,0,0.005932,-74.807288,0,5540
277,2,21,22,0.005681,-75.751622,0,0.005716,-75.526569,0,6094
277,2,23,24,0.005681,-75.751622,0,0.005681,-75.722333,0,6648
277,2,25,26,0.005681,-75.751622,0,0.005680,-75.741866,0,7202
277,2,27,28,0.005681,-75.751622,0,0.005680,-75.753540,0,7756
277,2,31,32,0.005681,-75.751622,0,0.005681,-75.751472,0,8864
277,5,15,16,0.009380,-79.285832,0,0.014386,-66.804425,0,4432
277,5,17,18,0.009380,-79.285832,0,0.010171,-74.203333,0,4986
277,5,19,20,0.009380,-79.285832,0,0.009549,-77.528035,0,5540
277,5,21,22,0.009380,-79.285832,0,0.009409,-78.964539,0,6094
277,5,23,24,0.009380,-79.285832,0,0.009372,-79.243567,0,6648
277,5,25,26,0.009380,-79.285832,0,0.009381,-79.284832,0,7202
277,5,27,28,0.009380,-79.285832,0,0.009380,-79.283563,0,7756
277,5,31,32,0.009380,-79.285832,0,0.009380,-79.285936,0,8864
277,10,15,16,0.012653,-82.436825,1,0.017147,-67.317218,0,4432
277,10,17,18,0.012653,-82.436825,1,0.014266,-75.295822,0,4986
277,10,19,20,0.012653,-82.436825,1,0.012872,-80.004054,1,5540
277,10,21,22,0.012653,-82.436825,1,0.012683,-82.173682,1,6094
277,10,23,24,0.012653,-82.436825,1,0.012658,-82.501824,1,6648
277,10,25,26,0.012653,-82.436825,1,0.012652,-82.445303,1,7202
277,10,27,28,0.012653,-82.436825,1,0.012653,-82.436445,1,7756
277,10,31,32,0.012653,-82.436825,1,0.012653,-82.436233,1,8864
277,20,15,16,0.016860,-86.005150,1,0.021933,-65.369591,0,4432
277,20,17,18,0.016860,-86.005150,1,0.017597,-76.518807,0,4986
277,20,19,20,0.016860,-86.005150,1,0.017044,-83.267865,1,5540
277,20,21,22,0.016860,-86.005150,1,0.016901,-85.221827,1,6094
277,20,23,24,0.016860,-86.005150,1,0.016867,-85.876485,1,6648
277,20,25,26,0.016860,-86.005150,1,0.016861,-86.011779,1,7202
277,20,27,28,0.016860,-86.005150,1,0.016860,-86.005237,1,7756
277,20,31,32,0.016860,-86.005150,1,0.016860,-86.004868,1,8864
277,40,15,16,0.024643,-88.824247,1,0.029400,-66.107953,0,4432
277,40,17,18,0.024643,-88.824247,1,0.025163,-78.548268,0,4986
277,40,19,20,0.024643,-88.824247,1,0.024919,-84.437489,1,5540
277,40,21,22,0.024643,-88.824247,1,0.024654,-87.762100,1,6094
277,40,23,24,0.024643,-88.824247,1,0.024639,-88.596740,1,6648
277,40,25,26,0.024643,-88.824247,1,0.024646,-88.788526,1,7202
277,40,27,28,0.024643,-88.824247,1,0.024642,-88.814793,1,7756
277,40,31,32,0.024643,-88.824247,1,0.024643,-88.823920,1,8864
277,80,15,16,0.034437,-92.084627,1,0.037554,-64.538323,0,4432
277,80,17,18,0.034437,-92.084627,1,0.035043,-77.463862,0,4986
277,80,19,20,0.034437,-92.084627,1,0.034734,-86.259208,1,5540
277,80,21,22,0.034437,-92.084627,1,0.034448,-90.562504,1,6094
277,80,23,24,0.034437,-92.084627,1,0.034438,-91.628241,1,6648
277,80,25,26,0.034437,-92.084627,1,0.034436,-92.076718,1,7202
277,80,27,28,0.034437,-92.084627,1,0.034438,-92.084493,1,7756
277,80,31,32,0.034437,-92.084627,1,0.034437,-92.084071,1,8864
277,160,15,16,0.045102,-95.807668,1,0.049067,-66.250816,0,4432
277,160,17,18,0.045102,-95.807668,1,0.046470,-79.889343,0,4986
277,160,19,20,0.045102,-95.807668,1,0.045324,-89.586825,1,5540
277,160,21,22,0.045102,-95.807668,1,0.045102,-93.612053,1,6094
277,160,23,24,0.045102,-95.807668,1,0.045103,-95.005331,1,6648
277,160,25,26,0.045102,-95.807668,1,0.045104,-95.662445,1,7202
277,160,27,28,0.045102,-95.807668,1,0.045103,-95.776582,1,7756
277,160,31,32,0.045102,-95.807668,1,0.045102,-95.807050,1,8864
278,1,15,16,0.003968,-72.819188,0,0.009791,-64.098388,0,4448
278,1,17,18,0.003968,-72.819188,0,0.005074,-69.812752,0,5004
278,1,19,20,0.003968,-72.819188,0,0.004300,-71.695834,0,5560
278,1,21,22,0.003968,-72.819188,0,0.004043,-72.675204,0,6116
278,1,23,24,0.003968,-72.819188,0,0.003971,-72.784886,0,6672
278,1,25,26,0.003968,-72.819188,0,0.003970,-72.814199,0,7228
278,1,27,28,0.003968,-72.819188,0,0.003968,-72.818446,0,7784
278,1,31,32,0.003968,-72.819188,0,0.003968,-72.819270,0,8896
278,2,15,16,0.005392,-76.188381,0,0.011330,-66.500991,0,4448
278,2,17,18,0.005392,-76.188381,0,0.006537,-72.544957,0,5004
278,2,19,20,0.005392,-76.188381,0,0.005518,-74.892770,0,5560
278,2,21,22,0.005392,-76.188381,0,0.005422,-75.935365,0,6116
278,2,23,24,0.005392,-76.188381,0,0.005394,-76.129380,0,6672
278,2,25,26,0.005392,-76.188381,0,0.005392,-76.187744,0,7228
278,2,27,28,0.005392,-76.188381,0,0.005392,-76.188985,0,7784
278,2,31,32,0.005392,-76.188381,0,0.005392,-76.188534,0,8896
278,5,15,16,0.009101,-79.526462,0,0.011978,-65.436357,0,4448
278,5,17,18,0.009101,-79.526462,0,0.010113,-75.118255,0,5004
278,5,19,20,0.009101,-79.526462,0,0.009312,-77.711854,0,5560
278,5,21,22,0.009101,-79.526462,0,0.009136,-79.336985,0,6116
278,5,23,24,0.009101,-79.526462,0,0.009103,-79.550577,0,6672
278,5,25,26,0.009101,-79.526462,0,0.009101,-79.532805,0,7228
278,5,27,28,0.009101,-79.526462,0,0.009101,-79.529061,0,7784
278,5,31,32,0.009101,-79.526462,0,0.009101,-79.526224,0,8896
278,10,15,16,0.012553,-82.503532,1,0.014961,-66.195459,0,4448
278,10,17,18,0.012553,-82.503532,1,0.013358,-75.826987,0,5004
278,10,19,20,0.012553,-82.503532,1,0.012786,-80.127861,1,5560
278,10,21,22,0.012553,-82.503532,1,0.012589,-82.253025,1,6116
278,10,23,24,0.012553,-82.503532,1,0.012558,-82.418658,1,6672
278,10,25,26,0.012553,-82.503532,1,0.012554,-82.480393,1,7228
278,10,27,28,0.012553,-82.503532,1,0.012552,-82.501767,1,7784
278,10,31,32,0.012553,-82.503532,1,0.012553,-82.503630,1,8896
278,20,15,16,0.016585,-86.150410,1,0.021446,-67.039306,0,4448
278,20,17,18,0.016585,-86.150410,1,0.017558,-78.381179,0,5004
278,20,19,20,0.016585,-86.150410,1,0.016891,-83.129495,1,5560
278,20,21,22,0.016585,-86.150410,1,0.016598,-85.343395,1,6116
278,20,23,24,0.016585,-86.150410,1,0.016579,-86.192868,1,6672
278,20,25,26,0.016585,-86.150410,1,0.016587,-86.142361,1,7228
278,20,27,28,0.016585,-86.150410,1,0.016584,-86.157840,1,7784
278,20,31,32,0.016585,-86.150410,1,0.016584,-86.150989,1,8896
278,40,15,16,0.023614,-89.228253,1,0.027935,-67.454284,0,4448
278,40,17,18,0.023614,-89.228253,1,0.024464,-76.204761,0,5004
278,40,19,20,0.023614,-89.228253,1,0.023889,-86.047087,1,5560
278,40,21,22,0.023614,-89.228253,1,0.023598,-87.656513,1,6116
278,40,23,24,0.023614,-89.228253,1,0.023617,-88.959356,1,6672
278,40,25,26,0.023614,-89.228253,1,0.023611,-89.152264,1,7228
278,40,27,28,0.023614,-89.228253,1,0.023614,-89.237256,1,7784
278,40,31,32,0.023614,-89.228253,1,0.023614,-89.228646,1,8896
278,80,15,16,0.033643,-92.301671,1,0.038105,-66.700806,0,4448
278,80,17,18,0.033643,-92.301671,1,0.034685,-79.203033,0,5004
278,80,19,20,0.033643,-92.301671,1,0.033728,-84.114230,1,5560
278,80,21,22,0.033643,-92.301671,1,0.033642,-90.887265,1,6116
278,80,23,24,0.033643,-92.301671,1,0.033636,-92.012229,1,6672
278,80,25,26,0.033643,-92.301671,1,0.033641,-92.275283,1,7228
278,80,27,28,0.033643,-92.301671,1,0.033643,-92.294436,1,7784
278,80,31,32,0.033643,-92.301671,1,0.033643,-92.302042,1,8896
278,160,15,16,0.044923,-95.832900,1,0.049666,-66.322510,0,4448
278,160,17,18,0.044923,-95.832900,1,0.045904,-81.271758,1,5004
278,160,19,20,0.044923,-95.832900,1,0.045189,-87.910057,1,5560
278,160,21,22,0.044923,-95.832900,1,0.044923,-92.876317,1,6116
278,160,23,24,0.044923,-95.832900,1,0.044916,-95.237999,1,6672
278,160,25,26,0.044923,-95.832900,1,0.044919,-95.642629,1,7228
278,160,27,28,0.044923,-95.832900,1,0.044923,-95.809732,1,7784
278,160,31,32,0.044923,-95.832900,1,0.044923,-95.831727,1,8896
279,1,15,16,0.003937,-72.894175,0,0.009138,-64.823568,0,4464
279,1,17,18,0.003937,-72.894175,0,0.005038,-69.288372,0,5022
279,1,19,20,0.003937,-72.894175,0,0.004148,-71.992366,0,5580
279,1,21,22,0.003937,-72.894175,0,0.004034,-72.722003,0,6138
279,1,23,24,0.003937,-72.894175,0,0.003937,-72.853761,0,6696
279,1,25,26,0.003937,-72.894175,0,0.003940,-72.888323,0,7254
279,1,27,28,0.003937,-72.894175,0,0.003938,-72.894410,0,7812
279,1,31,32,0.003937,-72.894175,0,0.003937,-72.894094,0,8928
279,2,15,16,0.005289,-76.313452,0,0.009213,-63.621764,0,4464
279,2,17,18,0.005289,-76.313452,0,0.006378,-72.379860,0,5022
279,2,19,20,0.005289,-76.313452,0,0.005513,-75.167761,0,5580
279,2,21,22,0.005289,-76.313452,0,0.005337,-76.023506,0,6138
279,2,23,24,0.005289,-76.313452,0,0.005299,-76.250526,0,6696
279,2,25,26,0.005289,-76.313452,0,0.005289,-76.316606,0,7254
279,2,27,28,0.005289,-76.313452,0,0.005289,-76.311637,0,7812
279,2,31,32,0.005289,-76.313452,0,0.005289,-76.313430,0,8928
279,5,15,16,0.008727,-79.843686,0,0.013162,-66.218081,0,4464
279,5,17,18,0.008727,-79.843686,0,0.010289,-73.974149,0,5022
279,5,19,20,0.008727,-79.843686,0,0.009011,-78.264859,0,5580
279,5,21,22,0.008727,-79.843686,0,0.008751,-79.596544,0,6138
279,5,23,24,0.008727,-79.843686,0,0.008738,-79.796409,0,6696
279,5,25,26,0.008727,-79.843686,0,0.008728,-79.826782,0,7254
279,5,27,28,0.008727,-79.843686,0,0.008727,-79.847301,0,7812
279,5,31,32,0.008727,-79.843686,0,0.008726,-79.843819,0,8928
279,10,15,16,0.012414,-82.672023,1,0.017257,-68.047324,0,4464
279,10,17,18,0.012414,-82.672023,1,0.013407,-75.296263,0,5022
279,10,19,20,0.012414,-82.672023,1,0.012668,-79.953347,0,5580
279,10,21,22,0.012414,-82.672023,1,0.012441,-81.966393,1,6138
279,10,23,24,0.012414,-82.672023,1,0.012408,-82.667766,1,6696
279,10,25,26,0.012414,-82.672023,1,0.012415,-82.651840,1,7254
279,10,27,28,0.012414,-82.672023,1,0.012414,-82.675586,1,7812
279,10,31,32,0.012414,-82.672023,1,0.012414,-82.672134,1,8928
279,20,15,16,0.016590,-86.133516,1,0.020564,-65.414335,0,4464
279,20,17,18,0.016590,-86.133516,1,0.017457,-78.401588,0,5022
279,20,19,20,0.016590,-86.133516,1,0.016853,-83.212660,1,5580
279,20,21,22,0.016590,-86.133516,1,0.016615,-85.513978,1,6138
279,20,23,24,0.016590,-86.133516,1,0.016597,-86.209719,1,6696
279,20,25,26,0.016590,-86.133516,1,0.016590,-86.201728,1,7254
279,20,27,28,0.016590,-86.133516,1,0.016589,-86.127104,1,7812
279,20,31,32,0.016590,-86.133516,1,0.016590,-86.134083,1,8928
279,40,15,16,0.022476,-89.661447,1,0.029544,-66.788238,0,4464
279,40,17,18,0.022476,-89.661447,1,0.023379,-78.916807,0,5022
279,40,19,20,0.022476,-89.661447,1,0.022654,-84.675925,1,5580
279,40,21,22,0.022476,-89.661447,1,0.022492,-88.384202,1,6138
279,40,23,24,0.022476,-89.661447,1,0.022479,-89.487432,1,6696
279,40,25,26,0.022476,-89.661447,1,0.022473,-89.662355,1,7254
279,40,27,28,0.022476,-89.661447,1,0.022477,-89.657760,1,7812
279,40,31,32,0.022476,-89.661447,1,0.022476,-89.661980,1,8928
279,80,15,16,0.032452,-92.569795,1,0.036566,-66.632944,0,4464
279,80,17,18,0.032452,-92.569795,1,0.033167,-77.831101,0,5022
279,80,19,20,0.032452,-92.569795,1,0.032601,-87.222350,1,5580
279,80,21,22,0.032452,-92.569795,1,0.032484,-91.129926,1,6138
279,80,23,24,0.032452,-92.569795,1,0.032446,-92.115314,1,6696
279,80,25,26,0.032452,-92.569795,1,0.032447,-92.472327,1,7254
279,80,27,28,0.032452,-92.569795,1,0.032452,-92.536904,1,7812
279,80,31,32,0.032452,-92.569795,1,0.032452,-92.569673,1,8928
279,160,15,16,0.044613,-95.940376,1,0.050174,-66.427164,0,4464
279,160,17,18,0.044613,-95.940376,1,0.045469,-77.138920,0,5022
279,160,19,20,0.044613,-95.940376,1,0.044687,-87.681369,1,5580
279,160,21,22,0.044613,-95.940376,1,0.044584,-93.079898,1,6138
279,160,23,24,0.044613,-95.940376,1,0.044609,-95.209748,1,6696
279,160,25,26,0.044613,-95.940376,1,0.044615,-95.792566,1,7254
279,160,27,28,0.044613,-95.940376,1,0.044613,-95.887784,1,7812
279,160,31,32,0.044613,-95.940376,1,0.044613,-95.939108,1,8928
280,1,15,16,0.003869,-73.038796,0,0.008138,-64.577228,0,4480
280,1,17,18,0.003869,-73.038796,0,0.004822,-70.292631,0,5040
280,1,19,20,0.003869,-73.038796,0,0.004141,-72.100171,0,5600
280,1,21,22,0.003869,-73.038796,0,0.003927,-72.844168,0,6160
280,1,23,24,0.003869,-73.038796,0,0.003875,-73.014610,0,6720
280,1,25,26,0.003869,-73.038796,0,0.003871,-73.028595,0,7280
280,1,27,28,0.003869,-73.038796,0,0.003868,-73.038023,0,7840
280,1,31,32,0.003869,-73.038796,0,0.003868,-73.038846,0,8960
280,2,15,16,0.005288,-76.315804,0,0.012185,-64.314158,0,4480
280,2,17,18,0.005288,-76.315804,0,0.006817,-72.190768,0,5040
280,2,19,20,0.005288,-76.315804,0,0.005608,-75.559423,0,5600
280,2,21,22,0.005288,-76.315804,0,0.005352,-76.054983,0,6160
280,2,23,24,0.005288,-76.315804,0,0.005294,-76.272235,0,6720
280,2,25,26,0.005288,-76.315804,0,0.005290,-76.310161,0,7280
280,2,27,28,0.005288,-76.315804,0,0.005288,-76.318189,0,7840
280,2,31,32,0.005288,-76.315804,0,0.005288,-76.315916,0,8960
280,5,15,16,0.008323,-80.208071,1,0.011830,-65.508230,0,4480
280,5,17,18,0.008323,-80.208071,1,0.009489,-73.425515,0,5040
280,5,19,20,0.008323,-80.208071,1,0.008679,-78.628815,0,5600
280,5,21,22,0.008323,-80.208071,1,0.008344,-79.961423,0,6160
280,5,23,24,0.008323,-80.208071,1,0.008316,-80.258119,1,6720
280,5,25,26,0.008323,-80.208071,1,0.008324,-80.201697,1,7280
280,5,27,28,0.008323,-80.208071,1,0.008321,-80.205264,1,7840
280,5,31,32,0.008323,-80.208071,1,0.008323,-80.207958,1,8960
280,10,15,16,0.012098,-82.873161,1,0.016628,-65.422714,0,4480
280,10,17,18,0.012098,-82.873161,1,0.013133,-76.609839,0,5040
280,10,19,20,0.012098,-82.873161,1,0.012316,-81.222975,1,5600
280,10,21,22,0.012098,-82.873161,1,0.012156,-82.661290,1,6160
280,10,23,24,0.012098,-82.873161,1,0.012099,-82.816279,1,6720
280,10,25,26,0.012098,-82.873161,1,0.012099,-82.871431,1,7280
280,10,27,28,0.012098,-82.873161,1,0.012098,-82.877750,1,7840
280,10,31,32,0.012098,-82.873161,1,0.012098,-82.873095,1,8960
280,20,15,16,0.016511,-86.182334,1,0.020279,-66.392775,0,4480
280,20,17,18,0.016511,-86.182334,1,0.017788,-77.278904,0,5040
280,20,19,20,0.016511,-86.182334,1,0.016695,-83.691472,1,5600
280,20,21,22,0.016511,-86.182334,1,0.016507,-85.422831,1,6160
280,20,23,24,0.016511,-86.182334,1,0.016522,-86.281570,1,6720
280,20,25,26,0.016511,-86.182334,1,0.016509,-86.163492,1,7280
280,20,27,28,0.016511,-86.182334,1,0.016511,-86.188664,1,7840
280,20,31,32,0.016511,-86.182334,1,0.016511,-86.182925,1,8960
280,40,15,16,0.021540,-90.062999,1,0.028048,-67.313201,0,4480
280,40,17,18,0.021540,-90.062999,1,0.022558,-78.573590,0,5040
280,40,19,20,0.021540,-90.062999,1,0.021815,-85.856991,1,5600
280,40,21,22,0.021540,-90.062999,1,0.021561,-88.765340,1,6160
280,40,23,24,0.021540,-90.062999,1,0.021543,-89.856406,1,6720
280,40,25,26,0.021540,-90.062999,1,0.021541,-90.015608,1,7280
280,40,27,28,0.021540,-90.062999,1,0.021540,-90.073536,1,7840
280,40,31,32,0.021540,-90.062999,1,0.021540,-90.063519,1,8960
280,80,15,16,0.031186,-92.935859,1,0.036151,-67.035720,0,4480
280,80,17,18,0.031186,-92.935859,1,0.031954,-77.500192,0,5040
280,80,19,20,0.031186,-92.935859,1,0.031414,-87.241929,1,5600
280,80,21,22,0.031186,-92.935859,1,0.031242,-91.100772,1,6160
280,80,23,24,0.031186,-92.935859,1,0.031190,-92.446334,1,6720
280,80,25,26,0.031186,-92.935859,1,0.031184,-92.831766,1,7280
280,80,27,28,0.031186,-92.935859,1,0.031186,-92.920945,1,7840
280,80,31,32,0.031186,-92.935859,1,0.031186,-92.936812,1,8960
280,160,15,16,0.043807,-96.098235,1,0.047740,-67.786591,0,4480
280,160,17,18,0.043807,-96.098235,1,0.044676,-76.998818,0,5040
280,160,19,20,0.043807,-96.098235,1,0.043947,-88.008794,1,5600
280,160,21,22,0.043807,-96.098235,1,0.043825,-93.822422,1,6160
280,160,23,24,0.043807,-96.098235,1,0.043812,-94.937980,1,6720
280,160,25,26,0.043807,-96.098235,1,0.043807,-95.938141,1,7280
280,160,27,28,0.043807,-96.098235,1,0.043807,-96.072749,1,7840
280,160,31,32,0.043807,-96.098235,1,0.043807,-96.098096,1,8960
