Fitter report for fir_filter_l2_reduced
Tue Mar 24 22:35:38 2026
Quartus Prime Version 21.1.0 Build 842 10/21/2021 SJ Lite Edition


---------------------
; Table of Contents ;
---------------------
  1. Legal Notice
  2. Fitter Summary
  3. Fitter Settings
  4. Parallel Compilation
  5. Fitter Netlist Optimizations
  6. Incremental Compilation Preservation Summary
  7. Incremental Compilation Partition Settings
  8. Incremental Compilation Placement Preservation
  9. Pin-Out File
 10. Fitter Resource Usage Summary
 11. Fitter Partition Statistics
 12. Input Pins
 13. Output Pins
 14. I/O Bank Usage
 15. All Package Pins
 16. I/O Assignment Warnings
 17. Fitter Resource Utilization by Entity
 18. Delay Chain Summary
 19. Pad To Core Delay Chain Fanout
 20. Control Signals
 21. Global & Other Fast Signals
 22. Non-Global High Fan-Out Signals
 23. Fitter DSP Block Usage Summary
 24. DSP Block Details
 25. Routing Usage Summary
 26. I/O Rules Summary
 27. I/O Rules Details
 28. I/O Rules Matrix
 29. Fitter Device Options
 30. Operating Settings and Conditions
 31. Estimated Delay Added for Hold Timing Summary
 32. Estimated Delay Added for Hold Timing Details
 33. Fitter Messages
 34. Fitter Suppressed Messages



----------------
; Legal Notice ;
----------------
Copyright (C) 2021  Intel Corporation. All rights reserved.
Your use of Intel Corporation's design tools, logic functions 
and other software and tools, and any partner logic 
functions, and any output files from any of the foregoing 
(including device programming or simulation files), and any 
associated documentation or information are expressly subject 
to the terms and conditions of the Intel Program License 
Subscription Agreement, the Intel Quartus Prime License Agreement,
the Intel FPGA IP License Agreement, or other applicable license
agreement, including, without limitation, that your use is for
the sole purpose of programming logic devices manufactured by
Intel and sold by Intel or its authorized distributors.  Please
refer to the applicable agreement for further details, at
https://fpgasoftware.intel.com/eula.



+-------------------------------------------------------------------------------+
; Fitter Summary                                                                ;
+---------------------------------+---------------------------------------------+
; Fitter Status                   ; Successful - Tue Mar 24 22:35:38 2026       ;
; Quartus Prime Version           ; 21.1.0 Build 842 10/21/2021 SJ Lite Edition ;
; Revision Name                   ; fir_filter_l2_reduced                       ;
; Top-level Entity Name           ; fir_filter_l2_reduced                       ;
; Family                          ; Cyclone V                                   ;
; Device                          ; 5CGXFC9E6F35C7                              ;
; Timing Models                   ; Final                                       ;
; Logic utilization (in ALMs)     ; 3,746 / 113,560 ( 3 % )                     ;
; Total registers                 ; 3576                                        ;
; Total pins                      ; 36 / 616 ( 6 % )                            ;
; Total virtual pins              ; 0                                           ;
; Total block memory bits         ; 0 / 12,492,800 ( 0 % )                      ;
; Total RAM Blocks                ; 0 / 1,220 ( 0 % )                           ;
; Total DSP Blocks                ; 206 / 342 ( 60 % )                          ;
; Total HSSI RX PCSs              ; 0 / 12 ( 0 % )                              ;
; Total HSSI PMA RX Deserializers ; 0 / 12 ( 0 % )                              ;
; Total HSSI TX PCSs              ; 0 / 12 ( 0 % )                              ;
; Total HSSI PMA TX Serializers   ; 0 / 12 ( 0 % )                              ;
; Total PLLs                      ; 0 / 20 ( 0 % )                              ;
; Total DLLs                      ; 0 / 4 ( 0 % )                               ;
+---------------------------------+---------------------------------------------+


+----------------------------------------------------------------------------------------------------------------------------------------------------+
; Fitter Settings                                                                                                                                    ;
+--------------------------------------------------------------------+---------------------------------------+---------------------------------------+
; Option                                                             ; Setting                               ; Default Value                         ;
+--------------------------------------------------------------------+---------------------------------------+---------------------------------------+
; Device                                                             ; 5CGXFC9E6F35C7                        ;                                       ;
; Maximum processors allowed for parallel compilation                ; 4                                     ;                                       ;
; Use smart compilation                                              ; Off                                   ; Off                                   ;
; Enable parallel Assembler and Timing Analyzer during compilation   ; On                                    ; On                                    ;
; Enable compact report table                                        ; Off                                   ; Off                                   ;
; Router Timing Optimization Level                                   ; Normal                                ; Normal                                ;
; Perform Clocking Topology Analysis During Routing                  ; Off                                   ; Off                                   ;
; Placement Effort Multiplier                                        ; 1.0                                   ; 1.0                                   ;
; Device initialization clock source                                 ; INIT_INTOSC                           ; INIT_INTOSC                           ;
; Optimize Hold Timing                                               ; All Paths                             ; All Paths                             ;
; Optimize Multi-Corner Timing                                       ; On                                    ; On                                    ;
; Auto RAM to MLAB Conversion                                        ; On                                    ; On                                    ;
; Equivalent RAM and MLAB Power Up                                   ; Auto                                  ; Auto                                  ;
; Equivalent RAM and MLAB Paused Read Capabilities                   ; Care                                  ; Care                                  ;
; Power Optimization During Fitting                                  ; Normal compilation                    ; Normal compilation                    ;
; SSN Optimization                                                   ; Off                                   ; Off                                   ;
; Optimize Timing                                                    ; Normal compilation                    ; Normal compilation                    ;
; Optimize Timing for ECOs                                           ; Off                                   ; Off                                   ;
; Regenerate Full Fit Report During ECO Compiles                     ; Off                                   ; Off                                   ;
; Optimize IOC Register Placement for Timing                         ; Normal                                ; Normal                                ;
; Final Placement Optimizations                                      ; Automatically                         ; Automatically                         ;
; Fitter Aggressive Routability Optimizations                        ; Automatically                         ; Automatically                         ;
; Fitter Initial Placement Seed                                      ; 1                                     ; 1                                     ;
; Periphery to Core Placement and Routing Optimization               ; Off                                   ; Off                                   ;
; Weak Pull-Up Resistor                                              ; Off                                   ; Off                                   ;
; Enable Bus-Hold Circuitry                                          ; Off                                   ; Off                                   ;
; Auto Packed Registers                                              ; Auto                                  ; Auto                                  ;
; Auto Delay Chains                                                  ; On                                    ; On                                    ;
; Auto Delay Chains for High Fanout Input Pins                       ; Off                                   ; Off                                   ;
; Treat Bidirectional Pin as Output Pin                              ; Off                                   ; Off                                   ;
; Perform Physical Synthesis for Combinational Logic for Fitting     ; Off                                   ; Off                                   ;
; Perform Physical Synthesis for Combinational Logic for Performance ; Off                                   ; Off                                   ;
; Perform Register Duplication for Performance                       ; Off                                   ; Off                                   ;
; Perform Register Retiming for Performance                          ; Off                                   ; Off                                   ;
; Perform Asynchronous Signal Pipelining                             ; Off                                   ; Off                                   ;
; Fitter Effort                                                      ; Auto Fit                              ; Auto Fit                              ;
; Physical Synthesis Effort Level                                    ; Normal                                ; Normal                                ;
; Logic Cell Insertion - Logic Duplication                           ; Auto                                  ; Auto                                  ;
; Auto Register Duplication                                          ; Auto                                  ; Auto                                  ;
; Auto Global Clock                                                  ; On                                    ; On                                    ;
; Auto Global Register Control Signals                               ; On                                    ; On                                    ;
; Reserve all unused pins                                            ; As input tri-stated with weak pull-up ; As input tri-stated with weak pull-up ;
; Synchronizer Identification                                        ; Auto                                  ; Auto                                  ;
; Enable Beneficial Skew Optimization                                ; On                                    ; On                                    ;
; Optimize Design for Metastability                                  ; On                                    ; On                                    ;
; Active Serial clock source                                         ; FREQ_100MHz                           ; FREQ_100MHz                           ;
; Force Fitter to Avoid Periphery Placement Warnings                 ; Off                                   ; Off                                   ;
; Clamping Diode                                                     ; Off                                   ; Off                                   ;
; Enable input tri-state on active configuration pins in user mode   ; Off                                   ; Off                                   ;
; Advanced Physical Optimization                                     ; On                                    ; On                                    ;
+--------------------------------------------------------------------+---------------------------------------+---------------------------------------+


+------------------------------------------+
; Parallel Compilation                     ;
+----------------------------+-------------+
; Processors                 ; Number      ;
+----------------------------+-------------+
; Number detected on machine ; 4           ;
; Maximum allowed            ; 4           ;
;                            ;             ;
; Average used               ; 1.29        ;
; Maximum used               ; 4           ;
;                            ;             ;
; Usage by Processor         ; % Time Used ;
;     Processor 1            ; 100.0%      ;
;     Processor 2            ;  10.5%      ;
;     Processor 3            ;   9.4%      ;
;     Processor 4            ;   9.4%      ;
+----------------------------+-------------+


+-------------------------------------------------------------------------------------------------------------------------------------------------------------------------------------------------------------------------------------------------------------------------------------------------------------+
; Fitter Netlist Optimizations                                                                                                                                                                                                                                                                                ;
+--------------------------------------------------------------+------------+---------------------------------------------------+----------------------------+-----------+----------------+------------------------------------------------------------------------+------------------+-----------------------+
; Node                                                         ; Action     ; Operation                                         ; Reason                     ; Node Port ; Node Port Name ; Destination Node                                                       ; Destination Port ; Destination Port Name ;
+--------------------------------------------------------------+------------+---------------------------------------------------+----------------------------+-----------+----------------+------------------------------------------------------------------------+------------------+-----------------------+
; clk~inputCLKENA0                                             ; Created    ; Placement                                         ; Fitter Periphery Placement ;           ;                ;                                                                        ;                  ;                       ;
; rst_n~inputCLKENA0                                           ; Created    ; Placement                                         ; Fitter Periphery Placement ;           ;                ;                                                                        ;                  ;                       ;
; fir_filter_parallel_reduced_stream:impl|output_fifo_count[1] ; Duplicated ; Router Logic Cell Insertion and Logic Duplication ; Routability optimization   ;           ;                ; fir_filter_parallel_reduced_stream:impl|output_fifo_count[1]~DUPLICATE ;                  ;                       ;
; fir_filter_parallel_reduced_stream:impl|output_fifo_count[2] ; Duplicated ; Router Logic Cell Insertion and Logic Duplication ; Routability optimization   ;           ;                ; fir_filter_parallel_reduced_stream:impl|output_fifo_count[2]~DUPLICATE ;                  ;                       ;
+--------------------------------------------------------------+------------+---------------------------------------------------+----------------------------+-----------+----------------+------------------------------------------------------------------------+------------------+-----------------------+


+----------------------------------------------------------------------------------------------------+
; Incremental Compilation Preservation Summary                                                       ;
+---------------------+----------------------+----------------------------+--------------------------+
; Type                ; Total [A + B]        ; From Design Partitions [A] ; From Rapid Recompile [B] ;
+---------------------+----------------------+----------------------------+--------------------------+
; Placement (by node) ;                      ;                            ;                          ;
;     -- Requested    ; 0.00 % ( 0 / 11114 ) ; 0.00 % ( 0 / 11114 )       ; 0.00 % ( 0 / 11114 )     ;
;     -- Achieved     ; 0.00 % ( 0 / 11114 ) ; 0.00 % ( 0 / 11114 )       ; 0.00 % ( 0 / 11114 )     ;
;                     ;                      ;                            ;                          ;
; Routing (by net)    ;                      ;                            ;                          ;
;     -- Requested    ; 0.00 % ( 0 / 0 )     ; 0.00 % ( 0 / 0 )           ; 0.00 % ( 0 / 0 )         ;
;     -- Achieved     ; 0.00 % ( 0 / 0 )     ; 0.00 % ( 0 / 0 )           ; 0.00 % ( 0 / 0 )         ;
+---------------------+----------------------+----------------------------+--------------------------+


+----------------------------------------------------------------------------------------------------------------------------------------------------------------------------------------+
; Incremental Compilation Partition Settings                                                                                                                                             ;
+--------------------------------+----------------+-------------------+-------------------------+------------------------+------------------------------+--------------------------------+
; Partition Name                 ; Partition Type ; Netlist Type Used ; Preservation Level Used ; Netlist Type Requested ; Preservation Level Requested ; Contents                       ;
+--------------------------------+----------------+-------------------+-------------------------+------------------------+------------------------------+--------------------------------+
; Top                            ; User-created   ; Source File       ; N/A                     ; Source File            ; N/A                          ;                                ;
; hard_block:auto_generated_inst ; Auto-generated ; Source File       ; N/A                     ; Source File            ; N/A                          ; hard_block:auto_generated_inst ;
+--------------------------------+----------------+-------------------+-------------------------+------------------------+------------------------------+--------------------------------+


+------------------------------------------------------------------------------------------------------------------------------------+
; Incremental Compilation Placement Preservation                                                                                     ;
+--------------------------------+-----------------------+-------------------------+-------------------+---------------------+-------+
; Partition Name                 ; Preservation Achieved ; Preservation Level Used ; Netlist Type Used ; Preservation Method ; Notes ;
+--------------------------------+-----------------------+-------------------------+-------------------+---------------------+-------+
; Top                            ; 0.00 % ( 0 / 11114 )  ; N/A                     ; Source File       ; N/A                 ;       ;
; hard_block:auto_generated_inst ; 0.00 % ( 0 / 0 )      ; N/A                     ; Source File       ; N/A                 ;       ;
+--------------------------------+-----------------------+-------------------------+-------------------+---------------------+-------+


+--------------+
; Pin-Out File ;
+--------------+
The pin-out file can be found in C:/Mac/Home/Desktop/avlsi-fir-filter-design/fir-filter-hardware-optimized/output_files/fir_filter_l2_reduced.pin.


+---------------------------------------------------------------------------------------------+
; Fitter Resource Usage Summary                                                               ;
+-------------------------------------------------------------+-----------------------+-------+
; Resource                                                    ; Usage                 ; %     ;
+-------------------------------------------------------------+-----------------------+-------+
; Logic utilization (ALMs needed / total ALMs on device)      ; 3,746 / 113,560       ; 3 %   ;
; ALMs needed [=A-B+C]                                        ; 3,746                 ;       ;
;     [A] ALMs used in final placement [=a+b+c+d]             ; 5,180 / 113,560       ; 5 %   ;
;         [a] ALMs used for LUT logic and registers           ; 282                   ;       ;
;         [b] ALMs used for LUT logic                         ; 3,392                 ;       ;
;         [c] ALMs used for registers                         ; 1,506                 ;       ;
;         [d] ALMs used for memory (up to half of total ALMs) ; 0                     ;       ;
;     [B] Estimate of ALMs recoverable by dense packing       ; 1,513 / 113,560       ; 1 %   ;
;     [C] Estimate of ALMs unavailable [=a+b+c+d]             ; 79 / 113,560          ; < 1 % ;
;         [a] Due to location constrained logic               ; 0                     ;       ;
;         [b] Due to LAB-wide signal conflicts                ; 2                     ;       ;
;         [c] Due to LAB input limits                         ; 77                    ;       ;
;         [d] Due to virtual I/Os                             ; 0                     ;       ;
;                                                             ;                       ;       ;
; Difficulty packing design                                   ; Low                   ;       ;
;                                                             ;                       ;       ;
; Total LABs:  partially or completely used                   ; 1,454 / 11,356        ; 13 %  ;
;     -- Logic LABs                                           ; 1,454                 ;       ;
;     -- Memory LABs (up to half of total LABs)               ; 0                     ;       ;
;                                                             ;                       ;       ;
; Combinational ALUT usage for logic                          ; 7,260                 ;       ;
;     -- 7 input functions                                    ; 0                     ;       ;
;     -- 6 input functions                                    ; 64                    ;       ;
;     -- 5 input functions                                    ; 250                   ;       ;
;     -- 4 input functions                                    ; 3,431                 ;       ;
;     -- <=3 input functions                                  ; 3,515                 ;       ;
; Combinational ALUT usage for route-throughs                 ; 364                   ;       ;
;                                                             ;                       ;       ;
; Dedicated logic registers                                   ; 3,576                 ;       ;
;     -- By type:                                             ;                       ;       ;
;         -- Primary logic registers                          ; 3,574 / 227,120       ; 2 %   ;
;         -- Secondary logic registers                        ; 2 / 227,120           ; < 1 % ;
;     -- By function:                                         ;                       ;       ;
;         -- Design implementation registers                  ; 3,574                 ;       ;
;         -- Routing optimization registers                   ; 2                     ;       ;
;                                                             ;                       ;       ;
; Virtual pins                                                ; 0                     ;       ;
; I/O pins                                                    ; 36 / 616              ; 6 %   ;
;     -- Clock pins                                           ; 4 / 16                ; 25 %  ;
;     -- Dedicated input pins                                 ; 0 / 35                ; 0 %   ;
;                                                             ;                       ;       ;
; M10K blocks                                                 ; 0 / 1,220             ; 0 %   ;
; Total MLAB memory bits                                      ; 0                     ;       ;
; Total block memory bits                                     ; 0 / 12,492,800        ; 0 %   ;
; Total block memory implementation bits                      ; 0 / 12,492,800        ; 0 %   ;
;                                                             ;                       ;       ;
; Total DSP Blocks                                            ; 206 / 342             ; 60 %  ;
;                                                             ;                       ;       ;
; Fractional PLLs                                             ; 0 / 8                 ; 0 %   ;
; Global signals                                              ; 2                     ;       ;
;     -- Global clocks                                        ; 2 / 16                ; 13 %  ;
;     -- Quadrant clocks                                      ; 0 / 88                ; 0 %   ;
;     -- Horizontal periphery clocks                          ; 0 / 24                ; 0 %   ;
; SERDES Transmitters                                         ; 0 / 140               ; 0 %   ;
; SERDES Receivers                                            ; 0 / 140               ; 0 %   ;
; JTAGs                                                       ; 0 / 1                 ; 0 %   ;
; ASMI blocks                                                 ; 0 / 1                 ; 0 %   ;
; CRC blocks                                                  ; 0 / 1                 ; 0 %   ;
; Remote update blocks                                        ; 0 / 1                 ; 0 %   ;
; Oscillator blocks                                           ; 0 / 1                 ; 0 %   ;
; Hard IPs                                                    ; 0 / 2                 ; 0 %   ;
; Standard RX PCSs                                            ; 0 / 12                ; 0 %   ;
; HSSI PMA RX Deserializers                                   ; 0 / 12                ; 0 %   ;
; Standard TX PCSs                                            ; 0 / 12                ; 0 %   ;
; HSSI PMA TX Serializers                                     ; 0 / 12                ; 0 %   ;
; Channel PLLs                                                ; 0 / 12                ; 0 %   ;
; Impedance control blocks                                    ; 0 / 3                 ; 0 %   ;
; Hard Memory Controllers                                     ; 0 / 2                 ; 0 %   ;
; Average interconnect usage (total/H/V)                      ; 6.9% / 5.9% / 10.2%   ;       ;
; Peak interconnect usage (total/H/V)                         ; 34.1% / 31.2% / 43.3% ;       ;
; Maximum fan-out                                             ; 3611                  ;       ;
; Highest non-global fan-out                                  ; 3611                  ;       ;
; Total fan-out                                               ; 50567                 ;       ;
; Average fan-out                                             ; 4.40                  ;       ;
+-------------------------------------------------------------+-----------------------+-------+


+----------------------------------------------------------------------------------------------------------------------+
; Fitter Partition Statistics                                                                                          ;
+-------------------------------------------------------------+-----------------------+--------------------------------+
; Statistic                                                   ; Top                   ; hard_block:auto_generated_inst ;
+-------------------------------------------------------------+-----------------------+--------------------------------+
; Logic utilization (ALMs needed / total ALMs on device)      ; 3746 / 113560 ( 3 % ) ; 0 / 113560 ( 0 % )             ;
; ALMs needed [=A-B+C]                                        ; 3746                  ; 0                              ;
;     [A] ALMs used in final placement [=a+b+c+d]             ; 5180 / 113560 ( 5 % ) ; 0 / 113560 ( 0 % )             ;
;         [a] ALMs used for LUT logic and registers           ; 282                   ; 0                              ;
;         [b] ALMs used for LUT logic                         ; 3392                  ; 0                              ;
;         [c] ALMs used for registers                         ; 1506                  ; 0                              ;
;         [d] ALMs used for memory (up to half of total ALMs) ; 0                     ; 0                              ;
;     [B] Estimate of ALMs recoverable by dense packing       ; 1513 / 113560 ( 1 % ) ; 0 / 113560 ( 0 % )             ;
;     [C] Estimate of ALMs unavailable [=a+b+c+d]             ; 79 / 113560 ( < 1 % ) ; 0 / 113560 ( 0 % )             ;
;         [a] Due to location constrained logic               ; 0                     ; 0                              ;
;         [b] Due to LAB-wide signal conflicts                ; 2                     ; 0                              ;
;         [c] Due to LAB input limits                         ; 77                    ; 0                              ;
;         [d] Due to virtual I/Os                             ; 0                     ; 0                              ;
;                                                             ;                       ;                                ;
; Difficulty packing design                                   ; Low                   ; Low                            ;
;                                                             ;                       ;                                ;
; Total LABs:  partially or completely used                   ; 1454 / 11356 ( 13 % ) ; 0 / 11356 ( 0 % )              ;
;     -- Logic LABs                                           ; 1454                  ; 0                              ;
;     -- Memory LABs (up to half of total LABs)               ; 0                     ; 0                              ;
;                                                             ;                       ;                                ;
; Combinational ALUT usage for logic                          ; 7260                  ; 0                              ;
;     -- 7 input functions                                    ; 0                     ; 0                              ;
;     -- 6 input functions                                    ; 64                    ; 0                              ;
;     -- 5 input functions                                    ; 250                   ; 0                              ;
;     -- 4 input functions                                    ; 3431                  ; 0                              ;
;     -- <=3 input functions                                  ; 3515                  ; 0                              ;
; Combinational ALUT usage for route-throughs                 ; 364                   ; 0                              ;
; Memory ALUT usage                                           ; 0                     ; 0                              ;
;     -- 64-address deep                                      ; 0                     ; 0                              ;
;     -- 32-address deep                                      ; 0                     ; 0                              ;
;                                                             ;                       ;                                ;
; Dedicated logic registers                                   ; 0                     ; 0                              ;
;     -- By type:                                             ;                       ;                                ;
;         -- Primary logic registers                          ; 3574 / 227120 ( 2 % ) ; 0 / 227120 ( 0 % )             ;
;         -- Secondary logic registers                        ; 2 / 227120 ( < 1 % )  ; 0 / 227120 ( 0 % )             ;
;     -- By function:                                         ;                       ;                                ;
;         -- Design implementation registers                  ; 3574                  ; 0                              ;
;         -- Routing optimization registers                   ; 2                     ; 0                              ;
;                                                             ;                       ;                                ;
;                                                             ;                       ;                                ;
; Virtual pins                                                ; 0                     ; 0                              ;
; I/O pins                                                    ; 36                    ; 0                              ;
; I/O registers                                               ; 0                     ; 0                              ;
; Total block memory bits                                     ; 0                     ; 0                              ;
; Total block memory implementation bits                      ; 0                     ; 0                              ;
; DSP block                                                   ; 206 / 342 ( 60 % )    ; 0 / 342 ( 0 % )                ;
; Clock enable block                                          ; 2 / 128 ( 1 % )       ; 0 / 128 ( 0 % )                ;
;                                                             ;                       ;                                ;
; Connections                                                 ;                       ;                                ;
;     -- Input Connections                                    ; 0                     ; 0                              ;
;     -- Registered Input Connections                         ; 0                     ; 0                              ;
;     -- Output Connections                                   ; 0                     ; 0                              ;
;     -- Registered Output Connections                        ; 0                     ; 0                              ;
;                                                             ;                       ;                                ;
; Internal Connections                                        ;                       ;                                ;
;     -- Total Connections                                    ; 54571                 ; 0                              ;
;     -- Registered Connections                               ; 11249                 ; 0                              ;
;                                                             ;                       ;                                ;
; External Connections                                        ;                       ;                                ;
;     -- Top                                                  ; 0                     ; 0                              ;
;     -- hard_block:auto_generated_inst                       ; 0                     ; 0                              ;
;                                                             ;                       ;                                ;
; Partition Interface                                         ;                       ;                                ;
;     -- Input Ports                                          ; 19                    ; 0                              ;
;     -- Output Ports                                         ; 17                    ; 0                              ;
;     -- Bidir Ports                                          ; 0                     ; 0                              ;
;                                                             ;                       ;                                ;
; Registered Ports                                            ;                       ;                                ;
;     -- Registered Input Ports                               ; 0                     ; 0                              ;
;     -- Registered Output Ports                              ; 0                     ; 0                              ;
;                                                             ;                       ;                                ;
; Port Connectivity                                           ;                       ;                                ;
;     -- Input Ports driven by GND                            ; 0                     ; 0                              ;
;     -- Output Ports driven by GND                           ; 0                     ; 0                              ;
;     -- Input Ports driven by VCC                            ; 0                     ; 0                              ;
;     -- Output Ports driven by VCC                           ; 0                     ; 0                              ;
;     -- Input Ports with no Source                           ; 0                     ; 0                              ;
;     -- Output Ports with no Source                          ; 0                     ; 0                              ;
;     -- Input Ports with no Fanout                           ; 0                     ; 0                              ;
;     -- Output Ports with no Fanout                          ; 0                     ; 0                              ;
+-------------------------------------------------------------+-----------------------+--------------------------------+


+----------------------------------------------------------------------------------------------------------------------------------------------------------------------------------------------------------------------------------------------------------------------------------------------+
; Input Pins                                                                                                                                                                                                                                                                                   ;
+---------------+-------+----------+--------------+--------------+--------------+-----------------------+--------------------+--------+----------------+-----------------+----------+--------------+--------------+-------------+---------------------------+----------------------+-----------+
; Name          ; Pin # ; I/O Bank ; X coordinate ; Y coordinate ; Z coordinate ; Combinational Fan-Out ; Registered Fan-Out ; Global ; Input Register ; PCI I/O Enabled ; Bus Hold ; Weak Pull Up ; I/O Standard ; Termination ; Termination Control Block ; Location assigned by ; Slew Rate ;
+---------------+-------+----------+--------------+--------------+--------------+-----------------------+--------------------+--------+----------------+-----------------+----------+--------------+--------------+-------------+---------------------------+----------------------+-----------+
; clk           ; AC17  ; 3B       ; 46           ; 0            ; 17           ; 3576                  ; 0                  ; yes    ; no             ; no              ; no       ; Off          ; 2.5 V        ; Off         ; --                        ; Fitter               ; no        ;
; rst_n         ; V27   ; 5B       ; 121          ; 51           ; 60           ; 3576                  ; 0                  ; yes    ; no             ; no              ; no       ; Off          ; 2.5 V        ; Off         ; --                        ; Fitter               ; no        ;
; sample_in[0]  ; L31   ; 6A       ; 121          ; 82           ; 94           ; 3                     ; 0                  ; no     ; no             ; no              ; no       ; Off          ; 2.5 V        ; Off         ; --                        ; Fitter               ; no        ;
; sample_in[10] ; R33   ; 6A       ; 121          ; 74           ; 60           ; 3                     ; 0                  ; no     ; no             ; no              ; no       ; Off          ; 2.5 V        ; Off         ; --                        ; Fitter               ; no        ;
; sample_in[11] ; K33   ; 6A       ; 121          ; 74           ; 77           ; 3                     ; 0                  ; no     ; no             ; no              ; no       ; Off          ; 2.5 V        ; Off         ; --                        ; Fitter               ; no        ;
; sample_in[12] ; M30   ; 6A       ; 121          ; 91           ; 20           ; 3                     ; 0                  ; no     ; no             ; no              ; no       ; Off          ; 2.5 V        ; Off         ; --                        ; Fitter               ; no        ;
; sample_in[13] ; G33   ; 6A       ; 121          ; 79           ; 54           ; 3                     ; 0                  ; no     ; no             ; no              ; no       ; Off          ; 2.5 V        ; Off         ; --                        ; Fitter               ; no        ;
; sample_in[14] ; R25   ; 6A       ; 121          ; 77           ; 20           ; 3                     ; 0                  ; no     ; no             ; no              ; no       ; Off          ; 2.5 V        ; Off         ; --                        ; Fitter               ; no        ;
; sample_in[15] ; R27   ; 6A       ; 121          ; 76           ; 3            ; 11                    ; 0                  ; no     ; no             ; no              ; no       ; Off          ; 2.5 V        ; Off         ; --                        ; Fitter               ; no        ;
; sample_in[1]  ; E17   ; 8A       ; 52           ; 115          ; 17           ; 3                     ; 0                  ; no     ; no             ; no              ; no       ; Off          ; 2.5 V        ; Off         ; --                        ; Fitter               ; no        ;
; sample_in[2]  ; A16   ; 8A       ; 50           ; 115          ; 51           ; 3                     ; 0                  ; no     ; no             ; no              ; no       ; Off          ; 2.5 V        ; Off         ; --                        ; Fitter               ; no        ;
; sample_in[3]  ; E18   ; 8A       ; 52           ; 115          ; 0            ; 3                     ; 0                  ; no     ; no             ; no              ; no       ; Off          ; 2.5 V        ; Off         ; --                        ; Fitter               ; no        ;
; sample_in[4]  ; M16   ; 8A       ; 50           ; 115          ; 0            ; 3                     ; 0                  ; no     ; no             ; no              ; no       ; Off          ; 2.5 V        ; Off         ; --                        ; Fitter               ; no        ;
; sample_in[5]  ; AM28  ; 4A       ; 88           ; 0            ; 34           ; 3                     ; 0                  ; no     ; no             ; no              ; no       ; Off          ; 2.5 V        ; Off         ; --                        ; Fitter               ; no        ;
; sample_in[6]  ; B18   ; 8A       ; 52           ; 115          ; 34           ; 3                     ; 0                  ; no     ; no             ; no              ; no       ; Off          ; 2.5 V        ; Off         ; --                        ; Fitter               ; no        ;
; sample_in[7]  ; B15   ; 8A       ; 48           ; 115          ; 74           ; 3                     ; 0                  ; no     ; no             ; no              ; no       ; Off          ; 2.5 V        ; Off         ; --                        ; Fitter               ; no        ;
; sample_in[8]  ; N32   ; 6A       ; 121          ; 77           ; 37           ; 3                     ; 0                  ; no     ; no             ; no              ; no       ; Off          ; 2.5 V        ; Off         ; --                        ; Fitter               ; no        ;
; sample_in[9]  ; L17   ; 8A       ; 50           ; 115          ; 17           ; 3                     ; 0                  ; no     ; no             ; no              ; no       ; Off          ; 2.5 V        ; Off         ; --                        ; Fitter               ; no        ;
; sample_valid  ; AF30  ; 5A       ; 121          ; 30           ; 20           ; 3611                  ; 0                  ; no     ; no             ; no              ; no       ; Off          ; 2.5 V        ; Off         ; --                        ; Fitter               ; no        ;
+---------------+-------+----------+--------------+--------------+--------------+-----------------------+--------------------+--------+----------------+-----------------+----------+--------------+--------------+-------------+---------------------------+----------------------+-----------+


+-------------------------------------------------------------------------------------------------------------------------------------------------------------------------------------------------------------------------------------------------------------------------------------------------------------------------------------------------------------------------------------------------------------------------------------------------------------------------------------------------------+
; Output Pins                                                                                                                                                                                                                                                                                                                                                                                                                                                                                           ;
+------------------+-------+----------+--------------+--------------+--------------+-----------------+------------------------+-----------+-----------------+------------+---------------+----------+--------------+--------------+------------------+-----------------------------------+---------------------------+----------------------------+-----------------------------+---------------------+-----------------------------+----------------------+----------------------+---------------------+
; Name             ; Pin # ; I/O Bank ; X coordinate ; Y coordinate ; Z coordinate ; Output Register ; Output Enable Register ; Slew Rate ; PCI I/O Enabled ; Open Drain ; TRI Primitive ; Bus Hold ; Weak Pull Up ; I/O Standard ; Current Strength ; Termination                       ; Termination Control Block ; Output Buffer Pre-emphasis ; Voltage Output Differential ; Output Buffer Delay ; Output Buffer Delay Control ; Location assigned by ; Output Enable Source ; Output Enable Group ;
+------------------+-------+----------+--------------+--------------+--------------+-----------------+------------------------+-----------+-----------------+------------+---------------+----------+--------------+--------------+------------------+-----------------------------------+---------------------------+----------------------------+-----------------------------+---------------------+-----------------------------+----------------------+----------------------+---------------------+
; sample_out[0]    ; A22   ; 7A       ; 69           ; 115          ; 51           ; no              ; no                     ; 1         ; no              ; no         ; no            ; no       ; Off          ; 2.5 V        ; Default          ; Series 50 Ohm without Calibration ; --                        ; no                         ; no                          ; 0                   ; Off                         ; Fitter               ; -                    ; -                   ;
; sample_out[10]   ; L18   ; 7A       ; 67           ; 115          ; 17           ; no              ; no                     ; 1         ; no              ; no         ; no            ; no       ; Off          ; 2.5 V        ; Default          ; Series 50 Ohm without Calibration ; --                        ; no                         ; no                          ; 0                   ; Off                         ; Fitter               ; -                    ; -                   ;
; sample_out[11]   ; A21   ; 7A       ; 65           ; 115          ; 74           ; no              ; no                     ; 1         ; no              ; no         ; no            ; no       ; Off          ; 2.5 V        ; Default          ; Series 50 Ohm without Calibration ; --                        ; no                         ; no                          ; 0                   ; Off                         ; Fitter               ; -                    ; -                   ;
; sample_out[12]   ; E19   ; 7A       ; 67           ; 115          ; 34           ; no              ; no                     ; 1         ; no              ; no         ; no            ; no       ; Off          ; 2.5 V        ; Default          ; Series 50 Ohm without Calibration ; --                        ; no                         ; no                          ; 0                   ; Off                         ; Fitter               ; -                    ; -                   ;
; sample_out[13]   ; A17   ; 8A       ; 50           ; 115          ; 34           ; no              ; no                     ; 1         ; no              ; no         ; no            ; no       ; Off          ; 2.5 V        ; Default          ; Series 50 Ohm without Calibration ; --                        ; no                         ; no                          ; 0                   ; Off                         ; Fitter               ; -                    ; -                   ;
; sample_out[14]   ; H18   ; 7A       ; 71           ; 115          ; 17           ; no              ; no                     ; 1         ; no              ; no         ; no            ; no       ; Off          ; 2.5 V        ; Default          ; Series 50 Ohm without Calibration ; --                        ; no                         ; no                          ; 0                   ; Off                         ; Fitter               ; -                    ; -                   ;
; sample_out[15]   ; B19   ; 7A       ; 65           ; 115          ; 57           ; no              ; no                     ; 1         ; no              ; no         ; no            ; no       ; Off          ; 2.5 V        ; Default          ; Series 50 Ohm without Calibration ; --                        ; no                         ; no                          ; 0                   ; Off                         ; Fitter               ; -                    ; -                   ;
; sample_out[1]    ; A20   ; 7A       ; 65           ; 115          ; 91           ; no              ; no                     ; 1         ; no              ; no         ; no            ; no       ; Off          ; 2.5 V        ; Default          ; Series 50 Ohm without Calibration ; --                        ; no                         ; no                          ; 0                   ; Off                         ; Fitter               ; -                    ; -                   ;
; sample_out[2]    ; D20   ; 7A       ; 73           ; 115          ; 57           ; no              ; no                     ; 1         ; no              ; no         ; no            ; no       ; Off          ; 2.5 V        ; Default          ; Series 50 Ohm without Calibration ; --                        ; no                         ; no                          ; 0                   ; Off                         ; Fitter               ; -                    ; -                   ;
; sample_out[3]    ; B20   ; 7A       ; 65           ; 115          ; 40           ; no              ; no                     ; 1         ; no              ; no         ; no            ; no       ; Off          ; 2.5 V        ; Default          ; Series 50 Ohm without Calibration ; --                        ; no                         ; no                          ; 0                   ; Off                         ; Fitter               ; -                    ; -                   ;
; sample_out[4]    ; C18   ; 8A       ; 54           ; 115          ; 34           ; no              ; no                     ; 1         ; no              ; no         ; no            ; no       ; Off          ; 2.5 V        ; Default          ; Series 50 Ohm without Calibration ; --                        ; no                         ; no                          ; 0                   ; Off                         ; Fitter               ; -                    ; -                   ;
; sample_out[5]    ; C17   ; 8A       ; 54           ; 115          ; 51           ; no              ; no                     ; 1         ; no              ; no         ; no            ; no       ; Off          ; 2.5 V        ; Default          ; Series 50 Ohm without Calibration ; --                        ; no                         ; no                          ; 0                   ; Off                         ; Fitter               ; -                    ; -                   ;
; sample_out[6]    ; G18   ; 8A       ; 54           ; 115          ; 0            ; no              ; no                     ; 1         ; no              ; no         ; no            ; no       ; Off          ; 2.5 V        ; Default          ; Series 50 Ohm without Calibration ; --                        ; no                         ; no                          ; 0                   ; Off                         ; Fitter               ; -                    ; -                   ;
; sample_out[7]    ; A18   ; 8A       ; 52           ; 115          ; 51           ; no              ; no                     ; 1         ; no              ; no         ; no            ; no       ; Off          ; 2.5 V        ; Default          ; Series 50 Ohm without Calibration ; --                        ; no                         ; no                          ; 0                   ; Off                         ; Fitter               ; -                    ; -                   ;
; sample_out[8]    ; M18   ; 7A       ; 67           ; 115          ; 0            ; no              ; no                     ; 1         ; no              ; no         ; no            ; no       ; Off          ; 2.5 V        ; Default          ; Series 50 Ohm without Calibration ; --                        ; no                         ; no                          ; 0                   ; Off                         ; Fitter               ; -                    ; -                   ;
; sample_out[9]    ; D19   ; 7A       ; 67           ; 115          ; 51           ; no              ; no                     ; 1         ; no              ; no         ; no            ; no       ; Off          ; 2.5 V        ; Default          ; Series 50 Ohm without Calibration ; --                        ; no                         ; no                          ; 0                   ; Off                         ; Fitter               ; -                    ; -                   ;
; sample_out_valid ; B23   ; 7A       ; 71           ; 115          ; 34           ; no              ; no                     ; 1         ; no              ; no         ; no            ; no       ; Off          ; 2.5 V        ; Default          ; Series 50 Ohm without Calibration ; --                        ; no                         ; no                          ; 0                   ; Off                         ; Fitter               ; -                    ; -                   ;
+------------------+-------+----------+--------------+--------------+--------------+-----------------+------------------------+-----------+-----------------+------------+---------------+----------+--------------+--------------+------------------+-----------------------------------+---------------------------+----------------------------+-----------------------------+---------------------+-----------------------------+----------------------+----------------------+---------------------+


+----------------------------------------------------------------------------+
; I/O Bank Usage                                                             ;
+----------+------------------+---------------+--------------+---------------+
; I/O Bank ; Usage            ; VCCIO Voltage ; VREF Voltage ; VCCPD Voltage ;
+----------+------------------+---------------+--------------+---------------+
; B3L      ; 0 / 14 ( 0 % )   ; --            ; --           ; --            ;
; B2L      ; 0 / 14 ( 0 % )   ; --            ; --           ; --            ;
; B1L      ; 0 / 14 ( 0 % )   ; --            ; --           ; --            ;
; B0L      ; 0 / 14 ( 0 % )   ; --            ; --           ; --            ;
; 3A       ; 0 / 48 ( 0 % )   ; 2.5V          ; --           ; 2.5V          ;
; 3B       ; 1 / 48 ( 2 % )   ; 2.5V          ; --           ; 2.5V          ;
; 4A       ; 1 / 96 ( 1 % )   ; 2.5V          ; --           ; 2.5V          ;
; 5A       ; 1 / 48 ( 2 % )   ; 2.5V          ; --           ; 2.5V          ;
; 5B       ; 1 / 48 ( 2 % )   ; 2.5V          ; --           ; 2.5V          ;
; 6A       ; 8 / 80 ( 10 % )  ; 2.5V          ; --           ; 2.5V          ;
; 7A       ; 12 / 96 ( 13 % ) ; 2.5V          ; --           ; 2.5V          ;
; 8A       ; 12 / 96 ( 13 % ) ; 2.5V          ; --           ; 2.5V          ;
+----------+------------------+---------------+--------------+---------------+


+-----------------------------------------------------------------------------------------------------------------------------------------------------------------------------+
; All Package Pins                                                                                                                                                            ;
+----------+------------+----------+---------------------------------+--------+--------------+---------------------+--------------+-----------------+----------+--------------+
; Location ; Pad Number ; I/O Bank ; Pin Name/Usage                  ; Dir.   ; I/O Standard ; Voltage             ; I/O Type     ; User Assignment ; Bus Hold ; Weak Pull Up ;
+----------+------------+----------+---------------------------------+--------+--------------+---------------------+--------------+-----------------+----------+--------------+
; A2       ; 604        ; 8A       ; RESERVED_INPUT_WITH_WEAK_PULLUP ;        ;              ;                     ; Column I/O   ;                 ; no       ; On           ;
; A3       ; 594        ; 8A       ; RESERVED_INPUT_WITH_WEAK_PULLUP ;        ;              ;                     ; Column I/O   ;                 ; no       ; On           ;
; A4       ;            ;          ; GND                             ; gnd    ;              ;                     ; --           ;                 ; --       ; --           ;
; A5       ; 582        ; 8A       ; RESERVED_INPUT_WITH_WEAK_PULLUP ;        ;              ;                     ; Column I/O   ;                 ; no       ; On           ;
; A6       ; 566        ; 8A       ; RESERVED_INPUT_WITH_WEAK_PULLUP ;        ;              ;                     ; Column I/O   ;                 ; no       ; On           ;
; A7       ; 564        ; 8A       ; RESERVED_INPUT_WITH_WEAK_PULLUP ;        ;              ;                     ; Column I/O   ;                 ; no       ; On           ;
; A8       ; 569        ; 8A       ; RESERVED_INPUT_WITH_WEAK_PULLUP ;        ;              ;                     ; Column I/O   ;                 ; no       ; On           ;
; A9       ;            ;          ; GND                             ; gnd    ;              ;                     ; --           ;                 ; --       ; --           ;
; A10      ; 562        ; 8A       ; RESERVED_INPUT_WITH_WEAK_PULLUP ;        ;              ;                     ; Column I/O   ;                 ; no       ; On           ;
; A11      ; 550        ; 8A       ; RESERVED_INPUT_WITH_WEAK_PULLUP ;        ;              ;                     ; Column I/O   ;                 ; no       ; On           ;
; A12      ; 548        ; 8A       ; RESERVED_INPUT_WITH_WEAK_PULLUP ;        ;              ;                     ; Column I/O   ;                 ; no       ; On           ;
; A13      ; 554        ; 8A       ; RESERVED_INPUT_WITH_WEAK_PULLUP ;        ;              ;                     ; Column I/O   ;                 ; no       ; On           ;
; A14      ;            ; 8A       ; VCCIO8A                         ; power  ;              ; 2.5V                ; --           ;                 ; --       ; --           ;
; A15      ; 546        ; 8A       ; RESERVED_INPUT_WITH_WEAK_PULLUP ;        ;              ;                     ; Column I/O   ;                 ; no       ; On           ;
; A16      ; 542        ; 8A       ; sample_in[2]                    ; input  ; 2.5 V        ;                     ; Column I/O   ; N               ; no       ; Off          ;
; A17      ; 540        ; 8A       ; sample_out[13]                  ; output ; 2.5 V        ;                     ; Column I/O   ; N               ; no       ; Off          ;
; A18      ; 538        ; 8A       ; sample_out[7]                   ; output ; 2.5 V        ;                     ; Column I/O   ; N               ; no       ; Off          ;
; A19      ;            ;          ; GND                             ; gnd    ;              ;                     ; --           ;                 ; --       ; --           ;
; A20      ; 530        ; 7A       ; sample_out[1]                   ; output ; 2.5 V        ;                     ; Column I/O   ; N               ; no       ; Off          ;
; A21      ; 528        ; 7A       ; sample_out[11]                  ; output ; 2.5 V        ;                     ; Column I/O   ; N               ; no       ; Off          ;
; A22      ; 522        ; 7A       ; sample_out[0]                   ; output ; 2.5 V        ;                     ; Column I/O   ; N               ; no       ; Off          ;
; A23      ; 520        ; 7A       ; RESERVED_INPUT_WITH_WEAK_PULLUP ;        ;              ;                     ; Column I/O   ;                 ; no       ; On           ;
; A24      ;            ; 7A       ; VCCIO7A                         ; power  ;              ; 2.5V                ; --           ;                 ; --       ; --           ;
; A25      ; 514        ; 7A       ; RESERVED_INPUT_WITH_WEAK_PULLUP ;        ;              ;                     ; Column I/O   ;                 ; no       ; On           ;
; A26      ; 512        ; 7A       ; RESERVED_INPUT_WITH_WEAK_PULLUP ;        ;              ;                     ; Column I/O   ;                 ; no       ; On           ;
; A27      ; 502        ; 7A       ; RESERVED_INPUT_WITH_WEAK_PULLUP ;        ;              ;                     ; Column I/O   ;                 ; no       ; On           ;
; A28      ; 500        ; 7A       ; RESERVED_INPUT_WITH_WEAK_PULLUP ;        ;              ;                     ; Column I/O   ;                 ; no       ; On           ;
; A29      ;            ;          ; GND                             ; gnd    ;              ;                     ; --           ;                 ; --       ; --           ;
; A30      ;            ;          ; NC                              ;        ;              ;                     ; --           ;                 ; --       ; --           ;
; A31      ;            ;          ; NC                              ;        ;              ;                     ; --           ;                 ; --       ; --           ;
; A32      ;            ;          ; NC                              ;        ;              ;                     ; --           ;                 ; --       ; --           ;
; A33      ;            ;          ; NC                              ;        ;              ;                     ; --           ;                 ; --       ; --           ;
; AA1      ; 37         ; B1L      ; GND                             ;        ;              ;                     ; --           ;                 ; --       ; --           ;
; AA2      ; 36         ; B1L      ; GND                             ;        ;              ;                     ; --           ;                 ; --       ; --           ;
; AA3      ;            ;          ; GND                             ; gnd    ;              ;                     ; --           ;                 ; --       ; --           ;
; AA4      ;            ;          ; GND                             ; gnd    ;              ;                     ; --           ;                 ; --       ; --           ;
; AA5      ;            ;          ; GND                             ; gnd    ;              ;                     ; --           ;                 ; --       ; --           ;
; AA6      ;            ;          ; GND                             ; gnd    ;              ;                     ; --           ;                 ; --       ; --           ;
; AA7      ;            ; --       ; VCCL_GXBL                       ; power  ;              ; 1.1V                ; --           ;                 ; --       ; --           ;
; AA8      ;            ;          ; GND                             ; gnd    ;              ;                     ; --           ;                 ; --       ; --           ;
; AA9      ;            ; --       ; VCCE_GXBL                       ; power  ;              ; 1.1V                ; --           ;                 ; --       ; --           ;
; AA10     ;            ;          ; GND                             ; gnd    ;              ;                     ; --           ;                 ; --       ; --           ;
; AA11     ; 54         ; B0L      ; GND                             ;        ;              ;                     ; Row I/O      ;                 ; --       ; --           ;
; AA12     ;            ;          ; GND                             ; gnd    ;              ;                     ; --           ;                 ; --       ; --           ;
; AA13     ;            ; --       ; VCC                             ; power  ;              ; 1.1V                ; --           ;                 ; --       ; --           ;
; AA14     ;            ;          ; GND                             ; gnd    ;              ;                     ; --           ;                 ; --       ; --           ;
; AA15     ; 112        ; 3A       ; RESERVED_INPUT_WITH_WEAK_PULLUP ;        ;              ;                     ; Column I/O   ;                 ; no       ; On           ;
; AA16     ; 136        ; 3B       ; RESERVED_INPUT_WITH_WEAK_PULLUP ;        ;              ;                     ; Column I/O   ;                 ; no       ; On           ;
; AA17     ; 150        ; 3B       ; RESERVED_INPUT_WITH_WEAK_PULLUP ;        ;              ;                     ; Column I/O   ;                 ; no       ; On           ;
; AA18     ; 152        ; 3B       ; RESERVED_INPUT_WITH_WEAK_PULLUP ;        ;              ;                     ; Column I/O   ;                 ; no       ; On           ;
; AA19     ;            ;          ; GND                             ; gnd    ;              ;                     ; --           ;                 ; --       ; --           ;
; AA20     ; 214        ; 4A       ; RESERVED_INPUT_WITH_WEAK_PULLUP ;        ;              ;                     ; Column I/O   ;                 ; no       ; On           ;
; AA21     ; 267        ; 5A       ; RESERVED_INPUT_WITH_WEAK_PULLUP ;        ;              ;                     ; Row I/O      ;                 ; no       ; On           ;
; AA22     ; 269        ; 5A       ; RESERVED_INPUT_WITH_WEAK_PULLUP ;        ;              ;                     ; Row I/O      ;                 ; no       ; On           ;
; AA23     ; 282        ; 5A       ; RESERVED_INPUT_WITH_WEAK_PULLUP ;        ;              ;                     ; Row I/O      ;                 ; no       ; On           ;
; AA24     ;            ; 5A       ; VCCIO5A                         ; power  ;              ; 2.5V                ; --           ;                 ; --       ; --           ;
; AA25     ; 276        ; 5A       ; RESERVED_INPUT_WITH_WEAK_PULLUP ;        ;              ;                     ; Row I/O      ;                 ; no       ; On           ;
; AA26     ;            ; 5A       ; VCCPD5A                         ; power  ;              ; 2.5V                ; --           ;                 ; --       ; --           ;
; AA27     ; 290        ; 5A       ; RESERVED_INPUT_WITH_WEAK_PULLUP ;        ;              ;                     ; Row I/O      ;                 ; no       ; On           ;
; AA28     ; 292        ; 5A       ; RESERVED_INPUT_WITH_WEAK_PULLUP ;        ;              ;                     ; Row I/O      ;                 ; no       ; On           ;
; AA29     ;            ;          ; GND                             ; gnd    ;              ;                     ; --           ;                 ; --       ; --           ;
; AA30     ; 288        ; 5A       ; RESERVED_INPUT_WITH_WEAK_PULLUP ;        ;              ;                     ; Row I/O      ;                 ; no       ; On           ;
; AA31     ; 323        ; 5B       ; RESERVED_INPUT_WITH_WEAK_PULLUP ;        ;              ;                     ; Row I/O      ;                 ; no       ; On           ;
; AA32     ; 306        ; 5B       ; RESERVED_INPUT_WITH_WEAK_PULLUP ;        ;              ;                     ; Row I/O      ;                 ; no       ; On           ;
; AA33     ; 357        ; 6A       ; RESERVED_INPUT_WITH_WEAK_PULLUP ;        ;              ;                     ; Row I/O      ;                 ; no       ; On           ;
; AA34     ;            ;          ; GND                             ; gnd    ;              ;                     ; --           ;                 ; --       ; --           ;
; AB1      ;            ;          ; GND                             ; gnd    ;              ;                     ; --           ;                 ; --       ; --           ;
; AB2      ;            ;          ; GND                             ; gnd    ;              ;                     ; --           ;                 ; --       ; --           ;
; AB3      ; 38         ; B1L      ; GXB_NC                          ;        ;              ;                     ; --           ;                 ; --       ; --           ;
; AB4      ; 39         ; B1L      ; GXB_NC                          ;        ;              ;                     ; --           ;                 ; --       ; --           ;
; AB5      ;            ;          ; GND                             ; gnd    ;              ;                     ; --           ;                 ; --       ; --           ;
; AB6      ;            ;          ; GND                             ; gnd    ;              ;                     ; --           ;                 ; --       ; --           ;
; AB7      ;            ;          ; GND                             ; gnd    ;              ;                     ; --           ;                 ; --       ; --           ;
; AB8      ;            ; --       ; VCCH_GXBL                       ; power  ;              ; 2.5V                ; --           ;                 ; --       ; --           ;
; AB9      ;            ;          ; GND                             ; gnd    ;              ;                     ; --           ;                 ; --       ; --           ;
; AB10     ; 55         ; B0L      ; GND                             ;        ;              ;                     ; Row I/O      ;                 ; --       ; --           ;
; AB11     ;            ;          ; GND                             ; gnd    ;              ;                     ; --           ;                 ; --       ; --           ;
; AB12     ;            ;          ; GND                             ; gnd    ;              ;                     ; --           ;                 ; --       ; --           ;
; AB13     ; 86         ; 3A       ; RESERVED_INPUT_WITH_WEAK_PULLUP ;        ;              ;                     ; Column I/O   ;                 ; no       ; On           ;
; AB14     ; 88         ; 3A       ; RESERVED_INPUT_WITH_WEAK_PULLUP ;        ;              ;                     ; Column I/O   ;                 ; no       ; On           ;
; AB15     ; 110        ; 3A       ; RESERVED_INPUT_WITH_WEAK_PULLUP ;        ;              ;                     ; Column I/O   ;                 ; no       ; On           ;
; AB16     ; 134        ; 3B       ; RESERVED_INPUT_WITH_WEAK_PULLUP ;        ;              ;                     ; Column I/O   ;                 ; no       ; On           ;
; AB17     ;            ; 3B       ; VCCIO3B                         ; power  ;              ; 2.5V                ; --           ;                 ; --       ; --           ;
; AB18     ; 158        ; 3B       ; RESERVED_INPUT_WITH_WEAK_PULLUP ;        ;              ;                     ; Column I/O   ;                 ; no       ; On           ;
; AB19     ; 168        ; 4A       ; RESERVED_INPUT_WITH_WEAK_PULLUP ;        ;              ;                     ; Column I/O   ;                 ; no       ; On           ;
; AB20     ; 206        ; 4A       ; RESERVED_INPUT_WITH_WEAK_PULLUP ;        ;              ;                     ; Column I/O   ;                 ; no       ; On           ;
; AB21     ; 208        ; 4A       ; RESERVED_INPUT_WITH_WEAK_PULLUP ;        ;              ;                     ; Column I/O   ;                 ; no       ; On           ;
; AB22     ;            ;          ; GND                             ; gnd    ;              ;                     ; --           ;                 ; --       ; --           ;
; AB23     ; 265        ; 5A       ; RESERVED_INPUT_WITH_WEAK_PULLUP ;        ;              ;                     ; Row I/O      ;                 ; no       ; On           ;
; AB24     ; 263        ; 5A       ; RESERVED_INPUT_WITH_WEAK_PULLUP ;        ;              ;                     ; Row I/O      ;                 ; no       ; On           ;
; AB25     ; 274        ; 5A       ; RESERVED_INPUT_WITH_WEAK_PULLUP ;        ;              ;                     ; Row I/O      ;                 ; no       ; On           ;
; AB26     ;            ; 5A       ; VCCPD5A                         ; power  ;              ; 2.5V                ; --           ;                 ; --       ; --           ;
; AB27     ;            ; 5A       ; VCCIO5A                         ; power  ;              ; 2.5V                ; --           ;                 ; --       ; --           ;
; AB28     ; 278        ; 5A       ; RESERVED_INPUT_WITH_WEAK_PULLUP ;        ;              ;                     ; Row I/O      ;                 ; no       ; On           ;
; AB29     ; 280        ; 5A       ; RESERVED_INPUT_WITH_WEAK_PULLUP ;        ;              ;                     ; Row I/O      ;                 ; no       ; On           ;
; AB30     ; 286        ; 5A       ; RESERVED_INPUT_WITH_WEAK_PULLUP ;        ;              ;                     ; Row I/O      ;                 ; no       ; On           ;
; AB31     ; 325        ; 5B       ; RESERVED_INPUT_WITH_WEAK_PULLUP ;        ;              ;                     ; Row I/O      ;                 ; no       ; On           ;
; AB32     ;            ;          ; GND                             ; gnd    ;              ;                     ; --           ;                 ; --       ; --           ;
; AB33     ; 351        ; 5B       ; RESERVED_INPUT_WITH_WEAK_PULLUP ;        ;              ;                     ; Row I/O      ;                 ; no       ; On           ;
; AB34     ; 353        ; 5B       ; RESERVED_INPUT_WITH_WEAK_PULLUP ;        ;              ;                     ; Row I/O      ;                 ; no       ; On           ;
; AC1      ; 41         ; B1L      ; GND                             ;        ;              ;                     ; --           ;                 ; --       ; --           ;
; AC2      ; 40         ; B1L      ; GND                             ;        ;              ;                     ; --           ;                 ; --       ; --           ;
; AC3      ;            ;          ; GND                             ; gnd    ;              ;                     ; --           ;                 ; --       ; --           ;
; AC4      ;            ;          ; GND                             ; gnd    ;              ;                     ; --           ;                 ; --       ; --           ;
; AC5      ;            ;          ; GND                             ; gnd    ;              ;                     ; --           ;                 ; --       ; --           ;
; AC6      ;            ;          ; GND                             ; gnd    ;              ;                     ; --           ;                 ; --       ; --           ;
; AC7      ;            ; --       ; VCCL_GXBL                       ; power  ;              ; 1.1V                ; --           ;                 ; --       ; --           ;
; AC8      ;            ;          ; GND                             ; gnd    ;              ;                     ; --           ;                 ; --       ; --           ;
; AC9      ;            ; --       ; VCCE_GXBL                       ; power  ;              ; 1.1V                ; --           ;                 ; --       ; --           ;
; AC10     ;            ;          ; GND                             ; gnd    ;              ;                     ; --           ;                 ; --       ; --           ;
; AC11     ;            ; --       ; VCCA_FPLL                       ; power  ;              ; 2.5V                ; --           ;                 ; --       ; --           ;
; AC12     ; 78         ; 3A       ; RESERVED_INPUT_WITH_WEAK_PULLUP ;        ;              ;                     ; Column I/O   ;                 ; no       ; On           ;
; AC13     ; 80         ; 3A       ; RESERVED_INPUT_WITH_WEAK_PULLUP ;        ;              ;                     ; Column I/O   ;                 ; no       ; On           ;
; AC14     ; 102        ; 3A       ; RESERVED_INPUT_WITH_WEAK_PULLUP ;        ;              ;                     ; Column I/O   ;                 ; no       ; On           ;
; AC15     ;            ;          ; GND                             ; gnd    ;              ;                     ; --           ;                 ; --       ; --           ;
; AC16     ; 128        ; 3B       ; RESERVED_INPUT_WITH_WEAK_PULLUP ;        ;              ;                     ; Column I/O   ;                 ; no       ; On           ;
; AC17     ; 142        ; 3B       ; clk                             ; input  ; 2.5 V        ;                     ; Column I/O   ; N               ; no       ; Off          ;
; AC18     ; 160        ; 3B       ; RESERVED_INPUT_WITH_WEAK_PULLUP ;        ;              ;                     ; Column I/O   ;                 ; no       ; On           ;
; AC19     ; 166        ; 4A       ; RESERVED_INPUT_WITH_WEAK_PULLUP ;        ;              ;                     ; Column I/O   ;                 ; no       ; On           ;
; AC20     ;            ; 4A       ; VCCIO4A                         ; power  ;              ; 2.5V                ; --           ;                 ; --       ; --           ;
; AC21     ; 232        ; 4A       ; RESERVED_INPUT_WITH_WEAK_PULLUP ;        ;              ;                     ; Column I/O   ;                 ; no       ; On           ;
; AC22     ; 248        ; 4A       ; RESERVED_INPUT_WITH_WEAK_PULLUP ;        ;              ;                     ; Column I/O   ;                 ; no       ; On           ;
; AC23     ; 259        ; 5A       ; RESERVED_INPUT_WITH_WEAK_PULLUP ;        ;              ;                     ; Row I/O      ;                 ; no       ; On           ;
; AC24     ; 261        ; 5A       ; RESERVED_INPUT_WITH_WEAK_PULLUP ;        ;              ;                     ; Row I/O      ;                 ; no       ; On           ;
; AC25     ;            ;          ; GND                             ; gnd    ;              ;                     ; --           ;                 ; --       ; --           ;
; AC26     ; 264        ; 5A       ; RESERVED_INPUT_WITH_WEAK_PULLUP ;        ;              ;                     ; Row I/O      ;                 ; no       ; On           ;
; AC27     ; 262        ; 5A       ; RESERVED_INPUT_WITH_WEAK_PULLUP ;        ;              ;                     ; Row I/O      ;                 ; no       ; On           ;
; AC28     ; 270        ; 5A       ; RESERVED_INPUT_WITH_WEAK_PULLUP ;        ;              ;                     ; Row I/O      ;                 ; no       ; On           ;
; AC29     ; 272        ; 5A       ; RESERVED_INPUT_WITH_WEAK_PULLUP ;        ;              ;                     ; Row I/O      ;                 ; no       ; On           ;
; AC30     ;            ; 5B       ; VCCIO5B                         ; power  ;              ; 2.5V                ; --           ;                 ; --       ; --           ;
; AC31     ; 318        ; 5B       ; RESERVED_INPUT_WITH_WEAK_PULLUP ;        ;              ;                     ; Row I/O      ;                 ; no       ; On           ;
; AC32     ; 320        ; 5B       ; RESERVED_INPUT_WITH_WEAK_PULLUP ;        ;              ;                     ; Row I/O      ;                 ; no       ; On           ;
; AC33     ; 342        ; 5B       ; RESERVED_INPUT_WITH_WEAK_PULLUP ;        ;              ;                     ; Row I/O      ;                 ; no       ; On           ;
; AC34     ; 344        ; 5B       ; RESERVED_INPUT_WITH_WEAK_PULLUP ;        ;              ;                     ; Row I/O      ;                 ; no       ; On           ;
; AD1      ;            ;          ; GND                             ; gnd    ;              ;                     ; --           ;                 ; --       ; --           ;
; AD2      ;            ;          ; GND                             ; gnd    ;              ;                     ; --           ;                 ; --       ; --           ;
; AD3      ; 42         ; B0L      ; GXB_NC                          ;        ;              ;                     ; --           ;                 ; --       ; --           ;
; AD4      ; 43         ; B0L      ; GXB_NC                          ;        ;              ;                     ; --           ;                 ; --       ; --           ;
; AD5      ;            ;          ; GND                             ; gnd    ;              ;                     ; --           ;                 ; --       ; --           ;
; AD6      ;            ;          ; GND                             ; gnd    ;              ;                     ; --           ;                 ; --       ; --           ;
; AD7      ;            ;          ; GND                             ; gnd    ;              ;                     ; --           ;                 ; --       ; --           ;
; AD8      ;            ; --       ; VCCE_GXBL                       ; power  ;              ; 1.1V                ; --           ;                 ; --       ; --           ;
; AD9      ;            ;          ; GND                             ; gnd    ;              ;                     ; --           ;                 ; --       ; --           ;
; AD10     ;            ;          ; GND                             ; gnd    ;              ;                     ; --           ;                 ; --       ; --           ;
; AD11     ; 66         ; 3A       ; RESERVED_INPUT_WITH_WEAK_PULLUP ;        ;              ;                     ; Column I/O   ;                 ; no       ; On           ;
; AD12     ; 68         ; 3A       ; RESERVED_INPUT_WITH_WEAK_PULLUP ;        ;              ;                     ; Column I/O   ;                 ; no       ; On           ;
; AD13     ;            ; 3A       ; VCCIO3A                         ; power  ;              ; 2.5V                ; --           ;                 ; --       ; --           ;
; AD14     ; 96         ; 3A       ; RESERVED_INPUT_WITH_WEAK_PULLUP ;        ;              ;                     ; Column I/O   ;                 ; no       ; On           ;
; AD15     ; 104        ; 3A       ; RESERVED_INPUT_WITH_WEAK_PULLUP ;        ;              ;                     ; Column I/O   ;                 ; no       ; On           ;
; AD16     ; 126        ; 3B       ; RESERVED_INPUT_WITH_WEAK_PULLUP ;        ;              ;                     ; Column I/O   ;                 ; no       ; On           ;
; AD17     ; 144        ; 3B       ; RESERVED_INPUT_WITH_WEAK_PULLUP ;        ;              ;                     ; Column I/O   ;                 ; no       ; On           ;
; AD18     ;            ;          ; GND                             ; gnd    ;              ;                     ; --           ;                 ; --       ; --           ;
; AD19     ; 184        ; 4A       ; RESERVED_INPUT_WITH_WEAK_PULLUP ;        ;              ;                     ; Column I/O   ;                 ; no       ; On           ;
; AD20     ; 192        ; 4A       ; RESERVED_INPUT_WITH_WEAK_PULLUP ;        ;              ;                     ; Column I/O   ;                 ; no       ; On           ;
; AD21     ; 230        ; 4A       ; RESERVED_INPUT_WITH_WEAK_PULLUP ;        ;              ;                     ; Column I/O   ;                 ; no       ; On           ;
; AD22     ; 246        ; 4A       ; RESERVED_INPUT_WITH_WEAK_PULLUP ;        ;              ;                     ; Column I/O   ;                 ; no       ; On           ;
; AD23     ;            ; 4A       ; VCCIO4A                         ; power  ;              ; 2.5V                ; --           ;                 ; --       ; --           ;
; AD24     ; 258        ; 5A       ; RESERVED_INPUT_WITH_WEAK_PULLUP ;        ;              ;                     ; Row I/O      ;                 ; no       ; On           ;
; AD25     ; 260        ; 5A       ; RESERVED_INPUT_WITH_WEAK_PULLUP ;        ;              ;                     ; Row I/O      ;                 ; no       ; On           ;
; AD26     ;            ; --       ; VCCA_FPLL                       ; power  ;              ; 2.5V                ; --           ;                 ; --       ; --           ;
; AD27     ;            ; --       ; VCCPGM                          ; power  ;              ; 1.8V/2.5V/3.0V/3.3V ; --           ;                 ; --       ; --           ;
; AD28     ;            ;          ; GND                             ; gnd    ;              ;                     ; --           ;                 ; --       ; --           ;
; AD29     ; 268        ; 5A       ; RESERVED_INPUT_WITH_WEAK_PULLUP ;        ;              ;                     ; Row I/O      ;                 ; no       ; On           ;
; AD30     ; 309        ; 5B       ; RESERVED_INPUT_WITH_WEAK_PULLUP ;        ;              ;                     ; Row I/O      ;                 ; no       ; On           ;
; AD31     ; 331        ; 5B       ; RESERVED_INPUT_WITH_WEAK_PULLUP ;        ;              ;                     ; Row I/O      ;                 ; no       ; On           ;
; AD32     ; 333        ; 5B       ; RESERVED_INPUT_WITH_WEAK_PULLUP ;        ;              ;                     ; Row I/O      ;                 ; no       ; On           ;
; AD33     ;            ; 5B       ; VCCIO5B                         ; power  ;              ; 2.5V                ; --           ;                 ; --       ; --           ;
; AD34     ; 349        ; 5B       ; RESERVED_INPUT_WITH_WEAK_PULLUP ;        ;              ;                     ; Row I/O      ;                 ; no       ; On           ;
; AE1      ; 45         ; B0L      ; GND                             ;        ;              ;                     ; --           ;                 ; --       ; --           ;
; AE2      ; 44         ; B0L      ; GND                             ;        ;              ;                     ; --           ;                 ; --       ; --           ;
; AE3      ;            ;          ; GND                             ; gnd    ;              ;                     ; --           ;                 ; --       ; --           ;
; AE4      ;            ;          ; GND                             ; gnd    ;              ;                     ; --           ;                 ; --       ; --           ;
; AE5      ;            ;          ; GND                             ; gnd    ;              ;                     ; --           ;                 ; --       ; --           ;
; AE6      ;            ;          ; GND                             ; gnd    ;              ;                     ; --           ;                 ; --       ; --           ;
; AE7      ;            ;          ; GND                             ; gnd    ;              ;                     ; --           ;                 ; --       ; --           ;
; AE8      ;            ;          ; GND                             ; gnd    ;              ;                     ; --           ;                 ; --       ; --           ;
; AE9      ;            ;          ; GND                             ; gnd    ;              ;                     ; --           ;                 ; --       ; --           ;
; AE10     ; 62         ; 3A       ; #TDI                            ; input  ;              ;                     ; --           ;                 ; --       ; --           ;
; AE11     ;            ;          ; GND                             ; gnd    ;              ;                     ; --           ;                 ; --       ; --           ;
; AE12     ;            ; --       ; VCC_AUX                         ; power  ;              ; 2.5V                ; --           ;                 ; --       ; --           ;
; AE13     ;            ; 3A       ; VCCPD3A                         ; power  ;              ; 2.5V                ; --           ;                 ; --       ; --           ;
; AE14     ; 94         ; 3A       ; RESERVED_INPUT_WITH_WEAK_PULLUP ;        ;              ;                     ; Column I/O   ;                 ; no       ; On           ;
; AE15     ;            ; 3A       ; VCCPD3A                         ; power  ;              ; 2.5V                ; --           ;                 ; --       ; --           ;
; AE16     ;            ; 3B       ; VCCIO3B                         ; power  ;              ; 2.5V                ; --           ;                 ; --       ; --           ;
; AE17     ;            ; 3B, 4A   ; VCCPD3B4A                       ; power  ;              ; 2.5V                ; --           ;                 ; --       ; --           ;
; AE18     ;            ; --       ; VCC_AUX                         ; power  ;              ; 2.5V                ; --           ;                 ; --       ; --           ;
; AE19     ; 182        ; 4A       ; RESERVED_INPUT_WITH_WEAK_PULLUP ;        ;              ;                     ; Column I/O   ;                 ; no       ; On           ;
; AE20     ; 190        ; 4A       ; RESERVED_INPUT_WITH_WEAK_PULLUP ;        ;              ;                     ; Column I/O   ;                 ; no       ; On           ;
; AE21     ;            ;          ; GND                             ; gnd    ;              ;                     ; --           ;                 ; --       ; --           ;
; AE22     ;            ; 3B, 4A   ; VCCPD3B4A                       ; power  ;              ; 2.5V                ; --           ;                 ; --       ; --           ;
; AE23     ; 240        ; 4A       ; RESERVED_INPUT_WITH_WEAK_PULLUP ;        ;              ;                     ; Column I/O   ;                 ; no       ; On           ;
; AE24     ;            ; --       ; VCC_AUX                         ; power  ;              ; 2.5V                ; --           ;                 ; --       ; --           ;
; AE25     ; 254        ; 4A       ; RESERVED_INPUT_WITH_WEAK_PULLUP ;        ;              ;                     ; Column I/O   ;                 ; no       ; On           ;
; AE26     ;            ; 5A       ; VCCIO5A                         ; power  ;              ; 2.5V                ; --           ;                 ; --       ; --           ;
; AE27     ;            ; 5A       ; VREFB5AN0                       ; power  ;              ;                     ; --           ;                 ; --       ; --           ;
; AE28     ; 279        ; 5A       ; RESERVED_INPUT_WITH_WEAK_PULLUP ;        ;              ;                     ; Row I/O      ;                 ; no       ; On           ;
; AE29     ; 266        ; 5A       ; RESERVED_INPUT_WITH_WEAK_PULLUP ;        ;              ;                     ; Row I/O      ;                 ; no       ; On           ;
; AE30     ; 307        ; 5B       ; RESERVED_INPUT_WITH_WEAK_PULLUP ;        ;              ;                     ; Row I/O      ;                 ; no       ; On           ;
; AE31     ;            ;          ; GND                             ; gnd    ;              ;                     ; --           ;                 ; --       ; --           ;
; AE32     ; 335        ; 5B       ; RESERVED_INPUT_WITH_WEAK_PULLUP ;        ;              ;                     ; Row I/O      ;                 ; no       ; On           ;
; AE33     ; 345        ; 5B       ; RESERVED_INPUT_WITH_WEAK_PULLUP ;        ;              ;                     ; Row I/O      ;                 ; no       ; On           ;
; AE34     ; 347        ; 5B       ; RESERVED_INPUT_WITH_WEAK_PULLUP ;        ;              ;                     ; Row I/O      ;                 ; no       ; On           ;
; AF1      ;            ;          ; GND                             ; gnd    ;              ;                     ; --           ;                 ; --       ; --           ;
; AF2      ;            ;          ; GND                             ; gnd    ;              ;                     ; --           ;                 ; --       ; --           ;
; AF3      ; 46         ; B0L      ; GXB_NC                          ;        ;              ;                     ; --           ;                 ; --       ; --           ;
; AF4      ; 47         ; B0L      ; GXB_NC                          ;        ;              ;                     ; --           ;                 ; --       ; --           ;
; AF5      ;            ;          ; GND                             ; gnd    ;              ;                     ; --           ;                 ; --       ; --           ;
; AF6      ;            ;          ; GND                             ; gnd    ;              ;                     ; --           ;                 ; --       ; --           ;
; AF7      ;            ;          ; GND                             ; gnd    ;              ;                     ; --           ;                 ; --       ; --           ;
; AF8      ;            ;          ; NC                              ;        ;              ;                     ; --           ;                 ; --       ; --           ;
; AF9      ;            ; 3A       ; VCCIO3A                         ; power  ;              ; 2.5V                ; --           ;                 ; --       ; --           ;
; AF10     ; 64         ; 3A       ; ^DCLK                           ;        ;              ;                     ; Weak Pull Up ;                 ; --       ; On           ;
; AF11     ; 56         ; 3A       ; #TDO                            ; output ;              ;                     ; --           ;                 ; --       ; --           ;
; AF12     ;            ; --       ; VCCPGM                          ; power  ;              ; 1.8V/2.5V/3.0V/3.3V ; --           ;                 ; --       ; --           ;
; AF13     ; 76         ; 3A       ; RESERVED_INPUT_WITH_WEAK_PULLUP ;        ;              ;                     ; Column I/O   ;                 ; no       ; On           ;
; AF14     ;            ;          ; GND                             ; gnd    ;              ;                     ; --           ;                 ; --       ; --           ;
; AF15     ;            ; 3B, 4A   ; VCCPD3B4A                       ; power  ;              ; 2.5V                ; --           ;                 ; --       ; --           ;
; AF16     ;            ; 3B, 4A   ; VCCPD3B4A                       ; power  ;              ; 2.5V                ; --           ;                 ; --       ; --           ;
; AF17     ;            ;          ; DNU                             ;        ;              ;                     ; --           ;                 ; --       ; --           ;
; AF18     ; 176        ; 4A       ; RESERVED_INPUT_WITH_WEAK_PULLUP ;        ;              ;                     ; Column I/O   ;                 ; no       ; On           ;
; AF19     ;            ; 4A       ; VCCIO4A                         ; power  ;              ; 2.5V                ; --           ;                 ; --       ; --           ;
; AF20     ;            ; 3B, 4A   ; VCCPD3B4A                       ; power  ;              ; 2.5V                ; --           ;                 ; --       ; --           ;
; AF21     ;            ; 3B, 4A   ; VCCPD3B4A                       ; power  ;              ; 2.5V                ; --           ;                 ; --       ; --           ;
; AF22     ; 224        ; 4A       ; RESERVED_INPUT_WITH_WEAK_PULLUP ;        ;              ;                     ; Column I/O   ;                 ; no       ; On           ;
; AF23     ; 238        ; 4A       ; RESERVED_INPUT_WITH_WEAK_PULLUP ;        ;              ;                     ; Column I/O   ;                 ; no       ; On           ;
; AF24     ;            ;          ; GND                             ; gnd    ;              ;                     ; --           ;                 ; --       ; --           ;
; AF25     ; 256        ; 4A       ; RESERVED_INPUT_WITH_WEAK_PULLUP ;        ;              ;                     ; Column I/O   ;                 ; no       ; On           ;
; AF26     ; 277        ; 5A       ; RESERVED_INPUT_WITH_WEAK_PULLUP ;        ;              ;                     ; Row I/O      ;                 ; no       ; On           ;
; AF27     ; 275        ; 5A       ; RESERVED_INPUT_WITH_WEAK_PULLUP ;        ;              ;                     ; Row I/O      ;                 ; no       ; On           ;
; AF28     ; 281        ; 5A       ; RESERVED_INPUT_WITH_WEAK_PULLUP ;        ;              ;                     ; Row I/O      ;                 ; no       ; On           ;
; AF29     ;            ; 5A       ; VCCIO5A                         ; power  ;              ; 2.5V                ; --           ;                 ; --       ; --           ;
; AF30     ; 296        ; 5A       ; sample_valid                    ; input  ; 2.5 V        ;                     ; Row I/O      ; N               ; no       ; Off          ;
; AF31     ; 317        ; 5B       ; RESERVED_INPUT_WITH_WEAK_PULLUP ;        ;              ;                     ; Row I/O      ;                 ; no       ; On           ;
; AF32     ; 337        ; 5B       ; RESERVED_INPUT_WITH_WEAK_PULLUP ;        ;              ;                     ; Row I/O      ;                 ; no       ; On           ;
; AF33     ; 343        ; 5B       ; RESERVED_INPUT_WITH_WEAK_PULLUP ;        ;              ;                     ; Row I/O      ;                 ; no       ; On           ;
; AF34     ;            ;          ; GND                             ; gnd    ;              ;                     ; --           ;                 ; --       ; --           ;
; AG1      ; 49         ; B0L      ; GND                             ;        ;              ;                     ; --           ;                 ; --       ; --           ;
; AG2      ; 48         ; B0L      ; GND                             ;        ;              ;                     ; --           ;                 ; --       ; --           ;
; AG3      ;            ;          ; GND                             ; gnd    ;              ;                     ; --           ;                 ; --       ; --           ;
; AG4      ;            ;          ; GND                             ; gnd    ;              ;                     ; --           ;                 ; --       ; --           ;
; AG5      ;            ;          ; GND                             ; gnd    ;              ;                     ; --           ;                 ; --       ; --           ;
; AG6      ;            ;          ; GND                             ; gnd    ;              ;                     ; --           ;                 ; --       ; --           ;
; AG7      ;            ;          ; GND                             ; gnd    ;              ;                     ; --           ;                 ; --       ; --           ;
; AG8      ;            ;          ; NC                              ;        ;              ;                     ; --           ;                 ; --       ; --           ;
; AG9      ;            ;          ; DNU                             ;        ;              ;                     ; --           ;                 ; --       ; --           ;
; AG10     ; 57         ; 3A       ; ^nCSO, DATA4                    ;        ;              ;                     ; Weak Pull Up ;                 ; --       ; On           ;
; AG11     ; 58         ; 3A       ; #TMS                            ; input  ;              ;                     ; --           ;                 ; --       ; --           ;
; AG12     ;            ; 3A       ; VCCIO3A                         ; power  ;              ; 2.5V                ; --           ;                 ; --       ; --           ;
; AG13     ; 74         ; 3A       ; RESERVED_INPUT_WITH_WEAK_PULLUP ;        ;              ;                     ; Column I/O   ;                 ; no       ; On           ;
; AG14     ; 101        ; 3A       ; RESERVED_INPUT_WITH_WEAK_PULLUP ;        ;              ;                     ; Column I/O   ;                 ; no       ; On           ;
; AG15     ; 118        ; 3B       ; RESERVED_INPUT_WITH_WEAK_PULLUP ;        ;              ;                     ; Column I/O   ;                 ; no       ; On           ;
; AG16     ; 120        ; 3B       ; RESERVED_INPUT_WITH_WEAK_PULLUP ;        ;              ;                     ; Column I/O   ;                 ; no       ; On           ;
; AG17     ;            ;          ; GND                             ; gnd    ;              ;                     ; --           ;                 ; --       ; --           ;
; AG18     ; 174        ; 4A       ; RESERVED_INPUT_WITH_WEAK_PULLUP ;        ;              ;                     ; Column I/O   ;                 ; no       ; On           ;
; AG19     ; 173        ; 4A       ; RESERVED_INPUT_WITH_WEAK_PULLUP ;        ;              ;                     ; Column I/O   ;                 ; no       ; On           ;
; AG20     ;            ; 4A       ; VREFB4AN0                       ; power  ;              ;                     ; --           ;                 ; --       ; --           ;
; AG21     ; 222        ; 4A       ; RESERVED_INPUT_WITH_WEAK_PULLUP ;        ;              ;                     ; Column I/O   ;                 ; no       ; On           ;
; AG22     ;            ; 4A       ; VCCIO4A                         ; power  ;              ; 2.5V                ; --           ;                 ; --       ; --           ;
; AG23     ; 229        ; 4A       ; RESERVED_INPUT_WITH_WEAK_PULLUP ;        ;              ;                     ; Column I/O   ;                 ; no       ; On           ;
; AG24     ; 245        ; 4A       ; RESERVED_INPUT_WITH_WEAK_PULLUP ;        ;              ;                     ; Column I/O   ;                 ; no       ; On           ;
; AG25     ; 253        ; 4A       ; RESERVED_INPUT_WITH_WEAK_PULLUP ;        ;              ;                     ; Column I/O   ;                 ; no       ; On           ;
; AG26     ; 251        ; 4A       ; RESERVED_INPUT_WITH_WEAK_PULLUP ;        ;              ;                     ; Column I/O   ;                 ; no       ; On           ;
; AG27     ;            ;          ; GND                             ; gnd    ;              ;                     ; --           ;                 ; --       ; --           ;
; AG28     ; 283        ; 5A       ; RESERVED_INPUT_WITH_WEAK_PULLUP ;        ;              ;                     ; Row I/O      ;                 ; no       ; On           ;
; AG29     ; 287        ; 5A       ; RESERVED_INPUT_WITH_WEAK_PULLUP ;        ;              ;                     ; Row I/O      ;                 ; no       ; On           ;
; AG30     ; 294        ; 5A       ; RESERVED_INPUT_WITH_WEAK_PULLUP ;        ;              ;                     ; Row I/O      ;                 ; no       ; On           ;
; AG31     ; 315        ; 5B       ; RESERVED_INPUT_WITH_WEAK_PULLUP ;        ;              ;                     ; Row I/O      ;                 ; no       ; On           ;
; AG32     ;            ; 5B       ; VCCIO5B                         ; power  ;              ; 2.5V                ; --           ;                 ; --       ; --           ;
; AG33     ; 329        ; 5B       ; RESERVED_INPUT_WITH_WEAK_PULLUP ;        ;              ;                     ; Row I/O      ;                 ; no       ; On           ;
; AG34     ; 339        ; 5B       ; RESERVED_INPUT_WITH_WEAK_PULLUP ;        ;              ;                     ; Row I/O      ;                 ; no       ; On           ;
; AH1      ;            ;          ; GND                             ; gnd    ;              ;                     ; --           ;                 ; --       ; --           ;
; AH2      ;            ;          ; GND                             ; gnd    ;              ;                     ; --           ;                 ; --       ; --           ;
; AH3      ; 50         ; B0L      ; GXB_NC                          ;        ;              ;                     ; --           ;                 ; --       ; --           ;
; AH4      ; 51         ; B0L      ; GXB_NC                          ;        ;              ;                     ; --           ;                 ; --       ; --           ;
; AH5      ;            ;          ; GND                             ; gnd    ;              ;                     ; --           ;                 ; --       ; --           ;
; AH6      ;            ;          ; NC                              ;        ;              ;                     ; --           ;                 ; --       ; --           ;
; AH7      ;            ;          ; NC                              ;        ;              ;                     ; --           ;                 ; --       ; --           ;
; AH8      ; 61         ; 3A       ; ^AS_DATA2, DATA2                ;        ;              ;                     ; Weak Pull Up ;                 ; --       ; On           ;
; AH9      ; 65         ; 3A       ; ^AS_DATA0, ASDO, DATA0          ;        ;              ;                     ; Weak Pull Up ;                 ; --       ; On           ;
; AH10     ;            ;          ; GND                             ; gnd    ;              ;                     ; --           ;                 ; --       ; --           ;
; AH11     ;            ; 3A       ; VREFB3AN0                       ; power  ;              ;                     ; --           ;                 ; --       ; --           ;
; AH12     ; 72         ; 3A       ; RESERVED_INPUT_WITH_WEAK_PULLUP ;        ;              ;                     ; Column I/O   ;                 ; no       ; On           ;
; AH13     ; 93         ; 3A       ; RESERVED_INPUT_WITH_WEAK_PULLUP ;        ;              ;                     ; Column I/O   ;                 ; no       ; On           ;
; AH14     ; 99         ; 3A       ; RESERVED_INPUT_WITH_WEAK_PULLUP ;        ;              ;                     ; Column I/O   ;                 ; no       ; On           ;
; AH15     ;            ; 3B       ; VCCIO3B                         ; power  ;              ; 2.5V                ; --           ;                 ; --       ; --           ;
; AH16     ; 141        ; 3B       ; RESERVED_INPUT_WITH_WEAK_PULLUP ;        ;              ;                     ; Column I/O   ;                 ; no       ; On           ;
; AH17     ; 157        ; 3B       ; RESERVED_INPUT_WITH_WEAK_PULLUP ;        ;              ;                     ; Column I/O   ;                 ; no       ; On           ;
; AH18     ;            ; 3B       ; VREFB3BN0                       ; power  ;              ;                     ; --           ;                 ; --       ; --           ;
; AH19     ; 171        ; 4A       ; RESERVED_INPUT_WITH_WEAK_PULLUP ;        ;              ;                     ; Column I/O   ;                 ; no       ; On           ;
; AH20     ;            ;          ; GND                             ; gnd    ;              ;                     ; --           ;                 ; --       ; --           ;
; AH21     ; 203        ; 4A       ; RESERVED_INPUT_WITH_WEAK_PULLUP ;        ;              ;                     ; Column I/O   ;                 ; no       ; On           ;
; AH22     ; 205        ; 4A       ; RESERVED_INPUT_WITH_WEAK_PULLUP ;        ;              ;                     ; Column I/O   ;                 ; no       ; On           ;
; AH23     ; 227        ; 4A       ; RESERVED_INPUT_WITH_WEAK_PULLUP ;        ;              ;                     ; Column I/O   ;                 ; no       ; On           ;
; AH24     ; 243        ; 4A       ; RESERVED_INPUT_WITH_WEAK_PULLUP ;        ;              ;                     ; Column I/O   ;                 ; no       ; On           ;
; AH25     ;            ; 4A       ; VCCIO4A                         ; power  ;              ; 2.5V                ; --           ;                 ; --       ; --           ;
; AH26     ; 252        ; 4A       ; RESERVED_INPUT_WITH_WEAK_PULLUP ;        ;              ;                     ; Column I/O   ;                 ; no       ; On           ;
; AH27     ; 257        ; 4A       ; RESERVED_INPUT_WITH_WEAK_PULLUP ;        ;              ;                     ; Column I/O   ;                 ; no       ; On           ;
; AH28     ; 285        ; 5A       ; RESERVED_INPUT_WITH_WEAK_PULLUP ;        ;              ;                     ; Row I/O      ;                 ; no       ; On           ;
; AH29     ; 289        ; 5A       ; RESERVED_INPUT_WITH_WEAK_PULLUP ;        ;              ;                     ; Row I/O      ;                 ; no       ; On           ;
; AH30     ;            ;          ; GND                             ; gnd    ;              ;                     ; --           ;                 ; --       ; --           ;
; AH31     ; 302        ; 5A       ; RESERVED_INPUT_WITH_WEAK_PULLUP ;        ;              ;                     ; Row I/O      ;                 ; no       ; On           ;
; AH32     ; 311        ; 5B       ; RESERVED_INPUT_WITH_WEAK_PULLUP ;        ;              ;                     ; Row I/O      ;                 ; no       ; On           ;
; AH33     ; 327        ; 5B       ; RESERVED_INPUT_WITH_WEAK_PULLUP ;        ;              ;                     ; Row I/O      ;                 ; no       ; On           ;
; AH34     ; 341        ; 5B       ; RESERVED_INPUT_WITH_WEAK_PULLUP ;        ;              ;                     ; Row I/O      ;                 ; no       ; On           ;
; AJ1      ; 53         ; B0L      ; GND                             ;        ;              ;                     ; --           ;                 ; --       ; --           ;
; AJ2      ; 52         ; B0L      ; GND                             ;        ;              ;                     ; --           ;                 ; --       ; --           ;
; AJ3      ;            ;          ; GND                             ; gnd    ;              ;                     ; --           ;                 ; --       ; --           ;
; AJ4      ;            ;          ; GND                             ; gnd    ;              ;                     ; --           ;                 ; --       ; --           ;
; AJ5      ;            ;          ; GND                             ; gnd    ;              ;                     ; --           ;                 ; --       ; --           ;
; AJ6      ; 59         ; 3A       ; ^AS_DATA3, DATA3                ;        ;              ;                     ; Weak Pull Up ;                 ; --       ; On           ;
; AJ7      ; 63         ; 3A       ; ^AS_DATA1, DATA1                ;        ;              ;                     ; Weak Pull Up ;                 ; --       ; On           ;
; AJ8      ;            ; 3A       ; VCCIO3A                         ; power  ;              ; 2.5V                ; --           ;                 ; --       ; --           ;
; AJ9      ; 81         ; 3A       ; RESERVED_INPUT_WITH_WEAK_PULLUP ;        ;              ;                     ; Column I/O   ;                 ; no       ; On           ;
; AJ10     ; 85         ; 3A       ; RESERVED_INPUT_WITH_WEAK_PULLUP ;        ;              ;                     ; Column I/O   ;                 ; no       ; On           ;
; AJ11     ; 70         ; 3A       ; RESERVED_INPUT_WITH_WEAK_PULLUP ;        ;              ;                     ; Column I/O   ;                 ; no       ; On           ;
; AJ12     ; 91         ; 3A       ; RESERVED_INPUT_WITH_WEAK_PULLUP ;        ;              ;                     ; Column I/O   ;                 ; no       ; On           ;
; AJ13     ;            ;          ; GND                             ; gnd    ;              ;                     ; --           ;                 ; --       ; --           ;
; AJ14     ; 109        ; 3A       ; RESERVED_INPUT_WITH_WEAK_PULLUP ;        ;              ;                     ; Column I/O   ;                 ; no       ; On           ;
; AJ15     ; 125        ; 3B       ; RESERVED_INPUT_WITH_WEAK_PULLUP ;        ;              ;                     ; Column I/O   ;                 ; no       ; On           ;
; AJ16     ; 139        ; 3B       ; RESERVED_INPUT_WITH_WEAK_PULLUP ;        ;              ;                     ; Column I/O   ;                 ; no       ; On           ;
; AJ17     ; 155        ; 3B       ; RESERVED_INPUT_WITH_WEAK_PULLUP ;        ;              ;                     ; Column I/O   ;                 ; no       ; On           ;
; AJ18     ;            ; 4A       ; VCCIO4A                         ; power  ;              ; 2.5V                ; --           ;                 ; --       ; --           ;
; AJ19     ; 172        ; 4A       ; RESERVED_INPUT_WITH_WEAK_PULLUP ;        ;              ;                     ; Column I/O   ;                 ; no       ; On           ;
; AJ20     ; 200        ; 4A       ; RESERVED_INPUT_WITH_WEAK_PULLUP ;        ;              ;                     ; Column I/O   ;                 ; no       ; On           ;
; AJ21     ; 199        ; 4A       ; RESERVED_INPUT_WITH_WEAK_PULLUP ;        ;              ;                     ; Column I/O   ;                 ; no       ; On           ;
; AJ22     ; 201        ; 4A       ; RESERVED_INPUT_WITH_WEAK_PULLUP ;        ;              ;                     ; Column I/O   ;                 ; no       ; On           ;
; AJ23     ;            ;          ; GND                             ; gnd    ;              ;                     ; --           ;                 ; --       ; --           ;
; AJ24     ; 221        ; 4A       ; RESERVED_INPUT_WITH_WEAK_PULLUP ;        ;              ;                     ; Column I/O   ;                 ; no       ; On           ;
; AJ25     ; 237        ; 4A       ; RESERVED_INPUT_WITH_WEAK_PULLUP ;        ;              ;                     ; Column I/O   ;                 ; no       ; On           ;
; AJ26     ; 250        ; 4A       ; RESERVED_INPUT_WITH_WEAK_PULLUP ;        ;              ;                     ; Column I/O   ;                 ; no       ; On           ;
; AJ27     ; 255        ; 4A       ; RESERVED_INPUT_WITH_WEAK_PULLUP ;        ;              ;                     ; Column I/O   ;                 ; no       ; On           ;
; AJ28     ;            ; 4A       ; VCCIO4A                         ; power  ;              ; 2.5V                ; --           ;                 ; --       ; --           ;
; AJ29     ; 244        ; 4A       ; RESERVED_INPUT_WITH_WEAK_PULLUP ;        ;              ;                     ; Column I/O   ;                 ; no       ; On           ;
; AJ30     ; 293        ; 5A       ; RESERVED_INPUT_WITH_WEAK_PULLUP ;        ;              ;                     ; Row I/O      ;                 ; no       ; On           ;
; AJ31     ; 304        ; 5A       ; RESERVED_INPUT_WITH_WEAK_PULLUP ;        ;              ;                     ; Row I/O      ;                 ; no       ; On           ;
; AJ32     ; 313        ; 5B       ; RESERVED_INPUT_WITH_WEAK_PULLUP ;        ;              ;                     ; Row I/O      ;                 ; no       ; On           ;
; AJ33     ;            ;          ; GND                             ; gnd    ;              ;                     ; --           ;                 ; --       ; --           ;
; AJ34     ; 328        ; 5B       ; RESERVED_INPUT_WITH_WEAK_PULLUP ;        ;              ;                     ; Row I/O      ;                 ; no       ; On           ;
; AK1      ;            ;          ; GND                             ; gnd    ;              ;                     ; --           ;                 ; --       ; --           ;
; AK2      ;            ;          ; GND                             ; gnd    ;              ;                     ; --           ;                 ; --       ; --           ;
; AK3      ;            ;          ; GND                             ; gnd    ;              ;                     ; --           ;                 ; --       ; --           ;
; AK4      ;            ;          ; NC                              ;        ;              ;                     ; --           ;                 ; --       ; --           ;
; AK5      ; 60         ; 3A       ; #TCK                            ; input  ;              ;                     ; --           ;                 ; --       ; --           ;
; AK6      ;            ;          ; GND                             ; gnd    ;              ;                     ; --           ;                 ; --       ; --           ;
; AK7      ; 73         ; 3A       ; RESERVED_INPUT_WITH_WEAK_PULLUP ;        ;              ;                     ; Column I/O   ;                 ; no       ; On           ;
; AK8      ; 77         ; 3A       ; RESERVED_INPUT_WITH_WEAK_PULLUP ;        ;              ;                     ; Column I/O   ;                 ; no       ; On           ;
; AK9      ; 79         ; 3A       ; RESERVED_INPUT_WITH_WEAK_PULLUP ;        ;              ;                     ; Column I/O   ;                 ; no       ; On           ;
; AK10     ; 83         ; 3A       ; RESERVED_INPUT_WITH_WEAK_PULLUP ;        ;              ;                     ; Column I/O   ;                 ; no       ; On           ;
; AK11     ;            ; 3A       ; VCCIO3A                         ; power  ;              ; 2.5V                ; --           ;                 ; --       ; --           ;
; AK12     ; 111        ; 3A       ; RESERVED_INPUT_WITH_WEAK_PULLUP ;        ;              ;                     ; Column I/O   ;                 ; no       ; On           ;
; AK13     ; 113        ; 3A       ; RESERVED_INPUT_WITH_WEAK_PULLUP ;        ;              ;                     ; Column I/O   ;                 ; no       ; On           ;
; AK14     ; 107        ; 3A       ; RESERVED_INPUT_WITH_WEAK_PULLUP ;        ;              ;                     ; Column I/O   ;                 ; no       ; On           ;
; AK15     ; 123        ; 3B       ; RESERVED_INPUT_WITH_WEAK_PULLUP ;        ;              ;                     ; Column I/O   ;                 ; no       ; On           ;
; AK16     ;            ;          ; GND                             ; gnd    ;              ;                     ; --           ;                 ; --       ; --           ;
; AK17     ; 153        ; 3B       ; RESERVED_INPUT_WITH_WEAK_PULLUP ;        ;              ;                     ; Column I/O   ;                 ; no       ; On           ;
; AK18     ; 161        ; 3B       ; RESERVED_INPUT_WITH_WEAK_PULLUP ;        ;              ;                     ; Column I/O   ;                 ; no       ; On           ;
; AK19     ; 170        ; 4A       ; RESERVED_INPUT_WITH_WEAK_PULLUP ;        ;              ;                     ; Column I/O   ;                 ; no       ; On           ;
; AK20     ; 198        ; 4A       ; RESERVED_INPUT_WITH_WEAK_PULLUP ;        ;              ;                     ; Column I/O   ;                 ; no       ; On           ;
; AK21     ;            ; 4A       ; VCCIO4A                         ; power  ;              ; 2.5V                ; --           ;                 ; --       ; --           ;
; AK22     ; 196        ; 4A       ; RESERVED_INPUT_WITH_WEAK_PULLUP ;        ;              ;                     ; Column I/O   ;                 ; no       ; On           ;
; AK23     ; 213        ; 4A       ; RESERVED_INPUT_WITH_WEAK_PULLUP ;        ;              ;                     ; Column I/O   ;                 ; no       ; On           ;
; AK24     ; 219        ; 4A       ; RESERVED_INPUT_WITH_WEAK_PULLUP ;        ;              ;                     ; Column I/O   ;                 ; no       ; On           ;
; AK25     ; 235        ; 4A       ; RESERVED_INPUT_WITH_WEAK_PULLUP ;        ;              ;                     ; Column I/O   ;                 ; no       ; On           ;
; AK26     ;            ;          ; GND                             ; gnd    ;              ;                     ; --           ;                 ; --       ; --           ;
; AK27     ; 234        ; 4A       ; RESERVED_INPUT_WITH_WEAK_PULLUP ;        ;              ;                     ; Column I/O   ;                 ; no       ; On           ;
; AK28     ; 236        ; 4A       ; RESERVED_INPUT_WITH_WEAK_PULLUP ;        ;              ;                     ; Column I/O   ;                 ; no       ; On           ;
; AK29     ; 242        ; 4A       ; RESERVED_INPUT_WITH_WEAK_PULLUP ;        ;              ;                     ; Column I/O   ;                 ; no       ; On           ;
; AK30     ; 291        ; 5A       ; RESERVED_INPUT_WITH_WEAK_PULLUP ;        ;              ;                     ; Row I/O      ;                 ; no       ; On           ;
; AK31     ;            ; 5A       ; VCCIO5A                         ; power  ;              ; 2.5V                ; --           ;                 ; --       ; --           ;
; AK32     ; 301        ; 5A       ; RESERVED_INPUT_WITH_WEAK_PULLUP ;        ;              ;                     ; Row I/O      ;                 ; no       ; On           ;
; AK33     ; 305        ; 5A       ; RESERVED_INPUT_WITH_WEAK_PULLUP ;        ;              ;                     ; Row I/O      ;                 ; no       ; On           ;
; AK34     ; 326        ; 5B       ; RESERVED_INPUT_WITH_WEAK_PULLUP ;        ;              ;                     ; Row I/O      ;                 ; no       ; On           ;
; AL1      ;            ;          ; NC                              ;        ;              ;                     ; --           ;                 ; --       ; --           ;
; AL2      ;            ;          ; NC                              ;        ;              ;                     ; --           ;                 ; --       ; --           ;
; AL3      ;            ;          ; NC                              ;        ;              ;                     ; --           ;                 ; --       ; --           ;
; AL4      ;            ;          ; NC                              ;        ;              ;                     ; --           ;                 ; --       ; --           ;
; AL5      ;            ;          ; GND                             ; gnd    ;              ;                     ; --           ;                 ; --       ; --           ;
; AL6      ; 84         ; 3A       ; RESERVED_INPUT_WITH_WEAK_PULLUP ;        ;              ;                     ; Column I/O   ;                 ; no       ; On           ;
; AL7      ; 71         ; 3A       ; RESERVED_INPUT_WITH_WEAK_PULLUP ;        ;              ;                     ; Column I/O   ;                 ; no       ; On           ;
; AL8      ; 75         ; 3A       ; RESERVED_INPUT_WITH_WEAK_PULLUP ;        ;              ;                     ; Column I/O   ;                 ; no       ; On           ;
; AL9      ;            ;          ; GND                             ; gnd    ;              ;                     ; --           ;                 ; --       ; --           ;
; AL10     ; 108        ; 3A       ; RESERVED_INPUT_WITH_WEAK_PULLUP ;        ;              ;                     ; Column I/O   ;                 ; no       ; On           ;
; AL11     ; 116        ; 3B       ; RESERVED_INPUT_WITH_WEAK_PULLUP ;        ;              ;                     ; Column I/O   ;                 ; no       ; On           ;
; AL12     ; 129        ; 3B       ; RESERVED_INPUT_WITH_WEAK_PULLUP ;        ;              ;                     ; Column I/O   ;                 ; no       ; On           ;
; AL13     ; 127        ; 3B       ; RESERVED_INPUT_WITH_WEAK_PULLUP ;        ;              ;                     ; Column I/O   ;                 ; no       ; On           ;
; AL14     ;            ; 3B       ; VCCIO3B                         ; power  ;              ; 2.5V                ; --           ;                 ; --       ; --           ;
; AL15     ; 117        ; 3B       ; RESERVED_INPUT_WITH_WEAK_PULLUP ;        ;              ;                     ; Column I/O   ;                 ; no       ; On           ;
; AL16     ; 140        ; 3B       ; RESERVED_INPUT_WITH_WEAK_PULLUP ;        ;              ;                     ; Column I/O   ;                 ; no       ; On           ;
; AL17     ; 151        ; 3B       ; RESERVED_INPUT_WITH_WEAK_PULLUP ;        ;              ;                     ; Column I/O   ;                 ; no       ; On           ;
; AL18     ; 159        ; 3B       ; RESERVED_INPUT_WITH_WEAK_PULLUP ;        ;              ;                     ; Column I/O   ;                 ; no       ; On           ;
; AL19     ;            ;          ; GND                             ; gnd    ;              ;                     ; --           ;                 ; --       ; --           ;
; AL20     ; 181        ; 4A       ; RESERVED_INPUT_WITH_WEAK_PULLUP ;        ;              ;                     ; Column I/O   ;                 ; no       ; On           ;
; AL21     ; 177        ; 4A       ; RESERVED_INPUT_WITH_WEAK_PULLUP ;        ;              ;                     ; Column I/O   ;                 ; no       ; On           ;
; AL22     ; 194        ; 4A       ; RESERVED_INPUT_WITH_WEAK_PULLUP ;        ;              ;                     ; Column I/O   ;                 ; no       ; On           ;
; AL23     ; 211        ; 4A       ; RESERVED_INPUT_WITH_WEAK_PULLUP ;        ;              ;                     ; Column I/O   ;                 ; no       ; On           ;
; AL24     ;            ; 4A       ; VCCIO4A                         ; power  ;              ; 2.5V                ; --           ;                 ; --       ; --           ;
; AL25     ; 212        ; 4A       ; RESERVED_INPUT_WITH_WEAK_PULLUP ;        ;              ;                     ; Column I/O   ;                 ; no       ; On           ;
; AL26     ; 217        ; 4A       ; RESERVED_INPUT_WITH_WEAK_PULLUP ;        ;              ;                     ; Column I/O   ;                 ; no       ; On           ;
; AL27     ; 225        ; 4A       ; RESERVED_INPUT_WITH_WEAK_PULLUP ;        ;              ;                     ; Column I/O   ;                 ; no       ; On           ;
; AL28     ; 223        ; 4A       ; RESERVED_INPUT_WITH_WEAK_PULLUP ;        ;              ;                     ; Column I/O   ;                 ; no       ; On           ;
; AL29     ;            ;          ; GND                             ; gnd    ;              ;                     ; --           ;                 ; --       ; --           ;
; AL30     ; 241        ; 4A       ; RESERVED_INPUT_WITH_WEAK_PULLUP ;        ;              ;                     ; Column I/O   ;                 ; no       ; On           ;
; AL31     ; 249        ; 4A       ; RESERVED_INPUT_WITH_WEAK_PULLUP ;        ;              ;                     ; Column I/O   ;                 ; no       ; On           ;
; AL32     ; 299        ; 5A       ; RESERVED_INPUT_WITH_WEAK_PULLUP ;        ;              ;                     ; Row I/O      ;                 ; no       ; On           ;
; AL33     ; 303        ; 5A       ; RESERVED_INPUT_WITH_WEAK_PULLUP ;        ;              ;                     ; Row I/O      ;                 ; no       ; On           ;
; AL34     ;            ;          ; GND                             ; gnd    ;              ;                     ; --           ;                 ; --       ; --           ;
; AM1      ;            ;          ; NC                              ;        ;              ;                     ; --           ;                 ; --       ; --           ;
; AM2      ;            ;          ; NC                              ;        ;              ;                     ; --           ;                 ; --       ; --           ;
; AM3      ;            ;          ; GND                             ; gnd    ;              ;                     ; --           ;                 ; --       ; --           ;
; AM4      ; 67         ; 3A       ; RESERVED_INPUT_WITH_WEAK_PULLUP ;        ;              ;                     ; Column I/O   ;                 ; no       ; On           ;
; AM5      ; 69         ; 3A       ; RESERVED_INPUT_WITH_WEAK_PULLUP ;        ;              ;                     ; Column I/O   ;                 ; no       ; On           ;
; AM6      ; 82         ; 3A       ; RESERVED_INPUT_WITH_WEAK_PULLUP ;        ;              ;                     ; Column I/O   ;                 ; no       ; On           ;
; AM7      ;            ; 3A       ; VCCIO3A                         ; power  ;              ; 2.5V                ; --           ;                 ; --       ; --           ;
; AM8      ; 100        ; 3A       ; RESERVED_INPUT_WITH_WEAK_PULLUP ;        ;              ;                     ; Column I/O   ;                 ; no       ; On           ;
; AM9      ; 105        ; 3A       ; RESERVED_INPUT_WITH_WEAK_PULLUP ;        ;              ;                     ; Column I/O   ;                 ; no       ; On           ;
; AM10     ; 106        ; 3A       ; RESERVED_INPUT_WITH_WEAK_PULLUP ;        ;              ;                     ; Column I/O   ;                 ; no       ; On           ;
; AM11     ; 114        ; 3B       ; RESERVED_INPUT_WITH_WEAK_PULLUP ;        ;              ;                     ; Column I/O   ;                 ; no       ; On           ;
; AM12     ;            ;          ; GND                             ; gnd    ;              ;                     ; --           ;                 ; --       ; --           ;
; AM13     ; 137        ; 3B       ; RESERVED_INPUT_WITH_WEAK_PULLUP ;        ;              ;                     ; Column I/O   ;                 ; no       ; On           ;
; AM14     ; 133        ; 3B       ; RESERVED_INPUT_WITH_WEAK_PULLUP ;        ;              ;                     ; Column I/O   ;                 ; no       ; On           ;
; AM15     ; 115        ; 3B       ; RESERVED_INPUT_WITH_WEAK_PULLUP ;        ;              ;                     ; Column I/O   ;                 ; no       ; On           ;
; AM16     ; 138        ; 3B       ; RESERVED_INPUT_WITH_WEAK_PULLUP ;        ;              ;                     ; Column I/O   ;                 ; no       ; On           ;
; AM17     ;            ; 3B       ; VCCIO3B                         ; power  ;              ; 2.5V                ; --           ;                 ; --       ; --           ;
; AM18     ; 156        ; 3B       ; RESERVED_INPUT_WITH_WEAK_PULLUP ;        ;              ;                     ; Column I/O   ;                 ; no       ; On           ;
; AM19     ; 165        ; 4A       ; RESERVED_INPUT_WITH_WEAK_PULLUP ;        ;              ;                     ; Column I/O   ;                 ; no       ; On           ;
; AM20     ; 179        ; 4A       ; RESERVED_INPUT_WITH_WEAK_PULLUP ;        ;              ;                     ; Column I/O   ;                 ; no       ; On           ;
; AM21     ; 175        ; 4A       ; RESERVED_INPUT_WITH_WEAK_PULLUP ;        ;              ;                     ; Column I/O   ;                 ; no       ; On           ;
; AM22     ;            ;          ; GND                             ; gnd    ;              ;                     ; --           ;                 ; --       ; --           ;
; AM23     ; 185        ; 4A       ; RESERVED_INPUT_WITH_WEAK_PULLUP ;        ;              ;                     ; Column I/O   ;                 ; no       ; On           ;
; AM24     ; 193        ; 4A       ; RESERVED_INPUT_WITH_WEAK_PULLUP ;        ;              ;                     ; Column I/O   ;                 ; no       ; On           ;
; AM25     ; 210        ; 4A       ; RESERVED_INPUT_WITH_WEAK_PULLUP ;        ;              ;                     ; Column I/O   ;                 ; no       ; On           ;
; AM26     ; 215        ; 4A       ; RESERVED_INPUT_WITH_WEAK_PULLUP ;        ;              ;                     ; Column I/O   ;                 ; no       ; On           ;
; AM27     ;            ; 4A       ; VCCIO4A                         ; power  ;              ; 2.5V                ; --           ;                 ; --       ; --           ;
; AM28     ; 209        ; 4A       ; sample_in[5]                    ; input  ; 2.5 V        ;                     ; Column I/O   ; N               ; no       ; Off          ;
; AM29     ; 233        ; 4A       ; RESERVED_INPUT_WITH_WEAK_PULLUP ;        ;              ;                     ; Column I/O   ;                 ; no       ; On           ;
; AM30     ; 239        ; 4A       ; RESERVED_INPUT_WITH_WEAK_PULLUP ;        ;              ;                     ; Column I/O   ;                 ; no       ; On           ;
; AM31     ; 247        ; 4A       ; RESERVED_INPUT_WITH_WEAK_PULLUP ;        ;              ;                     ; Column I/O   ;                 ; no       ; On           ;
; AM32     ;            ;          ; GND                             ; gnd    ;              ;                     ; --           ;                 ; --       ; --           ;
; AM33     ; 297        ; 5A       ; RESERVED_INPUT_WITH_WEAK_PULLUP ;        ;              ;                     ; Row I/O      ;                 ; no       ; On           ;
; AM34     ; 321        ; 5B       ; RESERVED_INPUT_WITH_WEAK_PULLUP ;        ;              ;                     ; Row I/O      ;                 ; no       ; On           ;
; AN1      ;            ;          ; NC                              ;        ;              ;                     ; --           ;                 ; --       ; --           ;
; AN2      ;            ;          ; NC                              ;        ;              ;                     ; --           ;                 ; --       ; --           ;
; AN3      ;            ;          ; NC                              ;        ;              ;                     ; --           ;                 ; --       ; --           ;
; AN4      ; 87         ; 3A       ; RESERVED_INPUT_WITH_WEAK_PULLUP ;        ;              ;                     ; Column I/O   ;                 ; no       ; On           ;
; AN5      ; 89         ; 3A       ; RESERVED_INPUT_WITH_WEAK_PULLUP ;        ;              ;                     ; Column I/O   ;                 ; no       ; On           ;
; AN6      ;            ;          ; GND                             ; gnd    ;              ;                     ; --           ;                 ; --       ; --           ;
; AN7      ; 97         ; 3A       ; RESERVED_INPUT_WITH_WEAK_PULLUP ;        ;              ;                     ; Column I/O   ;                 ; no       ; On           ;
; AN8      ; 98         ; 3A       ; RESERVED_INPUT_WITH_WEAK_PULLUP ;        ;              ;                     ; Column I/O   ;                 ; no       ; On           ;
; AN9      ; 103        ; 3A       ; RESERVED_INPUT_WITH_WEAK_PULLUP ;        ;              ;                     ; Column I/O   ;                 ; no       ; On           ;
; AN10     ;            ; 3B       ; VCCIO3B                         ; power  ;              ; 2.5V                ; --           ;                 ; --       ; --           ;
; AN11     ; 124        ; 3B       ; RESERVED_INPUT_WITH_WEAK_PULLUP ;        ;              ;                     ; Column I/O   ;                 ; no       ; On           ;
; AN12     ; 132        ; 3B       ; RESERVED_INPUT_WITH_WEAK_PULLUP ;        ;              ;                     ; Column I/O   ;                 ; no       ; On           ;
; AN13     ; 135        ; 3B       ; RESERVED_INPUT_WITH_WEAK_PULLUP ;        ;              ;                     ; Column I/O   ;                 ; no       ; On           ;
; AN14     ; 131        ; 3B       ; RESERVED_INPUT_WITH_WEAK_PULLUP ;        ;              ;                     ; Column I/O   ;                 ; no       ; On           ;
; AN15     ;            ;          ; GND                             ; gnd    ;              ;                     ; --           ;                 ; --       ; --           ;
; AN16     ; 148        ; 3B       ; RESERVED_INPUT_WITH_WEAK_PULLUP ;        ;              ;                     ; Column I/O   ;                 ; no       ; On           ;
; AN17     ; 149        ; 3B       ; RESERVED_INPUT_WITH_WEAK_PULLUP ;        ;              ;                     ; Column I/O   ;                 ; no       ; On           ;
; AN18     ; 154        ; 3B       ; RESERVED_INPUT_WITH_WEAK_PULLUP ;        ;              ;                     ; Column I/O   ;                 ; no       ; On           ;
; AN19     ; 163        ; 4A       ; RESERVED_INPUT_WITH_WEAK_PULLUP ;        ;              ;                     ; Column I/O   ;                 ; no       ; On           ;
; AN20     ;            ; 4A       ; VCCIO4A                         ; power  ;              ; 2.5V                ; --           ;                 ; --       ; --           ;
; AN21     ; 169        ; 4A       ; RESERVED_INPUT_WITH_WEAK_PULLUP ;        ;              ;                     ; Column I/O   ;                 ; no       ; On           ;
; AN22     ; 180        ; 4A       ; RESERVED_INPUT_WITH_WEAK_PULLUP ;        ;              ;                     ; Column I/O   ;                 ; no       ; On           ;
; AN23     ; 183        ; 4A       ; RESERVED_INPUT_WITH_WEAK_PULLUP ;        ;              ;                     ; Column I/O   ;                 ; no       ; On           ;
; AN24     ; 191        ; 4A       ; RESERVED_INPUT_WITH_WEAK_PULLUP ;        ;              ;                     ; Column I/O   ;                 ; no       ; On           ;
; AN25     ;            ;          ; GND                             ; gnd    ;              ;                     ; --           ;                 ; --       ; --           ;
; AN26     ; 188        ; 4A       ; RESERVED_INPUT_WITH_WEAK_PULLUP ;        ;              ;                     ; Column I/O   ;                 ; no       ; On           ;
; AN27     ; 197        ; 4A       ; RESERVED_INPUT_WITH_WEAK_PULLUP ;        ;              ;                     ; Column I/O   ;                 ; no       ; On           ;
; AN28     ; 207        ; 4A       ; RESERVED_INPUT_WITH_WEAK_PULLUP ;        ;              ;                     ; Column I/O   ;                 ; no       ; On           ;
; AN29     ; 231        ; 4A       ; RESERVED_INPUT_WITH_WEAK_PULLUP ;        ;              ;                     ; Column I/O   ;                 ; no       ; On           ;
; AN30     ;            ; 4A       ; VCCIO4A                         ; power  ;              ; 2.5V                ; --           ;                 ; --       ; --           ;
; AN31     ; 220        ; 4A       ; RESERVED_INPUT_WITH_WEAK_PULLUP ;        ;              ;                     ; Column I/O   ;                 ; no       ; On           ;
; AN32     ; 228        ; 4A       ; RESERVED_INPUT_WITH_WEAK_PULLUP ;        ;              ;                     ; Column I/O   ;                 ; no       ; On           ;
; AN33     ; 295        ; 5A       ; RESERVED_INPUT_WITH_WEAK_PULLUP ;        ;              ;                     ; Row I/O      ;                 ; no       ; On           ;
; AN34     ; 319        ; 5B       ; RESERVED_INPUT_WITH_WEAK_PULLUP ;        ;              ;                     ; Row I/O      ;                 ; no       ; On           ;
; AP2      ;            ;          ; GND                             ; gnd    ;              ;                     ; --           ;                 ; --       ; --           ;
; AP3      ;            ;          ; NC                              ;        ;              ;                     ; --           ;                 ; --       ; --           ;
; AP4      ;            ;          ; GND                             ; gnd    ;              ;                     ; --           ;                 ; --       ; --           ;
; AP5      ; 90         ; 3A       ; RESERVED_INPUT_WITH_WEAK_PULLUP ;        ;              ;                     ; Column I/O   ;                 ; no       ; On           ;
; AP6      ; 92         ; 3A       ; RESERVED_INPUT_WITH_WEAK_PULLUP ;        ;              ;                     ; Column I/O   ;                 ; no       ; On           ;
; AP7      ; 95         ; 3A       ; RESERVED_INPUT_WITH_WEAK_PULLUP ;        ;              ;                     ; Column I/O   ;                 ; no       ; On           ;
; AP8      ;            ;          ; GND                             ; gnd    ;              ;                     ; --           ;                 ; --       ; --           ;
; AP9      ; 119        ; 3B       ; RESERVED_INPUT_WITH_WEAK_PULLUP ;        ;              ;                     ; Column I/O   ;                 ; no       ; On           ;
; AP10     ; 121        ; 3B       ; RESERVED_INPUT_WITH_WEAK_PULLUP ;        ;              ;                     ; Column I/O   ;                 ; no       ; On           ;
; AP11     ; 122        ; 3B       ; RESERVED_INPUT_WITH_WEAK_PULLUP ;        ;              ;                     ; Column I/O   ;                 ; no       ; On           ;
; AP12     ; 130        ; 3B       ; RESERVED_INPUT_WITH_WEAK_PULLUP ;        ;              ;                     ; Column I/O   ;                 ; no       ; On           ;
; AP13     ;            ;          ; GND                             ; gnd    ;              ;                     ; --           ;                 ; --       ; --           ;
; AP14     ; 143        ; 3B       ; RESERVED_INPUT_WITH_WEAK_PULLUP ;        ;              ;                     ; Column I/O   ;                 ; no       ; On           ;
; AP15     ; 145        ; 3B       ; RESERVED_INPUT_WITH_WEAK_PULLUP ;        ;              ;                     ; Column I/O   ;                 ; no       ; On           ;
; AP16     ; 146        ; 3B       ; RESERVED_INPUT_WITH_WEAK_PULLUP ;        ;              ;                     ; Column I/O   ;                 ; no       ; On           ;
; AP17     ; 147        ; 3B       ; RESERVED_INPUT_WITH_WEAK_PULLUP ;        ;              ;                     ; Column I/O   ;                 ; no       ; On           ;
; AP18     ;            ;          ; GND                             ; gnd    ;              ;                     ; --           ;                 ; --       ; --           ;
; AP19     ; 162        ; 4A       ; RESERVED_INPUT_WITH_WEAK_PULLUP ;        ;              ;                     ; Column I/O   ;                 ; no       ; On           ;
; AP20     ; 164        ; 4A       ; RESERVED_INPUT_WITH_WEAK_PULLUP ;        ;              ;                     ; Column I/O   ;                 ; no       ; On           ;
; AP21     ; 167        ; 4A       ; RESERVED_INPUT_WITH_WEAK_PULLUP ;        ;              ;                     ; Column I/O   ;                 ; no       ; On           ;
; AP22     ; 178        ; 4A       ; RESERVED_INPUT_WITH_WEAK_PULLUP ;        ;              ;                     ; Column I/O   ;                 ; no       ; On           ;
; AP23     ;            ;          ; GND                             ; gnd    ;              ;                     ; --           ;                 ; --       ; --           ;
; AP24     ; 187        ; 4A       ; RESERVED_INPUT_WITH_WEAK_PULLUP ;        ;              ;                     ; Column I/O   ;                 ; no       ; On           ;
; AP25     ; 189        ; 4A       ; RESERVED_INPUT_WITH_WEAK_PULLUP ;        ;              ;                     ; Column I/O   ;                 ; no       ; On           ;
; AP26     ; 186        ; 4A       ; RESERVED_INPUT_WITH_WEAK_PULLUP ;        ;              ;                     ; Column I/O   ;                 ; no       ; On           ;
; AP27     ; 195        ; 4A       ; RESERVED_INPUT_WITH_WEAK_PULLUP ;        ;              ;                     ; Column I/O   ;                 ; no       ; On           ;
; AP28     ;            ;          ; GND                             ; gnd    ;              ;                     ; --           ;                 ; --       ; --           ;
; AP29     ; 202        ; 4A       ; RESERVED_INPUT_WITH_WEAK_PULLUP ;        ;              ;                     ; Column I/O   ;                 ; no       ; On           ;
; AP30     ; 204        ; 4A       ; RESERVED_INPUT_WITH_WEAK_PULLUP ;        ;              ;                     ; Column I/O   ;                 ; no       ; On           ;
; AP31     ; 218        ; 4A       ; RESERVED_INPUT_WITH_WEAK_PULLUP ;        ;              ;                     ; Column I/O   ;                 ; no       ; On           ;
; AP32     ; 226        ; 4A       ; RESERVED_INPUT_WITH_WEAK_PULLUP ;        ;              ;                     ; Column I/O   ;                 ; no       ; On           ;
; AP33     ;            ;          ; GND                             ; gnd    ;              ;                     ; --           ;                 ; --       ; --           ;
; B1       ; 610        ; 8A       ; RESERVED_INPUT_WITH_WEAK_PULLUP ;        ;              ;                     ; Column I/O   ;                 ; no       ; On           ;
; B2       ;            ;          ; GND                             ; gnd    ;              ;                     ; --           ;                 ; --       ; --           ;
; B3       ; 606        ; 8A       ; RESERVED_INPUT_WITH_WEAK_PULLUP ;        ;              ;                     ; Column I/O   ;                 ; no       ; On           ;
; B4       ; 592        ; 8A       ; RESERVED_INPUT_WITH_WEAK_PULLUP ;        ;              ;                     ; Column I/O   ;                 ; no       ; On           ;
; B5       ; 580        ; 8A       ; RESERVED_INPUT_WITH_WEAK_PULLUP ;        ;              ;                     ; Column I/O   ;                 ; no       ; On           ;
; B6       ; 586        ; 8A       ; RESERVED_INPUT_WITH_WEAK_PULLUP ;        ;              ;                     ; Column I/O   ;                 ; no       ; On           ;
; B7       ;            ; 8A       ; VCCIO8A                         ; power  ;              ; 2.5V                ; --           ;                 ; --       ; --           ;
; B8       ; 567        ; 8A       ; RESERVED_INPUT_WITH_WEAK_PULLUP ;        ;              ;                     ; Column I/O   ;                 ; no       ; On           ;
; B9       ; 574        ; 8A       ; RESERVED_INPUT_WITH_WEAK_PULLUP ;        ;              ;                     ; Column I/O   ;                 ; no       ; On           ;
; B10      ; 560        ; 8A       ; RESERVED_INPUT_WITH_WEAK_PULLUP ;        ;              ;                     ; Column I/O   ;                 ; no       ; On           ;
; B11      ; 570        ; 8A       ; RESERVED_INPUT_WITH_WEAK_PULLUP ;        ;              ;                     ; Column I/O   ;                 ; no       ; On           ;
; B12      ;            ; 8A       ; VCCIO8A                         ; power  ;              ; 2.5V                ; --           ;                 ; --       ; --           ;
; B13      ; 552        ; 8A       ; RESERVED_INPUT_WITH_WEAK_PULLUP ;        ;              ;                     ; Column I/O   ;                 ; no       ; On           ;
; B14      ; 558        ; 8A       ; RESERVED_INPUT_WITH_WEAK_PULLUP ;        ;              ;                     ; Column I/O   ;                 ; no       ; On           ;
; B15      ; 544        ; 8A       ; sample_in[7]                    ; input  ; 2.5 V        ;                     ; Column I/O   ; N               ; no       ; Off          ;
; B16      ; 545        ; 8A       ; RESERVED_INPUT_WITH_WEAK_PULLUP ;        ;              ;                     ; Column I/O   ;                 ; no       ; On           ;
; B17      ;            ; 8A       ; VCCIO8A                         ; power  ;              ; 2.5V                ; --           ;                 ; --       ; --           ;
; B18      ; 536        ; 8A       ; sample_in[6]                    ; input  ; 2.5 V        ;                     ; Column I/O   ; N               ; no       ; Off          ;
; B19      ; 529        ; 7A       ; sample_out[15]                  ; output ; 2.5 V        ;                     ; Column I/O   ; N               ; no       ; Off          ;
; B20      ; 527        ; 7A       ; sample_out[3]                   ; output ; 2.5 V        ;                     ; Column I/O   ; N               ; no       ; Off          ;
; B21      ; 521        ; 7A       ; RESERVED_INPUT_WITH_WEAK_PULLUP ;        ;              ;                     ; Column I/O   ;                 ; no       ; On           ;
; B22      ;            ;          ; GND                             ; gnd    ;              ;                     ; --           ;                 ; --       ; --           ;
; B23      ; 516        ; 7A       ; sample_out_valid                ; output ; 2.5 V        ;                     ; Column I/O   ; N               ; no       ; Off          ;
; B24      ; 518        ; 7A       ; RESERVED_INPUT_WITH_WEAK_PULLUP ;        ;              ;                     ; Column I/O   ;                 ; no       ; On           ;
; B25      ; 506        ; 7A       ; RESERVED_INPUT_WITH_WEAK_PULLUP ;        ;              ;                     ; Column I/O   ;                 ; no       ; On           ;
; B26      ; 504        ; 7A       ; RESERVED_INPUT_WITH_WEAK_PULLUP ;        ;              ;                     ; Column I/O   ;                 ; no       ; On           ;
; B27      ;            ; 7A       ; VCCIO7A                         ; power  ;              ; 2.5V                ; --           ;                 ; --       ; --           ;
; B28      ; 480        ; 7A       ; RESERVED_INPUT_WITH_WEAK_PULLUP ;        ;              ;                     ; Column I/O   ;                 ; no       ; On           ;
; B29      ; 482        ; 7A       ; RESERVED_INPUT_WITH_WEAK_PULLUP ;        ;              ;                     ; Column I/O   ;                 ; no       ; On           ;
; B30      ; 466        ; 7A       ; RESERVED_INPUT_WITH_WEAK_PULLUP ;        ;              ;                     ; Column I/O   ;                 ; no       ; On           ;
; B31      ; 464        ; 7A       ; RESERVED_INPUT_WITH_WEAK_PULLUP ;        ;              ;                     ; Column I/O   ;                 ; no       ; On           ;
; B32      ;            ;          ; GND                             ; gnd    ;              ;                     ; --           ;                 ; --       ; --           ;
; B33      ;            ;          ; NC                              ;        ;              ;                     ; --           ;                 ; --       ; --           ;
; B34      ;            ;          ; GND                             ; gnd    ;              ;                     ; --           ;                 ; --       ; --           ;
; C1       ; 608        ; 8A       ; RESERVED_INPUT_WITH_WEAK_PULLUP ;        ;              ;                     ; Column I/O   ;                 ; no       ; On           ;
; C2       ;            ;          ; NC                              ;        ;              ;                     ; --           ;                 ; --       ; --           ;
; C3       ;            ;          ; GND                             ; gnd    ;              ;                     ; --           ;                 ; --       ; --           ;
; C4       ;            ;          ; GND                             ; gnd    ;              ;                     ; --           ;                 ; --       ; --           ;
; C5       ;            ;          ; GND                             ; gnd    ;              ;                     ; --           ;                 ; --       ; --           ;
; C6       ; 584        ; 8A       ; RESERVED_INPUT_WITH_WEAK_PULLUP ;        ;              ;                     ; Column I/O   ;                 ; no       ; On           ;
; C7       ; 602        ; 8A       ; RESERVED_INPUT_WITH_WEAK_PULLUP ;        ;              ;                     ; Column I/O   ;                 ; no       ; On           ;
; C8       ; 600        ; 8A       ; RESERVED_INPUT_WITH_WEAK_PULLUP ;        ;              ;                     ; Column I/O   ;                 ; no       ; On           ;
; C9       ; 572        ; 8A       ; RESERVED_INPUT_WITH_WEAK_PULLUP ;        ;              ;                     ; Column I/O   ;                 ; no       ; On           ;
; C10      ;            ; 8A       ; VCCIO8A                         ; power  ;              ; 2.5V                ; --           ;                 ; --       ; --           ;
; C11      ; 568        ; 8A       ; RESERVED_INPUT_WITH_WEAK_PULLUP ;        ;              ;                     ; Column I/O   ;                 ; no       ; On           ;
; C12      ; 578        ; 8A       ; RESERVED_INPUT_WITH_WEAK_PULLUP ;        ;              ;                     ; Column I/O   ;                 ; no       ; On           ;
; C13      ; 576        ; 8A       ; RESERVED_INPUT_WITH_WEAK_PULLUP ;        ;              ;                     ; Column I/O   ;                 ; no       ; On           ;
; C14      ; 556        ; 8A       ; RESERVED_INPUT_WITH_WEAK_PULLUP ;        ;              ;                     ; Column I/O   ;                 ; no       ; On           ;
; C15      ;            ;          ; GND                             ; gnd    ;              ;                     ; --           ;                 ; --       ; --           ;
; C16      ; 543        ; 8A       ; RESERVED_INPUT_WITH_WEAK_PULLUP ;        ;              ;                     ; Column I/O   ;                 ; no       ; On           ;
; C17      ; 534        ; 8A       ; sample_out[5]                   ; output ; 2.5 V        ;                     ; Column I/O   ; N               ; no       ; Off          ;
; C18      ; 532        ; 8A       ; sample_out[4]                   ; output ; 2.5 V        ;                     ; Column I/O   ; N               ; no       ; Off          ;
; C19      ;            ;          ; NC                              ;        ;              ;                     ; --           ;                 ; --       ; --           ;
; C20      ;            ; 7A       ; VCCIO7A                         ; power  ;              ; 2.5V                ; --           ;                 ; --       ; --           ;
; C21      ; 519        ; 7A       ; RESERVED_INPUT_WITH_WEAK_PULLUP ;        ;              ;                     ; Column I/O   ;                 ; no       ; On           ;
; C22      ; 508        ; 7A       ; RESERVED_INPUT_WITH_WEAK_PULLUP ;        ;              ;                     ; Column I/O   ;                 ; no       ; On           ;
; C23      ; 505        ; 7A       ; RESERVED_INPUT_WITH_WEAK_PULLUP ;        ;              ;                     ; Column I/O   ;                 ; no       ; On           ;
; C24      ; 498        ; 7A       ; RESERVED_INPUT_WITH_WEAK_PULLUP ;        ;              ;                     ; Column I/O   ;                 ; no       ; On           ;
; C25      ;            ;          ; GND                             ; gnd    ;              ;                     ; --           ;                 ; --       ; --           ;
; C26      ; 494        ; 7A       ; RESERVED_INPUT_WITH_WEAK_PULLUP ;        ;              ;                     ; Column I/O   ;                 ; no       ; On           ;
; C27      ; 490        ; 7A       ; RESERVED_INPUT_WITH_WEAK_PULLUP ;        ;              ;                     ; Column I/O   ;                 ; no       ; On           ;
; C28      ; 474        ; 7A       ; RESERVED_INPUT_WITH_WEAK_PULLUP ;        ;              ;                     ; Column I/O   ;                 ; no       ; On           ;
; C29      ; 472        ; 7A       ; RESERVED_INPUT_WITH_WEAK_PULLUP ;        ;              ;                     ; Column I/O   ;                 ; no       ; On           ;
; C30      ;            ; 7A       ; VCCIO7A                         ; power  ;              ; 2.5V                ; --           ;                 ; --       ; --           ;
; C31      ; 458        ; 7A       ; RESERVED_INPUT_WITH_WEAK_PULLUP ;        ;              ;                     ; Column I/O   ;                 ; no       ; On           ;
; C32      ; 456        ; 7A       ; RESERVED_INPUT_WITH_WEAK_PULLUP ;        ;              ;                     ; Column I/O   ;                 ; no       ; On           ;
; C33      ;            ;          ; NC                              ;        ;              ;                     ; --           ;                 ; --       ; --           ;
; C34      ;            ;          ; NC                              ;        ;              ;                     ; --           ;                 ; --       ; --           ;
; D1       ;            ;          ; GND                             ; gnd    ;              ;                     ; --           ;                 ; --       ; --           ;
; D2       ;            ;          ; GND                             ; gnd    ;              ;                     ; --           ;                 ; --       ; --           ;
; D3       ;            ;          ; DNU                             ;        ;              ;                     ; --           ;                 ; --       ; --           ;
; D4       ;            ;          ; DNU                             ;        ;              ;                     ; --           ;                 ; --       ; --           ;
; D5       ;            ;          ; GND                             ; gnd    ;              ;                     ; --           ;                 ; --       ; --           ;
; D6       ;            ;          ; NC                              ;        ;              ;                     ; --           ;                 ; --       ; --           ;
; D7       ; 622        ; 8A       ; RESERVED_INPUT_WITH_WEAK_PULLUP ;        ;              ;                     ; Column I/O   ;                 ; no       ; On           ;
; D8       ;            ;          ; GND                             ; gnd    ;              ;                     ; --           ;                 ; --       ; --           ;
; D9       ; 618        ; 8A       ; RESERVED_INPUT_WITH_WEAK_PULLUP ;        ;              ;                     ; Column I/O   ;                 ; no       ; On           ;
; D10      ; 598        ; 8A       ; RESERVED_INPUT_WITH_WEAK_PULLUP ;        ;              ;                     ; Column I/O   ;                 ; no       ; On           ;
; D11      ; 596        ; 8A       ; RESERVED_INPUT_WITH_WEAK_PULLUP ;        ;              ;                     ; Column I/O   ;                 ; no       ; On           ;
; D12      ; 609        ; 8A       ; RESERVED_INPUT_WITH_WEAK_PULLUP ;        ;              ;                     ; Column I/O   ;                 ; no       ; On           ;
; D13      ;            ; 8A       ; VCCIO8A                         ; power  ;              ; 2.5V                ; --           ;                 ; --       ; --           ;
; D14      ; 585        ; 8A       ; RESERVED_INPUT_WITH_WEAK_PULLUP ;        ;              ;                     ; Column I/O   ;                 ; no       ; On           ;
; D15      ; 577        ; 8A       ; RESERVED_INPUT_WITH_WEAK_PULLUP ;        ;              ;                     ; Column I/O   ;                 ; no       ; On           ;
; D16      ; 561        ; 8A       ; RESERVED_INPUT_WITH_WEAK_PULLUP ;        ;              ;                     ; Column I/O   ;                 ; no       ; On           ;
; D17      ; 559        ; 8A       ; RESERVED_INPUT_WITH_WEAK_PULLUP ;        ;              ;                     ; Column I/O   ;                 ; no       ; On           ;
; D18      ;            ;          ; GND                             ; gnd    ;              ;                     ; --           ;                 ; --       ; --           ;
; D19      ; 526        ; 7A       ; sample_out[9]                   ; output ; 2.5 V        ;                     ; Column I/O   ; N               ; no       ; Off          ;
; D20      ; 513        ; 7A       ; sample_out[2]                   ; output ; 2.5 V        ;                     ; Column I/O   ; N               ; no       ; Off          ;
; D21      ; 510        ; 7A       ; RESERVED_INPUT_WITH_WEAK_PULLUP ;        ;              ;                     ; Column I/O   ;                 ; no       ; On           ;
; D22      ; 503        ; 7A       ; RESERVED_INPUT_WITH_WEAK_PULLUP ;        ;              ;                     ; Column I/O   ;                 ; no       ; On           ;
; D23      ;            ; 7A       ; VCCIO7A                         ; power  ;              ; 2.5V                ; --           ;                 ; --       ; --           ;
; D24      ; 496        ; 7A       ; RESERVED_INPUT_WITH_WEAK_PULLUP ;        ;              ;                     ; Column I/O   ;                 ; no       ; On           ;
; D25      ; 492        ; 7A       ; RESERVED_INPUT_WITH_WEAK_PULLUP ;        ;              ;                     ; Column I/O   ;                 ; no       ; On           ;
; D26      ; 478        ; 7A       ; RESERVED_INPUT_WITH_WEAK_PULLUP ;        ;              ;                     ; Column I/O   ;                 ; no       ; On           ;
; D27      ; 488        ; 7A       ; RESERVED_INPUT_WITH_WEAK_PULLUP ;        ;              ;                     ; Column I/O   ;                 ; no       ; On           ;
; D28      ;            ;          ; GND                             ; gnd    ;              ;                     ; --           ;                 ; --       ; --           ;
; D29      ; 457        ; 7A       ; RESERVED_INPUT_WITH_WEAK_PULLUP ;        ;              ;                     ; Column I/O   ;                 ; no       ; On           ;
; D30      ; 455        ; 7A       ; RESERVED_INPUT_WITH_WEAK_PULLUP ;        ;              ;                     ; Column I/O   ;                 ; no       ; On           ;
; D31      ;            ;          ; NC                              ;        ;              ;                     ; --           ;                 ; --       ; --           ;
; D32      ;            ;          ; NC                              ;        ;              ;                     ; --           ;                 ; --       ; --           ;
; D33      ;            ;          ; GND                             ; gnd    ;              ;                     ; --           ;                 ; --       ; --           ;
; D34      ;            ;          ; NC                              ;        ;              ;                     ; --           ;                 ; --       ; --           ;
; E1       ;            ;          ; RREF                            ;        ;              ;                     ; --           ;                 ; --       ; --           ;
; E2       ;            ;          ; GND                             ; gnd    ;              ;                     ; --           ;                 ; --       ; --           ;
; E3       ;            ;          ; GND                             ; gnd    ;              ;                     ; --           ;                 ; --       ; --           ;
; E4       ;            ;          ; GND                             ; gnd    ;              ;                     ; --           ;                 ; --       ; --           ;
; E5       ;            ;          ; GND                             ; gnd    ;              ;                     ; --           ;                 ; --       ; --           ;
; E6       ;            ; 8A       ; VCCIO8A                         ; power  ;              ; 2.5V                ; --           ;                 ; --       ; --           ;
; E7       ; 620        ; 8A       ; RESERVED_INPUT_WITH_WEAK_PULLUP ;        ;              ;                     ; Column I/O   ;                 ; no       ; On           ;
; E8       ; 626        ; 8A       ; RESERVED_INPUT_WITH_WEAK_PULLUP ;        ;              ;                     ; Column I/O   ;                 ; no       ; On           ;
; E9       ; 616        ; 8A       ; RESERVED_INPUT_WITH_WEAK_PULLUP ;        ;              ;                     ; Column I/O   ;                 ; no       ; On           ;
; E10      ; 614        ; 8A       ; RESERVED_INPUT_WITH_WEAK_PULLUP ;        ;              ;                     ; Column I/O   ;                 ; no       ; On           ;
; E11      ;            ;          ; GND                             ; gnd    ;              ;                     ; --           ;                 ; --       ; --           ;
; E12      ; 607        ; 8A       ; RESERVED_INPUT_WITH_WEAK_PULLUP ;        ;              ;                     ; Column I/O   ;                 ; no       ; On           ;
; E13      ; 590        ; 8A       ; RESERVED_INPUT_WITH_WEAK_PULLUP ;        ;              ;                     ; Column I/O   ;                 ; no       ; On           ;
; E14      ; 583        ; 8A       ; RESERVED_INPUT_WITH_WEAK_PULLUP ;        ;              ;                     ; Column I/O   ;                 ; no       ; On           ;
; E15      ; 575        ; 8A       ; RESERVED_INPUT_WITH_WEAK_PULLUP ;        ;              ;                     ; Column I/O   ;                 ; no       ; On           ;
; E16      ;            ; 8A       ; VCCIO8A                         ; power  ;              ; 2.5V                ; --           ;                 ; --       ; --           ;
; E17      ; 537        ; 8A       ; sample_in[1]                    ; input  ; 2.5 V        ;                     ; Column I/O   ; N               ; no       ; Off          ;
; E18      ; 535        ; 8A       ; sample_in[3]                    ; input  ; 2.5 V        ;                     ; Column I/O   ; N               ; no       ; Off          ;
; E19      ; 524        ; 7A       ; sample_out[12]                  ; output ; 2.5 V        ;                     ; Column I/O   ; N               ; no       ; Off          ;
; E20      ; 511        ; 7A       ; RESERVED_INPUT_WITH_WEAK_PULLUP ;        ;              ;                     ; Column I/O   ;                 ; no       ; On           ;
; E21      ;            ;          ; GND                             ; gnd    ;              ;                     ; --           ;                 ; --       ; --           ;
; E22      ; 484        ; 7A       ; RESERVED_INPUT_WITH_WEAK_PULLUP ;        ;              ;                     ; Column I/O   ;                 ; no       ; On           ;
; E23      ; 486        ; 7A       ; RESERVED_INPUT_WITH_WEAK_PULLUP ;        ;              ;                     ; Column I/O   ;                 ; no       ; On           ;
; E24      ; 468        ; 7A       ; RESERVED_INPUT_WITH_WEAK_PULLUP ;        ;              ;                     ; Column I/O   ;                 ; no       ; On           ;
; E25      ; 470        ; 7A       ; RESERVED_INPUT_WITH_WEAK_PULLUP ;        ;              ;                     ; Column I/O   ;                 ; no       ; On           ;
; E26      ;            ; 7A       ; VCCIO7A                         ; power  ;              ; 2.5V                ; --           ;                 ; --       ; --           ;
; E27      ; 476        ; 7A       ; RESERVED_INPUT_WITH_WEAK_PULLUP ;        ;              ;                     ; Column I/O   ;                 ; no       ; On           ;
; E28      ; 462        ; 7A       ; RESERVED_INPUT_WITH_WEAK_PULLUP ;        ;              ;                     ; Column I/O   ;                 ; no       ; On           ;
; E29      ; 460        ; 7A       ; RESERVED_INPUT_WITH_WEAK_PULLUP ;        ;              ;                     ; Column I/O   ;                 ; no       ; On           ;
; E30      ; 450        ; 7A       ; RESERVED_INPUT_WITH_WEAK_PULLUP ;        ;              ;                     ; Column I/O   ;                 ; no       ; On           ;
; E31      ;            ;          ; GND                             ; gnd    ;              ;                     ; --           ;                 ; --       ; --           ;
; E32      ;            ;          ; NC                              ;        ;              ;                     ; --           ;                 ; --       ; --           ;
; E33      ;            ;          ; NC                              ;        ;              ;                     ; --           ;                 ; --       ; --           ;
; E34      ;            ;          ; NC                              ;        ;              ;                     ; --           ;                 ; --       ; --           ;
; F1       ;            ;          ; GND                             ; gnd    ;              ;                     ; --           ;                 ; --       ; --           ;
; F2       ;            ;          ; GND                             ; gnd    ;              ;                     ; --           ;                 ; --       ; --           ;
; F3       ; 2          ; B3L      ; GXB_NC                          ;        ;              ;                     ; --           ;                 ; --       ; --           ;
; F4       ; 3          ; B3L      ; GXB_NC                          ;        ;              ;                     ; --           ;                 ; --       ; --           ;
; F5       ;            ;          ; GND                             ; gnd    ;              ;                     ; --           ;                 ; --       ; --           ;
; F6       ; 632        ; 9A       ; ^MSEL2                          ;        ;              ;                     ; --           ;                 ; --       ; --           ;
; F7       ; 631        ; 9A       ; ^nCE                            ;        ;              ;                     ; --           ;                 ; --       ; --           ;
; F8       ; 624        ; 8A       ; RESERVED_INPUT_WITH_WEAK_PULLUP ;        ;              ;                     ; Column I/O   ;                 ; no       ; On           ;
; F9       ;            ; 8A       ; VCCIO8A                         ; power  ;              ; 2.5V                ; --           ;                 ; --       ; --           ;
; F10      ; 612        ; 8A       ; RESERVED_INPUT_WITH_WEAK_PULLUP ;        ;              ;                     ; Column I/O   ;                 ; no       ; On           ;
; F11      ; 617        ; 8A       ; RESERVED_INPUT_WITH_WEAK_PULLUP ;        ;              ;                     ; Column I/O   ;                 ; no       ; On           ;
; F12      ; 615        ; 8A       ; RESERVED_INPUT_WITH_WEAK_PULLUP ;        ;              ;                     ; Column I/O   ;                 ; no       ; On           ;
; F13      ; 588        ; 8A       ; RESERVED_INPUT_WITH_WEAK_PULLUP ;        ;              ;                     ; Column I/O   ;                 ; no       ; On           ;
; F14      ;            ;          ; GND                             ; gnd    ;              ;                     ; --           ;                 ; --       ; --           ;
; F15      ; 563        ; 8A       ; RESERVED_INPUT_WITH_WEAK_PULLUP ;        ;              ;                     ; Column I/O   ;                 ; no       ; On           ;
; F16      ; 553        ; 8A       ; RESERVED_INPUT_WITH_WEAK_PULLUP ;        ;              ;                     ; Column I/O   ;                 ; no       ; On           ;
; F17      ; 551        ; 8A       ; RESERVED_INPUT_WITH_WEAK_PULLUP ;        ;              ;                     ; Column I/O   ;                 ; no       ; On           ;
; F18      ; 533        ; 8A       ; RESERVED_INPUT_WITH_WEAK_PULLUP ;        ;              ;                     ; Column I/O   ;                 ; no       ; On           ;
; F19      ;            ; 7A       ; VCCIO7A                         ; power  ;              ; 2.5V                ; --           ;                 ; --       ; --           ;
; F20      ; 495        ; 7A       ; RESERVED_INPUT_WITH_WEAK_PULLUP ;        ;              ;                     ; Column I/O   ;                 ; no       ; On           ;
; F21      ; 487        ; 7A       ; RESERVED_INPUT_WITH_WEAK_PULLUP ;        ;              ;                     ; Column I/O   ;                 ; no       ; On           ;
; F22      ; 473        ; 7A       ; RESERVED_INPUT_WITH_WEAK_PULLUP ;        ;              ;                     ; Column I/O   ;                 ; no       ; On           ;
; F23      ; 471        ; 7A       ; RESERVED_INPUT_WITH_WEAK_PULLUP ;        ;              ;                     ; Column I/O   ;                 ; no       ; On           ;
; F24      ;            ;          ; GND                             ; gnd    ;              ;                     ; --           ;                 ; --       ; --           ;
; F25      ; 441        ; 7A       ; RESERVED_INPUT_WITH_WEAK_PULLUP ;        ;              ;                     ; Column I/O   ;                 ; no       ; On           ;
; F26      ; 444        ; 7A       ; RESERVED_INPUT_WITH_WEAK_PULLUP ;        ;              ;                     ; Column I/O   ;                 ; no       ; On           ;
; F27      ; 452        ; 7A       ; RESERVED_INPUT_WITH_WEAK_PULLUP ;        ;              ;                     ; Column I/O   ;                 ; no       ; On           ;
; F28      ; 454        ; 7A       ; RESERVED_INPUT_WITH_WEAK_PULLUP ;        ;              ;                     ; Column I/O   ;                 ; no       ; On           ;
; F29      ;            ; 7A       ; VCCIO7A                         ; power  ;              ; 2.5V                ; --           ;                 ; --       ; --           ;
; F30      ; 448        ; 7A       ; RESERVED_INPUT_WITH_WEAK_PULLUP ;        ;              ;                     ; Column I/O   ;                 ; no       ; On           ;
; F31      ;            ;          ; NC                              ;        ;              ;                     ; --           ;                 ; --       ; --           ;
; F32      ;            ;          ; NC                              ;        ;              ;                     ; --           ;                 ; --       ; --           ;
; F33      ;            ;          ; NC                              ;        ;              ;                     ; --           ;                 ; --       ; --           ;
; F34      ;            ;          ; GND                             ; gnd    ;              ;                     ; --           ;                 ; --       ; --           ;
; G1       ; 5          ; B3L      ; GND                             ;        ;              ;                     ; --           ;                 ; --       ; --           ;
; G2       ; 4          ; B3L      ; GND                             ;        ;              ;                     ; --           ;                 ; --       ; --           ;
; G3       ;            ;          ; GND                             ; gnd    ;              ;                     ; --           ;                 ; --       ; --           ;
; G4       ;            ;          ; GND                             ; gnd    ;              ;                     ; --           ;                 ; --       ; --           ;
; G5       ;            ;          ; GND                             ; gnd    ;              ;                     ; --           ;                 ; --       ; --           ;
; G6       ;            ;          ; NC                              ;        ;              ;                     ; --           ;                 ; --       ; --           ;
; G7       ;            ;          ; GND                             ; gnd    ;              ;                     ; --           ;                 ; --       ; --           ;
; G8       ; 634        ; 9A       ; ^nCONFIG                        ;        ;              ;                     ; --           ;                 ; --       ; --           ;
; G9       ; 630        ; 9A       ; ^nSTATUS                        ;        ;              ;                     ; --           ;                 ; --       ; --           ;
; G10      ; 628        ; 9A       ; ^CONF_DONE                      ;        ;              ;                     ; --           ;                 ; --       ; --           ;
; G11      ; 625        ; 8A       ; RESERVED_INPUT_WITH_WEAK_PULLUP ;        ;              ;                     ; Column I/O   ;                 ; no       ; On           ;
; G12      ;            ; 8A       ; VCCIO8A                         ; power  ;              ; 2.5V                ; --           ;                 ; --       ; --           ;
; G13      ; 599        ; 8A       ; RESERVED_INPUT_WITH_WEAK_PULLUP ;        ;              ;                     ; Column I/O   ;                 ; no       ; On           ;
; G14      ; 593        ; 8A       ; RESERVED_INPUT_WITH_WEAK_PULLUP ;        ;              ;                     ; Column I/O   ;                 ; no       ; On           ;
; G15      ; 565        ; 8A       ; RESERVED_INPUT_WITH_WEAK_PULLUP ;        ;              ;                     ; Column I/O   ;                 ; no       ; On           ;
; G16      ;            ; 8A       ; VREFB8AN0                       ; power  ;              ;                     ; --           ;                 ; --       ; --           ;
; G17      ;            ;          ; GND                             ; gnd    ;              ;                     ; --           ;                 ; --       ; --           ;
; G18      ; 531        ; 8A       ; sample_out[6]                   ; output ; 2.5 V        ;                     ; Column I/O   ; N               ; no       ; Off          ;
; G19      ;            ; 7A       ; VREFB7AN0                       ; power  ;              ;                     ; --           ;                 ; --       ; --           ;
; G20      ; 497        ; 7A       ; RESERVED_INPUT_WITH_WEAK_PULLUP ;        ;              ;                     ; Column I/O   ;                 ; no       ; On           ;
; G21      ; 489        ; 7A       ; RESERVED_INPUT_WITH_WEAK_PULLUP ;        ;              ;                     ; Column I/O   ;                 ; no       ; On           ;
; G22      ;            ; 7A       ; VCCIO7A                         ; power  ;              ; 2.5V                ; --           ;                 ; --       ; --           ;
; G23      ; 465        ; 7A       ; RESERVED_INPUT_WITH_WEAK_PULLUP ;        ;              ;                     ; Column I/O   ;                 ; no       ; On           ;
; G24      ; 447        ; 7A       ; RESERVED_INPUT_WITH_WEAK_PULLUP ;        ;              ;                     ; Column I/O   ;                 ; no       ; On           ;
; G25      ; 439        ; 7A       ; RESERVED_INPUT_WITH_WEAK_PULLUP ;        ;              ;                     ; Column I/O   ;                 ; no       ; On           ;
; G26      ; 446        ; 7A       ; RESERVED_INPUT_WITH_WEAK_PULLUP ;        ;              ;                     ; Column I/O   ;                 ; no       ; On           ;
; G27      ;            ;          ; GND                             ; gnd    ;              ;                     ; --           ;                 ; --       ; --           ;
; G28      ; 440        ; 7A       ; RESERVED_INPUT_WITH_WEAK_PULLUP ;        ;              ;                     ; Column I/O   ;                 ; no       ; On           ;
; G29      ; 442        ; 7A       ; RESERVED_INPUT_WITH_WEAK_PULLUP ;        ;              ;                     ; Column I/O   ;                 ; no       ; On           ;
; G30      ; 421        ; 6A       ; RESERVED_INPUT_WITH_WEAK_PULLUP ;        ;              ;                     ; Row I/O      ;                 ; no       ; On           ;
; G31      ; 419        ; 6A       ; RESERVED_INPUT_WITH_WEAK_PULLUP ;        ;              ;                     ; Row I/O      ;                 ; no       ; On           ;
; G32      ;            ; 6A       ; VCCIO6A                         ; power  ;              ; 2.5V                ; --           ;                 ; --       ; --           ;
; G33      ; 401        ; 6A       ; sample_in[13]                   ; input  ; 2.5 V        ;                     ; Row I/O      ; N               ; no       ; Off          ;
; G34      ; 399        ; 6A       ; RESERVED_INPUT_WITH_WEAK_PULLUP ;        ;              ;                     ; Row I/O      ;                 ; no       ; On           ;
; H1       ;            ;          ; GND                             ; gnd    ;              ;                     ; --           ;                 ; --       ; --           ;
; H2       ;            ;          ; GND                             ; gnd    ;              ;                     ; --           ;                 ; --       ; --           ;
; H3       ; 6          ; B3L      ; GXB_NC                          ;        ;              ;                     ; --           ;                 ; --       ; --           ;
; H4       ; 7          ; B3L      ; GXB_NC                          ;        ;              ;                     ; --           ;                 ; --       ; --           ;
; H5       ;            ;          ; GND                             ; gnd    ;              ;                     ; --           ;                 ; --       ; --           ;
; H6       ;            ;          ; NC                              ;        ;              ;                     ; --           ;                 ; --       ; --           ;
; H7       ; 635        ; 9A       ; ^MSEL4                          ;        ;              ;                     ; --           ;                 ; --       ; --           ;
; H8       ; 636        ; 9A       ; ^GND                            ;        ;              ;                     ; --           ;                 ; --       ; --           ;
; H9       ;            ; --       ; VCCBAT                          ; power  ;              ; 1.2V                ; --           ;                 ; --       ; --           ;
; H10      ;            ;          ; GND                             ; gnd    ;              ;                     ; --           ;                 ; --       ; --           ;
; H11      ;            ; --       ; VCCPGM                          ; power  ;              ; 1.8V/2.5V/3.0V/3.3V ; --           ;                 ; --       ; --           ;
; H12      ; 623        ; 8A       ; RESERVED_INPUT_WITH_WEAK_PULLUP ;        ;              ;                     ; Column I/O   ;                 ; no       ; On           ;
; H13      ; 601        ; 8A       ; RESERVED_INPUT_WITH_WEAK_PULLUP ;        ;              ;                     ; Column I/O   ;                 ; no       ; On           ;
; H14      ; 591        ; 8A       ; RESERVED_INPUT_WITH_WEAK_PULLUP ;        ;              ;                     ; Column I/O   ;                 ; no       ; On           ;
; H15      ;            ; 8A       ; VCCIO8A                         ; power  ;              ; 2.5V                ; --           ;                 ; --       ; --           ;
; H16      ; 549        ; 8A       ; RESERVED_INPUT_WITH_WEAK_PULLUP ;        ;              ;                     ; Column I/O   ;                 ; no       ; On           ;
; H17      ; 547        ; 8A       ; RESERVED_INPUT_WITH_WEAK_PULLUP ;        ;              ;                     ; Column I/O   ;                 ; no       ; On           ;
; H18      ; 517        ; 7A       ; sample_out[14]                  ; output ; 2.5 V        ;                     ; Column I/O   ; N               ; no       ; Off          ;
; H19      ; 515        ; 7A       ; RESERVED_INPUT_WITH_WEAK_PULLUP ;        ;              ;                     ; Column I/O   ;                 ; no       ; On           ;
; H20      ;            ;          ; GND                             ; gnd    ;              ;                     ; --           ;                 ; --       ; --           ;
; H21      ; 481        ; 7A       ; RESERVED_INPUT_WITH_WEAK_PULLUP ;        ;              ;                     ; Column I/O   ;                 ; no       ; On           ;
; H22      ; 479        ; 7A       ; RESERVED_INPUT_WITH_WEAK_PULLUP ;        ;              ;                     ; Column I/O   ;                 ; no       ; On           ;
; H23      ; 463        ; 7A       ; RESERVED_INPUT_WITH_WEAK_PULLUP ;        ;              ;                     ; Column I/O   ;                 ; no       ; On           ;
; H24      ; 449        ; 7A       ; RESERVED_INPUT_WITH_WEAK_PULLUP ;        ;              ;                     ; Column I/O   ;                 ; no       ; On           ;
; H25      ;            ; 7A       ; VCCIO7A                         ; power  ;              ; 2.5V                ; --           ;                 ; --       ; --           ;
; H26      ; 438        ; 7A       ; RESERVED_INPUT_WITH_WEAK_PULLUP ;        ;              ;                     ; Column I/O   ;                 ; no       ; On           ;
; H27      ; 436        ; 7A       ; RESERVED_INPUT_WITH_WEAK_PULLUP ;        ;              ;                     ; Column I/O   ;                 ; no       ; On           ;
; H28      ; 429        ; 6A       ; RESERVED_INPUT_WITH_WEAK_PULLUP ;        ;              ;                     ; Row I/O      ;                 ; no       ; On           ;
; H29      ; 427        ; 6A       ; RESERVED_INPUT_WITH_WEAK_PULLUP ;        ;              ;                     ; Row I/O      ;                 ; no       ; On           ;
; H30      ;            ;          ; GND                             ; gnd    ;              ;                     ; --           ;                 ; --       ; --           ;
; H31      ; 413        ; 6A       ; RESERVED_INPUT_WITH_WEAK_PULLUP ;        ;              ;                     ; Row I/O      ;                 ; no       ; On           ;
; H32      ; 409        ; 6A       ; RESERVED_INPUT_WITH_WEAK_PULLUP ;        ;              ;                     ; Row I/O      ;                 ; no       ; On           ;
; H33      ; 393        ; 6A       ; RESERVED_INPUT_WITH_WEAK_PULLUP ;        ;              ;                     ; Row I/O      ;                 ; no       ; On           ;
; H34      ; 391        ; 6A       ; RESERVED_INPUT_WITH_WEAK_PULLUP ;        ;              ;                     ; Row I/O      ;                 ; no       ; On           ;
; J1       ; 9          ; B3L      ; GND                             ;        ;              ;                     ; --           ;                 ; --       ; --           ;
; J2       ; 8          ; B3L      ; GND                             ;        ;              ;                     ; --           ;                 ; --       ; --           ;
; J3       ;            ;          ; GND                             ; gnd    ;              ;                     ; --           ;                 ; --       ; --           ;
; J4       ;            ;          ; GND                             ; gnd    ;              ;                     ; --           ;                 ; --       ; --           ;
; J5       ;            ;          ; GND                             ; gnd    ;              ;                     ; --           ;                 ; --       ; --           ;
; J6       ;            ;          ; NC                              ;        ;              ;                     ; --           ;                 ; --       ; --           ;
; J7       ;            ;          ; NC                              ;        ;              ;                     ; --           ;                 ; --       ; --           ;
; J8       ;            ;          ; NC                              ;        ;              ;                     ; --           ;                 ; --       ; --           ;
; J9       ;            ;          ; NC                              ;        ;              ;                     ; --           ;                 ; --       ; --           ;
; J10      ;            ; --       ; VCC_AUX                         ; power  ;              ; 2.5V                ; --           ;                 ; --       ; --           ;
; J11      ; 629        ; 9A       ; ^MSEL1                          ;        ;              ;                     ; --           ;                 ; --       ; --           ;
; J12      ; 627        ; 9A       ; ^MSEL0                          ;        ;              ;                     ; --           ;                 ; --       ; --           ;
; J13      ;            ;          ; GND                             ; gnd    ;              ;                     ; --           ;                 ; --       ; --           ;
; J14      ;            ; 7A, 8A   ; VCCPD7A8A                       ; power  ;              ; 2.5V                ; --           ;                 ; --       ; --           ;
; J15      ; 579        ; 8A       ; RESERVED_INPUT_WITH_WEAK_PULLUP ;        ;              ;                     ; Column I/O   ;                 ; no       ; On           ;
; J16      ;            ; 7A, 8A   ; VCCPD7A8A                       ; power  ;              ; 2.5V                ; --           ;                 ; --       ; --           ;
; J17      ;            ;          ; DNU                             ;        ;              ;                     ; --           ;                 ; --       ; --           ;
; J18      ;            ; 7A       ; VCCIO7A                         ; power  ;              ; 2.5V                ; --           ;                 ; --       ; --           ;
; J19      ;            ; 7A, 8A   ; VCCPD7A8A                       ; power  ;              ; 2.5V                ; --           ;                 ; --       ; --           ;
; J20      ; 499        ; 7A       ; RESERVED_INPUT_WITH_WEAK_PULLUP ;        ;              ;                     ; Column I/O   ;                 ; no       ; On           ;
; J21      ;            ; 7A, 8A   ; VCCPD7A8A                       ; power  ;              ; 2.5V                ; --           ;                 ; --       ; --           ;
; J22      ;            ; 7A, 8A   ; VCCPD7A8A                       ; power  ;              ; 2.5V                ; --           ;                 ; --       ; --           ;
; J23      ;            ;          ; GND                             ; gnd    ;              ;                     ; --           ;                 ; --       ; --           ;
; J24      ;            ;          ; DNU                             ;        ;              ;                     ; --           ;                 ; --       ; --           ;
; J25      ; 437        ; 7A       ; RESERVED_INPUT_WITH_WEAK_PULLUP ;        ;              ;                     ; Column I/O   ;                 ; no       ; On           ;
; J26      ; 434        ; 7A       ; ^GND                            ;        ;              ;                     ; --           ;                 ; --       ; --           ;
; J27      ;            ;          ; NC                              ;        ;              ;                     ; --           ;                 ; --       ; --           ;
; J28      ;            ; 6A       ; VCCIO6A                         ; power  ;              ; 2.5V                ; --           ;                 ; --       ; --           ;
; J29      ; 425        ; 6A       ; RESERVED_INPUT_WITH_WEAK_PULLUP ;        ;              ;                     ; Row I/O      ;                 ; no       ; On           ;
; J30      ; 423        ; 6A       ; RESERVED_INPUT_WITH_WEAK_PULLUP ;        ;              ;                     ; Row I/O      ;                 ; no       ; On           ;
; J31      ; 411        ; 6A       ; RESERVED_INPUT_WITH_WEAK_PULLUP ;        ;              ;                     ; Row I/O      ;                 ; no       ; On           ;
; J32      ; 407        ; 6A       ; RESERVED_INPUT_WITH_WEAK_PULLUP ;        ;              ;                     ; Row I/O      ;                 ; no       ; On           ;
; J33      ;            ;          ; GND                             ; gnd    ;              ;                     ; --           ;                 ; --       ; --           ;
; J34      ; 381        ; 6A       ; RESERVED_INPUT_WITH_WEAK_PULLUP ;        ;              ;                     ; Row I/O      ;                 ; no       ; On           ;
; K1       ;            ;          ; GND                             ; gnd    ;              ;                     ; --           ;                 ; --       ; --           ;
; K2       ;            ;          ; GND                             ; gnd    ;              ;                     ; --           ;                 ; --       ; --           ;
; K3       ; 10         ; B3L      ; GXB_NC                          ;        ;              ;                     ; --           ;                 ; --       ; --           ;
; K4       ; 11         ; B3L      ; GXB_NC                          ;        ;              ;                     ; --           ;                 ; --       ; --           ;
; K5       ;            ;          ; GND                             ; gnd    ;              ;                     ; --           ;                 ; --       ; --           ;
; K6       ;            ;          ; GND                             ; gnd    ;              ;                     ; --           ;                 ; --       ; --           ;
; K7       ;            ;          ; GND                             ; gnd    ;              ;                     ; --           ;                 ; --       ; --           ;
; K8       ;            ;          ; GND                             ; gnd    ;              ;                     ; --           ;                 ; --       ; --           ;
; K9       ;            ;          ; NC                              ;        ;              ;                     ; --           ;                 ; --       ; --           ;
; K10      ; 633        ; 9A       ; ^MSEL3                          ;        ;              ;                     ; --           ;                 ; --       ; --           ;
; K11      ;            ; 8A       ; VCCIO8A                         ; power  ;              ; 2.5V                ; --           ;                 ; --       ; --           ;
; K12      ; 621        ; 8A       ; RESERVED_INPUT_WITH_WEAK_PULLUP ;        ;              ;                     ; Column I/O   ;                 ; no       ; On           ;
; K13      ; 613        ; 8A       ; RESERVED_INPUT_WITH_WEAK_PULLUP ;        ;              ;                     ; Column I/O   ;                 ; no       ; On           ;
; K14      ; 581        ; 8A       ; RESERVED_INPUT_WITH_WEAK_PULLUP ;        ;              ;                     ; Column I/O   ;                 ; no       ; On           ;
; K15      ;            ; 7A, 8A   ; VCCPD7A8A                       ; power  ;              ; 2.5V                ; --           ;                 ; --       ; --           ;
; K16      ;            ;          ; GND                             ; gnd    ;              ;                     ; --           ;                 ; --       ; --           ;
; K17      ;            ; 7A, 8A   ; VCCPD7A8A                       ; power  ;              ; 2.5V                ; --           ;                 ; --       ; --           ;
; K18      ;            ; --       ; VCC_AUX                         ; power  ;              ; 2.5V                ; --           ;                 ; --       ; --           ;
; K19      ; 501        ; 7A       ; RESERVED_INPUT_WITH_WEAK_PULLUP ;        ;              ;                     ; Column I/O   ;                 ; no       ; On           ;
; K20      ;            ; 7A, 8A   ; VCCPD7A8A                       ; power  ;              ; 2.5V                ; --           ;                 ; --       ; --           ;
; K21      ;            ; 7A       ; VCCIO7A                         ; power  ;              ; 2.5V                ; --           ;                 ; --       ; --           ;
; K22      ; 469        ; 7A       ; RESERVED_INPUT_WITH_WEAK_PULLUP ;        ;              ;                     ; Column I/O   ;                 ; no       ; On           ;
; K23      ; 461        ; 7A       ; RESERVED_INPUT_WITH_WEAK_PULLUP ;        ;              ;                     ; Column I/O   ;                 ; no       ; On           ;
; K24      ;            ; --       ; VCC_AUX                         ; power  ;              ; 2.5V                ; --           ;                 ; --       ; --           ;
; K25      ; 435        ; 7A       ; RESERVED_INPUT_WITH_WEAK_PULLUP ;        ;              ;                     ; Column I/O   ;                 ; no       ; On           ;
; K26      ;            ;          ; GND                             ; gnd    ;              ;                     ; --           ;                 ; --       ; --           ;
; K27      ;            ;          ; NC                              ;        ;              ;                     ; --           ;                 ; --       ; --           ;
; K28      ; 433        ; 6A       ; RESERVED_INPUT_WITH_WEAK_PULLUP ;        ;              ;                     ; Row I/O      ;                 ; no       ; On           ;
; K29      ; 431        ; 6A       ; RESERVED_INPUT_WITH_WEAK_PULLUP ;        ;              ;                     ; Row I/O      ;                 ; no       ; On           ;
; K30      ; 408        ; 6A       ; RESERVED_INPUT_WITH_WEAK_PULLUP ;        ;              ;                     ; Row I/O      ;                 ; no       ; On           ;
; K31      ;            ; 6A       ; VCCIO6A                         ; power  ;              ; 2.5V                ; --           ;                 ; --       ; --           ;
; K32      ; 389        ; 6A       ; RESERVED_INPUT_WITH_WEAK_PULLUP ;        ;              ;                     ; Row I/O      ;                 ; no       ; On           ;
; K33      ; 387        ; 6A       ; sample_in[11]                   ; input  ; 2.5 V        ;                     ; Row I/O      ; N               ; no       ; Off          ;
; K34      ; 379        ; 6A       ; RESERVED_INPUT_WITH_WEAK_PULLUP ;        ;              ;                     ; Row I/O      ;                 ; no       ; On           ;
; L1       ; 13         ; B3L      ; GND                             ;        ;              ;                     ; --           ;                 ; --       ; --           ;
; L2       ; 12         ; B3L      ; GND                             ;        ;              ;                     ; --           ;                 ; --       ; --           ;
; L3       ;            ;          ; GND                             ; gnd    ;              ;                     ; --           ;                 ; --       ; --           ;
; L4       ;            ;          ; GND                             ; gnd    ;              ;                     ; --           ;                 ; --       ; --           ;
; L5       ;            ;          ; GND                             ; gnd    ;              ;                     ; --           ;                 ; --       ; --           ;
; L6       ;            ;          ; GND                             ; gnd    ;              ;                     ; --           ;                 ; --       ; --           ;
; L7       ;            ;          ; GND                             ; gnd    ;              ;                     ; --           ;                 ; --       ; --           ;
; L8       ;            ;          ; GND                             ; gnd    ;              ;                     ; --           ;                 ; --       ; --           ;
; L9       ;            ;          ; GND                             ; gnd    ;              ;                     ; --           ;                 ; --       ; --           ;
; L10      ;            ;          ; NC                              ;        ;              ;                     ; --           ;                 ; --       ; --           ;
; L11      ; 619        ; 8A       ; RESERVED_INPUT_WITH_WEAK_PULLUP ;        ;              ;                     ; Column I/O   ;                 ; no       ; On           ;
; L12      ; 611        ; 8A       ; RESERVED_INPUT_WITH_WEAK_PULLUP ;        ;              ;                     ; Column I/O   ;                 ; no       ; On           ;
; L13      ; 597        ; 8A       ; RESERVED_INPUT_WITH_WEAK_PULLUP ;        ;              ;                     ; Column I/O   ;                 ; no       ; On           ;
; L14      ;            ;          ; GND                             ; gnd    ;              ;                     ; --           ;                 ; --       ; --           ;
; L15      ; 573        ; 8A       ; RESERVED_INPUT_WITH_WEAK_PULLUP ;        ;              ;                     ; Column I/O   ;                 ; no       ; On           ;
; L16      ; 571        ; 8A       ; RESERVED_INPUT_WITH_WEAK_PULLUP ;        ;              ;                     ; Column I/O   ;                 ; no       ; On           ;
; L17      ; 541        ; 8A       ; sample_in[9]                    ; input  ; 2.5 V        ;                     ; Column I/O   ; N               ; no       ; Off          ;
; L18      ; 525        ; 7A       ; sample_out[10]                  ; output ; 2.5 V        ;                     ; Column I/O   ; N               ; no       ; Off          ;
; L19      ;            ;          ; GND                             ; gnd    ;              ;                     ; --           ;                 ; --       ; --           ;
; L20      ; 485        ; 7A       ; RESERVED_INPUT_WITH_WEAK_PULLUP ;        ;              ;                     ; Column I/O   ;                 ; no       ; On           ;
; L21      ; 483        ; 7A       ; RESERVED_INPUT_WITH_WEAK_PULLUP ;        ;              ;                     ; Column I/O   ;                 ; no       ; On           ;
; L22      ; 467        ; 7A       ; RESERVED_INPUT_WITH_WEAK_PULLUP ;        ;              ;                     ; Column I/O   ;                 ; no       ; On           ;
; L23      ; 459        ; 7A       ; RESERVED_INPUT_WITH_WEAK_PULLUP ;        ;              ;                     ; Column I/O   ;                 ; no       ; On           ;
; L24      ;            ;          ; GND                             ; gnd    ;              ;                     ; --           ;                 ; --       ; --           ;
; L25      ; 453        ; 7A       ; RESERVED_INPUT_WITH_WEAK_PULLUP ;        ;              ;                     ; Column I/O   ;                 ; no       ; On           ;
; L26      ;            ;          ; NC                              ;        ;              ;                     ; --           ;                 ; --       ; --           ;
; L27      ; 432        ; 6A       ; RESERVED_INPUT_WITH_WEAK_PULLUP ;        ;              ;                     ; Row I/O      ;                 ; no       ; On           ;
; L28      ; 430        ; 6A       ; RESERVED_INPUT_WITH_WEAK_PULLUP ;        ;              ;                     ; Row I/O      ;                 ; no       ; On           ;
; L29      ;            ;          ; GND                             ; gnd    ;              ;                     ; --           ;                 ; --       ; --           ;
; L30      ; 406        ; 6A       ; RESERVED_INPUT_WITH_WEAK_PULLUP ;        ;              ;                     ; Row I/O      ;                 ; no       ; On           ;
; L31      ; 405        ; 6A       ; sample_in[0]                    ; input  ; 2.5 V        ;                     ; Row I/O      ; N               ; no       ; Off          ;
; L32      ; 385        ; 6A       ; RESERVED_INPUT_WITH_WEAK_PULLUP ;        ;              ;                     ; Row I/O      ;                 ; no       ; On           ;
; L33      ; 383        ; 6A       ; RESERVED_INPUT_WITH_WEAK_PULLUP ;        ;              ;                     ; Row I/O      ;                 ; no       ; On           ;
; L34      ;            ;          ; GND                             ; gnd    ;              ;                     ; --           ;                 ; --       ; --           ;
; M1       ;            ;          ; GND                             ; gnd    ;              ;                     ; --           ;                 ; --       ; --           ;
; M2       ;            ;          ; GND                             ; gnd    ;              ;                     ; --           ;                 ; --       ; --           ;
; M3       ; 14         ; B2L      ; GXB_NC                          ;        ;              ;                     ; --           ;                 ; --       ; --           ;
; M4       ; 15         ; B2L      ; GXB_NC                          ;        ;              ;                     ; --           ;                 ; --       ; --           ;
; M5       ;            ;          ; GND                             ; gnd    ;              ;                     ; --           ;                 ; --       ; --           ;
; M6       ;            ;          ; GND                             ; gnd    ;              ;                     ; --           ;                 ; --       ; --           ;
; M7       ;            ;          ; GND                             ; gnd    ;              ;                     ; --           ;                 ; --       ; --           ;
; M8       ;            ; --       ; VCCE_GXBL                       ; power  ;              ; 1.1V                ; --           ;                 ; --       ; --           ;
; M9       ;            ;          ; GND                             ; gnd    ;              ;                     ; --           ;                 ; --       ; --           ;
; M10      ;            ;          ; GND                             ; gnd    ;              ;                     ; --           ;                 ; --       ; --           ;
; M11      ;            ; --       ; VCCA_FPLL                       ; power  ;              ; 2.5V                ; --           ;                 ; --       ; --           ;
; M12      ;            ;          ; GND                             ; gnd    ;              ;                     ; --           ;                 ; --       ; --           ;
; M13      ; 595        ; 8A       ; RESERVED_INPUT_WITH_WEAK_PULLUP ;        ;              ;                     ; Column I/O   ;                 ; no       ; On           ;
; M14      ; 557        ; 8A       ; RESERVED_INPUT_WITH_WEAK_PULLUP ;        ;              ;                     ; Column I/O   ;                 ; no       ; On           ;
; M15      ; 555        ; 8A       ; RESERVED_INPUT_WITH_WEAK_PULLUP ;        ;              ;                     ; Column I/O   ;                 ; no       ; On           ;
; M16      ; 539        ; 8A       ; sample_in[4]                    ; input  ; 2.5 V        ;                     ; Column I/O   ; N               ; no       ; Off          ;
; M17      ;            ;          ; GND                             ; gnd    ;              ;                     ; --           ;                 ; --       ; --           ;
; M18      ; 523        ; 7A       ; sample_out[8]                   ; output ; 2.5 V        ;                     ; Column I/O   ; N               ; no       ; Off          ;
; M19      ; 509        ; 7A       ; RESERVED_INPUT_WITH_WEAK_PULLUP ;        ;              ;                     ; Column I/O   ;                 ; no       ; On           ;
; M20      ; 507        ; 7A       ; RESERVED_INPUT_WITH_WEAK_PULLUP ;        ;              ;                     ; Column I/O   ;                 ; no       ; On           ;
; M21      ; 493        ; 7A       ; RESERVED_INPUT_WITH_WEAK_PULLUP ;        ;              ;                     ; Column I/O   ;                 ; no       ; On           ;
; M22      ;            ;          ; GND                             ; gnd    ;              ;                     ; --           ;                 ; --       ; --           ;
; M23      ; 475        ; 7A       ; RESERVED_INPUT_WITH_WEAK_PULLUP ;        ;              ;                     ; Column I/O   ;                 ; no       ; On           ;
; M24      ; 443        ; 7A       ; RESERVED_INPUT_WITH_WEAK_PULLUP ;        ;              ;                     ; Column I/O   ;                 ; no       ; On           ;
; M25      ; 451        ; 7A       ; RESERVED_INPUT_WITH_WEAK_PULLUP ;        ;              ;                     ; Column I/O   ;                 ; no       ; On           ;
; M26      ;            ; --       ; VCCA_FPLL                       ; power  ;              ; 2.5V                ; --           ;                 ; --       ; --           ;
; M27      ;            ; 6A       ; VCCIO6A                         ; power  ;              ; 2.5V                ; --           ;                 ; --       ; --           ;
; M28      ; 416        ; 6A       ; RESERVED_INPUT_WITH_WEAK_PULLUP ;        ;              ;                     ; Row I/O      ;                 ; no       ; On           ;
; M29      ; 422        ; 6A       ; RESERVED_INPUT_WITH_WEAK_PULLUP ;        ;              ;                     ; Row I/O      ;                 ; no       ; On           ;
; M30      ; 424        ; 6A       ; sample_in[12]                   ; input  ; 2.5 V        ;                     ; Row I/O      ; N               ; no       ; Off          ;
; M31      ; 403        ; 6A       ; RESERVED_INPUT_WITH_WEAK_PULLUP ;        ;              ;                     ; Row I/O      ;                 ; no       ; On           ;
; M32      ;            ;          ; GND                             ; gnd    ;              ;                     ; --           ;                 ; --       ; --           ;
; M33      ; 377        ; 6A       ; RESERVED_INPUT_WITH_WEAK_PULLUP ;        ;              ;                     ; Row I/O      ;                 ; no       ; On           ;
; M34      ; 375        ; 6A       ; RESERVED_INPUT_WITH_WEAK_PULLUP ;        ;              ;                     ; Row I/O      ;                 ; no       ; On           ;
; N1       ; 17         ; B2L      ; GND                             ;        ;              ;                     ; --           ;                 ; --       ; --           ;
; N2       ; 16         ; B2L      ; GND                             ;        ;              ;                     ; --           ;                 ; --       ; --           ;
; N3       ;            ;          ; GND                             ; gnd    ;              ;                     ; --           ;                 ; --       ; --           ;
; N4       ;            ;          ; GND                             ; gnd    ;              ;                     ; --           ;                 ; --       ; --           ;
; N5       ;            ;          ; GND                             ; gnd    ;              ;                     ; --           ;                 ; --       ; --           ;
; N6       ;            ;          ; GND                             ; gnd    ;              ;                     ; --           ;                 ; --       ; --           ;
; N7       ;            ; --       ; VCCL_GXBL                       ; power  ;              ; 1.1V                ; --           ;                 ; --       ; --           ;
; N8       ;            ;          ; GND                             ; gnd    ;              ;                     ; --           ;                 ; --       ; --           ;
; N9       ;            ; --       ; VCCH_GXBL                       ; power  ;              ; 2.5V                ; --           ;                 ; --       ; --           ;
; N10      ;            ;          ; GND                             ; gnd    ;              ;                     ; --           ;                 ; --       ; --           ;
; N11      ;            ;          ; GND                             ; gnd    ;              ;                     ; --           ;                 ; --       ; --           ;
; N12      ; 605        ; 8A       ; RESERVED_INPUT_WITH_WEAK_PULLUP ;        ;              ;                     ; Column I/O   ;                 ; no       ; On           ;
; N13      ; 603        ; 8A       ; RESERVED_INPUT_WITH_WEAK_PULLUP ;        ;              ;                     ; Column I/O   ;                 ; no       ; On           ;
; N14      ; 589        ; 8A       ; RESERVED_INPUT_WITH_WEAK_PULLUP ;        ;              ;                     ; Column I/O   ;                 ; no       ; On           ;
; N15      ;            ; --       ; VCC                             ; power  ;              ; 1.1V                ; --           ;                 ; --       ; --           ;
; N16      ;            ;          ; GND                             ; gnd    ;              ;                     ; --           ;                 ; --       ; --           ;
; N17      ;            ; --       ; VCC                             ; power  ;              ; 1.1V                ; --           ;                 ; --       ; --           ;
; N18      ;            ;          ; GND                             ; gnd    ;              ;                     ; --           ;                 ; --       ; --           ;
; N19      ;            ; --       ; VCC                             ; power  ;              ; 1.1V                ; --           ;                 ; --       ; --           ;
; N20      ;            ;          ; GND                             ; gnd    ;              ;                     ; --           ;                 ; --       ; --           ;
; N21      ;            ; --       ; VCC                             ; power  ;              ; 1.1V                ; --           ;                 ; --       ; --           ;
; N22      ; 491        ; 7A       ; RESERVED_INPUT_WITH_WEAK_PULLUP ;        ;              ;                     ; Column I/O   ;                 ; no       ; On           ;
; N23      ; 477        ; 7A       ; RESERVED_INPUT_WITH_WEAK_PULLUP ;        ;              ;                     ; Column I/O   ;                 ; no       ; On           ;
; N24      ; 445        ; 7A       ; RESERVED_INPUT_WITH_WEAK_PULLUP ;        ;              ;                     ; Column I/O   ;                 ; no       ; On           ;
; N25      ;            ;          ; GND                             ; gnd    ;              ;                     ; --           ;                 ; --       ; --           ;
; N26      ;            ; 6A       ; VCCPD6A                         ; power  ;              ; 2.5V                ; --           ;                 ; --       ; --           ;
; N27      ; 420        ; 6A       ; RESERVED_INPUT_WITH_WEAK_PULLUP ;        ;              ;                     ; Row I/O      ;                 ; no       ; On           ;
; N28      ; 414        ; 6A       ; RESERVED_INPUT_WITH_WEAK_PULLUP ;        ;              ;                     ; Row I/O      ;                 ; no       ; On           ;
; N29      ; 417        ; 6A       ; RESERVED_INPUT_WITH_WEAK_PULLUP ;        ;              ;                     ; Row I/O      ;                 ; no       ; On           ;
; N30      ;            ; 6A       ; VCCIO6A                         ; power  ;              ; 2.5V                ; --           ;                 ; --       ; --           ;
; N31      ; 397        ; 6A       ; RESERVED_INPUT_WITH_WEAK_PULLUP ;        ;              ;                     ; Row I/O      ;                 ; no       ; On           ;
; N32      ; 395        ; 6A       ; sample_in[8]                    ; input  ; 2.5 V        ;                     ; Row I/O      ; N               ; no       ; Off          ;
; N33      ; 382        ; 6A       ; RESERVED_INPUT_WITH_WEAK_PULLUP ;        ;              ;                     ; Row I/O      ;                 ; no       ; On           ;
; N34      ; 384        ; 6A       ; RESERVED_INPUT_WITH_WEAK_PULLUP ;        ;              ;                     ; Row I/O      ;                 ; no       ; On           ;
; P1       ;            ;          ; GND                             ; gnd    ;              ;                     ; --           ;                 ; --       ; --           ;
; P2       ;            ;          ; GND                             ; gnd    ;              ;                     ; --           ;                 ; --       ; --           ;
; P3       ; 18         ; B2L      ; GXB_NC                          ;        ;              ;                     ; --           ;                 ; --       ; --           ;
; P4       ; 19         ; B2L      ; GXB_NC                          ;        ;              ;                     ; --           ;                 ; --       ; --           ;
; P5       ;            ;          ; GND                             ; gnd    ;              ;                     ; --           ;                 ; --       ; --           ;
; P6       ;            ;          ; GND                             ; gnd    ;              ;                     ; --           ;                 ; --       ; --           ;
; P7       ;            ;          ; GND                             ; gnd    ;              ;                     ; --           ;                 ; --       ; --           ;
; P8       ;            ; --       ; VCCE_GXBL                       ; power  ;              ; 1.1V                ; --           ;                 ; --       ; --           ;
; P9       ;            ;          ; GND                             ; gnd    ;              ;                     ; --           ;                 ; --       ; --           ;
; P10      ; 0          ; B3L      ; GND                             ;        ;              ;                     ; Row I/O      ;                 ; --       ; --           ;
; P11      ;            ;          ; GND                             ; gnd    ;              ;                     ; --           ;                 ; --       ; --           ;
; P12      ;            ; --       ; VCC                             ; power  ;              ; 1.1V                ; --           ;                 ; --       ; --           ;
; P13      ;            ;          ; GND                             ; gnd    ;              ;                     ; --           ;                 ; --       ; --           ;
; P14      ; 587        ; 8A       ; RESERVED_INPUT_WITH_WEAK_PULLUP ;        ;              ;                     ; Column I/O   ;                 ; no       ; On           ;
; P15      ;            ;          ; GND                             ; gnd    ;              ;                     ; --           ;                 ; --       ; --           ;
; P16      ;            ; --       ; VCC                             ; power  ;              ; 1.1V                ; --           ;                 ; --       ; --           ;
; P17      ;            ;          ; GND                             ; gnd    ;              ;                     ; --           ;                 ; --       ; --           ;
; P18      ;            ; --       ; VCC                             ; power  ;              ; 1.1V                ; --           ;                 ; --       ; --           ;
; P19      ;            ;          ; GND                             ; gnd    ;              ;                     ; --           ;                 ; --       ; --           ;
; P20      ;            ; --       ; VCC                             ; power  ;              ; 1.1V                ; --           ;                 ; --       ; --           ;
; P21      ;            ;          ; GND                             ; gnd    ;              ;                     ; --           ;                 ; --       ; --           ;
; P22      ;            ; --       ; VCC                             ; power  ;              ; 1.1V                ; --           ;                 ; --       ; --           ;
; P23      ;            ; 6A       ; VCCIO6A                         ; power  ;              ; 2.5V                ; --           ;                 ; --       ; --           ;
; P24      ; 426        ; 6A       ; RESERVED_INPUT_WITH_WEAK_PULLUP ;        ;              ;                     ; Row I/O      ;                 ; no       ; On           ;
; P25      ; 428        ; 6A       ; RESERVED_INPUT_WITH_WEAK_PULLUP ;        ;              ;                     ; Row I/O      ;                 ; no       ; On           ;
; P26      ;            ; 6A       ; VCCPD6A                         ; power  ;              ; 2.5V                ; --           ;                 ; --       ; --           ;
; P27      ; 418        ; 6A       ; RESERVED_INPUT_WITH_WEAK_PULLUP ;        ;              ;                     ; Row I/O      ;                 ; no       ; On           ;
; P28      ;            ;          ; GND                             ; gnd    ;              ;                     ; --           ;                 ; --       ; --           ;
; P29      ;            ; 6A       ; VREFB6AN0                       ; power  ;              ;                     ; --           ;                 ; --       ; --           ;
; P30      ; 415        ; 6A       ; RESERVED_INPUT_WITH_WEAK_PULLUP ;        ;              ;                     ; Row I/O      ;                 ; no       ; On           ;
; P31      ; 400        ; 6A       ; RESERVED_INPUT_WITH_WEAK_PULLUP ;        ;              ;                     ; Row I/O      ;                 ; no       ; On           ;
; P32      ; 398        ; 6A       ; RESERVED_INPUT_WITH_WEAK_PULLUP ;        ;              ;                     ; Row I/O      ;                 ; no       ; On           ;
; P33      ;            ; 6A       ; VCCIO6A                         ; power  ;              ; 2.5V                ; --           ;                 ; --       ; --           ;
; P34      ; 368        ; 6A       ; RESERVED_INPUT_WITH_WEAK_PULLUP ;        ;              ;                     ; Row I/O      ;                 ; no       ; On           ;
; R1       ; 21         ; B2L      ; GND                             ;        ;              ;                     ; --           ;                 ; --       ; --           ;
; R2       ; 20         ; B2L      ; GND                             ;        ;              ;                     ; --           ;                 ; --       ; --           ;
; R3       ;            ;          ; GND                             ; gnd    ;              ;                     ; --           ;                 ; --       ; --           ;
; R4       ;            ;          ; GND                             ; gnd    ;              ;                     ; --           ;                 ; --       ; --           ;
; R5       ;            ;          ; GND                             ; gnd    ;              ;                     ; --           ;                 ; --       ; --           ;
; R6       ;            ;          ; GND                             ; gnd    ;              ;                     ; --           ;                 ; --       ; --           ;
; R7       ;            ; --       ; VCCL_GXBL                       ; power  ;              ; 1.1V                ; --           ;                 ; --       ; --           ;
; R8       ;            ;          ; GND                             ; gnd    ;              ;                     ; --           ;                 ; --       ; --           ;
; R9       ;            ; --       ; VCCE_GXBL                       ; power  ;              ; 1.1V                ; --           ;                 ; --       ; --           ;
; R10      ;            ;          ; GND                             ; gnd    ;              ;                     ; --           ;                 ; --       ; --           ;
; R11      ; 1          ; B3L      ; GND                             ;        ;              ;                     ; Row I/O      ;                 ; --       ; --           ;
; R12      ;            ;          ; GND                             ; gnd    ;              ;                     ; --           ;                 ; --       ; --           ;
; R13      ;            ; --       ; VCC                             ; power  ;              ; 1.1V                ; --           ;                 ; --       ; --           ;
; R14      ;            ;          ; GND                             ; gnd    ;              ;                     ; --           ;                 ; --       ; --           ;
; R15      ;            ; --       ; VCC                             ; power  ;              ; 1.1V                ; --           ;                 ; --       ; --           ;
; R16      ;            ;          ; GND                             ; gnd    ;              ;                     ; --           ;                 ; --       ; --           ;
; R17      ;            ; --       ; VCC                             ; power  ;              ; 1.1V                ; --           ;                 ; --       ; --           ;
; R18      ;            ;          ; GND                             ; gnd    ;              ;                     ; --           ;                 ; --       ; --           ;
; R19      ;            ; --       ; VCC                             ; power  ;              ; 1.1V                ; --           ;                 ; --       ; --           ;
; R20      ;            ;          ; GND                             ; gnd    ;              ;                     ; --           ;                 ; --       ; --           ;
; R21      ;            ; --       ; VCC                             ; power  ;              ; 1.1V                ; --           ;                 ; --       ; --           ;
; R22      ;            ;          ; GND                             ; gnd    ;              ;                     ; --           ;                 ; --       ; --           ;
; R23      ; 410        ; 6A       ; RESERVED_INPUT_WITH_WEAK_PULLUP ;        ;              ;                     ; Row I/O      ;                 ; no       ; On           ;
; R24      ; 412        ; 6A       ; RESERVED_INPUT_WITH_WEAK_PULLUP ;        ;              ;                     ; Row I/O      ;                 ; no       ; On           ;
; R25      ; 396        ; 6A       ; sample_in[14]                   ; input  ; 2.5 V        ;                     ; Row I/O      ; N               ; no       ; Off          ;
; R26      ;            ; 6A       ; VCCIO6A                         ; power  ;              ; 2.5V                ; --           ;                 ; --       ; --           ;
; R27      ; 390        ; 6A       ; sample_in[15]                   ; input  ; 2.5 V        ;                     ; Row I/O      ; N               ; no       ; Off          ;
; R28      ; 392        ; 6A       ; RESERVED_INPUT_WITH_WEAK_PULLUP ;        ;              ;                     ; Row I/O      ;                 ; no       ; On           ;
; R29      ; 404        ; 6A       ; RESERVED_INPUT_WITH_WEAK_PULLUP ;        ;              ;                     ; Row I/O      ;                 ; no       ; On           ;
; R30      ; 402        ; 6A       ; RESERVED_INPUT_WITH_WEAK_PULLUP ;        ;              ;                     ; Row I/O      ;                 ; no       ; On           ;
; R31      ;            ;          ; GND                             ; gnd    ;              ;                     ; --           ;                 ; --       ; --           ;
; R32      ; 386        ; 6A       ; RESERVED_INPUT_WITH_WEAK_PULLUP ;        ;              ;                     ; Row I/O      ;                 ; no       ; On           ;
; R33      ; 388        ; 6A       ; sample_in[10]                   ; input  ; 2.5 V        ;                     ; Row I/O      ; N               ; no       ; Off          ;
; R34      ; 366        ; 6A       ; RESERVED_INPUT_WITH_WEAK_PULLUP ;        ;              ;                     ; Row I/O      ;                 ; no       ; On           ;
; T1       ;            ;          ; GND                             ; gnd    ;              ;                     ; --           ;                 ; --       ; --           ;
; T2       ;            ;          ; GND                             ; gnd    ;              ;                     ; --           ;                 ; --       ; --           ;
; T3       ; 22         ; B2L      ; GXB_NC                          ;        ;              ;                     ; --           ;                 ; --       ; --           ;
; T4       ; 23         ; B2L      ; GXB_NC                          ;        ;              ;                     ; --           ;                 ; --       ; --           ;
; T5       ;            ;          ; GND                             ; gnd    ;              ;                     ; --           ;                 ; --       ; --           ;
; T6       ;            ;          ; GND                             ; gnd    ;              ;                     ; --           ;                 ; --       ; --           ;
; T7       ;            ;          ; GND                             ; gnd    ;              ;                     ; --           ;                 ; --       ; --           ;
; T8       ;            ; --       ; VCCH_GXBL                       ; power  ;              ; 2.5V                ; --           ;                 ; --       ; --           ;
; T9       ;            ;          ; GND                             ; gnd    ;              ;                     ; --           ;                 ; --       ; --           ;
; T10      ; 27         ; B2L      ; GND                             ;        ;              ;                     ; Row I/O      ;                 ; --       ; --           ;
; T11      ;            ;          ; GND                             ; gnd    ;              ;                     ; --           ;                 ; --       ; --           ;
; T12      ;            ; --       ; VCC                             ; power  ;              ; 1.1V                ; --           ;                 ; --       ; --           ;
; T13      ;            ;          ; GND                             ; gnd    ;              ;                     ; --           ;                 ; --       ; --           ;
; T14      ;            ; --       ; VCC                             ; power  ;              ; 1.1V                ; --           ;                 ; --       ; --           ;
; T15      ;            ;          ; GND                             ; gnd    ;              ;                     ; --           ;                 ; --       ; --           ;
; T16      ;            ; --       ; VCC                             ; power  ;              ; 1.1V                ; --           ;                 ; --       ; --           ;
; T17      ;            ;          ; GND                             ; gnd    ;              ;                     ; --           ;                 ; --       ; --           ;
; T18      ;            ; --       ; VCC                             ; power  ;              ; 1.1V                ; --           ;                 ; --       ; --           ;
; T19      ;            ;          ; GND                             ; gnd    ;              ;                     ; --           ;                 ; --       ; --           ;
; T20      ;            ; --       ; VCC                             ; power  ;              ; 1.1V                ; --           ;                 ; --       ; --           ;
; T21      ;            ;          ; GND                             ; gnd    ;              ;                     ; --           ;                 ; --       ; --           ;
; T22      ;            ; --       ; VCC                             ; power  ;              ; 1.1V                ; --           ;                 ; --       ; --           ;
; T23      ; 380        ; 6A       ; RESERVED_INPUT_WITH_WEAK_PULLUP ;        ;              ;                     ; Row I/O      ;                 ; no       ; On           ;
; T24      ;            ;          ; GND                             ; gnd    ;              ;                     ; --           ;                 ; --       ; --           ;
; T25      ; 394        ; 6A       ; RESERVED_INPUT_WITH_WEAK_PULLUP ;        ;              ;                     ; Row I/O      ;                 ; no       ; On           ;
; T26      ;            ; 6A       ; VCCPD6A                         ; power  ;              ; 2.5V                ; --           ;                 ; --       ; --           ;
; T27      ; 374        ; 6A       ; RESERVED_INPUT_WITH_WEAK_PULLUP ;        ;              ;                     ; Row I/O      ;                 ; no       ; On           ;
; T28      ; 376        ; 6A       ; RESERVED_INPUT_WITH_WEAK_PULLUP ;        ;              ;                     ; Row I/O      ;                 ; no       ; On           ;
; T29      ;            ; 6A       ; VCCIO6A                         ; power  ;              ; 2.5V                ; --           ;                 ; --       ; --           ;
; T30      ; 372        ; 6A       ; RESERVED_INPUT_WITH_WEAK_PULLUP ;        ;              ;                     ; Row I/O      ;                 ; no       ; On           ;
; T31      ; 370        ; 6A       ; RESERVED_INPUT_WITH_WEAK_PULLUP ;        ;              ;                     ; Row I/O      ;                 ; no       ; On           ;
; T32      ; 373        ; 6A       ; RESERVED_INPUT_WITH_WEAK_PULLUP ;        ;              ;                     ; Row I/O      ;                 ; no       ; On           ;
; T33      ; 371        ; 6A       ; RESERVED_INPUT_WITH_WEAK_PULLUP ;        ;              ;                     ; Row I/O      ;                 ; no       ; On           ;
; T34      ;            ;          ; GND                             ; gnd    ;              ;                     ; --           ;                 ; --       ; --           ;
; U1       ; 25         ; B2L      ; GND                             ;        ;              ;                     ; --           ;                 ; --       ; --           ;
; U2       ; 24         ; B2L      ; GND                             ;        ;              ;                     ; --           ;                 ; --       ; --           ;
; U3       ;            ;          ; GND                             ; gnd    ;              ;                     ; --           ;                 ; --       ; --           ;
; U4       ;            ;          ; GND                             ; gnd    ;              ;                     ; --           ;                 ; --       ; --           ;
; U5       ;            ;          ; GND                             ; gnd    ;              ;                     ; --           ;                 ; --       ; --           ;
; U6       ;            ;          ; GND                             ; gnd    ;              ;                     ; --           ;                 ; --       ; --           ;
; U7       ;            ; --       ; VCCL_GXBL                       ; power  ;              ; 1.1V                ; --           ;                 ; --       ; --           ;
; U8       ;            ;          ; GND                             ; gnd    ;              ;                     ; --           ;                 ; --       ; --           ;
; U9       ;            ; --       ; VCCE_GXBL                       ; power  ;              ; 1.1V                ; --           ;                 ; --       ; --           ;
; U10      ;            ;          ; GND                             ; gnd    ;              ;                     ; --           ;                 ; --       ; --           ;
; U11      ; 26         ; B2L      ; GND                             ;        ;              ;                     ; Row I/O      ;                 ; --       ; --           ;
; U12      ;            ;          ; GND                             ; gnd    ;              ;                     ; --           ;                 ; --       ; --           ;
; U13      ;            ; --       ; VCC                             ; power  ;              ; 1.1V                ; --           ;                 ; --       ; --           ;
; U14      ;            ;          ; GND                             ; gnd    ;              ;                     ; --           ;                 ; --       ; --           ;
; U15      ;            ; --       ; VCC                             ; power  ;              ; 1.1V                ; --           ;                 ; --       ; --           ;
; U16      ;            ;          ; GND                             ; gnd    ;              ;                     ; --           ;                 ; --       ; --           ;
; U17      ;            ; --       ; VCC                             ; power  ;              ; 1.1V                ; --           ;                 ; --       ; --           ;
; U18      ;            ;          ; GND                             ; gnd    ;              ;                     ; --           ;                 ; --       ; --           ;
; U19      ;            ; --       ; VCC                             ; power  ;              ; 1.1V                ; --           ;                 ; --       ; --           ;
; U20      ;            ;          ; GND                             ; gnd    ;              ;                     ; --           ;                 ; --       ; --           ;
; U21      ;            ; --       ; VCC                             ; power  ;              ; 1.1V                ; --           ;                 ; --       ; --           ;
; U22      ;            ;          ; GND                             ; gnd    ;              ;                     ; --           ;                 ; --       ; --           ;
; U23      ; 378        ; 6A       ; RESERVED_INPUT_WITH_WEAK_PULLUP ;        ;              ;                     ; Row I/O      ;                 ; no       ; On           ;
; U24      ; 362        ; 6A       ; RESERVED_INPUT_WITH_WEAK_PULLUP ;        ;              ;                     ; Row I/O      ;                 ; no       ; On           ;
; U25      ; 364        ; 6A       ; RESERVED_INPUT_WITH_WEAK_PULLUP ;        ;              ;                     ; Row I/O      ;                 ; no       ; On           ;
; U26      ;            ; 6A       ; VCCPD6A                         ; power  ;              ; 2.5V                ; --           ;                 ; --       ; --           ;
; U27      ;            ;          ; GND                             ; gnd    ;              ;                     ; --           ;                 ; --       ; --           ;
; U28      ; 358        ; 6A       ; RESERVED_INPUT_WITH_WEAK_PULLUP ;        ;              ;                     ; Row I/O      ;                 ; no       ; On           ;
; U29      ; 360        ; 6A       ; RESERVED_INPUT_WITH_WEAK_PULLUP ;        ;              ;                     ; Row I/O      ;                 ; no       ; On           ;
; U30      ; 356        ; 6A       ; RESERVED_INPUT_WITH_WEAK_PULLUP ;        ;              ;                     ; Row I/O      ;                 ; no       ; On           ;
; U31      ; 354        ; 6A       ; RESERVED_INPUT_WITH_WEAK_PULLUP ;        ;              ;                     ; Row I/O      ;                 ; no       ; On           ;
; U32      ;            ; 6A       ; VCCIO6A                         ; power  ;              ; 2.5V                ; --           ;                 ; --       ; --           ;
; U33      ; 369        ; 6A       ; RESERVED_INPUT_WITH_WEAK_PULLUP ;        ;              ;                     ; Row I/O      ;                 ; no       ; On           ;
; U34      ; 367        ; 6A       ; RESERVED_INPUT_WITH_WEAK_PULLUP ;        ;              ;                     ; Row I/O      ;                 ; no       ; On           ;
; V1       ;            ;          ; GND                             ; gnd    ;              ;                     ; --           ;                 ; --       ; --           ;
; V2       ;            ;          ; GND                             ; gnd    ;              ;                     ; --           ;                 ; --       ; --           ;
; V3       ; 30         ; B1L      ; GXB_NC                          ;        ;              ;                     ; --           ;                 ; --       ; --           ;
; V4       ; 31         ; B1L      ; GXB_NC                          ;        ;              ;                     ; --           ;                 ; --       ; --           ;
; V5       ;            ;          ; GND                             ; gnd    ;              ;                     ; --           ;                 ; --       ; --           ;
; V6       ;            ;          ; GND                             ; gnd    ;              ;                     ; --           ;                 ; --       ; --           ;
; V7       ;            ;          ; GND                             ; gnd    ;              ;                     ; --           ;                 ; --       ; --           ;
; V8       ;            ; --       ; VCCE_GXBL                       ; power  ;              ; 1.1V                ; --           ;                 ; --       ; --           ;
; V9       ;            ;          ; GND                             ; gnd    ;              ;                     ; --           ;                 ; --       ; --           ;
; V10      ; 28         ; B1L      ; GND                             ;        ;              ;                     ; Row I/O      ;                 ; --       ; --           ;
; V11      ;            ;          ; GND                             ; gnd    ;              ;                     ; --           ;                 ; --       ; --           ;
; V12      ;            ; --       ; VCC                             ; power  ;              ; 1.1V                ; --           ;                 ; --       ; --           ;
; V13      ;            ;          ; GND                             ; gnd    ;              ;                     ; --           ;                 ; --       ; --           ;
; V14      ;            ; --       ; VCC                             ; power  ;              ; 1.1V                ; --           ;                 ; --       ; --           ;
; V15      ;            ;          ; GND                             ; gnd    ;              ;                     ; --           ;                 ; --       ; --           ;
; V16      ;            ; --       ; VCC                             ; power  ;              ; 1.1V                ; --           ;                 ; --       ; --           ;
; V17      ;            ;          ; GND                             ; gnd    ;              ;                     ; --           ;                 ; --       ; --           ;
; V18      ;            ; --       ; VCC                             ; power  ;              ; 1.1V                ; --           ;                 ; --       ; --           ;
; V19      ;            ;          ; GND                             ; gnd    ;              ;                     ; --           ;                 ; --       ; --           ;
; V20      ;            ; --       ; VCC                             ; power  ;              ; 1.1V                ; --           ;                 ; --       ; --           ;
; V21      ;            ;          ; GND                             ; gnd    ;              ;                     ; --           ;                 ; --       ; --           ;
; V22      ;            ; --       ; VCC                             ; power  ;              ; 1.1V                ; --           ;                 ; --       ; --           ;
; V23      ; 348        ; 5B       ; RESERVED_INPUT_WITH_WEAK_PULLUP ;        ;              ;                     ; Row I/O      ;                 ; no       ; On           ;
; V24      ; 346        ; 5B       ; RESERVED_INPUT_WITH_WEAK_PULLUP ;        ;              ;                     ; Row I/O      ;                 ; no       ; On           ;
; V25      ;            ; 5B       ; VCCIO5B                         ; power  ;              ; 2.5V                ; --           ;                 ; --       ; --           ;
; V26      ;            ; 5B       ; VCCPD5B                         ; power  ;              ; 2.5V                ; --           ;                 ; --       ; --           ;
; V27      ; 340        ; 5B       ; rst_n                           ; input  ; 2.5 V        ;                     ; Row I/O      ; N               ; no       ; Off          ;
; V28      ; 338        ; 5B       ; RESERVED_INPUT_WITH_WEAK_PULLUP ;        ;              ;                     ; Row I/O      ;                 ; no       ; On           ;
; V29      ;            ; 5B       ; VREFB5BN0                       ; power  ;              ;                     ; --           ;                 ; --       ; --           ;
; V30      ;            ;          ; GND                             ; gnd    ;              ;                     ; --           ;                 ; --       ; --           ;
; V31      ; 336        ; 5B       ; RESERVED_INPUT_WITH_WEAK_PULLUP ;        ;              ;                     ; Row I/O      ;                 ; no       ; On           ;
; V32      ; 352        ; 5B       ; RESERVED_INPUT_WITH_WEAK_PULLUP ;        ;              ;                     ; Row I/O      ;                 ; no       ; On           ;
; V33      ; 363        ; 6A       ; RESERVED_INPUT_WITH_WEAK_PULLUP ;        ;              ;                     ; Row I/O      ;                 ; no       ; On           ;
; V34      ; 365        ; 6A       ; RESERVED_INPUT_WITH_WEAK_PULLUP ;        ;              ;                     ; Row I/O      ;                 ; no       ; On           ;
; W1       ; 33         ; B1L      ; GND                             ;        ;              ;                     ; --           ;                 ; --       ; --           ;
; W2       ; 32         ; B1L      ; GND                             ;        ;              ;                     ; --           ;                 ; --       ; --           ;
; W3       ;            ;          ; GND                             ; gnd    ;              ;                     ; --           ;                 ; --       ; --           ;
; W4       ;            ;          ; GND                             ; gnd    ;              ;                     ; --           ;                 ; --       ; --           ;
; W5       ;            ;          ; GND                             ; gnd    ;              ;                     ; --           ;                 ; --       ; --           ;
; W6       ;            ;          ; GND                             ; gnd    ;              ;                     ; --           ;                 ; --       ; --           ;
; W7       ;            ; --       ; VCCL_GXBL                       ; power  ;              ; 1.1V                ; --           ;                 ; --       ; --           ;
; W8       ;            ;          ; GND                             ; gnd    ;              ;                     ; --           ;                 ; --       ; --           ;
; W9       ;            ; --       ; VCCH_GXBL                       ; power  ;              ; 2.5V                ; --           ;                 ; --       ; --           ;
; W10      ;            ;          ; GND                             ; gnd    ;              ;                     ; --           ;                 ; --       ; --           ;
; W11      ; 29         ; B1L      ; GND                             ;        ;              ;                     ; Row I/O      ;                 ; --       ; --           ;
; W12      ;            ;          ; GND                             ; gnd    ;              ;                     ; --           ;                 ; --       ; --           ;
; W13      ;            ; --       ; VCC                             ; power  ;              ; 1.1V                ; --           ;                 ; --       ; --           ;
; W14      ;            ;          ; GND                             ; gnd    ;              ;                     ; --           ;                 ; --       ; --           ;
; W15      ;            ; --       ; VCC                             ; power  ;              ; 1.1V                ; --           ;                 ; --       ; --           ;
; W16      ;            ;          ; GND                             ; gnd    ;              ;                     ; --           ;                 ; --       ; --           ;
; W17      ;            ; --       ; VCC                             ; power  ;              ; 1.1V                ; --           ;                 ; --       ; --           ;
; W18      ;            ;          ; GND                             ; gnd    ;              ;                     ; --           ;                 ; --       ; --           ;
; W19      ;            ; --       ; VCC                             ; power  ;              ; 1.1V                ; --           ;                 ; --       ; --           ;
; W20      ;            ;          ; GND                             ; gnd    ;              ;                     ; --           ;                 ; --       ; --           ;
; W21      ;            ; --       ; VCC                             ; power  ;              ; 1.1V                ; --           ;                 ; --       ; --           ;
; W22      ;            ;          ; GND                             ; gnd    ;              ;                     ; --           ;                 ; --       ; --           ;
; W23      ;            ;          ; GND                             ; gnd    ;              ;                     ; --           ;                 ; --       ; --           ;
; W24      ; 300        ; 5A       ; RESERVED_INPUT_WITH_WEAK_PULLUP ;        ;              ;                     ; Row I/O      ;                 ; no       ; On           ;
; W25      ;            ; 5B       ; VCCPD5B                         ; power  ;              ; 2.5V                ; --           ;                 ; --       ; --           ;
; W26      ; 322        ; 5B       ; RESERVED_INPUT_WITH_WEAK_PULLUP ;        ;              ;                     ; Row I/O      ;                 ; no       ; On           ;
; W27      ; 324        ; 5B       ; RESERVED_INPUT_WITH_WEAK_PULLUP ;        ;              ;                     ; Row I/O      ;                 ; no       ; On           ;
; W28      ;            ; 5B       ; VCCIO5B                         ; power  ;              ; 2.5V                ; --           ;                 ; --       ; --           ;
; W29      ; 330        ; 5B       ; RESERVED_INPUT_WITH_WEAK_PULLUP ;        ;              ;                     ; Row I/O      ;                 ; no       ; On           ;
; W30      ; 332        ; 5B       ; RESERVED_INPUT_WITH_WEAK_PULLUP ;        ;              ;                     ; Row I/O      ;                 ; no       ; On           ;
; W31      ; 334        ; 5B       ; RESERVED_INPUT_WITH_WEAK_PULLUP ;        ;              ;                     ; Row I/O      ;                 ; no       ; On           ;
; W32      ; 350        ; 5B       ; RESERVED_INPUT_WITH_WEAK_PULLUP ;        ;              ;                     ; Row I/O      ;                 ; no       ; On           ;
; W33      ;            ;          ; GND                             ; gnd    ;              ;                     ; --           ;                 ; --       ; --           ;
; W34      ; 361        ; 6A       ; RESERVED_INPUT_WITH_WEAK_PULLUP ;        ;              ;                     ; Row I/O      ;                 ; no       ; On           ;
; Y1       ;            ;          ; GND                             ; gnd    ;              ;                     ; --           ;                 ; --       ; --           ;
; Y2       ;            ;          ; GND                             ; gnd    ;              ;                     ; --           ;                 ; --       ; --           ;
; Y3       ; 34         ; B1L      ; GXB_NC                          ;        ;              ;                     ; --           ;                 ; --       ; --           ;
; Y4       ; 35         ; B1L      ; GXB_NC                          ;        ;              ;                     ; --           ;                 ; --       ; --           ;
; Y5       ;            ;          ; GND                             ; gnd    ;              ;                     ; --           ;                 ; --       ; --           ;
; Y6       ;            ;          ; GND                             ; gnd    ;              ;                     ; --           ;                 ; --       ; --           ;
; Y7       ;            ;          ; GND                             ; gnd    ;              ;                     ; --           ;                 ; --       ; --           ;
; Y8       ;            ; --       ; VCCE_GXBL                       ; power  ;              ; 1.1V                ; --           ;                 ; --       ; --           ;
; Y9       ;            ;          ; GND                             ; gnd    ;              ;                     ; --           ;                 ; --       ; --           ;
; Y10      ;            ;          ; GND                             ; gnd    ;              ;                     ; --           ;                 ; --       ; --           ;
; Y11      ;            ;          ; GND                             ; gnd    ;              ;                     ; --           ;                 ; --       ; --           ;
; Y12      ;            ; --       ; VCC                             ; power  ;              ; 1.1V                ; --           ;                 ; --       ; --           ;
; Y13      ;            ;          ; GND                             ; gnd    ;              ;                     ; --           ;                 ; --       ; --           ;
; Y14      ;            ; --       ; VCC                             ; power  ;              ; 1.1V                ; --           ;                 ; --       ; --           ;
; Y15      ;            ;          ; GND                             ; gnd    ;              ;                     ; --           ;                 ; --       ; --           ;
; Y16      ;            ; --       ; VCC                             ; power  ;              ; 1.1V                ; --           ;                 ; --       ; --           ;
; Y17      ;            ;          ; GND                             ; gnd    ;              ;                     ; --           ;                 ; --       ; --           ;
; Y18      ;            ; --       ; VCC                             ; power  ;              ; 1.1V                ; --           ;                 ; --       ; --           ;
; Y19      ;            ;          ; GND                             ; gnd    ;              ;                     ; --           ;                 ; --       ; --           ;
; Y20      ; 216        ; 4A       ; RESERVED_INPUT_WITH_WEAK_PULLUP ;        ;              ;                     ; Column I/O   ;                 ; no       ; On           ;
; Y21      ;            ;          ; GND                             ; gnd    ;              ;                     ; --           ;                 ; --       ; --           ;
; Y22      ; 284        ; 5A       ; RESERVED_INPUT_WITH_WEAK_PULLUP ;        ;              ;                     ; Row I/O      ;                 ; no       ; On           ;
; Y23      ; 298        ; 5A       ; RESERVED_INPUT_WITH_WEAK_PULLUP ;        ;              ;                     ; Row I/O      ;                 ; no       ; On           ;
; Y24      ; 271        ; 5A       ; RESERVED_INPUT_WITH_WEAK_PULLUP ;        ;              ;                     ; Row I/O      ;                 ; no       ; On           ;
; Y25      ; 273        ; 5A       ; RESERVED_INPUT_WITH_WEAK_PULLUP ;        ;              ;                     ; Row I/O      ;                 ; no       ; On           ;
; Y26      ;            ; 5A       ; VCCIO5A                         ; power  ;              ; 2.5V                ; --           ;                 ; --       ; --           ;
; Y27      ; 312        ; 5B       ; RESERVED_INPUT_WITH_WEAK_PULLUP ;        ;              ;                     ; Row I/O      ;                 ; no       ; On           ;
; Y28      ; 310        ; 5B       ; RESERVED_INPUT_WITH_WEAK_PULLUP ;        ;              ;                     ; Row I/O      ;                 ; no       ; On           ;
; Y29      ; 314        ; 5B       ; RESERVED_INPUT_WITH_WEAK_PULLUP ;        ;              ;                     ; Row I/O      ;                 ; no       ; On           ;
; Y30      ; 316        ; 5B       ; RESERVED_INPUT_WITH_WEAK_PULLUP ;        ;              ;                     ; Row I/O      ;                 ; no       ; On           ;
; Y31      ;            ; 5B       ; VCCIO5B                         ; power  ;              ; 2.5V                ; --           ;                 ; --       ; --           ;
; Y32      ; 308        ; 5B       ; RESERVED_INPUT_WITH_WEAK_PULLUP ;        ;              ;                     ; Row I/O      ;                 ; no       ; On           ;
; Y33      ; 355        ; 6A       ; RESERVED_INPUT_WITH_WEAK_PULLUP ;        ;              ;                     ; Row I/O      ;                 ; no       ; On           ;
; Y34      ; 359        ; 6A       ; RESERVED_INPUT_WITH_WEAK_PULLUP ;        ;              ;                     ; Row I/O      ;                 ; no       ; On           ;
+----------+------------+----------+---------------------------------+--------+--------------+---------------------+--------------+-----------------+----------+--------------+
Note: Pin directions (input, output or bidir) are based on device operating in user mode.


+--------------------------------------------------+
; I/O Assignment Warnings                          ;
+------------------+-------------------------------+
; Pin Name         ; Reason                        ;
+------------------+-------------------------------+
; sample_out_valid ; Incomplete set of assignments ;
; sample_out[0]    ; Incomplete set of assignments ;
; sample_out[1]    ; Incomplete set of assignments ;
; sample_out[2]    ; Incomplete set of assignments ;
; sample_out[3]    ; Incomplete set of assignments ;
; sample_out[4]    ; Incomplete set of assignments ;
; sample_out[5]    ; Incomplete set of assignments ;
; sample_out[6]    ; Incomplete set of assignments ;
; sample_out[7]    ; Incomplete set of assignments ;
; sample_out[8]    ; Incomplete set of assignments ;
; sample_out[9]    ; Incomplete set of assignments ;
; sample_out[10]   ; Incomplete set of assignments ;
; sample_out[11]   ; Incomplete set of assignments ;
; sample_out[12]   ; Incomplete set of assignments ;
; sample_out[13]   ; Incomplete set of assignments ;
; sample_out[14]   ; Incomplete set of assignments ;
; sample_out[15]   ; Incomplete set of assignments ;
; clk              ; Incomplete set of assignments ;
; rst_n            ; Incomplete set of assignments ;
; sample_valid     ; Incomplete set of assignments ;
; sample_in[15]    ; Incomplete set of assignments ;
; sample_in[14]    ; Incomplete set of assignments ;
; sample_in[13]    ; Incomplete set of assignments ;
; sample_in[0]     ; Incomplete set of assignments ;
; sample_in[1]     ; Incomplete set of assignments ;
; sample_in[2]     ; Incomplete set of assignments ;
; sample_in[3]     ; Incomplete set of assignments ;
; sample_in[4]     ; Incomplete set of assignments ;
; sample_in[5]     ; Incomplete set of assignments ;
; sample_in[6]     ; Incomplete set of assignments ;
; sample_in[7]     ; Incomplete set of assignments ;
; sample_in[8]     ; Incomplete set of assignments ;
; sample_in[9]     ; Incomplete set of assignments ;
; sample_in[10]    ; Incomplete set of assignments ;
; sample_in[11]    ; Incomplete set of assignments ;
; sample_in[12]    ; Incomplete set of assignments ;
; sample_out_valid ; Missing location assignment   ;
; sample_out[0]    ; Missing location assignment   ;
; sample_out[1]    ; Missing location assignment   ;
; sample_out[2]    ; Missing location assignment   ;
; sample_out[3]    ; Missing location assignment   ;
; sample_out[4]    ; Missing location assignment   ;
; sample_out[5]    ; Missing location assignment   ;
; sample_out[6]    ; Missing location assignment   ;
; sample_out[7]    ; Missing location assignment   ;
; sample_out[8]    ; Missing location assignment   ;
; sample_out[9]    ; Missing location assignment   ;
; sample_out[10]   ; Missing location assignment   ;
; sample_out[11]   ; Missing location assignment   ;
; sample_out[12]   ; Missing location assignment   ;
; sample_out[13]   ; Missing location assignment   ;
; sample_out[14]   ; Missing location assignment   ;
; sample_out[15]   ; Missing location assignment   ;
; clk              ; Missing location assignment   ;
; rst_n            ; Missing location assignment   ;
; sample_valid     ; Missing location assignment   ;
; sample_in[15]    ; Missing location assignment   ;
; sample_in[14]    ; Missing location assignment   ;
; sample_in[13]    ; Missing location assignment   ;
; sample_in[0]     ; Missing location assignment   ;
; sample_in[1]     ; Missing location assignment   ;
; sample_in[2]     ; Missing location assignment   ;
; sample_in[3]     ; Missing location assignment   ;
; sample_in[4]     ; Missing location assignment   ;
; sample_in[5]     ; Missing location assignment   ;
; sample_in[6]     ; Missing location assignment   ;
; sample_in[7]     ; Missing location assignment   ;
; sample_in[8]     ; Missing location assignment   ;
; sample_in[9]     ; Missing location assignment   ;
; sample_in[10]    ; Missing location assignment   ;
; sample_in[11]    ; Missing location assignment   ;
; sample_in[12]    ; Missing location assignment   ;
+------------------+-------------------------------+


+-------------------------------------------------------------------------------------------------------------------------------------------------------------------------------------------------------------------------------------------------------------------------------------------------------------------------------------------------------------------------------------------------------------------------------------------------------------------------------------------------------------+
; Fitter Resource Utilization by Entity                                                                                                                                                                                                                                                                                                                                                                                                                                                                       ;
+----------------------------------------------+----------------------+----------------------------------+---------------------------------------------------+----------------------------------+----------------------+---------------------+---------------------------+---------------+-------------------+-------+------------+------+--------------+-------------------------------------------------------------------------------------------------+------------------------------------+--------------+
; Compilation Hierarchy Node                   ; ALMs needed [=A-B+C] ; [A] ALMs used in final placement ; [B] Estimate of ALMs recoverable by dense packing ; [C] Estimate of ALMs unavailable ; ALMs used for memory ; Combinational ALUTs ; Dedicated Logic Registers ; I/O Registers ; Block Memory Bits ; M10Ks ; DSP Blocks ; Pins ; Virtual Pins ; Full Hierarchy Name                                                                             ; Entity Name                        ; Library Name ;
+----------------------------------------------+----------------------+----------------------------------+---------------------------------------------------+----------------------------------+----------------------+---------------------+---------------------------+---------------+-------------------+-------+------------+------+--------------+-------------------------------------------------------------------------------------------------+------------------------------------+--------------+
; |fir_filter_l2_reduced                       ; 3746.0 (0.5)         ; 5179.0 (0.5)                     ; 1511.0 (0.0)                                      ; 78.0 (0.0)                       ; 0.0 (0.0)            ; 7260 (1)            ; 3576 (0)                  ; 0 (0)         ; 0                 ; 0     ; 206        ; 36   ; 0            ; |fir_filter_l2_reduced                                                                          ; fir_filter_l2_reduced              ; work         ;
;    |fir_filter_parallel_reduced_stream:impl| ; 3745.5 (88.3)        ; 5178.5 (117.6)                   ; 1511.0 (33.5)                                     ; 78.0 (4.2)                       ; 0.0 (0.0)            ; 7259 (105)          ; 3576 (151)                ; 0 (0)         ; 0                 ; 0     ; 206        ; 0    ; 0            ; |fir_filter_l2_reduced|fir_filter_parallel_reduced_stream:impl                                  ; fir_filter_parallel_reduced_stream ; work         ;
;       |fir_filter_parallel_reduced:impl|     ; 3657.2 (3657.2)      ; 5060.9 (5060.9)                  ; 1477.5 (1477.5)                                   ; 73.8 (73.8)                      ; 0.0 (0.0)            ; 7154 (7154)         ; 3425 (3425)               ; 0 (0)         ; 0                 ; 0     ; 206        ; 0    ; 0            ; |fir_filter_l2_reduced|fir_filter_parallel_reduced_stream:impl|fir_filter_parallel_reduced:impl ; fir_filter_parallel_reduced        ; work         ;
+----------------------------------------------+----------------------+----------------------------------+---------------------------------------------------+----------------------------------+----------------------+---------------------+---------------------------+---------------+-------------------+-------+------------+------+--------------+-------------------------------------------------------------------------------------------------+------------------------------------+--------------+
Note: For table entries with two numbers listed, the numbers in parentheses indicate the number of resources of the given type used by the specific entity alone. The numbers listed outside of parentheses indicate the total resources of the given type used by the specific entity and all of its sub-entities in the hierarchy.


+---------------------------------------------------------------------------------------------------------------------------------+
; Delay Chain Summary                                                                                                             ;
+------------------+----------+----+------+------+----+------+-------+--------+------------------------+--------------------------+
; Name             ; Pin Type ; D1 ; D3_0 ; D3_1 ; D4 ; D5   ; D5 OE ; D5 OCT ; T11 (Postamble Gating) ; T11 (Postamble Ungating) ;
+------------------+----------+----+------+------+----+------+-------+--------+------------------------+--------------------------+
; sample_out_valid ; Output   ; -- ; --   ; --   ; -- ; (0)  ; (31)  ; --     ; --                     ; --                       ;
; sample_out[0]    ; Output   ; -- ; --   ; --   ; -- ; (0)  ; (31)  ; --     ; --                     ; --                       ;
; sample_out[1]    ; Output   ; -- ; --   ; --   ; -- ; (0)  ; (31)  ; --     ; --                     ; --                       ;
; sample_out[2]    ; Output   ; -- ; --   ; --   ; -- ; (0)  ; (31)  ; --     ; --                     ; --                       ;
; sample_out[3]    ; Output   ; -- ; --   ; --   ; -- ; (0)  ; (31)  ; --     ; --                     ; --                       ;
; sample_out[4]    ; Output   ; -- ; --   ; --   ; -- ; (0)  ; (31)  ; --     ; --                     ; --                       ;
; sample_out[5]    ; Output   ; -- ; --   ; --   ; -- ; (0)  ; (31)  ; --     ; --                     ; --                       ;
; sample_out[6]    ; Output   ; -- ; --   ; --   ; -- ; (0)  ; (31)  ; --     ; --                     ; --                       ;
; sample_out[7]    ; Output   ; -- ; --   ; --   ; -- ; (0)  ; (31)  ; --     ; --                     ; --                       ;
; sample_out[8]    ; Output   ; -- ; --   ; --   ; -- ; (0)  ; (31)  ; --     ; --                     ; --                       ;
; sample_out[9]    ; Output   ; -- ; --   ; --   ; -- ; (0)  ; (31)  ; --     ; --                     ; --                       ;
; sample_out[10]   ; Output   ; -- ; --   ; --   ; -- ; (0)  ; (31)  ; --     ; --                     ; --                       ;
; sample_out[11]   ; Output   ; -- ; --   ; --   ; -- ; (0)  ; (31)  ; --     ; --                     ; --                       ;
; sample_out[12]   ; Output   ; -- ; --   ; --   ; -- ; (0)  ; (31)  ; --     ; --                     ; --                       ;
; sample_out[13]   ; Output   ; -- ; --   ; --   ; -- ; (0)  ; (31)  ; --     ; --                     ; --                       ;
; sample_out[14]   ; Output   ; -- ; --   ; --   ; -- ; (0)  ; (31)  ; --     ; --                     ; --                       ;
; sample_out[15]   ; Output   ; -- ; --   ; --   ; -- ; (0)  ; (31)  ; --     ; --                     ; --                       ;
; clk              ; Input    ; -- ; (0)  ; --   ; -- ; --   ; --    ; --     ; --                     ; --                       ;
; rst_n            ; Input    ; -- ; (0)  ; --   ; -- ; --   ; --    ; --     ; --                     ; --                       ;
; sample_valid     ; Input    ; -- ; (0)  ; --   ; -- ; --   ; --    ; --     ; --                     ; --                       ;
; sample_in[15]    ; Input    ; -- ; --   ; (0)  ; -- ; --   ; --    ; --     ; --                     ; --                       ;
; sample_in[14]    ; Input    ; -- ; (0)  ; --   ; -- ; --   ; --    ; --     ; --                     ; --                       ;
; sample_in[13]    ; Input    ; -- ; --   ; (0)  ; -- ; --   ; --    ; --     ; --                     ; --                       ;
; sample_in[0]     ; Input    ; -- ; --   ; (0)  ; -- ; --   ; --    ; --     ; --                     ; --                       ;
; sample_in[1]     ; Input    ; -- ; (0)  ; --   ; -- ; --   ; --    ; --     ; --                     ; --                       ;
; sample_in[2]     ; Input    ; -- ; --   ; (0)  ; -- ; --   ; --    ; --     ; --                     ; --                       ;
; sample_in[3]     ; Input    ; -- ; (0)  ; --   ; -- ; --   ; --    ; --     ; --                     ; --                       ;
; sample_in[4]     ; Input    ; -- ; --   ; (0)  ; -- ; --   ; --    ; --     ; --                     ; --                       ;
; sample_in[5]     ; Input    ; -- ; (0)  ; --   ; -- ; --   ; --    ; --     ; --                     ; --                       ;
; sample_in[6]     ; Input    ; -- ; (0)  ; --   ; -- ; --   ; --    ; --     ; --                     ; --                       ;
; sample_in[7]     ; Input    ; -- ; (0)  ; --   ; -- ; --   ; --    ; --     ; --                     ; --                       ;
; sample_in[8]     ; Input    ; -- ; --   ; (0)  ; -- ; --   ; --    ; --     ; --                     ; --                       ;
; sample_in[9]     ; Input    ; -- ; (0)  ; --   ; -- ; --   ; --    ; --     ; --                     ; --                       ;
; sample_in[10]    ; Input    ; -- ; (0)  ; --   ; -- ; --   ; --    ; --     ; --                     ; --                       ;
; sample_in[11]    ; Input    ; -- ; --   ; (0)  ; -- ; --   ; --    ; --     ; --                     ; --                       ;
; sample_in[12]    ; Input    ; -- ; (0)  ; --   ; -- ; --   ; --    ; --     ; --                     ; --                       ;
+------------------+----------+----+------+------+----+------+-------+--------+------------------------+--------------------------+


+------------------------------------------------------------------------------------------------------------------------------------------+
; Pad To Core Delay Chain Fanout                                                                                                           ;
+------------------------------------------------------------------------------------------------------------+-------------------+---------+
; Source Pin / Fanout                                                                                        ; Pad To Core Index ; Setting ;
+------------------------------------------------------------------------------------------------------------+-------------------+---------+
; clk                                                                                                        ;                   ;         ;
; rst_n                                                                                                      ;                   ;         ;
; sample_valid                                                                                               ;                   ;         ;
;      - fir_filter_parallel_reduced_stream:impl|fir_filter_parallel_reduced:impl|Add100~61                  ; 0                 ; 0       ;
;      - fir_filter_parallel_reduced_stream:impl|fir_filter_parallel_reduced:impl|Add100~57                  ; 0                 ; 0       ;
;      - fir_filter_parallel_reduced_stream:impl|fir_filter_parallel_reduced:impl|Add100~53                  ; 0                 ; 0       ;
;      - fir_filter_parallel_reduced_stream:impl|fir_filter_parallel_reduced:impl|Add100~49                  ; 0                 ; 0       ;
;      - fir_filter_parallel_reduced_stream:impl|fir_filter_parallel_reduced:impl|Add100~45                  ; 0                 ; 0       ;
;      - fir_filter_parallel_reduced_stream:impl|fir_filter_parallel_reduced:impl|Add100~41                  ; 0                 ; 0       ;
;      - fir_filter_parallel_reduced_stream:impl|fir_filter_parallel_reduced:impl|Add100~37                  ; 0                 ; 0       ;
;      - fir_filter_parallel_reduced_stream:impl|fir_filter_parallel_reduced:impl|Add100~33                  ; 0                 ; 0       ;
;      - fir_filter_parallel_reduced_stream:impl|fir_filter_parallel_reduced:impl|Add100~9                   ; 0                 ; 0       ;
;      - fir_filter_parallel_reduced_stream:impl|fir_filter_parallel_reduced:impl|Add100~13                  ; 0                 ; 0       ;
;      - fir_filter_parallel_reduced_stream:impl|fir_filter_parallel_reduced:impl|Add100~17                  ; 0                 ; 0       ;
;      - fir_filter_parallel_reduced_stream:impl|fir_filter_parallel_reduced:impl|Add100~21                  ; 0                 ; 0       ;
;      - fir_filter_parallel_reduced_stream:impl|fir_filter_parallel_reduced:impl|Add100~25                  ; 0                 ; 0       ;
;      - fir_filter_parallel_reduced_stream:impl|fir_filter_parallel_reduced:impl|Add100~29                  ; 0                 ; 0       ;
;      - fir_filter_parallel_reduced_stream:impl|fir_filter_parallel_reduced:impl|Add100~5                   ; 0                 ; 0       ;
;      - fir_filter_parallel_reduced_stream:impl|fir_filter_parallel_reduced:impl|Add100~1                   ; 0                 ; 0       ;
;      - fir_filter_parallel_reduced_stream:impl|fir_filter_parallel_reduced:impl|Add316~61                  ; 0                 ; 0       ;
;      - fir_filter_parallel_reduced_stream:impl|fir_filter_parallel_reduced:impl|Add316~57                  ; 0                 ; 0       ;
;      - fir_filter_parallel_reduced_stream:impl|fir_filter_parallel_reduced:impl|Add316~53                  ; 0                 ; 0       ;
;      - fir_filter_parallel_reduced_stream:impl|fir_filter_parallel_reduced:impl|Add316~49                  ; 0                 ; 0       ;
;      - fir_filter_parallel_reduced_stream:impl|fir_filter_parallel_reduced:impl|Add316~45                  ; 0                 ; 0       ;
;      - fir_filter_parallel_reduced_stream:impl|fir_filter_parallel_reduced:impl|Add316~41                  ; 0                 ; 0       ;
;      - fir_filter_parallel_reduced_stream:impl|fir_filter_parallel_reduced:impl|Add316~37                  ; 0                 ; 0       ;
;      - fir_filter_parallel_reduced_stream:impl|fir_filter_parallel_reduced:impl|Add316~33                  ; 0                 ; 0       ;
;      - fir_filter_parallel_reduced_stream:impl|fir_filter_parallel_reduced:impl|Add316~9                   ; 0                 ; 0       ;
;      - fir_filter_parallel_reduced_stream:impl|fir_filter_parallel_reduced:impl|Add316~13                  ; 0                 ; 0       ;
;      - fir_filter_parallel_reduced_stream:impl|fir_filter_parallel_reduced:impl|Add316~17                  ; 0                 ; 0       ;
;      - fir_filter_parallel_reduced_stream:impl|fir_filter_parallel_reduced:impl|Add316~21                  ; 0                 ; 0       ;
;      - fir_filter_parallel_reduced_stream:impl|fir_filter_parallel_reduced:impl|Add316~25                  ; 0                 ; 0       ;
;      - fir_filter_parallel_reduced_stream:impl|fir_filter_parallel_reduced:impl|Add316~29                  ; 0                 ; 0       ;
;      - fir_filter_parallel_reduced_stream:impl|fir_filter_parallel_reduced:impl|Add316~5                   ; 0                 ; 0       ;
;      - fir_filter_parallel_reduced_stream:impl|fir_filter_parallel_reduced:impl|Add316~1                   ; 0                 ; 0       ;
;      - fir_filter_parallel_reduced_stream:impl|fir_filter_parallel_reduced:impl|Add48~61                   ; 0                 ; 0       ;
;      - fir_filter_parallel_reduced_stream:impl|fir_filter_parallel_reduced:impl|Add48~57                   ; 0                 ; 0       ;
;      - fir_filter_parallel_reduced_stream:impl|fir_filter_parallel_reduced:impl|Add48~53                   ; 0                 ; 0       ;
;      - fir_filter_parallel_reduced_stream:impl|fir_filter_parallel_reduced:impl|Add48~49                   ; 0                 ; 0       ;
;      - fir_filter_parallel_reduced_stream:impl|fir_filter_parallel_reduced:impl|Add48~45                   ; 0                 ; 0       ;
;      - fir_filter_parallel_reduced_stream:impl|fir_filter_parallel_reduced:impl|Add48~41                   ; 0                 ; 0       ;
;      - fir_filter_parallel_reduced_stream:impl|fir_filter_parallel_reduced:impl|Add48~37                   ; 0                 ; 0       ;
;      - fir_filter_parallel_reduced_stream:impl|fir_filter_parallel_reduced:impl|Add48~33                   ; 0                 ; 0       ;
;      - fir_filter_parallel_reduced_stream:impl|fir_filter_parallel_reduced:impl|Add48~29                   ; 0                 ; 0       ;
;      - fir_filter_parallel_reduced_stream:impl|fir_filter_parallel_reduced:impl|Add48~25                   ; 0                 ; 0       ;
;      - fir_filter_parallel_reduced_stream:impl|fir_filter_parallel_reduced:impl|Add48~21                   ; 0                 ; 0       ;
;      - fir_filter_parallel_reduced_stream:impl|fir_filter_parallel_reduced:impl|Add48~17                   ; 0                 ; 0       ;
;      - fir_filter_parallel_reduced_stream:impl|fir_filter_parallel_reduced:impl|Add48~13                   ; 0                 ; 0       ;
;      - fir_filter_parallel_reduced_stream:impl|fir_filter_parallel_reduced:impl|Add48~9                    ; 0                 ; 0       ;
;      - fir_filter_parallel_reduced_stream:impl|fir_filter_parallel_reduced:impl|Add48~5                    ; 0                 ; 0       ;
;      - fir_filter_parallel_reduced_stream:impl|fir_filter_parallel_reduced:impl|Add48~1                    ; 0                 ; 0       ;
;      - fir_filter_parallel_reduced_stream:impl|fir_filter_parallel_reduced:impl|Add0~93                    ; 0                 ; 0       ;
;      - fir_filter_parallel_reduced_stream:impl|fir_filter_parallel_reduced:impl|Add0~89                    ; 0                 ; 0       ;
;      - fir_filter_parallel_reduced_stream:impl|fir_filter_parallel_reduced:impl|Add0~85                    ; 0                 ; 0       ;
;      - fir_filter_parallel_reduced_stream:impl|fir_filter_parallel_reduced:impl|Add0~81                    ; 0                 ; 0       ;
;      - fir_filter_parallel_reduced_stream:impl|fir_filter_parallel_reduced:impl|Add0~77                    ; 0                 ; 0       ;
;      - fir_filter_parallel_reduced_stream:impl|fir_filter_parallel_reduced:impl|Add0~73                    ; 0                 ; 0       ;
;      - fir_filter_parallel_reduced_stream:impl|fir_filter_parallel_reduced:impl|Add0~69                    ; 0                 ; 0       ;
;      - fir_filter_parallel_reduced_stream:impl|fir_filter_parallel_reduced:impl|Add0~65                    ; 0                 ; 0       ;
;      - fir_filter_parallel_reduced_stream:impl|fir_filter_parallel_reduced:impl|Add0~61                    ; 0                 ; 0       ;
;      - fir_filter_parallel_reduced_stream:impl|fir_filter_parallel_reduced:impl|Add0~57                    ; 0                 ; 0       ;
;      - fir_filter_parallel_reduced_stream:impl|fir_filter_parallel_reduced:impl|Add0~53                    ; 0                 ; 0       ;
;      - fir_filter_parallel_reduced_stream:impl|fir_filter_parallel_reduced:impl|Add0~49                    ; 0                 ; 0       ;
;      - fir_filter_parallel_reduced_stream:impl|fir_filter_parallel_reduced:impl|Add0~45                    ; 0                 ; 0       ;
;      - fir_filter_parallel_reduced_stream:impl|fir_filter_parallel_reduced:impl|Add0~41                    ; 0                 ; 0       ;
;      - fir_filter_parallel_reduced_stream:impl|fir_filter_parallel_reduced:impl|Add0~9                     ; 0                 ; 0       ;
;      - fir_filter_parallel_reduced_stream:impl|fir_filter_parallel_reduced:impl|Add0~13                    ; 0                 ; 0       ;
;      - fir_filter_parallel_reduced_stream:impl|fir_filter_parallel_reduced:impl|Add0~17                    ; 0                 ; 0       ;
;      - fir_filter_parallel_reduced_stream:impl|fir_filter_parallel_reduced:impl|Add0~21                    ; 0                 ; 0       ;
;      - fir_filter_parallel_reduced_stream:impl|fir_filter_parallel_reduced:impl|Add0~25                    ; 0                 ; 0       ;
;      - fir_filter_parallel_reduced_stream:impl|fir_filter_parallel_reduced:impl|Add0~29                    ; 0                 ; 0       ;
;      - fir_filter_parallel_reduced_stream:impl|fir_filter_parallel_reduced:impl|Add0~33                    ; 0                 ; 0       ;
;      - fir_filter_parallel_reduced_stream:impl|fir_filter_parallel_reduced:impl|Add0~37                    ; 0                 ; 0       ;
;      - fir_filter_parallel_reduced_stream:impl|fir_filter_parallel_reduced:impl|Add0~5                     ; 0                 ; 0       ;
;      - fir_filter_parallel_reduced_stream:impl|fir_filter_parallel_reduced:impl|Add0~1                     ; 0                 ; 0       ;
;      - fir_filter_parallel_reduced_stream:impl|fir_filter_parallel_reduced:impl|Add210~117                 ; 0                 ; 0       ;
;      - fir_filter_parallel_reduced_stream:impl|fir_filter_parallel_reduced:impl|Add210~113                 ; 0                 ; 0       ;
;      - fir_filter_parallel_reduced_stream:impl|fir_filter_parallel_reduced:impl|Add210~109                 ; 0                 ; 0       ;
;      - fir_filter_parallel_reduced_stream:impl|fir_filter_parallel_reduced:impl|Add210~105                 ; 0                 ; 0       ;
;      - fir_filter_parallel_reduced_stream:impl|fir_filter_parallel_reduced:impl|Add210~101                 ; 0                 ; 0       ;
;      - fir_filter_parallel_reduced_stream:impl|fir_filter_parallel_reduced:impl|Add210~97                  ; 0                 ; 0       ;
;      - fir_filter_parallel_reduced_stream:impl|fir_filter_parallel_reduced:impl|Add210~93                  ; 0                 ; 0       ;
;      - fir_filter_parallel_reduced_stream:impl|fir_filter_parallel_reduced:impl|Add210~89                  ; 0                 ; 0       ;
;      - fir_filter_parallel_reduced_stream:impl|fir_filter_parallel_reduced:impl|Add210~85                  ; 0                 ; 0       ;
;      - fir_filter_parallel_reduced_stream:impl|fir_filter_parallel_reduced:impl|Add210~81                  ; 0                 ; 0       ;
;      - fir_filter_parallel_reduced_stream:impl|fir_filter_parallel_reduced:impl|Add210~77                  ; 0                 ; 0       ;
;      - fir_filter_parallel_reduced_stream:impl|fir_filter_parallel_reduced:impl|Add210~73                  ; 0                 ; 0       ;
;      - fir_filter_parallel_reduced_stream:impl|fir_filter_parallel_reduced:impl|Add210~69                  ; 0                 ; 0       ;
;      - fir_filter_parallel_reduced_stream:impl|fir_filter_parallel_reduced:impl|Add210~65                  ; 0                 ; 0       ;
;      - fir_filter_parallel_reduced_stream:impl|fir_filter_parallel_reduced:impl|Add210~9                   ; 0                 ; 0       ;
;      - fir_filter_parallel_reduced_stream:impl|fir_filter_parallel_reduced:impl|Add210~13                  ; 0                 ; 0       ;
;      - fir_filter_parallel_reduced_stream:impl|fir_filter_parallel_reduced:impl|Add210~17                  ; 0                 ; 0       ;
;      - fir_filter_parallel_reduced_stream:impl|fir_filter_parallel_reduced:impl|Add210~21                  ; 0                 ; 0       ;
;      - fir_filter_parallel_reduced_stream:impl|fir_filter_parallel_reduced:impl|Add210~25                  ; 0                 ; 0       ;
;      - fir_filter_parallel_reduced_stream:impl|fir_filter_parallel_reduced:impl|Add210~29                  ; 0                 ; 0       ;
;      - fir_filter_parallel_reduced_stream:impl|fir_filter_parallel_reduced:impl|Add210~33                  ; 0                 ; 0       ;
;      - fir_filter_parallel_reduced_stream:impl|fir_filter_parallel_reduced:impl|Add210~37                  ; 0                 ; 0       ;
;      - fir_filter_parallel_reduced_stream:impl|fir_filter_parallel_reduced:impl|Add210~41                  ; 0                 ; 0       ;
;      - fir_filter_parallel_reduced_stream:impl|fir_filter_parallel_reduced:impl|Add210~45                  ; 0                 ; 0       ;
;      - fir_filter_parallel_reduced_stream:impl|fir_filter_parallel_reduced:impl|Add210~49                  ; 0                 ; 0       ;
;      - fir_filter_parallel_reduced_stream:impl|fir_filter_parallel_reduced:impl|Add210~53                  ; 0                 ; 0       ;
;      - fir_filter_parallel_reduced_stream:impl|fir_filter_parallel_reduced:impl|Add210~57                  ; 0                 ; 0       ;
;      - fir_filter_parallel_reduced_stream:impl|fir_filter_parallel_reduced:impl|Add210~61                  ; 0                 ; 0       ;
;      - fir_filter_parallel_reduced_stream:impl|fir_filter_parallel_reduced:impl|Add210~5                   ; 0                 ; 0       ;
;      - fir_filter_parallel_reduced_stream:impl|fir_filter_parallel_reduced:impl|Add210~1                   ; 0                 ; 0       ;
;      - fir_filter_parallel_reduced_stream:impl|fir_filter_parallel_reduced:impl|Add264~61                  ; 0                 ; 0       ;
;      - fir_filter_parallel_reduced_stream:impl|fir_filter_parallel_reduced:impl|Add264~57                  ; 0                 ; 0       ;
;      - fir_filter_parallel_reduced_stream:impl|fir_filter_parallel_reduced:impl|Add264~53                  ; 0                 ; 0       ;
;      - fir_filter_parallel_reduced_stream:impl|fir_filter_parallel_reduced:impl|Add264~49                  ; 0                 ; 0       ;
;      - fir_filter_parallel_reduced_stream:impl|fir_filter_parallel_reduced:impl|Add264~45                  ; 0                 ; 0       ;
;      - fir_filter_parallel_reduced_stream:impl|fir_filter_parallel_reduced:impl|Add264~41                  ; 0                 ; 0       ;
;      - fir_filter_parallel_reduced_stream:impl|fir_filter_parallel_reduced:impl|Add264~37                  ; 0                 ; 0       ;
;      - fir_filter_parallel_reduced_stream:impl|fir_filter_parallel_reduced:impl|Add264~33                  ; 0                 ; 0       ;
;      - fir_filter_parallel_reduced_stream:impl|fir_filter_parallel_reduced:impl|Add264~29                  ; 0                 ; 0       ;
;      - fir_filter_parallel_reduced_stream:impl|fir_filter_parallel_reduced:impl|Add264~25                  ; 0                 ; 0       ;
;      - fir_filter_parallel_reduced_stream:impl|fir_filter_parallel_reduced:impl|Add264~21                  ; 0                 ; 0       ;
;      - fir_filter_parallel_reduced_stream:impl|fir_filter_parallel_reduced:impl|Add264~17                  ; 0                 ; 0       ;
;      - fir_filter_parallel_reduced_stream:impl|fir_filter_parallel_reduced:impl|Add264~13                  ; 0                 ; 0       ;
;      - fir_filter_parallel_reduced_stream:impl|fir_filter_parallel_reduced:impl|Add264~9                   ; 0                 ; 0       ;
;      - fir_filter_parallel_reduced_stream:impl|fir_filter_parallel_reduced:impl|Add264~5                   ; 0                 ; 0       ;
;      - fir_filter_parallel_reduced_stream:impl|fir_filter_parallel_reduced:impl|Add264~1                   ; 0                 ; 0       ;
;      - fir_filter_parallel_reduced_stream:impl|fir_filter_parallel_reduced:impl|Add216~93                  ; 0                 ; 0       ;
;      - fir_filter_parallel_reduced_stream:impl|fir_filter_parallel_reduced:impl|Add216~89                  ; 0                 ; 0       ;
;      - fir_filter_parallel_reduced_stream:impl|fir_filter_parallel_reduced:impl|Add216~85                  ; 0                 ; 0       ;
;      - fir_filter_parallel_reduced_stream:impl|fir_filter_parallel_reduced:impl|Add216~81                  ; 0                 ; 0       ;
;      - fir_filter_parallel_reduced_stream:impl|fir_filter_parallel_reduced:impl|Add216~77                  ; 0                 ; 0       ;
;      - fir_filter_parallel_reduced_stream:impl|fir_filter_parallel_reduced:impl|Add216~73                  ; 0                 ; 0       ;
;      - fir_filter_parallel_reduced_stream:impl|fir_filter_parallel_reduced:impl|Add216~69                  ; 0                 ; 0       ;
;      - fir_filter_parallel_reduced_stream:impl|fir_filter_parallel_reduced:impl|Add216~65                  ; 0                 ; 0       ;
;      - fir_filter_parallel_reduced_stream:impl|fir_filter_parallel_reduced:impl|Add216~61                  ; 0                 ; 0       ;
;      - fir_filter_parallel_reduced_stream:impl|fir_filter_parallel_reduced:impl|Add216~57                  ; 0                 ; 0       ;
;      - fir_filter_parallel_reduced_stream:impl|fir_filter_parallel_reduced:impl|Add216~53                  ; 0                 ; 0       ;
;      - fir_filter_parallel_reduced_stream:impl|fir_filter_parallel_reduced:impl|Add216~49                  ; 0                 ; 0       ;
;      - fir_filter_parallel_reduced_stream:impl|fir_filter_parallel_reduced:impl|Add216~45                  ; 0                 ; 0       ;
;      - fir_filter_parallel_reduced_stream:impl|fir_filter_parallel_reduced:impl|Add216~41                  ; 0                 ; 0       ;
;      - fir_filter_parallel_reduced_stream:impl|fir_filter_parallel_reduced:impl|Add216~9                   ; 0                 ; 0       ;
;      - fir_filter_parallel_reduced_stream:impl|fir_filter_parallel_reduced:impl|Add216~13                  ; 0                 ; 0       ;
;      - fir_filter_parallel_reduced_stream:impl|fir_filter_parallel_reduced:impl|Add216~17                  ; 0                 ; 0       ;
;      - fir_filter_parallel_reduced_stream:impl|fir_filter_parallel_reduced:impl|Add216~21                  ; 0                 ; 0       ;
;      - fir_filter_parallel_reduced_stream:impl|fir_filter_parallel_reduced:impl|Add216~25                  ; 0                 ; 0       ;
;      - fir_filter_parallel_reduced_stream:impl|fir_filter_parallel_reduced:impl|Add216~29                  ; 0                 ; 0       ;
;      - fir_filter_parallel_reduced_stream:impl|fir_filter_parallel_reduced:impl|Add216~33                  ; 0                 ; 0       ;
;      - fir_filter_parallel_reduced_stream:impl|fir_filter_parallel_reduced:impl|Add216~37                  ; 0                 ; 0       ;
;      - fir_filter_parallel_reduced_stream:impl|fir_filter_parallel_reduced:impl|Add216~5                   ; 0                 ; 0       ;
;      - fir_filter_parallel_reduced_stream:impl|fir_filter_parallel_reduced:impl|Add216~1                   ; 0                 ; 0       ;
;      - fir_filter_parallel_reduced_stream:impl|fir_filter_parallel_reduced:impl|Add426~117                 ; 0                 ; 0       ;
;      - fir_filter_parallel_reduced_stream:impl|fir_filter_parallel_reduced:impl|Add426~113                 ; 0                 ; 0       ;
;      - fir_filter_parallel_reduced_stream:impl|fir_filter_parallel_reduced:impl|Add426~109                 ; 0                 ; 0       ;
;      - fir_filter_parallel_reduced_stream:impl|fir_filter_parallel_reduced:impl|Add426~105                 ; 0                 ; 0       ;
;      - fir_filter_parallel_reduced_stream:impl|fir_filter_parallel_reduced:impl|Add426~101                 ; 0                 ; 0       ;
;      - fir_filter_parallel_reduced_stream:impl|fir_filter_parallel_reduced:impl|Add426~97                  ; 0                 ; 0       ;
;      - fir_filter_parallel_reduced_stream:impl|fir_filter_parallel_reduced:impl|Add426~93                  ; 0                 ; 0       ;
;      - fir_filter_parallel_reduced_stream:impl|fir_filter_parallel_reduced:impl|Add426~89                  ; 0                 ; 0       ;
;      - fir_filter_parallel_reduced_stream:impl|fir_filter_parallel_reduced:impl|Add426~85                  ; 0                 ; 0       ;
;      - fir_filter_parallel_reduced_stream:impl|fir_filter_parallel_reduced:impl|Add426~81                  ; 0                 ; 0       ;
;      - fir_filter_parallel_reduced_stream:impl|fir_filter_parallel_reduced:impl|Add426~77                  ; 0                 ; 0       ;
;      - fir_filter_parallel_reduced_stream:impl|fir_filter_parallel_reduced:impl|Add426~73                  ; 0                 ; 0       ;
;      - fir_filter_parallel_reduced_stream:impl|fir_filter_parallel_reduced:impl|Add426~69                  ; 0                 ; 0       ;
;      - fir_filter_parallel_reduced_stream:impl|fir_filter_parallel_reduced:impl|Add426~65                  ; 0                 ; 0       ;
;      - fir_filter_parallel_reduced_stream:impl|fir_filter_parallel_reduced:impl|Add426~9                   ; 0                 ; 0       ;
;      - fir_filter_parallel_reduced_stream:impl|fir_filter_parallel_reduced:impl|Add426~13                  ; 0                 ; 0       ;
;      - fir_filter_parallel_reduced_stream:impl|fir_filter_parallel_reduced:impl|Add426~17                  ; 0                 ; 0       ;
;      - fir_filter_parallel_reduced_stream:impl|fir_filter_parallel_reduced:impl|Add426~21                  ; 0                 ; 0       ;
;      - fir_filter_parallel_reduced_stream:impl|fir_filter_parallel_reduced:impl|Add426~25                  ; 0                 ; 0       ;
;      - fir_filter_parallel_reduced_stream:impl|fir_filter_parallel_reduced:impl|Add426~29                  ; 0                 ; 0       ;
;      - fir_filter_parallel_reduced_stream:impl|fir_filter_parallel_reduced:impl|Add426~33                  ; 0                 ; 0       ;
;      - fir_filter_parallel_reduced_stream:impl|fir_filter_parallel_reduced:impl|Add426~37                  ; 0                 ; 0       ;
;      - fir_filter_parallel_reduced_stream:impl|fir_filter_parallel_reduced:impl|Add426~41                  ; 0                 ; 0       ;
;      - fir_filter_parallel_reduced_stream:impl|fir_filter_parallel_reduced:impl|Add426~45                  ; 0                 ; 0       ;
;      - fir_filter_parallel_reduced_stream:impl|fir_filter_parallel_reduced:impl|Add426~49                  ; 0                 ; 0       ;
;      - fir_filter_parallel_reduced_stream:impl|fir_filter_parallel_reduced:impl|Add426~53                  ; 0                 ; 0       ;
;      - fir_filter_parallel_reduced_stream:impl|fir_filter_parallel_reduced:impl|Add426~57                  ; 0                 ; 0       ;
;      - fir_filter_parallel_reduced_stream:impl|fir_filter_parallel_reduced:impl|Add426~61                  ; 0                 ; 0       ;
;      - fir_filter_parallel_reduced_stream:impl|fir_filter_parallel_reduced:impl|Add426~5                   ; 0                 ; 0       ;
;      - fir_filter_parallel_reduced_stream:impl|fir_filter_parallel_reduced:impl|Add426~1                   ; 0                 ; 0       ;
;      - fir_filter_parallel_reduced_stream:impl|fir_filter_parallel_reduced:impl|Add99~73                   ; 0                 ; 0       ;
;      - fir_filter_parallel_reduced_stream:impl|fir_filter_parallel_reduced:impl|Add99~69                   ; 0                 ; 0       ;
;      - fir_filter_parallel_reduced_stream:impl|fir_filter_parallel_reduced:impl|Add99~65                   ; 0                 ; 0       ;
;      - fir_filter_parallel_reduced_stream:impl|fir_filter_parallel_reduced:impl|Add99~61                   ; 0                 ; 0       ;
;      - fir_filter_parallel_reduced_stream:impl|fir_filter_parallel_reduced:impl|Add99~57                   ; 0                 ; 0       ;
;      - fir_filter_parallel_reduced_stream:impl|fir_filter_parallel_reduced:impl|Add99~53                   ; 0                 ; 0       ;
;      - fir_filter_parallel_reduced_stream:impl|fir_filter_parallel_reduced:impl|Add99~49                   ; 0                 ; 0       ;
;      - fir_filter_parallel_reduced_stream:impl|fir_filter_parallel_reduced:impl|Add99~45                   ; 0                 ; 0       ;
;      - fir_filter_parallel_reduced_stream:impl|fir_filter_parallel_reduced:impl|Add99~41                   ; 0                 ; 0       ;
;      - fir_filter_parallel_reduced_stream:impl|fir_filter_parallel_reduced:impl|Add99~13                   ; 0                 ; 0       ;
;      - fir_filter_parallel_reduced_stream:impl|fir_filter_parallel_reduced:impl|Add99~17                   ; 0                 ; 0       ;
;      - fir_filter_parallel_reduced_stream:impl|fir_filter_parallel_reduced:impl|Add99~21                   ; 0                 ; 0       ;
;      - fir_filter_parallel_reduced_stream:impl|fir_filter_parallel_reduced:impl|Add99~25                   ; 0                 ; 0       ;
;      - fir_filter_parallel_reduced_stream:impl|fir_filter_parallel_reduced:impl|Add99~29                   ; 0                 ; 0       ;
;      - fir_filter_parallel_reduced_stream:impl|fir_filter_parallel_reduced:impl|Add99~33                   ; 0                 ; 0       ;
;      - fir_filter_parallel_reduced_stream:impl|fir_filter_parallel_reduced:impl|Add99~37                   ; 0                 ; 0       ;
;      - fir_filter_parallel_reduced_stream:impl|fir_filter_parallel_reduced:impl|Add99~9                    ; 0                 ; 0       ;
;      - fir_filter_parallel_reduced_stream:impl|fir_filter_parallel_reduced:impl|Add99~1                    ; 0                 ; 0       ;
;      - fir_filter_parallel_reduced_stream:impl|fir_filter_parallel_reduced:impl|Add99~5                    ; 0                 ; 0       ;
;      - fir_filter_parallel_reduced_stream:impl|fir_filter_parallel_reduced:impl|Add315~73                  ; 0                 ; 0       ;
;      - fir_filter_parallel_reduced_stream:impl|fir_filter_parallel_reduced:impl|Add315~69                  ; 0                 ; 0       ;
;      - fir_filter_parallel_reduced_stream:impl|fir_filter_parallel_reduced:impl|Add315~65                  ; 0                 ; 0       ;
;      - fir_filter_parallel_reduced_stream:impl|fir_filter_parallel_reduced:impl|Add315~61                  ; 0                 ; 0       ;
;      - fir_filter_parallel_reduced_stream:impl|fir_filter_parallel_reduced:impl|Add315~57                  ; 0                 ; 0       ;
;      - fir_filter_parallel_reduced_stream:impl|fir_filter_parallel_reduced:impl|Add315~53                  ; 0                 ; 0       ;
;      - fir_filter_parallel_reduced_stream:impl|fir_filter_parallel_reduced:impl|Add315~49                  ; 0                 ; 0       ;
;      - fir_filter_parallel_reduced_stream:impl|fir_filter_parallel_reduced:impl|Add315~45                  ; 0                 ; 0       ;
;      - fir_filter_parallel_reduced_stream:impl|fir_filter_parallel_reduced:impl|Add315~41                  ; 0                 ; 0       ;
;      - fir_filter_parallel_reduced_stream:impl|fir_filter_parallel_reduced:impl|Add315~13                  ; 0                 ; 0       ;
;      - fir_filter_parallel_reduced_stream:impl|fir_filter_parallel_reduced:impl|Add315~17                  ; 0                 ; 0       ;
;      - fir_filter_parallel_reduced_stream:impl|fir_filter_parallel_reduced:impl|Add315~21                  ; 0                 ; 0       ;
;      - fir_filter_parallel_reduced_stream:impl|fir_filter_parallel_reduced:impl|Add315~25                  ; 0                 ; 0       ;
;      - fir_filter_parallel_reduced_stream:impl|fir_filter_parallel_reduced:impl|Add315~29                  ; 0                 ; 0       ;
;      - fir_filter_parallel_reduced_stream:impl|fir_filter_parallel_reduced:impl|Add315~33                  ; 0                 ; 0       ;
;      - fir_filter_parallel_reduced_stream:impl|fir_filter_parallel_reduced:impl|Add315~37                  ; 0                 ; 0       ;
;      - fir_filter_parallel_reduced_stream:impl|fir_filter_parallel_reduced:impl|Add315~9                   ; 0                 ; 0       ;
;      - fir_filter_parallel_reduced_stream:impl|fir_filter_parallel_reduced:impl|Add315~1                   ; 0                 ; 0       ;
;      - fir_filter_parallel_reduced_stream:impl|fir_filter_parallel_reduced:impl|Add315~5                   ; 0                 ; 0       ;
;      - fir_filter_parallel_reduced_stream:impl|fir_filter_parallel_reduced:impl|Add47~73                   ; 0                 ; 0       ;
;      - fir_filter_parallel_reduced_stream:impl|fir_filter_parallel_reduced:impl|Add47~69                   ; 0                 ; 0       ;
;      - fir_filter_parallel_reduced_stream:impl|fir_filter_parallel_reduced:impl|Add47~65                   ; 0                 ; 0       ;
;      - fir_filter_parallel_reduced_stream:impl|fir_filter_parallel_reduced:impl|Add47~61                   ; 0                 ; 0       ;
;      - fir_filter_parallel_reduced_stream:impl|fir_filter_parallel_reduced:impl|Add47~57                   ; 0                 ; 0       ;
;      - fir_filter_parallel_reduced_stream:impl|fir_filter_parallel_reduced:impl|Add47~53                   ; 0                 ; 0       ;
;      - fir_filter_parallel_reduced_stream:impl|fir_filter_parallel_reduced:impl|Add47~49                   ; 0                 ; 0       ;
;      - fir_filter_parallel_reduced_stream:impl|fir_filter_parallel_reduced:impl|Add47~45                   ; 0                 ; 0       ;
;      - fir_filter_parallel_reduced_stream:impl|fir_filter_parallel_reduced:impl|Add47~41                   ; 0                 ; 0       ;
;      - fir_filter_parallel_reduced_stream:impl|fir_filter_parallel_reduced:impl|Add47~37                   ; 0                 ; 0       ;
;      - fir_filter_parallel_reduced_stream:impl|fir_filter_parallel_reduced:impl|Add47~33                   ; 0                 ; 0       ;
;      - fir_filter_parallel_reduced_stream:impl|fir_filter_parallel_reduced:impl|Add47~29                   ; 0                 ; 0       ;
;      - fir_filter_parallel_reduced_stream:impl|fir_filter_parallel_reduced:impl|Add47~25                   ; 0                 ; 0       ;
;      - fir_filter_parallel_reduced_stream:impl|fir_filter_parallel_reduced:impl|Add47~21                   ; 0                 ; 0       ;
;      - fir_filter_parallel_reduced_stream:impl|fir_filter_parallel_reduced:impl|Add47~13                   ; 0                 ; 0       ;
;      - fir_filter_parallel_reduced_stream:impl|fir_filter_parallel_reduced:impl|Add47~17                   ; 0                 ; 0       ;
;      - fir_filter_parallel_reduced_stream:impl|fir_filter_parallel_reduced:impl|Add47~9                    ; 0                 ; 0       ;
;      - fir_filter_parallel_reduced_stream:impl|fir_filter_parallel_reduced:impl|Add47~1                    ; 0                 ; 0       ;
;      - fir_filter_parallel_reduced_stream:impl|fir_filter_parallel_reduced:impl|Add47~5                    ; 0                 ; 0       ;
;      - fir_filter_parallel_reduced_stream:impl|fir_filter_parallel_reduced:impl|Add263~73                  ; 0                 ; 0       ;
;      - fir_filter_parallel_reduced_stream:impl|fir_filter_parallel_reduced:impl|Add263~69                  ; 0                 ; 0       ;
;      - fir_filter_parallel_reduced_stream:impl|fir_filter_parallel_reduced:impl|Add263~65                  ; 0                 ; 0       ;
;      - fir_filter_parallel_reduced_stream:impl|fir_filter_parallel_reduced:impl|Add263~61                  ; 0                 ; 0       ;
;      - fir_filter_parallel_reduced_stream:impl|fir_filter_parallel_reduced:impl|Add263~57                  ; 0                 ; 0       ;
;      - fir_filter_parallel_reduced_stream:impl|fir_filter_parallel_reduced:impl|Add263~53                  ; 0                 ; 0       ;
;      - fir_filter_parallel_reduced_stream:impl|fir_filter_parallel_reduced:impl|Add263~49                  ; 0                 ; 0       ;
;      - fir_filter_parallel_reduced_stream:impl|fir_filter_parallel_reduced:impl|Add263~45                  ; 0                 ; 0       ;
;      - fir_filter_parallel_reduced_stream:impl|fir_filter_parallel_reduced:impl|Add263~41                  ; 0                 ; 0       ;
;      - fir_filter_parallel_reduced_stream:impl|fir_filter_parallel_reduced:impl|Add263~37                  ; 0                 ; 0       ;
;      - fir_filter_parallel_reduced_stream:impl|fir_filter_parallel_reduced:impl|Add263~33                  ; 0                 ; 0       ;
;      - fir_filter_parallel_reduced_stream:impl|fir_filter_parallel_reduced:impl|Add263~29                  ; 0                 ; 0       ;
;      - fir_filter_parallel_reduced_stream:impl|fir_filter_parallel_reduced:impl|Add263~25                  ; 0                 ; 0       ;
;      - fir_filter_parallel_reduced_stream:impl|fir_filter_parallel_reduced:impl|Add263~21                  ; 0                 ; 0       ;
;      - fir_filter_parallel_reduced_stream:impl|fir_filter_parallel_reduced:impl|Add263~13                  ; 0                 ; 0       ;
;      - fir_filter_parallel_reduced_stream:impl|fir_filter_parallel_reduced:impl|Add263~17                  ; 0                 ; 0       ;
;      - fir_filter_parallel_reduced_stream:impl|fir_filter_parallel_reduced:impl|Add263~9                   ; 0                 ; 0       ;
;      - fir_filter_parallel_reduced_stream:impl|fir_filter_parallel_reduced:impl|Add263~1                   ; 0                 ; 0       ;
;      - fir_filter_parallel_reduced_stream:impl|fir_filter_parallel_reduced:impl|Add263~5                   ; 0                 ; 0       ;
;      - fir_filter_parallel_reduced_stream:impl|block_valid~0                                               ; 0                 ; 0       ;
;      - fir_filter_parallel_reduced_stream:impl|gather_count[0]~0                                           ; 0                 ; 0       ;
;      - fir_filter_parallel_reduced_stream:impl|fir_filter_parallel_reduced:impl|history_next[0][0][15]~0   ; 0                 ; 0       ;
;      - fir_filter_parallel_reduced_stream:impl|gather_buf[0][0]~0                                          ; 0                 ; 0       ;
;      - fir_filter_parallel_reduced_stream:impl|fir_filter_parallel_reduced:impl|history_next[1][28][0]~0   ; 0                 ; 0       ;
;      - fir_filter_parallel_reduced_stream:impl|fir_filter_parallel_reduced:impl|history_next[1][28][1]~0   ; 0                 ; 0       ;
;      - fir_filter_parallel_reduced_stream:impl|fir_filter_parallel_reduced:impl|history_next[1][28][2]~0   ; 0                 ; 0       ;
;      - fir_filter_parallel_reduced_stream:impl|fir_filter_parallel_reduced:impl|history_next[1][28][3]~0   ; 0                 ; 0       ;
;      - fir_filter_parallel_reduced_stream:impl|fir_filter_parallel_reduced:impl|history_next[1][28][4]~0   ; 0                 ; 0       ;
;      - fir_filter_parallel_reduced_stream:impl|fir_filter_parallel_reduced:impl|history_next[1][28][5]~0   ; 0                 ; 0       ;
;      - fir_filter_parallel_reduced_stream:impl|fir_filter_parallel_reduced:impl|history_next[1][28][6]~0   ; 0                 ; 0       ;
;      - fir_filter_parallel_reduced_stream:impl|fir_filter_parallel_reduced:impl|history_next[1][28][7]~0   ; 0                 ; 0       ;
;      - fir_filter_parallel_reduced_stream:impl|fir_filter_parallel_reduced:impl|history_next[1][28][8]~0   ; 0                 ; 0       ;
;      - fir_filter_parallel_reduced_stream:impl|fir_filter_parallel_reduced:impl|history_next[1][28][9]~0   ; 0                 ; 0       ;
;      - fir_filter_parallel_reduced_stream:impl|fir_filter_parallel_reduced:impl|history_next[1][28][10]~0  ; 0                 ; 0       ;
;      - fir_filter_parallel_reduced_stream:impl|fir_filter_parallel_reduced:impl|history_next[1][28][11]~0  ; 0                 ; 0       ;
;      - fir_filter_parallel_reduced_stream:impl|fir_filter_parallel_reduced:impl|history_next[1][28][12]~0  ; 0                 ; 0       ;
;      - fir_filter_parallel_reduced_stream:impl|fir_filter_parallel_reduced:impl|history_next[1][28][13]~0  ; 0                 ; 0       ;
;      - fir_filter_parallel_reduced_stream:impl|fir_filter_parallel_reduced:impl|history_next[1][28][14]~0  ; 0                 ; 0       ;
;      - fir_filter_parallel_reduced_stream:impl|fir_filter_parallel_reduced:impl|history_next[1][28][15]~0  ; 0                 ; 0       ;
;      - fir_filter_parallel_reduced_stream:impl|fir_filter_parallel_reduced:impl|history_next[1][78][0]~0   ; 0                 ; 0       ;
;      - fir_filter_parallel_reduced_stream:impl|fir_filter_parallel_reduced:impl|history_next[1][78][1]~0   ; 0                 ; 0       ;
;      - fir_filter_parallel_reduced_stream:impl|fir_filter_parallel_reduced:impl|history_next[1][78][2]~0   ; 0                 ; 0       ;
;      - fir_filter_parallel_reduced_stream:impl|fir_filter_parallel_reduced:impl|history_next[1][78][3]~0   ; 0                 ; 0       ;
;      - fir_filter_parallel_reduced_stream:impl|fir_filter_parallel_reduced:impl|history_next[1][78][4]~0   ; 0                 ; 0       ;
;      - fir_filter_parallel_reduced_stream:impl|fir_filter_parallel_reduced:impl|history_next[1][78][5]~0   ; 0                 ; 0       ;
;      - fir_filter_parallel_reduced_stream:impl|fir_filter_parallel_reduced:impl|history_next[1][78][6]~0   ; 0                 ; 0       ;
;      - fir_filter_parallel_reduced_stream:impl|fir_filter_parallel_reduced:impl|history_next[1][78][7]~0   ; 0                 ; 0       ;
;      - fir_filter_parallel_reduced_stream:impl|fir_filter_parallel_reduced:impl|history_next[1][78][8]~0   ; 0                 ; 0       ;
;      - fir_filter_parallel_reduced_stream:impl|fir_filter_parallel_reduced:impl|history_next[1][78][9]~0   ; 0                 ; 0       ;
;      - fir_filter_parallel_reduced_stream:impl|fir_filter_parallel_reduced:impl|history_next[1][78][10]~0  ; 0                 ; 0       ;
;      - fir_filter_parallel_reduced_stream:impl|fir_filter_parallel_reduced:impl|history_next[1][78][11]~0  ; 0                 ; 0       ;
;      - fir_filter_parallel_reduced_stream:impl|fir_filter_parallel_reduced:impl|history_next[1][78][12]~0  ; 0                 ; 0       ;
;      - fir_filter_parallel_reduced_stream:impl|fir_filter_parallel_reduced:impl|history_next[1][78][13]~0  ; 0                 ; 0       ;
;      - fir_filter_parallel_reduced_stream:impl|fir_filter_parallel_reduced:impl|history_next[1][78][14]~0  ; 0                 ; 0       ;
;      - fir_filter_parallel_reduced_stream:impl|fir_filter_parallel_reduced:impl|history_next[1][78][15]~0  ; 0                 ; 0       ;
;      - fir_filter_parallel_reduced_stream:impl|fir_filter_parallel_reduced:impl|history_next[1][26][0]~0   ; 0                 ; 0       ;
;      - fir_filter_parallel_reduced_stream:impl|fir_filter_parallel_reduced:impl|history_next[1][26][1]~0   ; 0                 ; 0       ;
;      - fir_filter_parallel_reduced_stream:impl|fir_filter_parallel_reduced:impl|history_next[1][26][2]~0   ; 0                 ; 0       ;
;      - fir_filter_parallel_reduced_stream:impl|fir_filter_parallel_reduced:impl|history_next[1][26][3]~0   ; 0                 ; 0       ;
;      - fir_filter_parallel_reduced_stream:impl|fir_filter_parallel_reduced:impl|history_next[1][26][4]~0   ; 0                 ; 0       ;
;      - fir_filter_parallel_reduced_stream:impl|fir_filter_parallel_reduced:impl|history_next[1][26][5]~0   ; 0                 ; 0       ;
;      - fir_filter_parallel_reduced_stream:impl|fir_filter_parallel_reduced:impl|history_next[1][26][6]~0   ; 0                 ; 0       ;
;      - fir_filter_parallel_reduced_stream:impl|fir_filter_parallel_reduced:impl|history_next[1][26][7]~0   ; 0                 ; 0       ;
;      - fir_filter_parallel_reduced_stream:impl|fir_filter_parallel_reduced:impl|history_next[1][26][8]~0   ; 0                 ; 0       ;
;      - fir_filter_parallel_reduced_stream:impl|fir_filter_parallel_reduced:impl|history_next[1][26][9]~0   ; 0                 ; 0       ;
;      - fir_filter_parallel_reduced_stream:impl|fir_filter_parallel_reduced:impl|history_next[1][26][10]~0  ; 0                 ; 0       ;
;      - fir_filter_parallel_reduced_stream:impl|fir_filter_parallel_reduced:impl|history_next[1][26][11]~0  ; 0                 ; 0       ;
;      - fir_filter_parallel_reduced_stream:impl|fir_filter_parallel_reduced:impl|history_next[1][26][12]~0  ; 0                 ; 0       ;
;      - fir_filter_parallel_reduced_stream:impl|fir_filter_parallel_reduced:impl|history_next[1][26][13]~0  ; 0                 ; 0       ;
;      - fir_filter_parallel_reduced_stream:impl|fir_filter_parallel_reduced:impl|history_next[1][26][14]~0  ; 0                 ; 0       ;
;      - fir_filter_parallel_reduced_stream:impl|fir_filter_parallel_reduced:impl|history_next[1][26][15]~0  ; 0                 ; 0       ;
;      - fir_filter_parallel_reduced_stream:impl|fir_filter_parallel_reduced:impl|history_next[1][80][0]~0   ; 0                 ; 0       ;
;      - fir_filter_parallel_reduced_stream:impl|fir_filter_parallel_reduced:impl|history_next[1][80][1]~0   ; 0                 ; 0       ;
;      - fir_filter_parallel_reduced_stream:impl|fir_filter_parallel_reduced:impl|history_next[1][80][2]~0   ; 0                 ; 0       ;
;      - fir_filter_parallel_reduced_stream:impl|fir_filter_parallel_reduced:impl|history_next[1][80][3]~0   ; 0                 ; 0       ;
;      - fir_filter_parallel_reduced_stream:impl|fir_filter_parallel_reduced:impl|history_next[1][80][4]~0   ; 0                 ; 0       ;
;      - fir_filter_parallel_reduced_stream:impl|fir_filter_parallel_reduced:impl|history_next[1][80][5]~0   ; 0                 ; 0       ;
;      - fir_filter_parallel_reduced_stream:impl|fir_filter_parallel_reduced:impl|history_next[1][80][6]~0   ; 0                 ; 0       ;
;      - fir_filter_parallel_reduced_stream:impl|fir_filter_parallel_reduced:impl|history_next[1][80][7]~0   ; 0                 ; 0       ;
;      - fir_filter_parallel_reduced_stream:impl|fir_filter_parallel_reduced:impl|history_next[1][80][8]~0   ; 0                 ; 0       ;
;      - fir_filter_parallel_reduced_stream:impl|fir_filter_parallel_reduced:impl|history_next[1][80][9]~0   ; 0                 ; 0       ;
;      - fir_filter_parallel_reduced_stream:impl|fir_filter_parallel_reduced:impl|history_next[1][80][10]~0  ; 0                 ; 0       ;
;      - fir_filter_parallel_reduced_stream:impl|fir_filter_parallel_reduced:impl|history_next[1][80][11]~0  ; 0                 ; 0       ;
;      - fir_filter_parallel_reduced_stream:impl|fir_filter_parallel_reduced:impl|history_next[1][80][12]~0  ; 0                 ; 0       ;
;      - fir_filter_parallel_reduced_stream:impl|fir_filter_parallel_reduced:impl|history_next[1][80][13]~0  ; 0                 ; 0       ;
;      - fir_filter_parallel_reduced_stream:impl|fir_filter_parallel_reduced:impl|history_next[1][80][14]~0  ; 0                 ; 0       ;
;      - fir_filter_parallel_reduced_stream:impl|fir_filter_parallel_reduced:impl|history_next[1][80][15]~0  ; 0                 ; 0       ;
;      - fir_filter_parallel_reduced_stream:impl|fir_filter_parallel_reduced:impl|history_next[0][25][0]~0   ; 0                 ; 0       ;
;      - fir_filter_parallel_reduced_stream:impl|fir_filter_parallel_reduced:impl|history_next[0][25][1]~0   ; 0                 ; 0       ;
;      - fir_filter_parallel_reduced_stream:impl|fir_filter_parallel_reduced:impl|history_next[0][25][2]~0   ; 0                 ; 0       ;
;      - fir_filter_parallel_reduced_stream:impl|fir_filter_parallel_reduced:impl|history_next[0][25][3]~0   ; 0                 ; 0       ;
;      - fir_filter_parallel_reduced_stream:impl|fir_filter_parallel_reduced:impl|history_next[0][25][4]~0   ; 0                 ; 0       ;
;      - fir_filter_parallel_reduced_stream:impl|fir_filter_parallel_reduced:impl|history_next[0][25][5]~0   ; 0                 ; 0       ;
;      - fir_filter_parallel_reduced_stream:impl|fir_filter_parallel_reduced:impl|history_next[0][25][6]~0   ; 0                 ; 0       ;
;      - fir_filter_parallel_reduced_stream:impl|fir_filter_parallel_reduced:impl|history_next[0][25][7]~0   ; 0                 ; 0       ;
;      - fir_filter_parallel_reduced_stream:impl|fir_filter_parallel_reduced:impl|history_next[0][25][8]~0   ; 0                 ; 0       ;
;      - fir_filter_parallel_reduced_stream:impl|fir_filter_parallel_reduced:impl|history_next[0][25][9]~0   ; 0                 ; 0       ;
;      - fir_filter_parallel_reduced_stream:impl|fir_filter_parallel_reduced:impl|history_next[0][25][10]~0  ; 0                 ; 0       ;
;      - fir_filter_parallel_reduced_stream:impl|fir_filter_parallel_reduced:impl|history_next[0][25][11]~0  ; 0                 ; 0       ;
;      - fir_filter_parallel_reduced_stream:impl|fir_filter_parallel_reduced:impl|history_next[0][25][12]~0  ; 0                 ; 0       ;
;      - fir_filter_parallel_reduced_stream:impl|fir_filter_parallel_reduced:impl|history_next[0][25][13]~0  ; 0                 ; 0       ;
;      - fir_filter_parallel_reduced_stream:impl|fir_filter_parallel_reduced:impl|history_next[0][25][14]~0  ; 0                 ; 0       ;
;      - fir_filter_parallel_reduced_stream:impl|fir_filter_parallel_reduced:impl|history_next[0][25][15]~0  ; 0                 ; 0       ;
;      - fir_filter_parallel_reduced_stream:impl|fir_filter_parallel_reduced:impl|history_next[0][80][0]~0   ; 0                 ; 0       ;
;      - fir_filter_parallel_reduced_stream:impl|fir_filter_parallel_reduced:impl|history_next[0][80][1]~0   ; 0                 ; 0       ;
;      - fir_filter_parallel_reduced_stream:impl|fir_filter_parallel_reduced:impl|history_next[0][80][2]~0   ; 0                 ; 0       ;
;      - fir_filter_parallel_reduced_stream:impl|fir_filter_parallel_reduced:impl|history_next[0][80][3]~0   ; 0                 ; 0       ;
;      - fir_filter_parallel_reduced_stream:impl|fir_filter_parallel_reduced:impl|history_next[0][80][4]~0   ; 0                 ; 0       ;
;      - fir_filter_parallel_reduced_stream:impl|fir_filter_parallel_reduced:impl|history_next[0][80][5]~0   ; 0                 ; 0       ;
;      - fir_filter_parallel_reduced_stream:impl|fir_filter_parallel_reduced:impl|history_next[0][80][6]~0   ; 0                 ; 0       ;
;      - fir_filter_parallel_reduced_stream:impl|fir_filter_parallel_reduced:impl|history_next[0][80][7]~0   ; 0                 ; 0       ;
;      - fir_filter_parallel_reduced_stream:impl|fir_filter_parallel_reduced:impl|history_next[0][80][8]~0   ; 0                 ; 0       ;
;      - fir_filter_parallel_reduced_stream:impl|fir_filter_parallel_reduced:impl|history_next[0][80][9]~0   ; 0                 ; 0       ;
;      - fir_filter_parallel_reduced_stream:impl|fir_filter_parallel_reduced:impl|history_next[0][80][10]~0  ; 0                 ; 0       ;
;      - fir_filter_parallel_reduced_stream:impl|fir_filter_parallel_reduced:impl|history_next[0][80][11]~0  ; 0                 ; 0       ;
;      - fir_filter_parallel_reduced_stream:impl|fir_filter_parallel_reduced:impl|history_next[0][80][12]~0  ; 0                 ; 0       ;
;      - fir_filter_parallel_reduced_stream:impl|fir_filter_parallel_reduced:impl|history_next[0][80][13]~0  ; 0                 ; 0       ;
;      - fir_filter_parallel_reduced_stream:impl|fir_filter_parallel_reduced:impl|history_next[0][80][14]~0  ; 0                 ; 0       ;
;      - fir_filter_parallel_reduced_stream:impl|fir_filter_parallel_reduced:impl|history_next[0][80][15]~0  ; 0                 ; 0       ;
;      - fir_filter_parallel_reduced_stream:impl|fir_filter_parallel_reduced:impl|history_next[0][19][0]~0   ; 0                 ; 0       ;
;      - fir_filter_parallel_reduced_stream:impl|fir_filter_parallel_reduced:impl|history_next[0][19][1]~0   ; 0                 ; 0       ;
;      - fir_filter_parallel_reduced_stream:impl|fir_filter_parallel_reduced:impl|history_next[0][19][2]~0   ; 0                 ; 0       ;
;      - fir_filter_parallel_reduced_stream:impl|fir_filter_parallel_reduced:impl|history_next[0][19][3]~0   ; 0                 ; 0       ;
;      - fir_filter_parallel_reduced_stream:impl|fir_filter_parallel_reduced:impl|history_next[0][19][4]~0   ; 0                 ; 0       ;
;      - fir_filter_parallel_reduced_stream:impl|fir_filter_parallel_reduced:impl|history_next[0][19][5]~0   ; 0                 ; 0       ;
;      - fir_filter_parallel_reduced_stream:impl|fir_filter_parallel_reduced:impl|history_next[0][19][6]~0   ; 0                 ; 0       ;
;      - fir_filter_parallel_reduced_stream:impl|fir_filter_parallel_reduced:impl|history_next[0][19][7]~0   ; 0                 ; 0       ;
;      - fir_filter_parallel_reduced_stream:impl|fir_filter_parallel_reduced:impl|history_next[0][19][8]~0   ; 0                 ; 0       ;
;      - fir_filter_parallel_reduced_stream:impl|fir_filter_parallel_reduced:impl|history_next[0][19][9]~0   ; 0                 ; 0       ;
;      - fir_filter_parallel_reduced_stream:impl|fir_filter_parallel_reduced:impl|history_next[0][19][10]~0  ; 0                 ; 0       ;
;      - fir_filter_parallel_reduced_stream:impl|fir_filter_parallel_reduced:impl|history_next[0][19][11]~0  ; 0                 ; 0       ;
;      - fir_filter_parallel_reduced_stream:impl|fir_filter_parallel_reduced:impl|history_next[0][19][12]~0  ; 0                 ; 0       ;
;      - fir_filter_parallel_reduced_stream:impl|fir_filter_parallel_reduced:impl|history_next[0][19][13]~0  ; 0                 ; 0       ;
;      - fir_filter_parallel_reduced_stream:impl|fir_filter_parallel_reduced:impl|history_next[0][19][14]~0  ; 0                 ; 0       ;
;      - fir_filter_parallel_reduced_stream:impl|fir_filter_parallel_reduced:impl|history_next[0][19][15]~0  ; 0                 ; 0       ;
;      - fir_filter_parallel_reduced_stream:impl|fir_filter_parallel_reduced:impl|history_next[0][86][0]~0   ; 0                 ; 0       ;
;      - fir_filter_parallel_reduced_stream:impl|fir_filter_parallel_reduced:impl|history_next[0][86][1]~0   ; 0                 ; 0       ;
;      - fir_filter_parallel_reduced_stream:impl|fir_filter_parallel_reduced:impl|history_next[0][86][2]~0   ; 0                 ; 0       ;
;      - fir_filter_parallel_reduced_stream:impl|fir_filter_parallel_reduced:impl|history_next[0][86][3]~0   ; 0                 ; 0       ;
;      - fir_filter_parallel_reduced_stream:impl|fir_filter_parallel_reduced:impl|history_next[0][86][4]~0   ; 0                 ; 0       ;
;      - fir_filter_parallel_reduced_stream:impl|fir_filter_parallel_reduced:impl|history_next[0][86][5]~0   ; 0                 ; 0       ;
;      - fir_filter_parallel_reduced_stream:impl|fir_filter_parallel_reduced:impl|history_next[0][86][6]~0   ; 0                 ; 0       ;
;      - fir_filter_parallel_reduced_stream:impl|fir_filter_parallel_reduced:impl|history_next[0][86][7]~0   ; 0                 ; 0       ;
;      - fir_filter_parallel_reduced_stream:impl|fir_filter_parallel_reduced:impl|history_next[0][86][8]~0   ; 0                 ; 0       ;
;      - fir_filter_parallel_reduced_stream:impl|fir_filter_parallel_reduced:impl|history_next[0][86][9]~0   ; 0                 ; 0       ;
;      - fir_filter_parallel_reduced_stream:impl|fir_filter_parallel_reduced:impl|history_next[0][86][10]~0  ; 0                 ; 0       ;
;      - fir_filter_parallel_reduced_stream:impl|fir_filter_parallel_reduced:impl|history_next[0][86][11]~0  ; 0                 ; 0       ;
;      - fir_filter_parallel_reduced_stream:impl|fir_filter_parallel_reduced:impl|history_next[0][86][12]~0  ; 0                 ; 0       ;
;      - fir_filter_parallel_reduced_stream:impl|fir_filter_parallel_reduced:impl|history_next[0][86][13]~0  ; 0                 ; 0       ;
;      - fir_filter_parallel_reduced_stream:impl|fir_filter_parallel_reduced:impl|history_next[0][86][14]~0  ; 0                 ; 0       ;
;      - fir_filter_parallel_reduced_stream:impl|fir_filter_parallel_reduced:impl|history_next[0][86][15]~0  ; 0                 ; 0       ;
;      - fir_filter_parallel_reduced_stream:impl|fir_filter_parallel_reduced:impl|history_next[0][14][0]~0   ; 0                 ; 0       ;
;      - fir_filter_parallel_reduced_stream:impl|fir_filter_parallel_reduced:impl|history_next[0][14][1]~0   ; 0                 ; 0       ;
;      - fir_filter_parallel_reduced_stream:impl|fir_filter_parallel_reduced:impl|history_next[0][14][2]~0   ; 0                 ; 0       ;
;      - fir_filter_parallel_reduced_stream:impl|fir_filter_parallel_reduced:impl|history_next[0][14][3]~0   ; 0                 ; 0       ;
;      - fir_filter_parallel_reduced_stream:impl|fir_filter_parallel_reduced:impl|history_next[0][14][4]~0   ; 0                 ; 0       ;
;      - fir_filter_parallel_reduced_stream:impl|fir_filter_parallel_reduced:impl|history_next[0][14][5]~0   ; 0                 ; 0       ;
;      - fir_filter_parallel_reduced_stream:impl|fir_filter_parallel_reduced:impl|history_next[0][14][6]~0   ; 0                 ; 0       ;
;      - fir_filter_parallel_reduced_stream:impl|fir_filter_parallel_reduced:impl|history_next[0][14][7]~0   ; 0                 ; 0       ;
;      - fir_filter_parallel_reduced_stream:impl|fir_filter_parallel_reduced:impl|history_next[0][14][8]~0   ; 0                 ; 0       ;
;      - fir_filter_parallel_reduced_stream:impl|fir_filter_parallel_reduced:impl|history_next[0][14][9]~0   ; 0                 ; 0       ;
;      - fir_filter_parallel_reduced_stream:impl|fir_filter_parallel_reduced:impl|history_next[0][14][10]~0  ; 0                 ; 0       ;
;      - fir_filter_parallel_reduced_stream:impl|fir_filter_parallel_reduced:impl|history_next[0][14][11]~0  ; 0                 ; 0       ;
;      - fir_filter_parallel_reduced_stream:impl|fir_filter_parallel_reduced:impl|history_next[0][14][12]~0  ; 0                 ; 0       ;
;      - fir_filter_parallel_reduced_stream:impl|fir_filter_parallel_reduced:impl|history_next[0][14][13]~0  ; 0                 ; 0       ;
;      - fir_filter_parallel_reduced_stream:impl|fir_filter_parallel_reduced:impl|history_next[0][14][14]~0  ; 0                 ; 0       ;
;      - fir_filter_parallel_reduced_stream:impl|fir_filter_parallel_reduced:impl|history_next[0][14][15]~0  ; 0                 ; 0       ;
;      - fir_filter_parallel_reduced_stream:impl|fir_filter_parallel_reduced:impl|history_next[0][91][0]~0   ; 0                 ; 0       ;
;      - fir_filter_parallel_reduced_stream:impl|fir_filter_parallel_reduced:impl|history_next[0][91][1]~0   ; 0                 ; 0       ;
;      - fir_filter_parallel_reduced_stream:impl|fir_filter_parallel_reduced:impl|history_next[0][91][2]~0   ; 0                 ; 0       ;
;      - fir_filter_parallel_reduced_stream:impl|fir_filter_parallel_reduced:impl|history_next[0][91][3]~0   ; 0                 ; 0       ;
;      - fir_filter_parallel_reduced_stream:impl|fir_filter_parallel_reduced:impl|history_next[0][91][4]~0   ; 0                 ; 0       ;
;      - fir_filter_parallel_reduced_stream:impl|fir_filter_parallel_reduced:impl|history_next[0][91][5]~0   ; 0                 ; 0       ;
;      - fir_filter_parallel_reduced_stream:impl|fir_filter_parallel_reduced:impl|history_next[0][91][6]~0   ; 0                 ; 0       ;
;      - fir_filter_parallel_reduced_stream:impl|fir_filter_parallel_reduced:impl|history_next[0][91][7]~0   ; 0                 ; 0       ;
;      - fir_filter_parallel_reduced_stream:impl|fir_filter_parallel_reduced:impl|history_next[0][91][8]~0   ; 0                 ; 0       ;
;      - fir_filter_parallel_reduced_stream:impl|fir_filter_parallel_reduced:impl|history_next[0][91][9]~0   ; 0                 ; 0       ;
;      - fir_filter_parallel_reduced_stream:impl|fir_filter_parallel_reduced:impl|history_next[0][91][10]~0  ; 0                 ; 0       ;
;      - fir_filter_parallel_reduced_stream:impl|fir_filter_parallel_reduced:impl|history_next[0][91][11]~0  ; 0                 ; 0       ;
;      - fir_filter_parallel_reduced_stream:impl|fir_filter_parallel_reduced:impl|history_next[0][91][12]~0  ; 0                 ; 0       ;
;      - fir_filter_parallel_reduced_stream:impl|fir_filter_parallel_reduced:impl|history_next[0][91][13]~0  ; 0                 ; 0       ;
;      - fir_filter_parallel_reduced_stream:impl|fir_filter_parallel_reduced:impl|history_next[0][91][14]~0  ; 0                 ; 0       ;
;      - fir_filter_parallel_reduced_stream:impl|fir_filter_parallel_reduced:impl|history_next[0][91][15]~0  ; 0                 ; 0       ;
;      - fir_filter_parallel_reduced_stream:impl|fir_filter_parallel_reduced:impl|history_next[1][13][0]~0   ; 0                 ; 0       ;
;      - fir_filter_parallel_reduced_stream:impl|fir_filter_parallel_reduced:impl|history_next[1][13][1]~0   ; 0                 ; 0       ;
;      - fir_filter_parallel_reduced_stream:impl|fir_filter_parallel_reduced:impl|history_next[1][13][2]~0   ; 0                 ; 0       ;
;      - fir_filter_parallel_reduced_stream:impl|fir_filter_parallel_reduced:impl|history_next[1][13][3]~0   ; 0                 ; 0       ;
;      - fir_filter_parallel_reduced_stream:impl|fir_filter_parallel_reduced:impl|history_next[1][13][4]~0   ; 0                 ; 0       ;
;      - fir_filter_parallel_reduced_stream:impl|fir_filter_parallel_reduced:impl|history_next[1][13][5]~0   ; 0                 ; 0       ;
;      - fir_filter_parallel_reduced_stream:impl|fir_filter_parallel_reduced:impl|history_next[1][13][6]~0   ; 0                 ; 0       ;
;      - fir_filter_parallel_reduced_stream:impl|fir_filter_parallel_reduced:impl|history_next[1][13][7]~0   ; 0                 ; 0       ;
;      - fir_filter_parallel_reduced_stream:impl|fir_filter_parallel_reduced:impl|history_next[1][13][8]~0   ; 0                 ; 0       ;
;      - fir_filter_parallel_reduced_stream:impl|fir_filter_parallel_reduced:impl|history_next[1][13][9]~0   ; 0                 ; 0       ;
;      - fir_filter_parallel_reduced_stream:impl|fir_filter_parallel_reduced:impl|history_next[1][13][10]~0  ; 0                 ; 0       ;
;      - fir_filter_parallel_reduced_stream:impl|fir_filter_parallel_reduced:impl|history_next[1][13][11]~0  ; 0                 ; 0       ;
;      - fir_filter_parallel_reduced_stream:impl|fir_filter_parallel_reduced:impl|history_next[1][13][12]~0  ; 0                 ; 0       ;
;      - fir_filter_parallel_reduced_stream:impl|fir_filter_parallel_reduced:impl|history_next[1][13][13]~0  ; 0                 ; 0       ;
;      - fir_filter_parallel_reduced_stream:impl|fir_filter_parallel_reduced:impl|history_next[1][13][14]~0  ; 0                 ; 0       ;
;      - fir_filter_parallel_reduced_stream:impl|fir_filter_parallel_reduced:impl|history_next[1][13][15]~0  ; 0                 ; 0       ;
;      - fir_filter_parallel_reduced_stream:impl|fir_filter_parallel_reduced:impl|history_next[1][93][0]~0   ; 0                 ; 0       ;
;      - fir_filter_parallel_reduced_stream:impl|fir_filter_parallel_reduced:impl|history_next[1][93][1]~0   ; 0                 ; 0       ;
;      - fir_filter_parallel_reduced_stream:impl|fir_filter_parallel_reduced:impl|history_next[1][93][2]~0   ; 0                 ; 0       ;
;      - fir_filter_parallel_reduced_stream:impl|fir_filter_parallel_reduced:impl|history_next[1][93][3]~0   ; 0                 ; 0       ;
;      - fir_filter_parallel_reduced_stream:impl|fir_filter_parallel_reduced:impl|history_next[1][93][4]~0   ; 0                 ; 0       ;
;      - fir_filter_parallel_reduced_stream:impl|fir_filter_parallel_reduced:impl|history_next[1][93][5]~0   ; 0                 ; 0       ;
;      - fir_filter_parallel_reduced_stream:impl|fir_filter_parallel_reduced:impl|history_next[1][93][6]~0   ; 0                 ; 0       ;
;      - fir_filter_parallel_reduced_stream:impl|fir_filter_parallel_reduced:impl|history_next[1][93][7]~0   ; 0                 ; 0       ;
;      - fir_filter_parallel_reduced_stream:impl|fir_filter_parallel_reduced:impl|history_next[1][93][8]~0   ; 0                 ; 0       ;
;      - fir_filter_parallel_reduced_stream:impl|fir_filter_parallel_reduced:impl|history_next[1][93][9]~0   ; 0                 ; 0       ;
;      - fir_filter_parallel_reduced_stream:impl|fir_filter_parallel_reduced:impl|history_next[1][93][10]~0  ; 0                 ; 0       ;
;      - fir_filter_parallel_reduced_stream:impl|fir_filter_parallel_reduced:impl|history_next[1][93][11]~0  ; 0                 ; 0       ;
;      - fir_filter_parallel_reduced_stream:impl|fir_filter_parallel_reduced:impl|history_next[1][93][12]~0  ; 0                 ; 0       ;
;      - fir_filter_parallel_reduced_stream:impl|fir_filter_parallel_reduced:impl|history_next[1][93][13]~0  ; 0                 ; 0       ;
;      - fir_filter_parallel_reduced_stream:impl|fir_filter_parallel_reduced:impl|history_next[1][93][14]~0  ; 0                 ; 0       ;
;      - fir_filter_parallel_reduced_stream:impl|fir_filter_parallel_reduced:impl|history_next[1][93][15]~0  ; 0                 ; 0       ;
;      - fir_filter_parallel_reduced_stream:impl|fir_filter_parallel_reduced:impl|history_next[0][10][0]~0   ; 0                 ; 0       ;
;      - fir_filter_parallel_reduced_stream:impl|fir_filter_parallel_reduced:impl|history_next[0][10][1]~0   ; 0                 ; 0       ;
;      - fir_filter_parallel_reduced_stream:impl|fir_filter_parallel_reduced:impl|history_next[0][10][2]~0   ; 0                 ; 0       ;
;      - fir_filter_parallel_reduced_stream:impl|fir_filter_parallel_reduced:impl|history_next[0][10][3]~0   ; 0                 ; 0       ;
;      - fir_filter_parallel_reduced_stream:impl|fir_filter_parallel_reduced:impl|history_next[0][10][4]~0   ; 0                 ; 0       ;
;      - fir_filter_parallel_reduced_stream:impl|fir_filter_parallel_reduced:impl|history_next[0][10][5]~0   ; 0                 ; 0       ;
;      - fir_filter_parallel_reduced_stream:impl|fir_filter_parallel_reduced:impl|history_next[0][10][6]~0   ; 0                 ; 0       ;
;      - fir_filter_parallel_reduced_stream:impl|fir_filter_parallel_reduced:impl|history_next[0][10][7]~0   ; 0                 ; 0       ;
;      - fir_filter_parallel_reduced_stream:impl|fir_filter_parallel_reduced:impl|history_next[0][10][8]~0   ; 0                 ; 0       ;
;      - fir_filter_parallel_reduced_stream:impl|fir_filter_parallel_reduced:impl|history_next[0][10][9]~0   ; 0                 ; 0       ;
;      - fir_filter_parallel_reduced_stream:impl|fir_filter_parallel_reduced:impl|history_next[0][10][10]~0  ; 0                 ; 0       ;
;      - fir_filter_parallel_reduced_stream:impl|fir_filter_parallel_reduced:impl|history_next[0][10][11]~0  ; 0                 ; 0       ;
;      - fir_filter_parallel_reduced_stream:impl|fir_filter_parallel_reduced:impl|history_next[0][10][12]~0  ; 0                 ; 0       ;
;      - fir_filter_parallel_reduced_stream:impl|fir_filter_parallel_reduced:impl|history_next[0][10][13]~0  ; 0                 ; 0       ;
;      - fir_filter_parallel_reduced_stream:impl|fir_filter_parallel_reduced:impl|history_next[0][10][14]~0  ; 0                 ; 0       ;
;      - fir_filter_parallel_reduced_stream:impl|fir_filter_parallel_reduced:impl|history_next[0][10][15]~0  ; 0                 ; 0       ;
;      - fir_filter_parallel_reduced_stream:impl|fir_filter_parallel_reduced:impl|history_next[0][95][0]~0   ; 0                 ; 0       ;
;      - fir_filter_parallel_reduced_stream:impl|fir_filter_parallel_reduced:impl|history_next[0][95][1]~0   ; 0                 ; 0       ;
;      - fir_filter_parallel_reduced_stream:impl|fir_filter_parallel_reduced:impl|history_next[0][95][2]~0   ; 0                 ; 0       ;
;      - fir_filter_parallel_reduced_stream:impl|fir_filter_parallel_reduced:impl|history_next[0][95][3]~0   ; 0                 ; 0       ;
;      - fir_filter_parallel_reduced_stream:impl|fir_filter_parallel_reduced:impl|history_next[0][95][4]~0   ; 0                 ; 0       ;
;      - fir_filter_parallel_reduced_stream:impl|fir_filter_parallel_reduced:impl|history_next[0][95][5]~0   ; 0                 ; 0       ;
;      - fir_filter_parallel_reduced_stream:impl|fir_filter_parallel_reduced:impl|history_next[0][95][6]~0   ; 0                 ; 0       ;
;      - fir_filter_parallel_reduced_stream:impl|fir_filter_parallel_reduced:impl|history_next[0][95][7]~0   ; 0                 ; 0       ;
;      - fir_filter_parallel_reduced_stream:impl|fir_filter_parallel_reduced:impl|history_next[0][95][8]~0   ; 0                 ; 0       ;
;      - fir_filter_parallel_reduced_stream:impl|fir_filter_parallel_reduced:impl|history_next[0][95][9]~0   ; 0                 ; 0       ;
;      - fir_filter_parallel_reduced_stream:impl|fir_filter_parallel_reduced:impl|history_next[0][95][10]~0  ; 0                 ; 0       ;
;      - fir_filter_parallel_reduced_stream:impl|fir_filter_parallel_reduced:impl|history_next[0][95][11]~0  ; 0                 ; 0       ;
;      - fir_filter_parallel_reduced_stream:impl|fir_filter_parallel_reduced:impl|history_next[0][95][12]~0  ; 0                 ; 0       ;
;      - fir_filter_parallel_reduced_stream:impl|fir_filter_parallel_reduced:impl|history_next[0][95][13]~0  ; 0                 ; 0       ;
;      - fir_filter_parallel_reduced_stream:impl|fir_filter_parallel_reduced:impl|history_next[0][95][14]~0  ; 0                 ; 0       ;
;      - fir_filter_parallel_reduced_stream:impl|fir_filter_parallel_reduced:impl|history_next[0][95][15]~0  ; 0                 ; 0       ;
;      - fir_filter_parallel_reduced_stream:impl|fir_filter_parallel_reduced:impl|history_next[0][9][0]~0    ; 0                 ; 0       ;
;      - fir_filter_parallel_reduced_stream:impl|fir_filter_parallel_reduced:impl|history_next[0][9][1]~0    ; 0                 ; 0       ;
;      - fir_filter_parallel_reduced_stream:impl|fir_filter_parallel_reduced:impl|history_next[0][9][2]~0    ; 0                 ; 0       ;
;      - fir_filter_parallel_reduced_stream:impl|fir_filter_parallel_reduced:impl|history_next[0][9][3]~0    ; 0                 ; 0       ;
;      - fir_filter_parallel_reduced_stream:impl|fir_filter_parallel_reduced:impl|history_next[0][9][4]~0    ; 0                 ; 0       ;
;      - fir_filter_parallel_reduced_stream:impl|fir_filter_parallel_reduced:impl|history_next[0][9][5]~0    ; 0                 ; 0       ;
;      - fir_filter_parallel_reduced_stream:impl|fir_filter_parallel_reduced:impl|history_next[0][9][6]~0    ; 0                 ; 0       ;
;      - fir_filter_parallel_reduced_stream:impl|fir_filter_parallel_reduced:impl|history_next[0][9][7]~0    ; 0                 ; 0       ;
;      - fir_filter_parallel_reduced_stream:impl|fir_filter_parallel_reduced:impl|history_next[0][9][8]~0    ; 0                 ; 0       ;
;      - fir_filter_parallel_reduced_stream:impl|fir_filter_parallel_reduced:impl|history_next[0][9][9]~0    ; 0                 ; 0       ;
;      - fir_filter_parallel_reduced_stream:impl|fir_filter_parallel_reduced:impl|history_next[0][9][10]~0   ; 0                 ; 0       ;
;      - fir_filter_parallel_reduced_stream:impl|fir_filter_parallel_reduced:impl|history_next[0][9][11]~0   ; 0                 ; 0       ;
;      - fir_filter_parallel_reduced_stream:impl|fir_filter_parallel_reduced:impl|history_next[0][9][12]~0   ; 0                 ; 0       ;
;      - fir_filter_parallel_reduced_stream:impl|fir_filter_parallel_reduced:impl|history_next[0][9][13]~0   ; 0                 ; 0       ;
;      - fir_filter_parallel_reduced_stream:impl|fir_filter_parallel_reduced:impl|history_next[0][9][14]~0   ; 0                 ; 0       ;
;      - fir_filter_parallel_reduced_stream:impl|fir_filter_parallel_reduced:impl|history_next[0][9][15]~0   ; 0                 ; 0       ;
;      - fir_filter_parallel_reduced_stream:impl|fir_filter_parallel_reduced:impl|history_next[0][96][0]~0   ; 0                 ; 0       ;
;      - fir_filter_parallel_reduced_stream:impl|fir_filter_parallel_reduced:impl|history_next[0][96][1]~0   ; 0                 ; 0       ;
;      - fir_filter_parallel_reduced_stream:impl|fir_filter_parallel_reduced:impl|history_next[0][96][2]~0   ; 0                 ; 0       ;
;      - fir_filter_parallel_reduced_stream:impl|fir_filter_parallel_reduced:impl|history_next[0][96][3]~0   ; 0                 ; 0       ;
;      - fir_filter_parallel_reduced_stream:impl|fir_filter_parallel_reduced:impl|history_next[0][96][4]~0   ; 0                 ; 0       ;
;      - fir_filter_parallel_reduced_stream:impl|fir_filter_parallel_reduced:impl|history_next[0][96][5]~0   ; 0                 ; 0       ;
;      - fir_filter_parallel_reduced_stream:impl|fir_filter_parallel_reduced:impl|history_next[0][96][6]~0   ; 0                 ; 0       ;
;      - fir_filter_parallel_reduced_stream:impl|fir_filter_parallel_reduced:impl|history_next[0][96][7]~0   ; 0                 ; 0       ;
;      - fir_filter_parallel_reduced_stream:impl|fir_filter_parallel_reduced:impl|history_next[0][96][8]~0   ; 0                 ; 0       ;
;      - fir_filter_parallel_reduced_stream:impl|fir_filter_parallel_reduced:impl|history_next[0][96][9]~0   ; 0                 ; 0       ;
;      - fir_filter_parallel_reduced_stream:impl|fir_filter_parallel_reduced:impl|history_next[0][96][10]~0  ; 0                 ; 0       ;
;      - fir_filter_parallel_reduced_stream:impl|fir_filter_parallel_reduced:impl|history_next[0][96][11]~0  ; 0                 ; 0       ;
;      - fir_filter_parallel_reduced_stream:impl|fir_filter_parallel_reduced:impl|history_next[0][96][12]~0  ; 0                 ; 0       ;
;      - fir_filter_parallel_reduced_stream:impl|fir_filter_parallel_reduced:impl|history_next[0][96][13]~0  ; 0                 ; 0       ;
;      - fir_filter_parallel_reduced_stream:impl|fir_filter_parallel_reduced:impl|history_next[0][96][14]~0  ; 0                 ; 0       ;
;      - fir_filter_parallel_reduced_stream:impl|fir_filter_parallel_reduced:impl|history_next[0][96][15]~0  ; 0                 ; 0       ;
;      - fir_filter_parallel_reduced_stream:impl|fir_filter_parallel_reduced:impl|history_next[1][9][0]~0    ; 0                 ; 0       ;
;      - fir_filter_parallel_reduced_stream:impl|fir_filter_parallel_reduced:impl|history_next[1][9][1]~0    ; 0                 ; 0       ;
;      - fir_filter_parallel_reduced_stream:impl|fir_filter_parallel_reduced:impl|history_next[1][9][2]~0    ; 0                 ; 0       ;
;      - fir_filter_parallel_reduced_stream:impl|fir_filter_parallel_reduced:impl|history_next[1][9][3]~0    ; 0                 ; 0       ;
;      - fir_filter_parallel_reduced_stream:impl|fir_filter_parallel_reduced:impl|history_next[1][9][4]~0    ; 0                 ; 0       ;
;      - fir_filter_parallel_reduced_stream:impl|fir_filter_parallel_reduced:impl|history_next[1][9][5]~0    ; 0                 ; 0       ;
;      - fir_filter_parallel_reduced_stream:impl|fir_filter_parallel_reduced:impl|history_next[1][9][6]~0    ; 0                 ; 0       ;
;      - fir_filter_parallel_reduced_stream:impl|fir_filter_parallel_reduced:impl|history_next[1][9][7]~0    ; 0                 ; 0       ;
;      - fir_filter_parallel_reduced_stream:impl|fir_filter_parallel_reduced:impl|history_next[1][9][8]~0    ; 0                 ; 0       ;
;      - fir_filter_parallel_reduced_stream:impl|fir_filter_parallel_reduced:impl|history_next[1][9][9]~0    ; 0                 ; 0       ;
;      - fir_filter_parallel_reduced_stream:impl|fir_filter_parallel_reduced:impl|history_next[1][9][10]~0   ; 0                 ; 0       ;
;      - fir_filter_parallel_reduced_stream:impl|fir_filter_parallel_reduced:impl|history_next[1][9][11]~0   ; 0                 ; 0       ;
;      - fir_filter_parallel_reduced_stream:impl|fir_filter_parallel_reduced:impl|history_next[1][9][12]~0   ; 0                 ; 0       ;
;      - fir_filter_parallel_reduced_stream:impl|fir_filter_parallel_reduced:impl|history_next[1][9][13]~0   ; 0                 ; 0       ;
;      - fir_filter_parallel_reduced_stream:impl|fir_filter_parallel_reduced:impl|history_next[1][9][14]~0   ; 0                 ; 0       ;
;      - fir_filter_parallel_reduced_stream:impl|fir_filter_parallel_reduced:impl|history_next[1][9][15]~0   ; 0                 ; 0       ;
;      - fir_filter_parallel_reduced_stream:impl|fir_filter_parallel_reduced:impl|history_next[1][97][0]~0   ; 0                 ; 0       ;
;      - fir_filter_parallel_reduced_stream:impl|fir_filter_parallel_reduced:impl|history_next[1][97][1]~0   ; 0                 ; 0       ;
;      - fir_filter_parallel_reduced_stream:impl|fir_filter_parallel_reduced:impl|history_next[1][97][2]~0   ; 0                 ; 0       ;
;      - fir_filter_parallel_reduced_stream:impl|fir_filter_parallel_reduced:impl|history_next[1][97][3]~0   ; 0                 ; 0       ;
;      - fir_filter_parallel_reduced_stream:impl|fir_filter_parallel_reduced:impl|history_next[1][97][4]~0   ; 0                 ; 0       ;
;      - fir_filter_parallel_reduced_stream:impl|fir_filter_parallel_reduced:impl|history_next[1][97][5]~0   ; 0                 ; 0       ;
;      - fir_filter_parallel_reduced_stream:impl|fir_filter_parallel_reduced:impl|history_next[1][97][6]~0   ; 0                 ; 0       ;
;      - fir_filter_parallel_reduced_stream:impl|fir_filter_parallel_reduced:impl|history_next[1][97][7]~0   ; 0                 ; 0       ;
;      - fir_filter_parallel_reduced_stream:impl|fir_filter_parallel_reduced:impl|history_next[1][97][8]~0   ; 0                 ; 0       ;
;      - fir_filter_parallel_reduced_stream:impl|fir_filter_parallel_reduced:impl|history_next[1][97][9]~0   ; 0                 ; 0       ;
;      - fir_filter_parallel_reduced_stream:impl|fir_filter_parallel_reduced:impl|history_next[1][97][10]~0  ; 0                 ; 0       ;
;      - fir_filter_parallel_reduced_stream:impl|fir_filter_parallel_reduced:impl|history_next[1][97][11]~0  ; 0                 ; 0       ;
;      - fir_filter_parallel_reduced_stream:impl|fir_filter_parallel_reduced:impl|history_next[1][97][12]~0  ; 0                 ; 0       ;
;      - fir_filter_parallel_reduced_stream:impl|fir_filter_parallel_reduced:impl|history_next[1][97][13]~0  ; 0                 ; 0       ;
;      - fir_filter_parallel_reduced_stream:impl|fir_filter_parallel_reduced:impl|history_next[1][97][14]~0  ; 0                 ; 0       ;
;      - fir_filter_parallel_reduced_stream:impl|fir_filter_parallel_reduced:impl|history_next[1][97][15]~0  ; 0                 ; 0       ;
;      - fir_filter_parallel_reduced_stream:impl|fir_filter_parallel_reduced:impl|history_next[1][15][0]~0   ; 0                 ; 0       ;
;      - fir_filter_parallel_reduced_stream:impl|fir_filter_parallel_reduced:impl|history_next[1][15][1]~0   ; 0                 ; 0       ;
;      - fir_filter_parallel_reduced_stream:impl|fir_filter_parallel_reduced:impl|history_next[1][15][2]~0   ; 0                 ; 0       ;
;      - fir_filter_parallel_reduced_stream:impl|fir_filter_parallel_reduced:impl|history_next[1][15][3]~0   ; 0                 ; 0       ;
;      - fir_filter_parallel_reduced_stream:impl|fir_filter_parallel_reduced:impl|history_next[1][15][4]~0   ; 0                 ; 0       ;
;      - fir_filter_parallel_reduced_stream:impl|fir_filter_parallel_reduced:impl|history_next[1][15][5]~0   ; 0                 ; 0       ;
;      - fir_filter_parallel_reduced_stream:impl|fir_filter_parallel_reduced:impl|history_next[1][15][6]~0   ; 0                 ; 0       ;
;      - fir_filter_parallel_reduced_stream:impl|fir_filter_parallel_reduced:impl|history_next[1][15][7]~0   ; 0                 ; 0       ;
;      - fir_filter_parallel_reduced_stream:impl|fir_filter_parallel_reduced:impl|history_next[1][15][8]~0   ; 0                 ; 0       ;
;      - fir_filter_parallel_reduced_stream:impl|fir_filter_parallel_reduced:impl|history_next[1][15][9]~0   ; 0                 ; 0       ;
;      - fir_filter_parallel_reduced_stream:impl|fir_filter_parallel_reduced:impl|history_next[1][15][10]~0  ; 0                 ; 0       ;
;      - fir_filter_parallel_reduced_stream:impl|fir_filter_parallel_reduced:impl|history_next[1][15][11]~0  ; 0                 ; 0       ;
;      - fir_filter_parallel_reduced_stream:impl|fir_filter_parallel_reduced:impl|history_next[1][15][12]~0  ; 0                 ; 0       ;
;      - fir_filter_parallel_reduced_stream:impl|fir_filter_parallel_reduced:impl|history_next[1][15][13]~0  ; 0                 ; 0       ;
;      - fir_filter_parallel_reduced_stream:impl|fir_filter_parallel_reduced:impl|history_next[1][15][14]~0  ; 0                 ; 0       ;
;      - fir_filter_parallel_reduced_stream:impl|fir_filter_parallel_reduced:impl|history_next[1][15][15]~0  ; 0                 ; 0       ;
;      - fir_filter_parallel_reduced_stream:impl|fir_filter_parallel_reduced:impl|history_next[1][91][0]~0   ; 0                 ; 0       ;
;      - fir_filter_parallel_reduced_stream:impl|fir_filter_parallel_reduced:impl|history_next[1][91][1]~0   ; 0                 ; 0       ;
;      - fir_filter_parallel_reduced_stream:impl|fir_filter_parallel_reduced:impl|history_next[1][91][2]~0   ; 0                 ; 0       ;
;      - fir_filter_parallel_reduced_stream:impl|fir_filter_parallel_reduced:impl|history_next[1][91][3]~0   ; 0                 ; 0       ;
;      - fir_filter_parallel_reduced_stream:impl|fir_filter_parallel_reduced:impl|history_next[1][91][4]~0   ; 0                 ; 0       ;
;      - fir_filter_parallel_reduced_stream:impl|fir_filter_parallel_reduced:impl|history_next[1][91][5]~0   ; 0                 ; 0       ;
;      - fir_filter_parallel_reduced_stream:impl|fir_filter_parallel_reduced:impl|history_next[1][91][6]~0   ; 0                 ; 0       ;
;      - fir_filter_parallel_reduced_stream:impl|fir_filter_parallel_reduced:impl|history_next[1][91][7]~0   ; 0                 ; 0       ;
;      - fir_filter_parallel_reduced_stream:impl|fir_filter_parallel_reduced:impl|history_next[1][91][8]~0   ; 0                 ; 0       ;
;      - fir_filter_parallel_reduced_stream:impl|fir_filter_parallel_reduced:impl|history_next[1][91][9]~0   ; 0                 ; 0       ;
;      - fir_filter_parallel_reduced_stream:impl|fir_filter_parallel_reduced:impl|history_next[1][91][10]~0  ; 0                 ; 0       ;
;      - fir_filter_parallel_reduced_stream:impl|fir_filter_parallel_reduced:impl|history_next[1][91][11]~0  ; 0                 ; 0       ;
;      - fir_filter_parallel_reduced_stream:impl|fir_filter_parallel_reduced:impl|history_next[1][91][12]~0  ; 0                 ; 0       ;
;      - fir_filter_parallel_reduced_stream:impl|fir_filter_parallel_reduced:impl|history_next[1][91][13]~0  ; 0                 ; 0       ;
;      - fir_filter_parallel_reduced_stream:impl|fir_filter_parallel_reduced:impl|history_next[1][91][14]~0  ; 0                 ; 0       ;
;      - fir_filter_parallel_reduced_stream:impl|fir_filter_parallel_reduced:impl|history_next[1][91][15]~0  ; 0                 ; 0       ;
;      - fir_filter_parallel_reduced_stream:impl|fir_filter_parallel_reduced:impl|history_next[1][10][0]~0   ; 0                 ; 0       ;
;      - fir_filter_parallel_reduced_stream:impl|fir_filter_parallel_reduced:impl|history_next[1][10][1]~0   ; 0                 ; 0       ;
;      - fir_filter_parallel_reduced_stream:impl|fir_filter_parallel_reduced:impl|history_next[1][10][2]~0   ; 0                 ; 0       ;
;      - fir_filter_parallel_reduced_stream:impl|fir_filter_parallel_reduced:impl|history_next[1][10][3]~0   ; 0                 ; 0       ;
;      - fir_filter_parallel_reduced_stream:impl|fir_filter_parallel_reduced:impl|history_next[1][10][4]~0   ; 0                 ; 0       ;
;      - fir_filter_parallel_reduced_stream:impl|fir_filter_parallel_reduced:impl|history_next[1][10][5]~0   ; 0                 ; 0       ;
;      - fir_filter_parallel_reduced_stream:impl|fir_filter_parallel_reduced:impl|history_next[1][10][6]~0   ; 0                 ; 0       ;
;      - fir_filter_parallel_reduced_stream:impl|fir_filter_parallel_reduced:impl|history_next[1][10][7]~0   ; 0                 ; 0       ;
;      - fir_filter_parallel_reduced_stream:impl|fir_filter_parallel_reduced:impl|history_next[1][10][8]~0   ; 0                 ; 0       ;
;      - fir_filter_parallel_reduced_stream:impl|fir_filter_parallel_reduced:impl|history_next[1][10][9]~0   ; 0                 ; 0       ;
;      - fir_filter_parallel_reduced_stream:impl|fir_filter_parallel_reduced:impl|history_next[1][10][10]~0  ; 0                 ; 0       ;
;      - fir_filter_parallel_reduced_stream:impl|fir_filter_parallel_reduced:impl|history_next[1][10][11]~0  ; 0                 ; 0       ;
;      - fir_filter_parallel_reduced_stream:impl|fir_filter_parallel_reduced:impl|history_next[1][10][12]~0  ; 0                 ; 0       ;
;      - fir_filter_parallel_reduced_stream:impl|fir_filter_parallel_reduced:impl|history_next[1][10][13]~0  ; 0                 ; 0       ;
;      - fir_filter_parallel_reduced_stream:impl|fir_filter_parallel_reduced:impl|history_next[1][10][14]~0  ; 0                 ; 0       ;
;      - fir_filter_parallel_reduced_stream:impl|fir_filter_parallel_reduced:impl|history_next[1][10][15]~0  ; 0                 ; 0       ;
;      - fir_filter_parallel_reduced_stream:impl|fir_filter_parallel_reduced:impl|history_next[1][96][0]~0   ; 0                 ; 0       ;
;      - fir_filter_parallel_reduced_stream:impl|fir_filter_parallel_reduced:impl|history_next[1][96][1]~0   ; 0                 ; 0       ;
;      - fir_filter_parallel_reduced_stream:impl|fir_filter_parallel_reduced:impl|history_next[1][96][2]~0   ; 0                 ; 0       ;
;      - fir_filter_parallel_reduced_stream:impl|fir_filter_parallel_reduced:impl|history_next[1][96][3]~0   ; 0                 ; 0       ;
;      - fir_filter_parallel_reduced_stream:impl|fir_filter_parallel_reduced:impl|history_next[1][96][4]~0   ; 0                 ; 0       ;
;      - fir_filter_parallel_reduced_stream:impl|fir_filter_parallel_reduced:impl|history_next[1][96][5]~0   ; 0                 ; 0       ;
;      - fir_filter_parallel_reduced_stream:impl|fir_filter_parallel_reduced:impl|history_next[1][96][6]~0   ; 0                 ; 0       ;
;      - fir_filter_parallel_reduced_stream:impl|fir_filter_parallel_reduced:impl|history_next[1][96][7]~0   ; 0                 ; 0       ;
;      - fir_filter_parallel_reduced_stream:impl|fir_filter_parallel_reduced:impl|history_next[1][96][8]~0   ; 0                 ; 0       ;
;      - fir_filter_parallel_reduced_stream:impl|fir_filter_parallel_reduced:impl|history_next[1][96][9]~0   ; 0                 ; 0       ;
;      - fir_filter_parallel_reduced_stream:impl|fir_filter_parallel_reduced:impl|history_next[1][96][10]~0  ; 0                 ; 0       ;
;      - fir_filter_parallel_reduced_stream:impl|fir_filter_parallel_reduced:impl|history_next[1][96][11]~0  ; 0                 ; 0       ;
;      - fir_filter_parallel_reduced_stream:impl|fir_filter_parallel_reduced:impl|history_next[1][96][12]~0  ; 0                 ; 0       ;
;      - fir_filter_parallel_reduced_stream:impl|fir_filter_parallel_reduced:impl|history_next[1][96][13]~0  ; 0                 ; 0       ;
;      - fir_filter_parallel_reduced_stream:impl|fir_filter_parallel_reduced:impl|history_next[1][96][14]~0  ; 0                 ; 0       ;
;      - fir_filter_parallel_reduced_stream:impl|fir_filter_parallel_reduced:impl|history_next[1][96][15]~0  ; 0                 ; 0       ;
;      - fir_filter_parallel_reduced_stream:impl|fir_filter_parallel_reduced:impl|history_next[0][24][0]~0   ; 0                 ; 0       ;
;      - fir_filter_parallel_reduced_stream:impl|fir_filter_parallel_reduced:impl|history_next[0][24][1]~0   ; 0                 ; 0       ;
;      - fir_filter_parallel_reduced_stream:impl|fir_filter_parallel_reduced:impl|history_next[0][24][2]~0   ; 0                 ; 0       ;
;      - fir_filter_parallel_reduced_stream:impl|fir_filter_parallel_reduced:impl|history_next[0][24][3]~0   ; 0                 ; 0       ;
;      - fir_filter_parallel_reduced_stream:impl|fir_filter_parallel_reduced:impl|history_next[0][24][4]~0   ; 0                 ; 0       ;
;      - fir_filter_parallel_reduced_stream:impl|fir_filter_parallel_reduced:impl|history_next[0][24][5]~0   ; 0                 ; 0       ;
;      - fir_filter_parallel_reduced_stream:impl|fir_filter_parallel_reduced:impl|history_next[0][24][6]~0   ; 0                 ; 0       ;
;      - fir_filter_parallel_reduced_stream:impl|fir_filter_parallel_reduced:impl|history_next[0][24][7]~0   ; 0                 ; 0       ;
;      - fir_filter_parallel_reduced_stream:impl|fir_filter_parallel_reduced:impl|history_next[0][24][8]~0   ; 0                 ; 0       ;
;      - fir_filter_parallel_reduced_stream:impl|fir_filter_parallel_reduced:impl|history_next[0][24][9]~0   ; 0                 ; 0       ;
;      - fir_filter_parallel_reduced_stream:impl|fir_filter_parallel_reduced:impl|history_next[0][24][10]~0  ; 0                 ; 0       ;
;      - fir_filter_parallel_reduced_stream:impl|fir_filter_parallel_reduced:impl|history_next[0][24][11]~0  ; 0                 ; 0       ;
;      - fir_filter_parallel_reduced_stream:impl|fir_filter_parallel_reduced:impl|history_next[0][24][12]~0  ; 0                 ; 0       ;
;      - fir_filter_parallel_reduced_stream:impl|fir_filter_parallel_reduced:impl|history_next[0][24][13]~0  ; 0                 ; 0       ;
;      - fir_filter_parallel_reduced_stream:impl|fir_filter_parallel_reduced:impl|history_next[0][24][14]~0  ; 0                 ; 0       ;
;      - fir_filter_parallel_reduced_stream:impl|fir_filter_parallel_reduced:impl|history_next[0][24][15]~0  ; 0                 ; 0       ;
;      - fir_filter_parallel_reduced_stream:impl|fir_filter_parallel_reduced:impl|history_next[0][81][0]~0   ; 0                 ; 0       ;
;      - fir_filter_parallel_reduced_stream:impl|fir_filter_parallel_reduced:impl|history_next[0][81][1]~0   ; 0                 ; 0       ;
;      - fir_filter_parallel_reduced_stream:impl|fir_filter_parallel_reduced:impl|history_next[0][81][2]~0   ; 0                 ; 0       ;
;      - fir_filter_parallel_reduced_stream:impl|fir_filter_parallel_reduced:impl|history_next[0][81][3]~0   ; 0                 ; 0       ;
;      - fir_filter_parallel_reduced_stream:impl|fir_filter_parallel_reduced:impl|history_next[0][81][4]~0   ; 0                 ; 0       ;
;      - fir_filter_parallel_reduced_stream:impl|fir_filter_parallel_reduced:impl|history_next[0][81][5]~0   ; 0                 ; 0       ;
;      - fir_filter_parallel_reduced_stream:impl|fir_filter_parallel_reduced:impl|history_next[0][81][6]~0   ; 0                 ; 0       ;
;      - fir_filter_parallel_reduced_stream:impl|fir_filter_parallel_reduced:impl|history_next[0][81][7]~0   ; 0                 ; 0       ;
;      - fir_filter_parallel_reduced_stream:impl|fir_filter_parallel_reduced:impl|history_next[0][81][8]~0   ; 0                 ; 0       ;
;      - fir_filter_parallel_reduced_stream:impl|fir_filter_parallel_reduced:impl|history_next[0][81][9]~0   ; 0                 ; 0       ;
;      - fir_filter_parallel_reduced_stream:impl|fir_filter_parallel_reduced:impl|history_next[0][81][10]~0  ; 0                 ; 0       ;
;      - fir_filter_parallel_reduced_stream:impl|fir_filter_parallel_reduced:impl|history_next[0][81][11]~0  ; 0                 ; 0       ;
;      - fir_filter_parallel_reduced_stream:impl|fir_filter_parallel_reduced:impl|history_next[0][81][12]~0  ; 0                 ; 0       ;
;      - fir_filter_parallel_reduced_stream:impl|fir_filter_parallel_reduced:impl|history_next[0][81][13]~0  ; 0                 ; 0       ;
;      - fir_filter_parallel_reduced_stream:impl|fir_filter_parallel_reduced:impl|history_next[0][81][14]~0  ; 0                 ; 0       ;
;      - fir_filter_parallel_reduced_stream:impl|fir_filter_parallel_reduced:impl|history_next[0][81][15]~0  ; 0                 ; 0       ;
;      - fir_filter_parallel_reduced_stream:impl|fir_filter_parallel_reduced:impl|history_next[0][8][0]~0    ; 0                 ; 0       ;
;      - fir_filter_parallel_reduced_stream:impl|fir_filter_parallel_reduced:impl|history_next[0][8][1]~0    ; 0                 ; 0       ;
;      - fir_filter_parallel_reduced_stream:impl|fir_filter_parallel_reduced:impl|history_next[0][8][2]~0    ; 0                 ; 0       ;
;      - fir_filter_parallel_reduced_stream:impl|fir_filter_parallel_reduced:impl|history_next[0][8][3]~0    ; 0                 ; 0       ;
;      - fir_filter_parallel_reduced_stream:impl|fir_filter_parallel_reduced:impl|history_next[0][8][4]~0    ; 0                 ; 0       ;
;      - fir_filter_parallel_reduced_stream:impl|fir_filter_parallel_reduced:impl|history_next[0][8][5]~0    ; 0                 ; 0       ;
;      - fir_filter_parallel_reduced_stream:impl|fir_filter_parallel_reduced:impl|history_next[0][8][6]~0    ; 0                 ; 0       ;
;      - fir_filter_parallel_reduced_stream:impl|fir_filter_parallel_reduced:impl|history_next[0][8][7]~0    ; 0                 ; 0       ;
;      - fir_filter_parallel_reduced_stream:impl|fir_filter_parallel_reduced:impl|history_next[0][8][8]~0    ; 0                 ; 0       ;
;      - fir_filter_parallel_reduced_stream:impl|fir_filter_parallel_reduced:impl|history_next[0][8][9]~0    ; 0                 ; 0       ;
;      - fir_filter_parallel_reduced_stream:impl|fir_filter_parallel_reduced:impl|history_next[0][8][10]~0   ; 0                 ; 0       ;
;      - fir_filter_parallel_reduced_stream:impl|fir_filter_parallel_reduced:impl|history_next[0][8][11]~0   ; 0                 ; 0       ;
;      - fir_filter_parallel_reduced_stream:impl|fir_filter_parallel_reduced:impl|history_next[0][8][12]~0   ; 0                 ; 0       ;
;      - fir_filter_parallel_reduced_stream:impl|fir_filter_parallel_reduced:impl|history_next[0][8][13]~0   ; 0                 ; 0       ;
;      - fir_filter_parallel_reduced_stream:impl|fir_filter_parallel_reduced:impl|history_next[0][8][14]~0   ; 0                 ; 0       ;
;      - fir_filter_parallel_reduced_stream:impl|fir_filter_parallel_reduced:impl|history_next[0][8][15]~0   ; 0                 ; 0       ;
;      - fir_filter_parallel_reduced_stream:impl|fir_filter_parallel_reduced:impl|history_next[0][97][0]~0   ; 0                 ; 0       ;
;      - fir_filter_parallel_reduced_stream:impl|fir_filter_parallel_reduced:impl|history_next[0][97][1]~0   ; 0                 ; 0       ;
;      - fir_filter_parallel_reduced_stream:impl|fir_filter_parallel_reduced:impl|history_next[0][97][2]~0   ; 0                 ; 0       ;
;      - fir_filter_parallel_reduced_stream:impl|fir_filter_parallel_reduced:impl|history_next[0][97][3]~0   ; 0                 ; 0       ;
;      - fir_filter_parallel_reduced_stream:impl|fir_filter_parallel_reduced:impl|history_next[0][97][4]~0   ; 0                 ; 0       ;
;      - fir_filter_parallel_reduced_stream:impl|fir_filter_parallel_reduced:impl|history_next[0][97][5]~0   ; 0                 ; 0       ;
;      - fir_filter_parallel_reduced_stream:impl|fir_filter_parallel_reduced:impl|history_next[0][97][6]~0   ; 0                 ; 0       ;
;      - fir_filter_parallel_reduced_stream:impl|fir_filter_parallel_reduced:impl|history_next[0][97][7]~0   ; 0                 ; 0       ;
;      - fir_filter_parallel_reduced_stream:impl|fir_filter_parallel_reduced:impl|history_next[0][97][8]~0   ; 0                 ; 0       ;
;      - fir_filter_parallel_reduced_stream:impl|fir_filter_parallel_reduced:impl|history_next[0][97][9]~0   ; 0                 ; 0       ;
;      - fir_filter_parallel_reduced_stream:impl|fir_filter_parallel_reduced:impl|history_next[0][97][10]~0  ; 0                 ; 0       ;
;      - fir_filter_parallel_reduced_stream:impl|fir_filter_parallel_reduced:impl|history_next[0][97][11]~0  ; 0                 ; 0       ;
;      - fir_filter_parallel_reduced_stream:impl|fir_filter_parallel_reduced:impl|history_next[0][97][12]~0  ; 0                 ; 0       ;
;      - fir_filter_parallel_reduced_stream:impl|fir_filter_parallel_reduced:impl|history_next[0][97][13]~0  ; 0                 ; 0       ;
;      - fir_filter_parallel_reduced_stream:impl|fir_filter_parallel_reduced:impl|history_next[0][97][14]~0  ; 0                 ; 0       ;
;      - fir_filter_parallel_reduced_stream:impl|fir_filter_parallel_reduced:impl|history_next[0][97][15]~0  ; 0                 ; 0       ;
;      - fir_filter_parallel_reduced_stream:impl|fir_filter_parallel_reduced:impl|history_next[0][7][0]~0    ; 0                 ; 0       ;
;      - fir_filter_parallel_reduced_stream:impl|fir_filter_parallel_reduced:impl|history_next[0][7][1]~0    ; 0                 ; 0       ;
;      - fir_filter_parallel_reduced_stream:impl|fir_filter_parallel_reduced:impl|history_next[0][7][2]~0    ; 0                 ; 0       ;
;      - fir_filter_parallel_reduced_stream:impl|fir_filter_parallel_reduced:impl|history_next[0][7][3]~0    ; 0                 ; 0       ;
;      - fir_filter_parallel_reduced_stream:impl|fir_filter_parallel_reduced:impl|history_next[0][7][4]~0    ; 0                 ; 0       ;
;      - fir_filter_parallel_reduced_stream:impl|fir_filter_parallel_reduced:impl|history_next[0][7][5]~0    ; 0                 ; 0       ;
;      - fir_filter_parallel_reduced_stream:impl|fir_filter_parallel_reduced:impl|history_next[0][7][6]~0    ; 0                 ; 0       ;
;      - fir_filter_parallel_reduced_stream:impl|fir_filter_parallel_reduced:impl|history_next[0][7][7]~0    ; 0                 ; 0       ;
;      - fir_filter_parallel_reduced_stream:impl|fir_filter_parallel_reduced:impl|history_next[0][7][8]~0    ; 0                 ; 0       ;
;      - fir_filter_parallel_reduced_stream:impl|fir_filter_parallel_reduced:impl|history_next[0][7][9]~0    ; 0                 ; 0       ;
;      - fir_filter_parallel_reduced_stream:impl|fir_filter_parallel_reduced:impl|history_next[0][7][10]~0   ; 0                 ; 0       ;
;      - fir_filter_parallel_reduced_stream:impl|fir_filter_parallel_reduced:impl|history_next[0][7][11]~0   ; 0                 ; 0       ;
;      - fir_filter_parallel_reduced_stream:impl|fir_filter_parallel_reduced:impl|history_next[0][7][12]~0   ; 0                 ; 0       ;
;      - fir_filter_parallel_reduced_stream:impl|fir_filter_parallel_reduced:impl|history_next[0][7][13]~0   ; 0                 ; 0       ;
;      - fir_filter_parallel_reduced_stream:impl|fir_filter_parallel_reduced:impl|history_next[0][7][14]~0   ; 0                 ; 0       ;
;      - fir_filter_parallel_reduced_stream:impl|fir_filter_parallel_reduced:impl|history_next[0][7][15]~0   ; 0                 ; 0       ;
;      - fir_filter_parallel_reduced_stream:impl|fir_filter_parallel_reduced:impl|history_next[0][98][0]~0   ; 0                 ; 0       ;
;      - fir_filter_parallel_reduced_stream:impl|fir_filter_parallel_reduced:impl|history_next[0][98][1]~0   ; 0                 ; 0       ;
;      - fir_filter_parallel_reduced_stream:impl|fir_filter_parallel_reduced:impl|history_next[0][98][2]~0   ; 0                 ; 0       ;
;      - fir_filter_parallel_reduced_stream:impl|fir_filter_parallel_reduced:impl|history_next[0][98][3]~0   ; 0                 ; 0       ;
;      - fir_filter_parallel_reduced_stream:impl|fir_filter_parallel_reduced:impl|history_next[0][98][4]~0   ; 0                 ; 0       ;
;      - fir_filter_parallel_reduced_stream:impl|fir_filter_parallel_reduced:impl|history_next[0][98][5]~0   ; 0                 ; 0       ;
;      - fir_filter_parallel_reduced_stream:impl|fir_filter_parallel_reduced:impl|history_next[0][98][6]~0   ; 0                 ; 0       ;
;      - fir_filter_parallel_reduced_stream:impl|fir_filter_parallel_reduced:impl|history_next[0][98][7]~0   ; 0                 ; 0       ;
;      - fir_filter_parallel_reduced_stream:impl|fir_filter_parallel_reduced:impl|history_next[0][98][8]~0   ; 0                 ; 0       ;
;      - fir_filter_parallel_reduced_stream:impl|fir_filter_parallel_reduced:impl|history_next[0][98][9]~0   ; 0                 ; 0       ;
;      - fir_filter_parallel_reduced_stream:impl|fir_filter_parallel_reduced:impl|history_next[0][98][10]~0  ; 0                 ; 0       ;
;      - fir_filter_parallel_reduced_stream:impl|fir_filter_parallel_reduced:impl|history_next[0][98][11]~0  ; 0                 ; 0       ;
;      - fir_filter_parallel_reduced_stream:impl|fir_filter_parallel_reduced:impl|history_next[0][98][12]~0  ; 0                 ; 0       ;
;      - fir_filter_parallel_reduced_stream:impl|fir_filter_parallel_reduced:impl|history_next[0][98][13]~0  ; 0                 ; 0       ;
;      - fir_filter_parallel_reduced_stream:impl|fir_filter_parallel_reduced:impl|history_next[0][98][14]~0  ; 0                 ; 0       ;
;      - fir_filter_parallel_reduced_stream:impl|fir_filter_parallel_reduced:impl|history_next[0][98][15]~0  ; 0                 ; 0       ;
;      - fir_filter_parallel_reduced_stream:impl|fir_filter_parallel_reduced:impl|history_next[0][5][0]~0    ; 0                 ; 0       ;
;      - fir_filter_parallel_reduced_stream:impl|fir_filter_parallel_reduced:impl|history_next[0][5][1]~0    ; 0                 ; 0       ;
;      - fir_filter_parallel_reduced_stream:impl|fir_filter_parallel_reduced:impl|history_next[0][5][2]~0    ; 0                 ; 0       ;
;      - fir_filter_parallel_reduced_stream:impl|fir_filter_parallel_reduced:impl|history_next[0][5][3]~0    ; 0                 ; 0       ;
;      - fir_filter_parallel_reduced_stream:impl|fir_filter_parallel_reduced:impl|history_next[0][5][4]~0    ; 0                 ; 0       ;
;      - fir_filter_parallel_reduced_stream:impl|fir_filter_parallel_reduced:impl|history_next[0][5][5]~0    ; 0                 ; 0       ;
;      - fir_filter_parallel_reduced_stream:impl|fir_filter_parallel_reduced:impl|history_next[0][5][6]~0    ; 0                 ; 0       ;
;      - fir_filter_parallel_reduced_stream:impl|fir_filter_parallel_reduced:impl|history_next[0][5][7]~0    ; 0                 ; 0       ;
;      - fir_filter_parallel_reduced_stream:impl|fir_filter_parallel_reduced:impl|history_next[0][5][8]~0    ; 0                 ; 0       ;
;      - fir_filter_parallel_reduced_stream:impl|fir_filter_parallel_reduced:impl|history_next[0][5][9]~0    ; 0                 ; 0       ;
;      - fir_filter_parallel_reduced_stream:impl|fir_filter_parallel_reduced:impl|history_next[0][5][10]~0   ; 0                 ; 0       ;
;      - fir_filter_parallel_reduced_stream:impl|fir_filter_parallel_reduced:impl|history_next[0][5][11]~0   ; 0                 ; 0       ;
;      - fir_filter_parallel_reduced_stream:impl|fir_filter_parallel_reduced:impl|history_next[0][5][12]~0   ; 0                 ; 0       ;
;      - fir_filter_parallel_reduced_stream:impl|fir_filter_parallel_reduced:impl|history_next[0][5][13]~0   ; 0                 ; 0       ;
;      - fir_filter_parallel_reduced_stream:impl|fir_filter_parallel_reduced:impl|history_next[0][5][14]~0   ; 0                 ; 0       ;
;      - fir_filter_parallel_reduced_stream:impl|fir_filter_parallel_reduced:impl|history_next[0][5][15]~0   ; 0                 ; 0       ;
;      - fir_filter_parallel_reduced_stream:impl|fir_filter_parallel_reduced:impl|history_next[0][100][0]~0  ; 0                 ; 0       ;
;      - fir_filter_parallel_reduced_stream:impl|fir_filter_parallel_reduced:impl|history_next[0][100][1]~0  ; 0                 ; 0       ;
;      - fir_filter_parallel_reduced_stream:impl|fir_filter_parallel_reduced:impl|history_next[0][100][2]~0  ; 0                 ; 0       ;
;      - fir_filter_parallel_reduced_stream:impl|fir_filter_parallel_reduced:impl|history_next[0][100][3]~0  ; 0                 ; 0       ;
;      - fir_filter_parallel_reduced_stream:impl|fir_filter_parallel_reduced:impl|history_next[0][100][4]~0  ; 0                 ; 0       ;
;      - fir_filter_parallel_reduced_stream:impl|fir_filter_parallel_reduced:impl|history_next[0][100][5]~0  ; 0                 ; 0       ;
;      - fir_filter_parallel_reduced_stream:impl|fir_filter_parallel_reduced:impl|history_next[0][100][6]~0  ; 0                 ; 0       ;
;      - fir_filter_parallel_reduced_stream:impl|fir_filter_parallel_reduced:impl|history_next[0][100][7]~0  ; 0                 ; 0       ;
;      - fir_filter_parallel_reduced_stream:impl|fir_filter_parallel_reduced:impl|history_next[0][100][8]~0  ; 0                 ; 0       ;
;      - fir_filter_parallel_reduced_stream:impl|fir_filter_parallel_reduced:impl|history_next[0][100][9]~0  ; 0                 ; 0       ;
;      - fir_filter_parallel_reduced_stream:impl|fir_filter_parallel_reduced:impl|history_next[0][100][10]~0 ; 0                 ; 0       ;
;      - fir_filter_parallel_reduced_stream:impl|fir_filter_parallel_reduced:impl|history_next[0][100][11]~0 ; 0                 ; 0       ;
;      - fir_filter_parallel_reduced_stream:impl|fir_filter_parallel_reduced:impl|history_next[0][100][12]~0 ; 0                 ; 0       ;
;      - fir_filter_parallel_reduced_stream:impl|fir_filter_parallel_reduced:impl|history_next[0][100][13]~0 ; 0                 ; 0       ;
;      - fir_filter_parallel_reduced_stream:impl|fir_filter_parallel_reduced:impl|history_next[0][100][14]~0 ; 0                 ; 0       ;
;      - fir_filter_parallel_reduced_stream:impl|fir_filter_parallel_reduced:impl|history_next[0][100][15]~0 ; 0                 ; 0       ;
;      - fir_filter_parallel_reduced_stream:impl|fir_filter_parallel_reduced:impl|history_next[0][17][0]~0   ; 0                 ; 0       ;
;      - fir_filter_parallel_reduced_stream:impl|fir_filter_parallel_reduced:impl|history_next[0][17][1]~0   ; 0                 ; 0       ;
;      - fir_filter_parallel_reduced_stream:impl|fir_filter_parallel_reduced:impl|history_next[0][17][2]~0   ; 0                 ; 0       ;
;      - fir_filter_parallel_reduced_stream:impl|fir_filter_parallel_reduced:impl|history_next[0][17][3]~0   ; 0                 ; 0       ;
;      - fir_filter_parallel_reduced_stream:impl|fir_filter_parallel_reduced:impl|history_next[0][17][4]~0   ; 0                 ; 0       ;
;      - fir_filter_parallel_reduced_stream:impl|fir_filter_parallel_reduced:impl|history_next[0][17][5]~0   ; 0                 ; 0       ;
;      - fir_filter_parallel_reduced_stream:impl|fir_filter_parallel_reduced:impl|history_next[0][17][6]~0   ; 0                 ; 0       ;
;      - fir_filter_parallel_reduced_stream:impl|fir_filter_parallel_reduced:impl|history_next[0][17][7]~0   ; 0                 ; 0       ;
;      - fir_filter_parallel_reduced_stream:impl|fir_filter_parallel_reduced:impl|history_next[0][17][8]~0   ; 0                 ; 0       ;
;      - fir_filter_parallel_reduced_stream:impl|fir_filter_parallel_reduced:impl|history_next[0][17][9]~0   ; 0                 ; 0       ;
;      - fir_filter_parallel_reduced_stream:impl|fir_filter_parallel_reduced:impl|history_next[0][17][10]~0  ; 0                 ; 0       ;
;      - fir_filter_parallel_reduced_stream:impl|fir_filter_parallel_reduced:impl|history_next[0][17][11]~0  ; 0                 ; 0       ;
;      - fir_filter_parallel_reduced_stream:impl|fir_filter_parallel_reduced:impl|history_next[0][17][12]~0  ; 0                 ; 0       ;
;      - fir_filter_parallel_reduced_stream:impl|fir_filter_parallel_reduced:impl|history_next[0][17][13]~0  ; 0                 ; 0       ;
;      - fir_filter_parallel_reduced_stream:impl|fir_filter_parallel_reduced:impl|history_next[0][17][14]~0  ; 0                 ; 0       ;
;      - fir_filter_parallel_reduced_stream:impl|fir_filter_parallel_reduced:impl|history_next[0][17][15]~0  ; 0                 ; 0       ;
;      - fir_filter_parallel_reduced_stream:impl|fir_filter_parallel_reduced:impl|history_next[0][88][0]~0   ; 0                 ; 0       ;
;      - fir_filter_parallel_reduced_stream:impl|fir_filter_parallel_reduced:impl|history_next[0][88][1]~0   ; 0                 ; 0       ;
;      - fir_filter_parallel_reduced_stream:impl|fir_filter_parallel_reduced:impl|history_next[0][88][2]~0   ; 0                 ; 0       ;
;      - fir_filter_parallel_reduced_stream:impl|fir_filter_parallel_reduced:impl|history_next[0][88][3]~0   ; 0                 ; 0       ;
;      - fir_filter_parallel_reduced_stream:impl|fir_filter_parallel_reduced:impl|history_next[0][88][4]~0   ; 0                 ; 0       ;
;      - fir_filter_parallel_reduced_stream:impl|fir_filter_parallel_reduced:impl|history_next[0][88][5]~0   ; 0                 ; 0       ;
;      - fir_filter_parallel_reduced_stream:impl|fir_filter_parallel_reduced:impl|history_next[0][88][6]~0   ; 0                 ; 0       ;
;      - fir_filter_parallel_reduced_stream:impl|fir_filter_parallel_reduced:impl|history_next[0][88][7]~0   ; 0                 ; 0       ;
;      - fir_filter_parallel_reduced_stream:impl|fir_filter_parallel_reduced:impl|history_next[0][88][8]~0   ; 0                 ; 0       ;
;      - fir_filter_parallel_reduced_stream:impl|fir_filter_parallel_reduced:impl|history_next[0][88][9]~0   ; 0                 ; 0       ;
;      - fir_filter_parallel_reduced_stream:impl|fir_filter_parallel_reduced:impl|history_next[0][88][10]~0  ; 0                 ; 0       ;
;      - fir_filter_parallel_reduced_stream:impl|fir_filter_parallel_reduced:impl|history_next[0][88][11]~0  ; 0                 ; 0       ;
;      - fir_filter_parallel_reduced_stream:impl|fir_filter_parallel_reduced:impl|history_next[0][88][12]~0  ; 0                 ; 0       ;
;      - fir_filter_parallel_reduced_stream:impl|fir_filter_parallel_reduced:impl|history_next[0][88][13]~0  ; 0                 ; 0       ;
;      - fir_filter_parallel_reduced_stream:impl|fir_filter_parallel_reduced:impl|history_next[0][88][14]~0  ; 0                 ; 0       ;
;      - fir_filter_parallel_reduced_stream:impl|fir_filter_parallel_reduced:impl|history_next[0][88][15]~0  ; 0                 ; 0       ;
;      - fir_filter_parallel_reduced_stream:impl|fir_filter_parallel_reduced:impl|history_next[1][8][0]~0    ; 0                 ; 0       ;
;      - fir_filter_parallel_reduced_stream:impl|fir_filter_parallel_reduced:impl|history_next[1][8][1]~0    ; 0                 ; 0       ;
;      - fir_filter_parallel_reduced_stream:impl|fir_filter_parallel_reduced:impl|history_next[1][8][2]~0    ; 0                 ; 0       ;
;      - fir_filter_parallel_reduced_stream:impl|fir_filter_parallel_reduced:impl|history_next[1][8][3]~0    ; 0                 ; 0       ;
;      - fir_filter_parallel_reduced_stream:impl|fir_filter_parallel_reduced:impl|history_next[1][8][4]~0    ; 0                 ; 0       ;
;      - fir_filter_parallel_reduced_stream:impl|fir_filter_parallel_reduced:impl|history_next[1][8][5]~0    ; 0                 ; 0       ;
;      - fir_filter_parallel_reduced_stream:impl|fir_filter_parallel_reduced:impl|history_next[1][8][6]~0    ; 0                 ; 0       ;
;      - fir_filter_parallel_reduced_stream:impl|fir_filter_parallel_reduced:impl|history_next[1][8][7]~0    ; 0                 ; 0       ;
;      - fir_filter_parallel_reduced_stream:impl|fir_filter_parallel_reduced:impl|history_next[1][8][8]~0    ; 0                 ; 0       ;
;      - fir_filter_parallel_reduced_stream:impl|fir_filter_parallel_reduced:impl|history_next[1][8][9]~0    ; 0                 ; 0       ;
;      - fir_filter_parallel_reduced_stream:impl|fir_filter_parallel_reduced:impl|history_next[1][8][10]~0   ; 0                 ; 0       ;
;      - fir_filter_parallel_reduced_stream:impl|fir_filter_parallel_reduced:impl|history_next[1][8][11]~0   ; 0                 ; 0       ;
;      - fir_filter_parallel_reduced_stream:impl|fir_filter_parallel_reduced:impl|history_next[1][8][12]~0   ; 0                 ; 0       ;
;      - fir_filter_parallel_reduced_stream:impl|fir_filter_parallel_reduced:impl|history_next[1][8][13]~0   ; 0                 ; 0       ;
;      - fir_filter_parallel_reduced_stream:impl|fir_filter_parallel_reduced:impl|history_next[1][8][14]~0   ; 0                 ; 0       ;
;      - fir_filter_parallel_reduced_stream:impl|fir_filter_parallel_reduced:impl|history_next[1][8][15]~0   ; 0                 ; 0       ;
;      - fir_filter_parallel_reduced_stream:impl|fir_filter_parallel_reduced:impl|history_next[1][98][0]~0   ; 0                 ; 0       ;
;      - fir_filter_parallel_reduced_stream:impl|fir_filter_parallel_reduced:impl|history_next[1][98][1]~0   ; 0                 ; 0       ;
;      - fir_filter_parallel_reduced_stream:impl|fir_filter_parallel_reduced:impl|history_next[1][98][2]~0   ; 0                 ; 0       ;
;      - fir_filter_parallel_reduced_stream:impl|fir_filter_parallel_reduced:impl|history_next[1][98][3]~0   ; 0                 ; 0       ;
;      - fir_filter_parallel_reduced_stream:impl|fir_filter_parallel_reduced:impl|history_next[1][98][4]~0   ; 0                 ; 0       ;
;      - fir_filter_parallel_reduced_stream:impl|fir_filter_parallel_reduced:impl|history_next[1][98][5]~0   ; 0                 ; 0       ;
;      - fir_filter_parallel_reduced_stream:impl|fir_filter_parallel_reduced:impl|history_next[1][98][6]~0   ; 0                 ; 0       ;
;      - fir_filter_parallel_reduced_stream:impl|fir_filter_parallel_reduced:impl|history_next[1][98][7]~0   ; 0                 ; 0       ;
;      - fir_filter_parallel_reduced_stream:impl|fir_filter_parallel_reduced:impl|history_next[1][98][8]~0   ; 0                 ; 0       ;
;      - fir_filter_parallel_reduced_stream:impl|fir_filter_parallel_reduced:impl|history_next[1][98][9]~0   ; 0                 ; 0       ;
;      - fir_filter_parallel_reduced_stream:impl|fir_filter_parallel_reduced:impl|history_next[1][98][10]~0  ; 0                 ; 0       ;
;      - fir_filter_parallel_reduced_stream:impl|fir_filter_parallel_reduced:impl|history_next[1][98][11]~0  ; 0                 ; 0       ;
;      - fir_filter_parallel_reduced_stream:impl|fir_filter_parallel_reduced:impl|history_next[1][98][12]~0  ; 0                 ; 0       ;
;      - fir_filter_parallel_reduced_stream:impl|fir_filter_parallel_reduced:impl|history_next[1][98][13]~0  ; 0                 ; 0       ;
;      - fir_filter_parallel_reduced_stream:impl|fir_filter_parallel_reduced:impl|history_next[1][98][14]~0  ; 0                 ; 0       ;
;      - fir_filter_parallel_reduced_stream:impl|fir_filter_parallel_reduced:impl|history_next[1][98][15]~0  ; 0                 ; 0       ;
;      - fir_filter_parallel_reduced_stream:impl|fir_filter_parallel_reduced:impl|history_next[1][5][0]~0    ; 0                 ; 0       ;
;      - fir_filter_parallel_reduced_stream:impl|fir_filter_parallel_reduced:impl|history_next[1][5][1]~0    ; 0                 ; 0       ;
;      - fir_filter_parallel_reduced_stream:impl|fir_filter_parallel_reduced:impl|history_next[1][5][2]~0    ; 0                 ; 0       ;
;      - fir_filter_parallel_reduced_stream:impl|fir_filter_parallel_reduced:impl|history_next[1][5][3]~0    ; 0                 ; 0       ;
;      - fir_filter_parallel_reduced_stream:impl|fir_filter_parallel_reduced:impl|history_next[1][5][4]~0    ; 0                 ; 0       ;
;      - fir_filter_parallel_reduced_stream:impl|fir_filter_parallel_reduced:impl|history_next[1][5][5]~0    ; 0                 ; 0       ;
;      - fir_filter_parallel_reduced_stream:impl|fir_filter_parallel_reduced:impl|history_next[1][5][6]~0    ; 0                 ; 0       ;
;      - fir_filter_parallel_reduced_stream:impl|fir_filter_parallel_reduced:impl|history_next[1][5][7]~0    ; 0                 ; 0       ;
;      - fir_filter_parallel_reduced_stream:impl|fir_filter_parallel_reduced:impl|history_next[1][5][8]~0    ; 0                 ; 0       ;
;      - fir_filter_parallel_reduced_stream:impl|fir_filter_parallel_reduced:impl|history_next[1][5][9]~0    ; 0                 ; 0       ;
;      - fir_filter_parallel_reduced_stream:impl|fir_filter_parallel_reduced:impl|history_next[1][5][10]~0   ; 0                 ; 0       ;
;      - fir_filter_parallel_reduced_stream:impl|fir_filter_parallel_reduced:impl|history_next[1][5][11]~0   ; 0                 ; 0       ;
;      - fir_filter_parallel_reduced_stream:impl|fir_filter_parallel_reduced:impl|history_next[1][5][12]~0   ; 0                 ; 0       ;
;      - fir_filter_parallel_reduced_stream:impl|fir_filter_parallel_reduced:impl|history_next[1][5][13]~0   ; 0                 ; 0       ;
;      - fir_filter_parallel_reduced_stream:impl|fir_filter_parallel_reduced:impl|history_next[1][5][14]~0   ; 0                 ; 0       ;
;      - fir_filter_parallel_reduced_stream:impl|fir_filter_parallel_reduced:impl|history_next[1][5][15]~0   ; 0                 ; 0       ;
;      - fir_filter_parallel_reduced_stream:impl|fir_filter_parallel_reduced:impl|history_next[1][101][0]~0  ; 0                 ; 0       ;
;      - fir_filter_parallel_reduced_stream:impl|fir_filter_parallel_reduced:impl|history_next[1][101][1]~0  ; 0                 ; 0       ;
;      - fir_filter_parallel_reduced_stream:impl|fir_filter_parallel_reduced:impl|history_next[1][101][2]~0  ; 0                 ; 0       ;
;      - fir_filter_parallel_reduced_stream:impl|fir_filter_parallel_reduced:impl|history_next[1][101][3]~0  ; 0                 ; 0       ;
;      - fir_filter_parallel_reduced_stream:impl|fir_filter_parallel_reduced:impl|history_next[1][101][4]~0  ; 0                 ; 0       ;
;      - fir_filter_parallel_reduced_stream:impl|fir_filter_parallel_reduced:impl|history_next[1][101][5]~0  ; 0                 ; 0       ;
;      - fir_filter_parallel_reduced_stream:impl|fir_filter_parallel_reduced:impl|history_next[1][101][6]~0  ; 0                 ; 0       ;
;      - fir_filter_parallel_reduced_stream:impl|fir_filter_parallel_reduced:impl|history_next[1][101][7]~0  ; 0                 ; 0       ;
;      - fir_filter_parallel_reduced_stream:impl|fir_filter_parallel_reduced:impl|history_next[1][101][8]~0  ; 0                 ; 0       ;
;      - fir_filter_parallel_reduced_stream:impl|fir_filter_parallel_reduced:impl|history_next[1][101][9]~0  ; 0                 ; 0       ;
;      - fir_filter_parallel_reduced_stream:impl|fir_filter_parallel_reduced:impl|history_next[1][101][10]~0 ; 0                 ; 0       ;
;      - fir_filter_parallel_reduced_stream:impl|fir_filter_parallel_reduced:impl|history_next[1][101][11]~0 ; 0                 ; 0       ;
;      - fir_filter_parallel_reduced_stream:impl|fir_filter_parallel_reduced:impl|history_next[1][101][12]~0 ; 0                 ; 0       ;
;      - fir_filter_parallel_reduced_stream:impl|fir_filter_parallel_reduced:impl|history_next[1][101][13]~0 ; 0                 ; 0       ;
;      - fir_filter_parallel_reduced_stream:impl|fir_filter_parallel_reduced:impl|history_next[1][101][14]~0 ; 0                 ; 0       ;
;      - fir_filter_parallel_reduced_stream:impl|fir_filter_parallel_reduced:impl|history_next[1][101][15]~0 ; 0                 ; 0       ;
;      - fir_filter_parallel_reduced_stream:impl|fir_filter_parallel_reduced:impl|history_next[1][7][0]~0    ; 0                 ; 0       ;
;      - fir_filter_parallel_reduced_stream:impl|fir_filter_parallel_reduced:impl|history_next[1][7][1]~0    ; 0                 ; 0       ;
;      - fir_filter_parallel_reduced_stream:impl|fir_filter_parallel_reduced:impl|history_next[1][7][2]~0    ; 0                 ; 0       ;
;      - fir_filter_parallel_reduced_stream:impl|fir_filter_parallel_reduced:impl|history_next[1][7][3]~0    ; 0                 ; 0       ;
;      - fir_filter_parallel_reduced_stream:impl|fir_filter_parallel_reduced:impl|history_next[1][7][4]~0    ; 0                 ; 0       ;
;      - fir_filter_parallel_reduced_stream:impl|fir_filter_parallel_reduced:impl|history_next[1][7][5]~0    ; 0                 ; 0       ;
;      - fir_filter_parallel_reduced_stream:impl|fir_filter_parallel_reduced:impl|history_next[1][7][6]~0    ; 0                 ; 0       ;
;      - fir_filter_parallel_reduced_stream:impl|fir_filter_parallel_reduced:impl|history_next[1][7][7]~0    ; 0                 ; 0       ;
;      - fir_filter_parallel_reduced_stream:impl|fir_filter_parallel_reduced:impl|history_next[1][7][8]~0    ; 0                 ; 0       ;
;      - fir_filter_parallel_reduced_stream:impl|fir_filter_parallel_reduced:impl|history_next[1][7][9]~0    ; 0                 ; 0       ;
;      - fir_filter_parallel_reduced_stream:impl|fir_filter_parallel_reduced:impl|history_next[1][7][10]~0   ; 0                 ; 0       ;
;      - fir_filter_parallel_reduced_stream:impl|fir_filter_parallel_reduced:impl|history_next[1][7][11]~0   ; 0                 ; 0       ;
;      - fir_filter_parallel_reduced_stream:impl|fir_filter_parallel_reduced:impl|history_next[1][7][12]~0   ; 0                 ; 0       ;
;      - fir_filter_parallel_reduced_stream:impl|fir_filter_parallel_reduced:impl|history_next[1][7][13]~0   ; 0                 ; 0       ;
;      - fir_filter_parallel_reduced_stream:impl|fir_filter_parallel_reduced:impl|history_next[1][7][14]~0   ; 0                 ; 0       ;
;      - fir_filter_parallel_reduced_stream:impl|fir_filter_parallel_reduced:impl|history_next[1][7][15]~0   ; 0                 ; 0       ;
;      - fir_filter_parallel_reduced_stream:impl|fir_filter_parallel_reduced:impl|history_next[1][99][0]~0   ; 0                 ; 0       ;
;      - fir_filter_parallel_reduced_stream:impl|fir_filter_parallel_reduced:impl|history_next[1][99][1]~0   ; 0                 ; 0       ;
;      - fir_filter_parallel_reduced_stream:impl|fir_filter_parallel_reduced:impl|history_next[1][99][2]~0   ; 0                 ; 0       ;
;      - fir_filter_parallel_reduced_stream:impl|fir_filter_parallel_reduced:impl|history_next[1][99][3]~0   ; 0                 ; 0       ;
;      - fir_filter_parallel_reduced_stream:impl|fir_filter_parallel_reduced:impl|history_next[1][99][4]~0   ; 0                 ; 0       ;
;      - fir_filter_parallel_reduced_stream:impl|fir_filter_parallel_reduced:impl|history_next[1][99][5]~0   ; 0                 ; 0       ;
;      - fir_filter_parallel_reduced_stream:impl|fir_filter_parallel_reduced:impl|history_next[1][99][6]~0   ; 0                 ; 0       ;
;      - fir_filter_parallel_reduced_stream:impl|fir_filter_parallel_reduced:impl|history_next[1][99][7]~0   ; 0                 ; 0       ;
;      - fir_filter_parallel_reduced_stream:impl|fir_filter_parallel_reduced:impl|history_next[1][99][8]~0   ; 0                 ; 0       ;
;      - fir_filter_parallel_reduced_stream:impl|fir_filter_parallel_reduced:impl|history_next[1][99][9]~0   ; 0                 ; 0       ;
;      - fir_filter_parallel_reduced_stream:impl|fir_filter_parallel_reduced:impl|history_next[1][99][10]~0  ; 0                 ; 0       ;
;      - fir_filter_parallel_reduced_stream:impl|fir_filter_parallel_reduced:impl|history_next[1][99][11]~0  ; 0                 ; 0       ;
;      - fir_filter_parallel_reduced_stream:impl|fir_filter_parallel_reduced:impl|history_next[1][99][12]~0  ; 0                 ; 0       ;
;      - fir_filter_parallel_reduced_stream:impl|fir_filter_parallel_reduced:impl|history_next[1][99][13]~0  ; 0                 ; 0       ;
;      - fir_filter_parallel_reduced_stream:impl|fir_filter_parallel_reduced:impl|history_next[1][99][14]~0  ; 0                 ; 0       ;
;      - fir_filter_parallel_reduced_stream:impl|fir_filter_parallel_reduced:impl|history_next[1][99][15]~0  ; 0                 ; 0       ;
;      - fir_filter_parallel_reduced_stream:impl|fir_filter_parallel_reduced:impl|history_next[0][6][0]~0    ; 0                 ; 0       ;
;      - fir_filter_parallel_reduced_stream:impl|fir_filter_parallel_reduced:impl|history_next[0][6][1]~0    ; 0                 ; 0       ;
;      - fir_filter_parallel_reduced_stream:impl|fir_filter_parallel_reduced:impl|history_next[0][6][2]~0    ; 0                 ; 0       ;
;      - fir_filter_parallel_reduced_stream:impl|fir_filter_parallel_reduced:impl|history_next[0][6][3]~0    ; 0                 ; 0       ;
;      - fir_filter_parallel_reduced_stream:impl|fir_filter_parallel_reduced:impl|history_next[0][6][4]~0    ; 0                 ; 0       ;
;      - fir_filter_parallel_reduced_stream:impl|fir_filter_parallel_reduced:impl|history_next[0][6][5]~0    ; 0                 ; 0       ;
;      - fir_filter_parallel_reduced_stream:impl|fir_filter_parallel_reduced:impl|history_next[0][6][6]~0    ; 0                 ; 0       ;
;      - fir_filter_parallel_reduced_stream:impl|fir_filter_parallel_reduced:impl|history_next[0][6][7]~0    ; 0                 ; 0       ;
;      - fir_filter_parallel_reduced_stream:impl|fir_filter_parallel_reduced:impl|history_next[0][6][8]~0    ; 0                 ; 0       ;
;      - fir_filter_parallel_reduced_stream:impl|fir_filter_parallel_reduced:impl|history_next[0][6][9]~0    ; 0                 ; 0       ;
;      - fir_filter_parallel_reduced_stream:impl|fir_filter_parallel_reduced:impl|history_next[0][6][10]~0   ; 0                 ; 0       ;
;      - fir_filter_parallel_reduced_stream:impl|fir_filter_parallel_reduced:impl|history_next[0][6][11]~0   ; 0                 ; 0       ;
;      - fir_filter_parallel_reduced_stream:impl|fir_filter_parallel_reduced:impl|history_next[0][6][12]~0   ; 0                 ; 0       ;
;      - fir_filter_parallel_reduced_stream:impl|fir_filter_parallel_reduced:impl|history_next[0][6][13]~0   ; 0                 ; 0       ;
;      - fir_filter_parallel_reduced_stream:impl|fir_filter_parallel_reduced:impl|history_next[0][6][14]~0   ; 0                 ; 0       ;
;      - fir_filter_parallel_reduced_stream:impl|fir_filter_parallel_reduced:impl|history_next[0][6][15]~0   ; 0                 ; 0       ;
;      - fir_filter_parallel_reduced_stream:impl|fir_filter_parallel_reduced:impl|history_next[0][99][0]~0   ; 0                 ; 0       ;
;      - fir_filter_parallel_reduced_stream:impl|fir_filter_parallel_reduced:impl|history_next[0][99][1]~0   ; 0                 ; 0       ;
;      - fir_filter_parallel_reduced_stream:impl|fir_filter_parallel_reduced:impl|history_next[0][99][2]~0   ; 0                 ; 0       ;
;      - fir_filter_parallel_reduced_stream:impl|fir_filter_parallel_reduced:impl|history_next[0][99][3]~0   ; 0                 ; 0       ;
;      - fir_filter_parallel_reduced_stream:impl|fir_filter_parallel_reduced:impl|history_next[0][99][4]~0   ; 0                 ; 0       ;
;      - fir_filter_parallel_reduced_stream:impl|fir_filter_parallel_reduced:impl|history_next[0][99][5]~0   ; 0                 ; 0       ;
;      - fir_filter_parallel_reduced_stream:impl|fir_filter_parallel_reduced:impl|history_next[0][99][6]~0   ; 0                 ; 0       ;
;      - fir_filter_parallel_reduced_stream:impl|fir_filter_parallel_reduced:impl|history_next[0][99][7]~0   ; 0                 ; 0       ;
;      - fir_filter_parallel_reduced_stream:impl|fir_filter_parallel_reduced:impl|history_next[0][99][8]~0   ; 0                 ; 0       ;
;      - fir_filter_parallel_reduced_stream:impl|fir_filter_parallel_reduced:impl|history_next[0][99][9]~0   ; 0                 ; 0       ;
;      - fir_filter_parallel_reduced_stream:impl|fir_filter_parallel_reduced:impl|history_next[0][99][10]~0  ; 0                 ; 0       ;
;      - fir_filter_parallel_reduced_stream:impl|fir_filter_parallel_reduced:impl|history_next[0][99][11]~0  ; 0                 ; 0       ;
;      - fir_filter_parallel_reduced_stream:impl|fir_filter_parallel_reduced:impl|history_next[0][99][12]~0  ; 0                 ; 0       ;
;      - fir_filter_parallel_reduced_stream:impl|fir_filter_parallel_reduced:impl|history_next[0][99][13]~0  ; 0                 ; 0       ;
;      - fir_filter_parallel_reduced_stream:impl|fir_filter_parallel_reduced:impl|history_next[0][99][14]~0  ; 0                 ; 0       ;
;      - fir_filter_parallel_reduced_stream:impl|fir_filter_parallel_reduced:impl|history_next[0][99][15]~0  ; 0                 ; 0       ;
;      - fir_filter_parallel_reduced_stream:impl|fir_filter_parallel_reduced:impl|history_next[1][6][0]~0    ; 0                 ; 0       ;
;      - fir_filter_parallel_reduced_stream:impl|fir_filter_parallel_reduced:impl|history_next[1][6][1]~0    ; 0                 ; 0       ;
;      - fir_filter_parallel_reduced_stream:impl|fir_filter_parallel_reduced:impl|history_next[1][6][2]~0    ; 0                 ; 0       ;
;      - fir_filter_parallel_reduced_stream:impl|fir_filter_parallel_reduced:impl|history_next[1][6][3]~0    ; 0                 ; 0       ;
;      - fir_filter_parallel_reduced_stream:impl|fir_filter_parallel_reduced:impl|history_next[1][6][4]~0    ; 0                 ; 0       ;
;      - fir_filter_parallel_reduced_stream:impl|fir_filter_parallel_reduced:impl|history_next[1][6][5]~0    ; 0                 ; 0       ;
;      - fir_filter_parallel_reduced_stream:impl|fir_filter_parallel_reduced:impl|history_next[1][6][6]~0    ; 0                 ; 0       ;
;      - fir_filter_parallel_reduced_stream:impl|fir_filter_parallel_reduced:impl|history_next[1][6][7]~0    ; 0                 ; 0       ;
;      - fir_filter_parallel_reduced_stream:impl|fir_filter_parallel_reduced:impl|history_next[1][6][8]~0    ; 0                 ; 0       ;
;      - fir_filter_parallel_reduced_stream:impl|fir_filter_parallel_reduced:impl|history_next[1][6][9]~0    ; 0                 ; 0       ;
;      - fir_filter_parallel_reduced_stream:impl|fir_filter_parallel_reduced:impl|history_next[1][6][10]~0   ; 0                 ; 0       ;
;      - fir_filter_parallel_reduced_stream:impl|fir_filter_parallel_reduced:impl|history_next[1][6][11]~0   ; 0                 ; 0       ;
;      - fir_filter_parallel_reduced_stream:impl|fir_filter_parallel_reduced:impl|history_next[1][6][12]~0   ; 0                 ; 0       ;
;      - fir_filter_parallel_reduced_stream:impl|fir_filter_parallel_reduced:impl|history_next[1][6][13]~0   ; 0                 ; 0       ;
;      - fir_filter_parallel_reduced_stream:impl|fir_filter_parallel_reduced:impl|history_next[1][6][14]~0   ; 0                 ; 0       ;
;      - fir_filter_parallel_reduced_stream:impl|fir_filter_parallel_reduced:impl|history_next[1][6][15]~0   ; 0                 ; 0       ;
;      - fir_filter_parallel_reduced_stream:impl|fir_filter_parallel_reduced:impl|history_next[1][100][0]~0  ; 0                 ; 0       ;
;      - fir_filter_parallel_reduced_stream:impl|fir_filter_parallel_reduced:impl|history_next[1][100][1]~0  ; 0                 ; 0       ;
;      - fir_filter_parallel_reduced_stream:impl|fir_filter_parallel_reduced:impl|history_next[1][100][2]~0  ; 0                 ; 0       ;
;      - fir_filter_parallel_reduced_stream:impl|fir_filter_parallel_reduced:impl|history_next[1][100][3]~0  ; 0                 ; 0       ;
;      - fir_filter_parallel_reduced_stream:impl|fir_filter_parallel_reduced:impl|history_next[1][100][4]~0  ; 0                 ; 0       ;
;      - fir_filter_parallel_reduced_stream:impl|fir_filter_parallel_reduced:impl|history_next[1][100][5]~0  ; 0                 ; 0       ;
;      - fir_filter_parallel_reduced_stream:impl|fir_filter_parallel_reduced:impl|history_next[1][100][6]~0  ; 0                 ; 0       ;
;      - fir_filter_parallel_reduced_stream:impl|fir_filter_parallel_reduced:impl|history_next[1][100][7]~0  ; 0                 ; 0       ;
;      - fir_filter_parallel_reduced_stream:impl|fir_filter_parallel_reduced:impl|history_next[1][100][8]~0  ; 0                 ; 0       ;
;      - fir_filter_parallel_reduced_stream:impl|fir_filter_parallel_reduced:impl|history_next[1][100][9]~0  ; 0                 ; 0       ;
;      - fir_filter_parallel_reduced_stream:impl|fir_filter_parallel_reduced:impl|history_next[1][100][10]~0 ; 0                 ; 0       ;
;      - fir_filter_parallel_reduced_stream:impl|fir_filter_parallel_reduced:impl|history_next[1][100][11]~0 ; 0                 ; 0       ;
;      - fir_filter_parallel_reduced_stream:impl|fir_filter_parallel_reduced:impl|history_next[1][100][12]~0 ; 0                 ; 0       ;
;      - fir_filter_parallel_reduced_stream:impl|fir_filter_parallel_reduced:impl|history_next[1][100][13]~0 ; 0                 ; 0       ;
;      - fir_filter_parallel_reduced_stream:impl|fir_filter_parallel_reduced:impl|history_next[1][100][14]~0 ; 0                 ; 0       ;
;      - fir_filter_parallel_reduced_stream:impl|fir_filter_parallel_reduced:impl|history_next[1][100][15]~0 ; 0                 ; 0       ;
;      - fir_filter_parallel_reduced_stream:impl|fir_filter_parallel_reduced:impl|history_next[0][104][15]~0 ; 0                 ; 0       ;
;      - fir_filter_parallel_reduced_stream:impl|fir_filter_parallel_reduced:impl|history_next[0][52][0]~0   ; 0                 ; 0       ;
;      - fir_filter_parallel_reduced_stream:impl|fir_filter_parallel_reduced:impl|history_next[0][52][1]~0   ; 0                 ; 0       ;
;      - fir_filter_parallel_reduced_stream:impl|fir_filter_parallel_reduced:impl|history_next[0][52][2]~0   ; 0                 ; 0       ;
;      - fir_filter_parallel_reduced_stream:impl|fir_filter_parallel_reduced:impl|history_next[0][52][3]~0   ; 0                 ; 0       ;
;      - fir_filter_parallel_reduced_stream:impl|fir_filter_parallel_reduced:impl|history_next[0][52][4]~0   ; 0                 ; 0       ;
;      - fir_filter_parallel_reduced_stream:impl|fir_filter_parallel_reduced:impl|history_next[0][52][5]~0   ; 0                 ; 0       ;
;      - fir_filter_parallel_reduced_stream:impl|fir_filter_parallel_reduced:impl|history_next[0][52][6]~0   ; 0                 ; 0       ;
;      - fir_filter_parallel_reduced_stream:impl|fir_filter_parallel_reduced:impl|history_next[0][52][7]~0   ; 0                 ; 0       ;
;      - fir_filter_parallel_reduced_stream:impl|fir_filter_parallel_reduced:impl|history_next[0][52][8]~0   ; 0                 ; 0       ;
;      - fir_filter_parallel_reduced_stream:impl|fir_filter_parallel_reduced:impl|history_next[0][52][9]~0   ; 0                 ; 0       ;
;      - fir_filter_parallel_reduced_stream:impl|fir_filter_parallel_reduced:impl|history_next[0][52][10]~0  ; 0                 ; 0       ;
;      - fir_filter_parallel_reduced_stream:impl|fir_filter_parallel_reduced:impl|history_next[0][52][11]~0  ; 0                 ; 0       ;
;      - fir_filter_parallel_reduced_stream:impl|fir_filter_parallel_reduced:impl|history_next[0][52][12]~0  ; 0                 ; 0       ;
;      - fir_filter_parallel_reduced_stream:impl|fir_filter_parallel_reduced:impl|history_next[0][52][13]~0  ; 0                 ; 0       ;
;      - fir_filter_parallel_reduced_stream:impl|fir_filter_parallel_reduced:impl|history_next[0][52][14]~0  ; 0                 ; 0       ;
;      - fir_filter_parallel_reduced_stream:impl|fir_filter_parallel_reduced:impl|history_next[0][52][15]~0  ; 0                 ; 0       ;
;      - fir_filter_parallel_reduced_stream:impl|fir_filter_parallel_reduced:impl|history_next[0][53][0]~0   ; 0                 ; 0       ;
;      - fir_filter_parallel_reduced_stream:impl|fir_filter_parallel_reduced:impl|history_next[0][53][1]~0   ; 0                 ; 0       ;
;      - fir_filter_parallel_reduced_stream:impl|fir_filter_parallel_reduced:impl|history_next[0][53][2]~0   ; 0                 ; 0       ;
;      - fir_filter_parallel_reduced_stream:impl|fir_filter_parallel_reduced:impl|history_next[0][53][3]~0   ; 0                 ; 0       ;
;      - fir_filter_parallel_reduced_stream:impl|fir_filter_parallel_reduced:impl|history_next[0][53][4]~0   ; 0                 ; 0       ;
;      - fir_filter_parallel_reduced_stream:impl|fir_filter_parallel_reduced:impl|history_next[0][53][5]~0   ; 0                 ; 0       ;
;      - fir_filter_parallel_reduced_stream:impl|fir_filter_parallel_reduced:impl|history_next[0][53][6]~0   ; 0                 ; 0       ;
;      - fir_filter_parallel_reduced_stream:impl|fir_filter_parallel_reduced:impl|history_next[0][53][7]~0   ; 0                 ; 0       ;
;      - fir_filter_parallel_reduced_stream:impl|fir_filter_parallel_reduced:impl|history_next[0][53][8]~0   ; 0                 ; 0       ;
;      - fir_filter_parallel_reduced_stream:impl|fir_filter_parallel_reduced:impl|history_next[0][53][9]~0   ; 0                 ; 0       ;
;      - fir_filter_parallel_reduced_stream:impl|fir_filter_parallel_reduced:impl|history_next[0][53][10]~0  ; 0                 ; 0       ;
;      - fir_filter_parallel_reduced_stream:impl|fir_filter_parallel_reduced:impl|history_next[0][53][11]~0  ; 0                 ; 0       ;
;      - fir_filter_parallel_reduced_stream:impl|fir_filter_parallel_reduced:impl|history_next[0][53][12]~0  ; 0                 ; 0       ;
;      - fir_filter_parallel_reduced_stream:impl|fir_filter_parallel_reduced:impl|history_next[0][53][13]~0  ; 0                 ; 0       ;
;      - fir_filter_parallel_reduced_stream:impl|fir_filter_parallel_reduced:impl|history_next[0][53][14]~0  ; 0                 ; 0       ;
;      - fir_filter_parallel_reduced_stream:impl|fir_filter_parallel_reduced:impl|history_next[0][53][15]~0  ; 0                 ; 0       ;
;      - fir_filter_parallel_reduced_stream:impl|fir_filter_parallel_reduced:impl|history_next[1][52][0]~0   ; 0                 ; 0       ;
;      - fir_filter_parallel_reduced_stream:impl|fir_filter_parallel_reduced:impl|history_next[1][52][1]~0   ; 0                 ; 0       ;
;      - fir_filter_parallel_reduced_stream:impl|fir_filter_parallel_reduced:impl|history_next[1][52][2]~0   ; 0                 ; 0       ;
;      - fir_filter_parallel_reduced_stream:impl|fir_filter_parallel_reduced:impl|history_next[1][52][3]~0   ; 0                 ; 0       ;
;      - fir_filter_parallel_reduced_stream:impl|fir_filter_parallel_reduced:impl|history_next[1][52][4]~0   ; 0                 ; 0       ;
;      - fir_filter_parallel_reduced_stream:impl|fir_filter_parallel_reduced:impl|history_next[1][52][5]~0   ; 0                 ; 0       ;
;      - fir_filter_parallel_reduced_stream:impl|fir_filter_parallel_reduced:impl|history_next[1][52][6]~0   ; 0                 ; 0       ;
;      - fir_filter_parallel_reduced_stream:impl|fir_filter_parallel_reduced:impl|history_next[1][52][7]~0   ; 0                 ; 0       ;
;      - fir_filter_parallel_reduced_stream:impl|fir_filter_parallel_reduced:impl|history_next[1][52][8]~0   ; 0                 ; 0       ;
;      - fir_filter_parallel_reduced_stream:impl|fir_filter_parallel_reduced:impl|history_next[1][52][9]~0   ; 0                 ; 0       ;
;      - fir_filter_parallel_reduced_stream:impl|fir_filter_parallel_reduced:impl|history_next[1][52][10]~0  ; 0                 ; 0       ;
;      - fir_filter_parallel_reduced_stream:impl|fir_filter_parallel_reduced:impl|history_next[1][52][11]~0  ; 0                 ; 0       ;
;      - fir_filter_parallel_reduced_stream:impl|fir_filter_parallel_reduced:impl|history_next[1][52][12]~0  ; 0                 ; 0       ;
;      - fir_filter_parallel_reduced_stream:impl|fir_filter_parallel_reduced:impl|history_next[1][52][13]~0  ; 0                 ; 0       ;
;      - fir_filter_parallel_reduced_stream:impl|fir_filter_parallel_reduced:impl|history_next[1][52][14]~0  ; 0                 ; 0       ;
;      - fir_filter_parallel_reduced_stream:impl|fir_filter_parallel_reduced:impl|history_next[1][52][15]~0  ; 0                 ; 0       ;
;      - fir_filter_parallel_reduced_stream:impl|fir_filter_parallel_reduced:impl|history_next[1][54][0]~0   ; 0                 ; 0       ;
;      - fir_filter_parallel_reduced_stream:impl|fir_filter_parallel_reduced:impl|history_next[1][54][1]~0   ; 0                 ; 0       ;
;      - fir_filter_parallel_reduced_stream:impl|fir_filter_parallel_reduced:impl|history_next[1][54][2]~0   ; 0                 ; 0       ;
;      - fir_filter_parallel_reduced_stream:impl|fir_filter_parallel_reduced:impl|history_next[1][54][3]~0   ; 0                 ; 0       ;
;      - fir_filter_parallel_reduced_stream:impl|fir_filter_parallel_reduced:impl|history_next[1][54][4]~0   ; 0                 ; 0       ;
;      - fir_filter_parallel_reduced_stream:impl|fir_filter_parallel_reduced:impl|history_next[1][54][5]~0   ; 0                 ; 0       ;
;      - fir_filter_parallel_reduced_stream:impl|fir_filter_parallel_reduced:impl|history_next[1][54][6]~0   ; 0                 ; 0       ;
;      - fir_filter_parallel_reduced_stream:impl|fir_filter_parallel_reduced:impl|history_next[1][54][7]~0   ; 0                 ; 0       ;
;      - fir_filter_parallel_reduced_stream:impl|fir_filter_parallel_reduced:impl|history_next[1][54][8]~0   ; 0                 ; 0       ;
;      - fir_filter_parallel_reduced_stream:impl|fir_filter_parallel_reduced:impl|history_next[1][54][9]~0   ; 0                 ; 0       ;
;      - fir_filter_parallel_reduced_stream:impl|fir_filter_parallel_reduced:impl|history_next[1][54][10]~0  ; 0                 ; 0       ;
;      - fir_filter_parallel_reduced_stream:impl|fir_filter_parallel_reduced:impl|history_next[1][54][11]~0  ; 0                 ; 0       ;
;      - fir_filter_parallel_reduced_stream:impl|fir_filter_parallel_reduced:impl|history_next[1][54][12]~0  ; 0                 ; 0       ;
;      - fir_filter_parallel_reduced_stream:impl|fir_filter_parallel_reduced:impl|history_next[1][54][13]~0  ; 0                 ; 0       ;
;      - fir_filter_parallel_reduced_stream:impl|fir_filter_parallel_reduced:impl|history_next[1][54][14]~0  ; 0                 ; 0       ;
;      - fir_filter_parallel_reduced_stream:impl|fir_filter_parallel_reduced:impl|history_next[1][54][15]~0  ; 0                 ; 0       ;
;      - fir_filter_parallel_reduced_stream:impl|fir_filter_parallel_reduced:impl|history_next[1][53][0]~0   ; 0                 ; 0       ;
;      - fir_filter_parallel_reduced_stream:impl|fir_filter_parallel_reduced:impl|history_next[1][53][1]~0   ; 0                 ; 0       ;
;      - fir_filter_parallel_reduced_stream:impl|fir_filter_parallel_reduced:impl|history_next[1][53][2]~0   ; 0                 ; 0       ;
;      - fir_filter_parallel_reduced_stream:impl|fir_filter_parallel_reduced:impl|history_next[1][53][3]~0   ; 0                 ; 0       ;
;      - fir_filter_parallel_reduced_stream:impl|fir_filter_parallel_reduced:impl|history_next[1][53][4]~0   ; 0                 ; 0       ;
;      - fir_filter_parallel_reduced_stream:impl|fir_filter_parallel_reduced:impl|history_next[1][53][5]~0   ; 0                 ; 0       ;
;      - fir_filter_parallel_reduced_stream:impl|fir_filter_parallel_reduced:impl|history_next[1][53][6]~0   ; 0                 ; 0       ;
;      - fir_filter_parallel_reduced_stream:impl|fir_filter_parallel_reduced:impl|history_next[1][53][7]~0   ; 0                 ; 0       ;
;      - fir_filter_parallel_reduced_stream:impl|fir_filter_parallel_reduced:impl|history_next[1][53][8]~0   ; 0                 ; 0       ;
;      - fir_filter_parallel_reduced_stream:impl|fir_filter_parallel_reduced:impl|history_next[1][53][9]~0   ; 0                 ; 0       ;
;      - fir_filter_parallel_reduced_stream:impl|fir_filter_parallel_reduced:impl|history_next[1][53][10]~0  ; 0                 ; 0       ;
;      - fir_filter_parallel_reduced_stream:impl|fir_filter_parallel_reduced:impl|history_next[1][53][11]~0  ; 0                 ; 0       ;
;      - fir_filter_parallel_reduced_stream:impl|fir_filter_parallel_reduced:impl|history_next[1][53][12]~0  ; 0                 ; 0       ;
;      - fir_filter_parallel_reduced_stream:impl|fir_filter_parallel_reduced:impl|history_next[1][53][13]~0  ; 0                 ; 0       ;
;      - fir_filter_parallel_reduced_stream:impl|fir_filter_parallel_reduced:impl|history_next[1][53][14]~0  ; 0                 ; 0       ;
;      - fir_filter_parallel_reduced_stream:impl|fir_filter_parallel_reduced:impl|history_next[1][53][15]~0  ; 0                 ; 0       ;
;      - fir_filter_parallel_reduced_stream:impl|fir_filter_parallel_reduced:impl|history_next[0][51][0]~0   ; 0                 ; 0       ;
;      - fir_filter_parallel_reduced_stream:impl|fir_filter_parallel_reduced:impl|history_next[0][51][1]~0   ; 0                 ; 0       ;
;      - fir_filter_parallel_reduced_stream:impl|fir_filter_parallel_reduced:impl|history_next[0][51][2]~0   ; 0                 ; 0       ;
;      - fir_filter_parallel_reduced_stream:impl|fir_filter_parallel_reduced:impl|history_next[0][51][3]~0   ; 0                 ; 0       ;
;      - fir_filter_parallel_reduced_stream:impl|fir_filter_parallel_reduced:impl|history_next[0][51][4]~0   ; 0                 ; 0       ;
;      - fir_filter_parallel_reduced_stream:impl|fir_filter_parallel_reduced:impl|history_next[0][51][5]~0   ; 0                 ; 0       ;
;      - fir_filter_parallel_reduced_stream:impl|fir_filter_parallel_reduced:impl|history_next[0][51][6]~0   ; 0                 ; 0       ;
;      - fir_filter_parallel_reduced_stream:impl|fir_filter_parallel_reduced:impl|history_next[0][51][7]~0   ; 0                 ; 0       ;
;      - fir_filter_parallel_reduced_stream:impl|fir_filter_parallel_reduced:impl|history_next[0][51][8]~0   ; 0                 ; 0       ;
;      - fir_filter_parallel_reduced_stream:impl|fir_filter_parallel_reduced:impl|history_next[0][51][9]~0   ; 0                 ; 0       ;
;      - fir_filter_parallel_reduced_stream:impl|fir_filter_parallel_reduced:impl|history_next[0][51][10]~0  ; 0                 ; 0       ;
;      - fir_filter_parallel_reduced_stream:impl|fir_filter_parallel_reduced:impl|history_next[0][51][11]~0  ; 0                 ; 0       ;
;      - fir_filter_parallel_reduced_stream:impl|fir_filter_parallel_reduced:impl|history_next[0][51][12]~0  ; 0                 ; 0       ;
;      - fir_filter_parallel_reduced_stream:impl|fir_filter_parallel_reduced:impl|history_next[0][51][13]~0  ; 0                 ; 0       ;
;      - fir_filter_parallel_reduced_stream:impl|fir_filter_parallel_reduced:impl|history_next[0][51][14]~0  ; 0                 ; 0       ;
;      - fir_filter_parallel_reduced_stream:impl|fir_filter_parallel_reduced:impl|history_next[0][51][15]~0  ; 0                 ; 0       ;
;      - fir_filter_parallel_reduced_stream:impl|fir_filter_parallel_reduced:impl|history_next[0][54][0]~0   ; 0                 ; 0       ;
;      - fir_filter_parallel_reduced_stream:impl|fir_filter_parallel_reduced:impl|history_next[0][54][1]~0   ; 0                 ; 0       ;
;      - fir_filter_parallel_reduced_stream:impl|fir_filter_parallel_reduced:impl|history_next[0][54][2]~0   ; 0                 ; 0       ;
;      - fir_filter_parallel_reduced_stream:impl|fir_filter_parallel_reduced:impl|history_next[0][54][3]~0   ; 0                 ; 0       ;
;      - fir_filter_parallel_reduced_stream:impl|fir_filter_parallel_reduced:impl|history_next[0][54][4]~0   ; 0                 ; 0       ;
;      - fir_filter_parallel_reduced_stream:impl|fir_filter_parallel_reduced:impl|history_next[0][54][5]~0   ; 0                 ; 0       ;
;      - fir_filter_parallel_reduced_stream:impl|fir_filter_parallel_reduced:impl|history_next[0][54][6]~0   ; 0                 ; 0       ;
;      - fir_filter_parallel_reduced_stream:impl|fir_filter_parallel_reduced:impl|history_next[0][54][7]~0   ; 0                 ; 0       ;
;      - fir_filter_parallel_reduced_stream:impl|fir_filter_parallel_reduced:impl|history_next[0][54][8]~0   ; 0                 ; 0       ;
;      - fir_filter_parallel_reduced_stream:impl|fir_filter_parallel_reduced:impl|history_next[0][54][9]~0   ; 0                 ; 0       ;
;      - fir_filter_parallel_reduced_stream:impl|fir_filter_parallel_reduced:impl|history_next[0][54][10]~0  ; 0                 ; 0       ;
;      - fir_filter_parallel_reduced_stream:impl|fir_filter_parallel_reduced:impl|history_next[0][54][11]~0  ; 0                 ; 0       ;
;      - fir_filter_parallel_reduced_stream:impl|fir_filter_parallel_reduced:impl|history_next[0][54][12]~0  ; 0                 ; 0       ;
;      - fir_filter_parallel_reduced_stream:impl|fir_filter_parallel_reduced:impl|history_next[0][54][13]~0  ; 0                 ; 0       ;
;      - fir_filter_parallel_reduced_stream:impl|fir_filter_parallel_reduced:impl|history_next[0][54][14]~0  ; 0                 ; 0       ;
;      - fir_filter_parallel_reduced_stream:impl|fir_filter_parallel_reduced:impl|history_next[0][54][15]~0  ; 0                 ; 0       ;
;      - fir_filter_parallel_reduced_stream:impl|fir_filter_parallel_reduced:impl|history_next[1][50][0]~0   ; 0                 ; 0       ;
;      - fir_filter_parallel_reduced_stream:impl|fir_filter_parallel_reduced:impl|history_next[1][50][1]~0   ; 0                 ; 0       ;
;      - fir_filter_parallel_reduced_stream:impl|fir_filter_parallel_reduced:impl|history_next[1][50][2]~0   ; 0                 ; 0       ;
;      - fir_filter_parallel_reduced_stream:impl|fir_filter_parallel_reduced:impl|history_next[1][50][3]~0   ; 0                 ; 0       ;
;      - fir_filter_parallel_reduced_stream:impl|fir_filter_parallel_reduced:impl|history_next[1][50][4]~0   ; 0                 ; 0       ;
;      - fir_filter_parallel_reduced_stream:impl|fir_filter_parallel_reduced:impl|history_next[1][50][5]~0   ; 0                 ; 0       ;
;      - fir_filter_parallel_reduced_stream:impl|fir_filter_parallel_reduced:impl|history_next[1][50][6]~0   ; 0                 ; 0       ;
;      - fir_filter_parallel_reduced_stream:impl|fir_filter_parallel_reduced:impl|history_next[1][50][7]~0   ; 0                 ; 0       ;
;      - fir_filter_parallel_reduced_stream:impl|fir_filter_parallel_reduced:impl|history_next[1][50][8]~0   ; 0                 ; 0       ;
;      - fir_filter_parallel_reduced_stream:impl|fir_filter_parallel_reduced:impl|history_next[1][50][9]~0   ; 0                 ; 0       ;
;      - fir_filter_parallel_reduced_stream:impl|fir_filter_parallel_reduced:impl|history_next[1][50][10]~0  ; 0                 ; 0       ;
;      - fir_filter_parallel_reduced_stream:impl|fir_filter_parallel_reduced:impl|history_next[1][50][11]~0  ; 0                 ; 0       ;
;      - fir_filter_parallel_reduced_stream:impl|fir_filter_parallel_reduced:impl|history_next[1][50][12]~0  ; 0                 ; 0       ;
;      - fir_filter_parallel_reduced_stream:impl|fir_filter_parallel_reduced:impl|history_next[1][50][13]~0  ; 0                 ; 0       ;
;      - fir_filter_parallel_reduced_stream:impl|fir_filter_parallel_reduced:impl|history_next[1][50][14]~0  ; 0                 ; 0       ;
;      - fir_filter_parallel_reduced_stream:impl|fir_filter_parallel_reduced:impl|history_next[1][50][15]~0  ; 0                 ; 0       ;
;      - fir_filter_parallel_reduced_stream:impl|fir_filter_parallel_reduced:impl|history_next[1][56][0]~0   ; 0                 ; 0       ;
;      - fir_filter_parallel_reduced_stream:impl|fir_filter_parallel_reduced:impl|history_next[1][56][1]~0   ; 0                 ; 0       ;
;      - fir_filter_parallel_reduced_stream:impl|fir_filter_parallel_reduced:impl|history_next[1][56][2]~0   ; 0                 ; 0       ;
;      - fir_filter_parallel_reduced_stream:impl|fir_filter_parallel_reduced:impl|history_next[1][56][3]~0   ; 0                 ; 0       ;
;      - fir_filter_parallel_reduced_stream:impl|fir_filter_parallel_reduced:impl|history_next[1][56][4]~0   ; 0                 ; 0       ;
;      - fir_filter_parallel_reduced_stream:impl|fir_filter_parallel_reduced:impl|history_next[1][56][5]~0   ; 0                 ; 0       ;
;      - fir_filter_parallel_reduced_stream:impl|fir_filter_parallel_reduced:impl|history_next[1][56][6]~0   ; 0                 ; 0       ;
;      - fir_filter_parallel_reduced_stream:impl|fir_filter_parallel_reduced:impl|history_next[1][56][7]~0   ; 0                 ; 0       ;
;      - fir_filter_parallel_reduced_stream:impl|fir_filter_parallel_reduced:impl|history_next[1][56][8]~0   ; 0                 ; 0       ;
;      - fir_filter_parallel_reduced_stream:impl|fir_filter_parallel_reduced:impl|history_next[1][56][9]~0   ; 0                 ; 0       ;
;      - fir_filter_parallel_reduced_stream:impl|fir_filter_parallel_reduced:impl|history_next[1][56][10]~0  ; 0                 ; 0       ;
;      - fir_filter_parallel_reduced_stream:impl|fir_filter_parallel_reduced:impl|history_next[1][56][11]~0  ; 0                 ; 0       ;
;      - fir_filter_parallel_reduced_stream:impl|fir_filter_parallel_reduced:impl|history_next[1][56][12]~0  ; 0                 ; 0       ;
;      - fir_filter_parallel_reduced_stream:impl|fir_filter_parallel_reduced:impl|history_next[1][56][13]~0  ; 0                 ; 0       ;
;      - fir_filter_parallel_reduced_stream:impl|fir_filter_parallel_reduced:impl|history_next[1][56][14]~0  ; 0                 ; 0       ;
;      - fir_filter_parallel_reduced_stream:impl|fir_filter_parallel_reduced:impl|history_next[1][56][15]~0  ; 0                 ; 0       ;
;      - fir_filter_parallel_reduced_stream:impl|fir_filter_parallel_reduced:impl|history_next[0][49][0]~0   ; 0                 ; 0       ;
;      - fir_filter_parallel_reduced_stream:impl|fir_filter_parallel_reduced:impl|history_next[0][49][1]~0   ; 0                 ; 0       ;
;      - fir_filter_parallel_reduced_stream:impl|fir_filter_parallel_reduced:impl|history_next[0][49][2]~0   ; 0                 ; 0       ;
;      - fir_filter_parallel_reduced_stream:impl|fir_filter_parallel_reduced:impl|history_next[0][49][3]~0   ; 0                 ; 0       ;
;      - fir_filter_parallel_reduced_stream:impl|fir_filter_parallel_reduced:impl|history_next[0][49][4]~0   ; 0                 ; 0       ;
;      - fir_filter_parallel_reduced_stream:impl|fir_filter_parallel_reduced:impl|history_next[0][49][5]~0   ; 0                 ; 0       ;
;      - fir_filter_parallel_reduced_stream:impl|fir_filter_parallel_reduced:impl|history_next[0][49][6]~0   ; 0                 ; 0       ;
;      - fir_filter_parallel_reduced_stream:impl|fir_filter_parallel_reduced:impl|history_next[0][49][7]~0   ; 0                 ; 0       ;
;      - fir_filter_parallel_reduced_stream:impl|fir_filter_parallel_reduced:impl|history_next[0][49][8]~0   ; 0                 ; 0       ;
;      - fir_filter_parallel_reduced_stream:impl|fir_filter_parallel_reduced:impl|history_next[0][49][9]~0   ; 0                 ; 0       ;
;      - fir_filter_parallel_reduced_stream:impl|fir_filter_parallel_reduced:impl|history_next[0][49][10]~0  ; 0                 ; 0       ;
;      - fir_filter_parallel_reduced_stream:impl|fir_filter_parallel_reduced:impl|history_next[0][49][11]~0  ; 0                 ; 0       ;
;      - fir_filter_parallel_reduced_stream:impl|fir_filter_parallel_reduced:impl|history_next[0][49][12]~0  ; 0                 ; 0       ;
;      - fir_filter_parallel_reduced_stream:impl|fir_filter_parallel_reduced:impl|history_next[0][49][13]~0  ; 0                 ; 0       ;
;      - fir_filter_parallel_reduced_stream:impl|fir_filter_parallel_reduced:impl|history_next[0][49][14]~0  ; 0                 ; 0       ;
;      - fir_filter_parallel_reduced_stream:impl|fir_filter_parallel_reduced:impl|history_next[0][49][15]~0  ; 0                 ; 0       ;
;      - fir_filter_parallel_reduced_stream:impl|fir_filter_parallel_reduced:impl|history_next[0][56][0]~0   ; 0                 ; 0       ;
;      - fir_filter_parallel_reduced_stream:impl|fir_filter_parallel_reduced:impl|history_next[0][56][1]~0   ; 0                 ; 0       ;
;      - fir_filter_parallel_reduced_stream:impl|fir_filter_parallel_reduced:impl|history_next[0][56][2]~0   ; 0                 ; 0       ;
;      - fir_filter_parallel_reduced_stream:impl|fir_filter_parallel_reduced:impl|history_next[0][56][3]~0   ; 0                 ; 0       ;
;      - fir_filter_parallel_reduced_stream:impl|fir_filter_parallel_reduced:impl|history_next[0][56][4]~0   ; 0                 ; 0       ;
;      - fir_filter_parallel_reduced_stream:impl|fir_filter_parallel_reduced:impl|history_next[0][56][5]~0   ; 0                 ; 0       ;
;      - fir_filter_parallel_reduced_stream:impl|fir_filter_parallel_reduced:impl|history_next[0][56][6]~0   ; 0                 ; 0       ;
;      - fir_filter_parallel_reduced_stream:impl|fir_filter_parallel_reduced:impl|history_next[0][56][7]~0   ; 0                 ; 0       ;
;      - fir_filter_parallel_reduced_stream:impl|fir_filter_parallel_reduced:impl|history_next[0][56][8]~0   ; 0                 ; 0       ;
;      - fir_filter_parallel_reduced_stream:impl|fir_filter_parallel_reduced:impl|history_next[0][56][9]~0   ; 0                 ; 0       ;
;      - fir_filter_parallel_reduced_stream:impl|fir_filter_parallel_reduced:impl|history_next[0][56][10]~0  ; 0                 ; 0       ;
;      - fir_filter_parallel_reduced_stream:impl|fir_filter_parallel_reduced:impl|history_next[0][56][11]~0  ; 0                 ; 0       ;
;      - fir_filter_parallel_reduced_stream:impl|fir_filter_parallel_reduced:impl|history_next[0][56][12]~0  ; 0                 ; 0       ;
;      - fir_filter_parallel_reduced_stream:impl|fir_filter_parallel_reduced:impl|history_next[0][56][13]~0  ; 0                 ; 0       ;
;      - fir_filter_parallel_reduced_stream:impl|fir_filter_parallel_reduced:impl|history_next[0][56][14]~0  ; 0                 ; 0       ;
;      - fir_filter_parallel_reduced_stream:impl|fir_filter_parallel_reduced:impl|history_next[0][56][15]~0  ; 0                 ; 0       ;
;      - fir_filter_parallel_reduced_stream:impl|fir_filter_parallel_reduced:impl|history_next[1][49][0]~0   ; 0                 ; 0       ;
;      - fir_filter_parallel_reduced_stream:impl|fir_filter_parallel_reduced:impl|history_next[1][49][1]~0   ; 0                 ; 0       ;
;      - fir_filter_parallel_reduced_stream:impl|fir_filter_parallel_reduced:impl|history_next[1][49][2]~0   ; 0                 ; 0       ;
;      - fir_filter_parallel_reduced_stream:impl|fir_filter_parallel_reduced:impl|history_next[1][49][3]~0   ; 0                 ; 0       ;
;      - fir_filter_parallel_reduced_stream:impl|fir_filter_parallel_reduced:impl|history_next[1][49][4]~0   ; 0                 ; 0       ;
;      - fir_filter_parallel_reduced_stream:impl|fir_filter_parallel_reduced:impl|history_next[1][49][5]~0   ; 0                 ; 0       ;
;      - fir_filter_parallel_reduced_stream:impl|fir_filter_parallel_reduced:impl|history_next[1][49][6]~0   ; 0                 ; 0       ;
;      - fir_filter_parallel_reduced_stream:impl|fir_filter_parallel_reduced:impl|history_next[1][49][7]~0   ; 0                 ; 0       ;
;      - fir_filter_parallel_reduced_stream:impl|fir_filter_parallel_reduced:impl|history_next[1][49][8]~0   ; 0                 ; 0       ;
;      - fir_filter_parallel_reduced_stream:impl|fir_filter_parallel_reduced:impl|history_next[1][49][9]~0   ; 0                 ; 0       ;
;      - fir_filter_parallel_reduced_stream:impl|fir_filter_parallel_reduced:impl|history_next[1][49][10]~0  ; 0                 ; 0       ;
;      - fir_filter_parallel_reduced_stream:impl|fir_filter_parallel_reduced:impl|history_next[1][49][11]~0  ; 0                 ; 0       ;
;      - fir_filter_parallel_reduced_stream:impl|fir_filter_parallel_reduced:impl|history_next[1][49][12]~0  ; 0                 ; 0       ;
;      - fir_filter_parallel_reduced_stream:impl|fir_filter_parallel_reduced:impl|history_next[1][49][13]~0  ; 0                 ; 0       ;
;      - fir_filter_parallel_reduced_stream:impl|fir_filter_parallel_reduced:impl|history_next[1][49][14]~0  ; 0                 ; 0       ;
;      - fir_filter_parallel_reduced_stream:impl|fir_filter_parallel_reduced:impl|history_next[1][49][15]~0  ; 0                 ; 0       ;
;      - fir_filter_parallel_reduced_stream:impl|fir_filter_parallel_reduced:impl|history_next[1][57][0]~0   ; 0                 ; 0       ;
;      - fir_filter_parallel_reduced_stream:impl|fir_filter_parallel_reduced:impl|history_next[1][57][1]~0   ; 0                 ; 0       ;
;      - fir_filter_parallel_reduced_stream:impl|fir_filter_parallel_reduced:impl|history_next[1][57][2]~0   ; 0                 ; 0       ;
;      - fir_filter_parallel_reduced_stream:impl|fir_filter_parallel_reduced:impl|history_next[1][57][3]~0   ; 0                 ; 0       ;
;      - fir_filter_parallel_reduced_stream:impl|fir_filter_parallel_reduced:impl|history_next[1][57][4]~0   ; 0                 ; 0       ;
;      - fir_filter_parallel_reduced_stream:impl|fir_filter_parallel_reduced:impl|history_next[1][57][5]~0   ; 0                 ; 0       ;
;      - fir_filter_parallel_reduced_stream:impl|fir_filter_parallel_reduced:impl|history_next[1][57][6]~0   ; 0                 ; 0       ;
;      - fir_filter_parallel_reduced_stream:impl|fir_filter_parallel_reduced:impl|history_next[1][57][7]~0   ; 0                 ; 0       ;
;      - fir_filter_parallel_reduced_stream:impl|fir_filter_parallel_reduced:impl|history_next[1][57][8]~0   ; 0                 ; 0       ;
;      - fir_filter_parallel_reduced_stream:impl|fir_filter_parallel_reduced:impl|history_next[1][57][9]~0   ; 0                 ; 0       ;
;      - fir_filter_parallel_reduced_stream:impl|fir_filter_parallel_reduced:impl|history_next[1][57][10]~0  ; 0                 ; 0       ;
;      - fir_filter_parallel_reduced_stream:impl|fir_filter_parallel_reduced:impl|history_next[1][57][11]~0  ; 0                 ; 0       ;
;      - fir_filter_parallel_reduced_stream:impl|fir_filter_parallel_reduced:impl|history_next[1][57][12]~0  ; 0                 ; 0       ;
;      - fir_filter_parallel_reduced_stream:impl|fir_filter_parallel_reduced:impl|history_next[1][57][13]~0  ; 0                 ; 0       ;
;      - fir_filter_parallel_reduced_stream:impl|fir_filter_parallel_reduced:impl|history_next[1][57][14]~0  ; 0                 ; 0       ;
;      - fir_filter_parallel_reduced_stream:impl|fir_filter_parallel_reduced:impl|history_next[1][57][15]~0  ; 0                 ; 0       ;
;      - fir_filter_parallel_reduced_stream:impl|fir_filter_parallel_reduced:impl|history_next[0][23][0]~0   ; 0                 ; 0       ;
;      - fir_filter_parallel_reduced_stream:impl|fir_filter_parallel_reduced:impl|history_next[0][23][1]~0   ; 0                 ; 0       ;
;      - fir_filter_parallel_reduced_stream:impl|fir_filter_parallel_reduced:impl|history_next[0][23][2]~0   ; 0                 ; 0       ;
;      - fir_filter_parallel_reduced_stream:impl|fir_filter_parallel_reduced:impl|history_next[0][23][3]~0   ; 0                 ; 0       ;
;      - fir_filter_parallel_reduced_stream:impl|fir_filter_parallel_reduced:impl|history_next[0][23][4]~0   ; 0                 ; 0       ;
;      - fir_filter_parallel_reduced_stream:impl|fir_filter_parallel_reduced:impl|history_next[0][23][5]~0   ; 0                 ; 0       ;
;      - fir_filter_parallel_reduced_stream:impl|fir_filter_parallel_reduced:impl|history_next[0][23][6]~0   ; 0                 ; 0       ;
;      - fir_filter_parallel_reduced_stream:impl|fir_filter_parallel_reduced:impl|history_next[0][23][7]~0   ; 0                 ; 0       ;
;      - fir_filter_parallel_reduced_stream:impl|fir_filter_parallel_reduced:impl|history_next[0][23][8]~0   ; 0                 ; 0       ;
;      - fir_filter_parallel_reduced_stream:impl|fir_filter_parallel_reduced:impl|history_next[0][23][9]~0   ; 0                 ; 0       ;
;      - fir_filter_parallel_reduced_stream:impl|fir_filter_parallel_reduced:impl|history_next[0][23][10]~0  ; 0                 ; 0       ;
;      - fir_filter_parallel_reduced_stream:impl|fir_filter_parallel_reduced:impl|history_next[0][23][11]~0  ; 0                 ; 0       ;
;      - fir_filter_parallel_reduced_stream:impl|fir_filter_parallel_reduced:impl|history_next[0][23][12]~0  ; 0                 ; 0       ;
;      - fir_filter_parallel_reduced_stream:impl|fir_filter_parallel_reduced:impl|history_next[0][23][13]~0  ; 0                 ; 0       ;
;      - fir_filter_parallel_reduced_stream:impl|fir_filter_parallel_reduced:impl|history_next[0][23][14]~0  ; 0                 ; 0       ;
;      - fir_filter_parallel_reduced_stream:impl|fir_filter_parallel_reduced:impl|history_next[0][23][15]~0  ; 0                 ; 0       ;
;      - fir_filter_parallel_reduced_stream:impl|fir_filter_parallel_reduced:impl|history_next[0][82][0]~0   ; 0                 ; 0       ;
;      - fir_filter_parallel_reduced_stream:impl|fir_filter_parallel_reduced:impl|history_next[0][82][1]~0   ; 0                 ; 0       ;
;      - fir_filter_parallel_reduced_stream:impl|fir_filter_parallel_reduced:impl|history_next[0][82][2]~0   ; 0                 ; 0       ;
;      - fir_filter_parallel_reduced_stream:impl|fir_filter_parallel_reduced:impl|history_next[0][82][3]~0   ; 0                 ; 0       ;
;      - fir_filter_parallel_reduced_stream:impl|fir_filter_parallel_reduced:impl|history_next[0][82][4]~0   ; 0                 ; 0       ;
;      - fir_filter_parallel_reduced_stream:impl|fir_filter_parallel_reduced:impl|history_next[0][82][5]~0   ; 0                 ; 0       ;
;      - fir_filter_parallel_reduced_stream:impl|fir_filter_parallel_reduced:impl|history_next[0][82][6]~0   ; 0                 ; 0       ;
;      - fir_filter_parallel_reduced_stream:impl|fir_filter_parallel_reduced:impl|history_next[0][82][7]~0   ; 0                 ; 0       ;
;      - fir_filter_parallel_reduced_stream:impl|fir_filter_parallel_reduced:impl|history_next[0][82][8]~0   ; 0                 ; 0       ;
;      - fir_filter_parallel_reduced_stream:impl|fir_filter_parallel_reduced:impl|history_next[0][82][9]~0   ; 0                 ; 0       ;
;      - fir_filter_parallel_reduced_stream:impl|fir_filter_parallel_reduced:impl|history_next[0][82][10]~0  ; 0                 ; 0       ;
;      - fir_filter_parallel_reduced_stream:impl|fir_filter_parallel_reduced:impl|history_next[0][82][11]~0  ; 0                 ; 0       ;
;      - fir_filter_parallel_reduced_stream:impl|fir_filter_parallel_reduced:impl|history_next[0][82][12]~0  ; 0                 ; 0       ;
;      - fir_filter_parallel_reduced_stream:impl|fir_filter_parallel_reduced:impl|history_next[0][82][13]~0  ; 0                 ; 0       ;
;      - fir_filter_parallel_reduced_stream:impl|fir_filter_parallel_reduced:impl|history_next[0][82][14]~0  ; 0                 ; 0       ;
;      - fir_filter_parallel_reduced_stream:impl|fir_filter_parallel_reduced:impl|history_next[0][82][15]~0  ; 0                 ; 0       ;
;      - fir_filter_parallel_reduced_stream:impl|fir_filter_parallel_reduced:impl|history_next[1][23][0]~0   ; 0                 ; 0       ;
;      - fir_filter_parallel_reduced_stream:impl|fir_filter_parallel_reduced:impl|history_next[1][23][1]~0   ; 0                 ; 0       ;
;      - fir_filter_parallel_reduced_stream:impl|fir_filter_parallel_reduced:impl|history_next[1][23][2]~0   ; 0                 ; 0       ;
;      - fir_filter_parallel_reduced_stream:impl|fir_filter_parallel_reduced:impl|history_next[1][23][3]~0   ; 0                 ; 0       ;
;      - fir_filter_parallel_reduced_stream:impl|fir_filter_parallel_reduced:impl|history_next[1][23][4]~0   ; 0                 ; 0       ;
;      - fir_filter_parallel_reduced_stream:impl|fir_filter_parallel_reduced:impl|history_next[1][23][5]~0   ; 0                 ; 0       ;
;      - fir_filter_parallel_reduced_stream:impl|fir_filter_parallel_reduced:impl|history_next[1][23][6]~0   ; 0                 ; 0       ;
;      - fir_filter_parallel_reduced_stream:impl|fir_filter_parallel_reduced:impl|history_next[1][23][7]~0   ; 0                 ; 0       ;
;      - fir_filter_parallel_reduced_stream:impl|fir_filter_parallel_reduced:impl|history_next[1][23][8]~0   ; 0                 ; 0       ;
;      - fir_filter_parallel_reduced_stream:impl|fir_filter_parallel_reduced:impl|history_next[1][23][9]~0   ; 0                 ; 0       ;
;      - fir_filter_parallel_reduced_stream:impl|fir_filter_parallel_reduced:impl|history_next[1][23][10]~0  ; 0                 ; 0       ;
;      - fir_filter_parallel_reduced_stream:impl|fir_filter_parallel_reduced:impl|history_next[1][23][11]~0  ; 0                 ; 0       ;
;      - fir_filter_parallel_reduced_stream:impl|fir_filter_parallel_reduced:impl|history_next[1][23][12]~0  ; 0                 ; 0       ;
;      - fir_filter_parallel_reduced_stream:impl|fir_filter_parallel_reduced:impl|history_next[1][23][13]~0  ; 0                 ; 0       ;
;      - fir_filter_parallel_reduced_stream:impl|fir_filter_parallel_reduced:impl|history_next[1][23][14]~0  ; 0                 ; 0       ;
;      - fir_filter_parallel_reduced_stream:impl|fir_filter_parallel_reduced:impl|history_next[1][23][15]~0  ; 0                 ; 0       ;
;      - fir_filter_parallel_reduced_stream:impl|fir_filter_parallel_reduced:impl|history_next[1][83][0]~0   ; 0                 ; 0       ;
;      - fir_filter_parallel_reduced_stream:impl|fir_filter_parallel_reduced:impl|history_next[1][83][1]~0   ; 0                 ; 0       ;
;      - fir_filter_parallel_reduced_stream:impl|fir_filter_parallel_reduced:impl|history_next[1][83][2]~0   ; 0                 ; 0       ;
;      - fir_filter_parallel_reduced_stream:impl|fir_filter_parallel_reduced:impl|history_next[1][83][3]~0   ; 0                 ; 0       ;
;      - fir_filter_parallel_reduced_stream:impl|fir_filter_parallel_reduced:impl|history_next[1][83][4]~0   ; 0                 ; 0       ;
;      - fir_filter_parallel_reduced_stream:impl|fir_filter_parallel_reduced:impl|history_next[1][83][5]~0   ; 0                 ; 0       ;
;      - fir_filter_parallel_reduced_stream:impl|fir_filter_parallel_reduced:impl|history_next[1][83][6]~0   ; 0                 ; 0       ;
;      - fir_filter_parallel_reduced_stream:impl|fir_filter_parallel_reduced:impl|history_next[1][83][7]~0   ; 0                 ; 0       ;
;      - fir_filter_parallel_reduced_stream:impl|fir_filter_parallel_reduced:impl|history_next[1][83][8]~0   ; 0                 ; 0       ;
;      - fir_filter_parallel_reduced_stream:impl|fir_filter_parallel_reduced:impl|history_next[1][83][9]~0   ; 0                 ; 0       ;
;      - fir_filter_parallel_reduced_stream:impl|fir_filter_parallel_reduced:impl|history_next[1][83][10]~0  ; 0                 ; 0       ;
;      - fir_filter_parallel_reduced_stream:impl|fir_filter_parallel_reduced:impl|history_next[1][83][11]~0  ; 0                 ; 0       ;
;      - fir_filter_parallel_reduced_stream:impl|fir_filter_parallel_reduced:impl|history_next[1][83][12]~0  ; 0                 ; 0       ;
;      - fir_filter_parallel_reduced_stream:impl|fir_filter_parallel_reduced:impl|history_next[1][83][13]~0  ; 0                 ; 0       ;
;      - fir_filter_parallel_reduced_stream:impl|fir_filter_parallel_reduced:impl|history_next[1][83][14]~0  ; 0                 ; 0       ;
;      - fir_filter_parallel_reduced_stream:impl|fir_filter_parallel_reduced:impl|history_next[1][83][15]~0  ; 0                 ; 0       ;
;      - fir_filter_parallel_reduced_stream:impl|fir_filter_parallel_reduced:impl|history_next[0][21][0]~0   ; 0                 ; 0       ;
;      - fir_filter_parallel_reduced_stream:impl|fir_filter_parallel_reduced:impl|history_next[0][21][1]~0   ; 0                 ; 0       ;
;      - fir_filter_parallel_reduced_stream:impl|fir_filter_parallel_reduced:impl|history_next[0][21][2]~0   ; 0                 ; 0       ;
;      - fir_filter_parallel_reduced_stream:impl|fir_filter_parallel_reduced:impl|history_next[0][21][3]~0   ; 0                 ; 0       ;
;      - fir_filter_parallel_reduced_stream:impl|fir_filter_parallel_reduced:impl|history_next[0][21][4]~0   ; 0                 ; 0       ;
;      - fir_filter_parallel_reduced_stream:impl|fir_filter_parallel_reduced:impl|history_next[0][21][5]~0   ; 0                 ; 0       ;
;      - fir_filter_parallel_reduced_stream:impl|fir_filter_parallel_reduced:impl|history_next[0][21][6]~0   ; 0                 ; 0       ;
;      - fir_filter_parallel_reduced_stream:impl|fir_filter_parallel_reduced:impl|history_next[0][21][7]~0   ; 0                 ; 0       ;
;      - fir_filter_parallel_reduced_stream:impl|fir_filter_parallel_reduced:impl|history_next[0][21][8]~0   ; 0                 ; 0       ;
;      - fir_filter_parallel_reduced_stream:impl|fir_filter_parallel_reduced:impl|history_next[0][21][9]~0   ; 0                 ; 0       ;
;      - fir_filter_parallel_reduced_stream:impl|fir_filter_parallel_reduced:impl|history_next[0][21][10]~0  ; 0                 ; 0       ;
;      - fir_filter_parallel_reduced_stream:impl|fir_filter_parallel_reduced:impl|history_next[0][21][11]~0  ; 0                 ; 0       ;
;      - fir_filter_parallel_reduced_stream:impl|fir_filter_parallel_reduced:impl|history_next[0][21][12]~0  ; 0                 ; 0       ;
;      - fir_filter_parallel_reduced_stream:impl|fir_filter_parallel_reduced:impl|history_next[0][21][13]~0  ; 0                 ; 0       ;
;      - fir_filter_parallel_reduced_stream:impl|fir_filter_parallel_reduced:impl|history_next[0][21][14]~0  ; 0                 ; 0       ;
;      - fir_filter_parallel_reduced_stream:impl|fir_filter_parallel_reduced:impl|history_next[0][21][15]~0  ; 0                 ; 0       ;
;      - fir_filter_parallel_reduced_stream:impl|fir_filter_parallel_reduced:impl|history_next[0][84][0]~0   ; 0                 ; 0       ;
;      - fir_filter_parallel_reduced_stream:impl|fir_filter_parallel_reduced:impl|history_next[0][84][1]~0   ; 0                 ; 0       ;
;      - fir_filter_parallel_reduced_stream:impl|fir_filter_parallel_reduced:impl|history_next[0][84][2]~0   ; 0                 ; 0       ;
;      - fir_filter_parallel_reduced_stream:impl|fir_filter_parallel_reduced:impl|history_next[0][84][3]~0   ; 0                 ; 0       ;
;      - fir_filter_parallel_reduced_stream:impl|fir_filter_parallel_reduced:impl|history_next[0][84][4]~0   ; 0                 ; 0       ;
;      - fir_filter_parallel_reduced_stream:impl|fir_filter_parallel_reduced:impl|history_next[0][84][5]~0   ; 0                 ; 0       ;
;      - fir_filter_parallel_reduced_stream:impl|fir_filter_parallel_reduced:impl|history_next[0][84][6]~0   ; 0                 ; 0       ;
;      - fir_filter_parallel_reduced_stream:impl|fir_filter_parallel_reduced:impl|history_next[0][84][7]~0   ; 0                 ; 0       ;
;      - fir_filter_parallel_reduced_stream:impl|fir_filter_parallel_reduced:impl|history_next[0][84][8]~0   ; 0                 ; 0       ;
;      - fir_filter_parallel_reduced_stream:impl|fir_filter_parallel_reduced:impl|history_next[0][84][9]~0   ; 0                 ; 0       ;
;      - fir_filter_parallel_reduced_stream:impl|fir_filter_parallel_reduced:impl|history_next[0][84][10]~0  ; 0                 ; 0       ;
;      - fir_filter_parallel_reduced_stream:impl|fir_filter_parallel_reduced:impl|history_next[0][84][11]~0  ; 0                 ; 0       ;
;      - fir_filter_parallel_reduced_stream:impl|fir_filter_parallel_reduced:impl|history_next[0][84][12]~0  ; 0                 ; 0       ;
;      - fir_filter_parallel_reduced_stream:impl|fir_filter_parallel_reduced:impl|history_next[0][84][13]~0  ; 0                 ; 0       ;
;      - fir_filter_parallel_reduced_stream:impl|fir_filter_parallel_reduced:impl|history_next[0][84][14]~0  ; 0                 ; 0       ;
;      - fir_filter_parallel_reduced_stream:impl|fir_filter_parallel_reduced:impl|history_next[0][84][15]~0  ; 0                 ; 0       ;
;      - fir_filter_parallel_reduced_stream:impl|fir_filter_parallel_reduced:impl|history_next[0][15][0]~0   ; 0                 ; 0       ;
;      - fir_filter_parallel_reduced_stream:impl|fir_filter_parallel_reduced:impl|history_next[0][15][1]~0   ; 0                 ; 0       ;
;      - fir_filter_parallel_reduced_stream:impl|fir_filter_parallel_reduced:impl|history_next[0][15][2]~0   ; 0                 ; 0       ;
;      - fir_filter_parallel_reduced_stream:impl|fir_filter_parallel_reduced:impl|history_next[0][15][3]~0   ; 0                 ; 0       ;
;      - fir_filter_parallel_reduced_stream:impl|fir_filter_parallel_reduced:impl|history_next[0][15][4]~0   ; 0                 ; 0       ;
;      - fir_filter_parallel_reduced_stream:impl|fir_filter_parallel_reduced:impl|history_next[0][15][5]~0   ; 0                 ; 0       ;
;      - fir_filter_parallel_reduced_stream:impl|fir_filter_parallel_reduced:impl|history_next[0][15][6]~0   ; 0                 ; 0       ;
;      - fir_filter_parallel_reduced_stream:impl|fir_filter_parallel_reduced:impl|history_next[0][15][7]~0   ; 0                 ; 0       ;
;      - fir_filter_parallel_reduced_stream:impl|fir_filter_parallel_reduced:impl|history_next[0][15][8]~0   ; 0                 ; 0       ;
;      - fir_filter_parallel_reduced_stream:impl|fir_filter_parallel_reduced:impl|history_next[0][15][9]~0   ; 0                 ; 0       ;
;      - fir_filter_parallel_reduced_stream:impl|fir_filter_parallel_reduced:impl|history_next[0][15][10]~0  ; 0                 ; 0       ;
;      - fir_filter_parallel_reduced_stream:impl|fir_filter_parallel_reduced:impl|history_next[0][15][11]~0  ; 0                 ; 0       ;
;      - fir_filter_parallel_reduced_stream:impl|fir_filter_parallel_reduced:impl|history_next[0][15][12]~0  ; 0                 ; 0       ;
;      - fir_filter_parallel_reduced_stream:impl|fir_filter_parallel_reduced:impl|history_next[0][15][13]~0  ; 0                 ; 0       ;
;      - fir_filter_parallel_reduced_stream:impl|fir_filter_parallel_reduced:impl|history_next[0][15][14]~0  ; 0                 ; 0       ;
;      - fir_filter_parallel_reduced_stream:impl|fir_filter_parallel_reduced:impl|history_next[0][15][15]~0  ; 0                 ; 0       ;
;      - fir_filter_parallel_reduced_stream:impl|fir_filter_parallel_reduced:impl|history_next[0][90][0]~0   ; 0                 ; 0       ;
;      - fir_filter_parallel_reduced_stream:impl|fir_filter_parallel_reduced:impl|history_next[0][90][1]~0   ; 0                 ; 0       ;
;      - fir_filter_parallel_reduced_stream:impl|fir_filter_parallel_reduced:impl|history_next[0][90][2]~0   ; 0                 ; 0       ;
;      - fir_filter_parallel_reduced_stream:impl|fir_filter_parallel_reduced:impl|history_next[0][90][3]~0   ; 0                 ; 0       ;
;      - fir_filter_parallel_reduced_stream:impl|fir_filter_parallel_reduced:impl|history_next[0][90][4]~0   ; 0                 ; 0       ;
;      - fir_filter_parallel_reduced_stream:impl|fir_filter_parallel_reduced:impl|history_next[0][90][5]~0   ; 0                 ; 0       ;
;      - fir_filter_parallel_reduced_stream:impl|fir_filter_parallel_reduced:impl|history_next[0][90][6]~0   ; 0                 ; 0       ;
;      - fir_filter_parallel_reduced_stream:impl|fir_filter_parallel_reduced:impl|history_next[0][90][7]~0   ; 0                 ; 0       ;
;      - fir_filter_parallel_reduced_stream:impl|fir_filter_parallel_reduced:impl|history_next[0][90][8]~0   ; 0                 ; 0       ;
;      - fir_filter_parallel_reduced_stream:impl|fir_filter_parallel_reduced:impl|history_next[0][90][9]~0   ; 0                 ; 0       ;
;      - fir_filter_parallel_reduced_stream:impl|fir_filter_parallel_reduced:impl|history_next[0][90][10]~0  ; 0                 ; 0       ;
;      - fir_filter_parallel_reduced_stream:impl|fir_filter_parallel_reduced:impl|history_next[0][90][11]~0  ; 0                 ; 0       ;
;      - fir_filter_parallel_reduced_stream:impl|fir_filter_parallel_reduced:impl|history_next[0][90][12]~0  ; 0                 ; 0       ;
;      - fir_filter_parallel_reduced_stream:impl|fir_filter_parallel_reduced:impl|history_next[0][90][13]~0  ; 0                 ; 0       ;
;      - fir_filter_parallel_reduced_stream:impl|fir_filter_parallel_reduced:impl|history_next[0][90][14]~0  ; 0                 ; 0       ;
;      - fir_filter_parallel_reduced_stream:impl|fir_filter_parallel_reduced:impl|history_next[0][90][15]~0  ; 0                 ; 0       ;
;      - fir_filter_parallel_reduced_stream:impl|fir_filter_parallel_reduced:impl|history_next[0][11][0]~0   ; 0                 ; 0       ;
;      - fir_filter_parallel_reduced_stream:impl|fir_filter_parallel_reduced:impl|history_next[0][11][1]~0   ; 0                 ; 0       ;
;      - fir_filter_parallel_reduced_stream:impl|fir_filter_parallel_reduced:impl|history_next[0][11][2]~0   ; 0                 ; 0       ;
;      - fir_filter_parallel_reduced_stream:impl|fir_filter_parallel_reduced:impl|history_next[0][11][3]~0   ; 0                 ; 0       ;
;      - fir_filter_parallel_reduced_stream:impl|fir_filter_parallel_reduced:impl|history_next[0][11][4]~0   ; 0                 ; 0       ;
;      - fir_filter_parallel_reduced_stream:impl|fir_filter_parallel_reduced:impl|history_next[0][11][5]~0   ; 0                 ; 0       ;
;      - fir_filter_parallel_reduced_stream:impl|fir_filter_parallel_reduced:impl|history_next[0][11][6]~0   ; 0                 ; 0       ;
;      - fir_filter_parallel_reduced_stream:impl|fir_filter_parallel_reduced:impl|history_next[0][11][7]~0   ; 0                 ; 0       ;
;      - fir_filter_parallel_reduced_stream:impl|fir_filter_parallel_reduced:impl|history_next[0][11][8]~0   ; 0                 ; 0       ;
;      - fir_filter_parallel_reduced_stream:impl|fir_filter_parallel_reduced:impl|history_next[0][11][9]~0   ; 0                 ; 0       ;
;      - fir_filter_parallel_reduced_stream:impl|fir_filter_parallel_reduced:impl|history_next[0][11][10]~0  ; 0                 ; 0       ;
;      - fir_filter_parallel_reduced_stream:impl|fir_filter_parallel_reduced:impl|history_next[0][11][11]~0  ; 0                 ; 0       ;
;      - fir_filter_parallel_reduced_stream:impl|fir_filter_parallel_reduced:impl|history_next[0][11][12]~0  ; 0                 ; 0       ;
;      - fir_filter_parallel_reduced_stream:impl|fir_filter_parallel_reduced:impl|history_next[0][11][13]~0  ; 0                 ; 0       ;
;      - fir_filter_parallel_reduced_stream:impl|fir_filter_parallel_reduced:impl|history_next[0][11][14]~0  ; 0                 ; 0       ;
;      - fir_filter_parallel_reduced_stream:impl|fir_filter_parallel_reduced:impl|history_next[0][11][15]~0  ; 0                 ; 0       ;
;      - fir_filter_parallel_reduced_stream:impl|fir_filter_parallel_reduced:impl|history_next[0][94][0]~0   ; 0                 ; 0       ;
;      - fir_filter_parallel_reduced_stream:impl|fir_filter_parallel_reduced:impl|history_next[0][94][1]~0   ; 0                 ; 0       ;
;      - fir_filter_parallel_reduced_stream:impl|fir_filter_parallel_reduced:impl|history_next[0][94][2]~0   ; 0                 ; 0       ;
;      - fir_filter_parallel_reduced_stream:impl|fir_filter_parallel_reduced:impl|history_next[0][94][3]~0   ; 0                 ; 0       ;
;      - fir_filter_parallel_reduced_stream:impl|fir_filter_parallel_reduced:impl|history_next[0][94][4]~0   ; 0                 ; 0       ;
;      - fir_filter_parallel_reduced_stream:impl|fir_filter_parallel_reduced:impl|history_next[0][94][5]~0   ; 0                 ; 0       ;
;      - fir_filter_parallel_reduced_stream:impl|fir_filter_parallel_reduced:impl|history_next[0][94][6]~0   ; 0                 ; 0       ;
;      - fir_filter_parallel_reduced_stream:impl|fir_filter_parallel_reduced:impl|history_next[0][94][7]~0   ; 0                 ; 0       ;
;      - fir_filter_parallel_reduced_stream:impl|fir_filter_parallel_reduced:impl|history_next[0][94][8]~0   ; 0                 ; 0       ;
;      - fir_filter_parallel_reduced_stream:impl|fir_filter_parallel_reduced:impl|history_next[0][94][9]~0   ; 0                 ; 0       ;
;      - fir_filter_parallel_reduced_stream:impl|fir_filter_parallel_reduced:impl|history_next[0][94][10]~0  ; 0                 ; 0       ;
;      - fir_filter_parallel_reduced_stream:impl|fir_filter_parallel_reduced:impl|history_next[0][94][11]~0  ; 0                 ; 0       ;
;      - fir_filter_parallel_reduced_stream:impl|fir_filter_parallel_reduced:impl|history_next[0][94][12]~0  ; 0                 ; 0       ;
;      - fir_filter_parallel_reduced_stream:impl|fir_filter_parallel_reduced:impl|history_next[0][94][13]~0  ; 0                 ; 0       ;
;      - fir_filter_parallel_reduced_stream:impl|fir_filter_parallel_reduced:impl|history_next[0][94][14]~0  ; 0                 ; 0       ;
;      - fir_filter_parallel_reduced_stream:impl|fir_filter_parallel_reduced:impl|history_next[0][94][15]~0  ; 0                 ; 0       ;
;      - fir_filter_parallel_reduced_stream:impl|fir_filter_parallel_reduced:impl|history_next[0][36][0]~0   ; 0                 ; 0       ;
;      - fir_filter_parallel_reduced_stream:impl|fir_filter_parallel_reduced:impl|history_next[0][36][1]~0   ; 0                 ; 0       ;
;      - fir_filter_parallel_reduced_stream:impl|fir_filter_parallel_reduced:impl|history_next[0][36][2]~0   ; 0                 ; 0       ;
;      - fir_filter_parallel_reduced_stream:impl|fir_filter_parallel_reduced:impl|history_next[0][36][3]~0   ; 0                 ; 0       ;
;      - fir_filter_parallel_reduced_stream:impl|fir_filter_parallel_reduced:impl|history_next[0][36][4]~0   ; 0                 ; 0       ;
;      - fir_filter_parallel_reduced_stream:impl|fir_filter_parallel_reduced:impl|history_next[0][36][5]~0   ; 0                 ; 0       ;
;      - fir_filter_parallel_reduced_stream:impl|fir_filter_parallel_reduced:impl|history_next[0][36][6]~0   ; 0                 ; 0       ;
;      - fir_filter_parallel_reduced_stream:impl|fir_filter_parallel_reduced:impl|history_next[0][36][7]~0   ; 0                 ; 0       ;
;      - fir_filter_parallel_reduced_stream:impl|fir_filter_parallel_reduced:impl|history_next[0][36][8]~0   ; 0                 ; 0       ;
;      - fir_filter_parallel_reduced_stream:impl|fir_filter_parallel_reduced:impl|history_next[0][36][9]~0   ; 0                 ; 0       ;
;      - fir_filter_parallel_reduced_stream:impl|fir_filter_parallel_reduced:impl|history_next[0][36][10]~0  ; 0                 ; 0       ;
;      - fir_filter_parallel_reduced_stream:impl|fir_filter_parallel_reduced:impl|history_next[0][36][11]~0  ; 0                 ; 0       ;
;      - fir_filter_parallel_reduced_stream:impl|fir_filter_parallel_reduced:impl|history_next[0][36][12]~0  ; 0                 ; 0       ;
;      - fir_filter_parallel_reduced_stream:impl|fir_filter_parallel_reduced:impl|history_next[0][36][13]~0  ; 0                 ; 0       ;
;      - fir_filter_parallel_reduced_stream:impl|fir_filter_parallel_reduced:impl|history_next[0][36][14]~0  ; 0                 ; 0       ;
;      - fir_filter_parallel_reduced_stream:impl|fir_filter_parallel_reduced:impl|history_next[0][36][15]~0  ; 0                 ; 0       ;
;      - fir_filter_parallel_reduced_stream:impl|fir_filter_parallel_reduced:impl|history_next[0][69][0]~0   ; 0                 ; 0       ;
;      - fir_filter_parallel_reduced_stream:impl|fir_filter_parallel_reduced:impl|history_next[0][69][1]~0   ; 0                 ; 0       ;
;      - fir_filter_parallel_reduced_stream:impl|fir_filter_parallel_reduced:impl|history_next[0][69][2]~0   ; 0                 ; 0       ;
;      - fir_filter_parallel_reduced_stream:impl|fir_filter_parallel_reduced:impl|history_next[0][69][3]~0   ; 0                 ; 0       ;
;      - fir_filter_parallel_reduced_stream:impl|fir_filter_parallel_reduced:impl|history_next[0][69][4]~0   ; 0                 ; 0       ;
;      - fir_filter_parallel_reduced_stream:impl|fir_filter_parallel_reduced:impl|history_next[0][69][5]~0   ; 0                 ; 0       ;
;      - fir_filter_parallel_reduced_stream:impl|fir_filter_parallel_reduced:impl|history_next[0][69][6]~0   ; 0                 ; 0       ;
;      - fir_filter_parallel_reduced_stream:impl|fir_filter_parallel_reduced:impl|history_next[0][69][7]~0   ; 0                 ; 0       ;
;      - fir_filter_parallel_reduced_stream:impl|fir_filter_parallel_reduced:impl|history_next[0][69][8]~0   ; 0                 ; 0       ;
;      - fir_filter_parallel_reduced_stream:impl|fir_filter_parallel_reduced:impl|history_next[0][69][9]~0   ; 0                 ; 0       ;
;      - fir_filter_parallel_reduced_stream:impl|fir_filter_parallel_reduced:impl|history_next[0][69][10]~0  ; 0                 ; 0       ;
;      - fir_filter_parallel_reduced_stream:impl|fir_filter_parallel_reduced:impl|history_next[0][69][11]~0  ; 0                 ; 0       ;
;      - fir_filter_parallel_reduced_stream:impl|fir_filter_parallel_reduced:impl|history_next[0][69][12]~0  ; 0                 ; 0       ;
;      - fir_filter_parallel_reduced_stream:impl|fir_filter_parallel_reduced:impl|history_next[0][69][13]~0  ; 0                 ; 0       ;
;      - fir_filter_parallel_reduced_stream:impl|fir_filter_parallel_reduced:impl|history_next[0][69][14]~0  ; 0                 ; 0       ;
;      - fir_filter_parallel_reduced_stream:impl|fir_filter_parallel_reduced:impl|history_next[0][69][15]~0  ; 0                 ; 0       ;
;      - fir_filter_parallel_reduced_stream:impl|fir_filter_parallel_reduced:impl|history_next[1][29][0]~0   ; 0                 ; 0       ;
;      - fir_filter_parallel_reduced_stream:impl|fir_filter_parallel_reduced:impl|history_next[1][29][1]~0   ; 0                 ; 0       ;
;      - fir_filter_parallel_reduced_stream:impl|fir_filter_parallel_reduced:impl|history_next[1][29][2]~0   ; 0                 ; 0       ;
;      - fir_filter_parallel_reduced_stream:impl|fir_filter_parallel_reduced:impl|history_next[1][29][3]~0   ; 0                 ; 0       ;
;      - fir_filter_parallel_reduced_stream:impl|fir_filter_parallel_reduced:impl|history_next[1][29][4]~0   ; 0                 ; 0       ;
;      - fir_filter_parallel_reduced_stream:impl|fir_filter_parallel_reduced:impl|history_next[1][29][5]~0   ; 0                 ; 0       ;
;      - fir_filter_parallel_reduced_stream:impl|fir_filter_parallel_reduced:impl|history_next[1][29][6]~0   ; 0                 ; 0       ;
;      - fir_filter_parallel_reduced_stream:impl|fir_filter_parallel_reduced:impl|history_next[1][29][7]~0   ; 0                 ; 0       ;
;      - fir_filter_parallel_reduced_stream:impl|fir_filter_parallel_reduced:impl|history_next[1][29][8]~0   ; 0                 ; 0       ;
;      - fir_filter_parallel_reduced_stream:impl|fir_filter_parallel_reduced:impl|history_next[1][29][9]~0   ; 0                 ; 0       ;
;      - fir_filter_parallel_reduced_stream:impl|fir_filter_parallel_reduced:impl|history_next[1][29][10]~0  ; 0                 ; 0       ;
;      - fir_filter_parallel_reduced_stream:impl|fir_filter_parallel_reduced:impl|history_next[1][29][11]~0  ; 0                 ; 0       ;
;      - fir_filter_parallel_reduced_stream:impl|fir_filter_parallel_reduced:impl|history_next[1][29][12]~0  ; 0                 ; 0       ;
;      - fir_filter_parallel_reduced_stream:impl|fir_filter_parallel_reduced:impl|history_next[1][29][13]~0  ; 0                 ; 0       ;
;      - fir_filter_parallel_reduced_stream:impl|fir_filter_parallel_reduced:impl|history_next[1][29][14]~0  ; 0                 ; 0       ;
;      - fir_filter_parallel_reduced_stream:impl|fir_filter_parallel_reduced:impl|history_next[1][29][15]~0  ; 0                 ; 0       ;
;      - fir_filter_parallel_reduced_stream:impl|fir_filter_parallel_reduced:impl|history_next[1][77][0]~0   ; 0                 ; 0       ;
;      - fir_filter_parallel_reduced_stream:impl|fir_filter_parallel_reduced:impl|history_next[1][77][1]~0   ; 0                 ; 0       ;
;      - fir_filter_parallel_reduced_stream:impl|fir_filter_parallel_reduced:impl|history_next[1][77][2]~0   ; 0                 ; 0       ;
;      - fir_filter_parallel_reduced_stream:impl|fir_filter_parallel_reduced:impl|history_next[1][77][3]~0   ; 0                 ; 0       ;
;      - fir_filter_parallel_reduced_stream:impl|fir_filter_parallel_reduced:impl|history_next[1][77][4]~0   ; 0                 ; 0       ;
;      - fir_filter_parallel_reduced_stream:impl|fir_filter_parallel_reduced:impl|history_next[1][77][5]~0   ; 0                 ; 0       ;
;      - fir_filter_parallel_reduced_stream:impl|fir_filter_parallel_reduced:impl|history_next[1][77][6]~0   ; 0                 ; 0       ;
;      - fir_filter_parallel_reduced_stream:impl|fir_filter_parallel_reduced:impl|history_next[1][77][7]~0   ; 0                 ; 0       ;
;      - fir_filter_parallel_reduced_stream:impl|fir_filter_parallel_reduced:impl|history_next[1][77][8]~0   ; 0                 ; 0       ;
;      - fir_filter_parallel_reduced_stream:impl|fir_filter_parallel_reduced:impl|history_next[1][77][9]~0   ; 0                 ; 0       ;
;      - fir_filter_parallel_reduced_stream:impl|fir_filter_parallel_reduced:impl|history_next[1][77][10]~0  ; 0                 ; 0       ;
;      - fir_filter_parallel_reduced_stream:impl|fir_filter_parallel_reduced:impl|history_next[1][77][11]~0  ; 0                 ; 0       ;
;      - fir_filter_parallel_reduced_stream:impl|fir_filter_parallel_reduced:impl|history_next[1][77][12]~0  ; 0                 ; 0       ;
;      - fir_filter_parallel_reduced_stream:impl|fir_filter_parallel_reduced:impl|history_next[1][77][13]~0  ; 0                 ; 0       ;
;      - fir_filter_parallel_reduced_stream:impl|fir_filter_parallel_reduced:impl|history_next[1][77][14]~0  ; 0                 ; 0       ;
;      - fir_filter_parallel_reduced_stream:impl|fir_filter_parallel_reduced:impl|history_next[1][77][15]~0  ; 0                 ; 0       ;
;      - fir_filter_parallel_reduced_stream:impl|fir_filter_parallel_reduced:impl|history_next[1][24][0]~0   ; 0                 ; 0       ;
;      - fir_filter_parallel_reduced_stream:impl|fir_filter_parallel_reduced:impl|history_next[1][24][1]~0   ; 0                 ; 0       ;
;      - fir_filter_parallel_reduced_stream:impl|fir_filter_parallel_reduced:impl|history_next[1][24][2]~0   ; 0                 ; 0       ;
;      - fir_filter_parallel_reduced_stream:impl|fir_filter_parallel_reduced:impl|history_next[1][24][3]~0   ; 0                 ; 0       ;
;      - fir_filter_parallel_reduced_stream:impl|fir_filter_parallel_reduced:impl|history_next[1][24][4]~0   ; 0                 ; 0       ;
;      - fir_filter_parallel_reduced_stream:impl|fir_filter_parallel_reduced:impl|history_next[1][24][5]~0   ; 0                 ; 0       ;
;      - fir_filter_parallel_reduced_stream:impl|fir_filter_parallel_reduced:impl|history_next[1][24][6]~0   ; 0                 ; 0       ;
;      - fir_filter_parallel_reduced_stream:impl|fir_filter_parallel_reduced:impl|history_next[1][24][7]~0   ; 0                 ; 0       ;
;      - fir_filter_parallel_reduced_stream:impl|fir_filter_parallel_reduced:impl|history_next[1][24][8]~0   ; 0                 ; 0       ;
;      - fir_filter_parallel_reduced_stream:impl|fir_filter_parallel_reduced:impl|history_next[1][24][9]~0   ; 0                 ; 0       ;
;      - fir_filter_parallel_reduced_stream:impl|fir_filter_parallel_reduced:impl|history_next[1][24][10]~0  ; 0                 ; 0       ;
;      - fir_filter_parallel_reduced_stream:impl|fir_filter_parallel_reduced:impl|history_next[1][24][11]~0  ; 0                 ; 0       ;
;      - fir_filter_parallel_reduced_stream:impl|fir_filter_parallel_reduced:impl|history_next[1][24][12]~0  ; 0                 ; 0       ;
;      - fir_filter_parallel_reduced_stream:impl|fir_filter_parallel_reduced:impl|history_next[1][24][13]~0  ; 0                 ; 0       ;
;      - fir_filter_parallel_reduced_stream:impl|fir_filter_parallel_reduced:impl|history_next[1][24][14]~0  ; 0                 ; 0       ;
;      - fir_filter_parallel_reduced_stream:impl|fir_filter_parallel_reduced:impl|history_next[1][24][15]~0  ; 0                 ; 0       ;
;      - fir_filter_parallel_reduced_stream:impl|fir_filter_parallel_reduced:impl|history_next[1][82][0]~0   ; 0                 ; 0       ;
;      - fir_filter_parallel_reduced_stream:impl|fir_filter_parallel_reduced:impl|history_next[1][82][1]~0   ; 0                 ; 0       ;
;      - fir_filter_parallel_reduced_stream:impl|fir_filter_parallel_reduced:impl|history_next[1][82][2]~0   ; 0                 ; 0       ;
;      - fir_filter_parallel_reduced_stream:impl|fir_filter_parallel_reduced:impl|history_next[1][82][3]~0   ; 0                 ; 0       ;
;      - fir_filter_parallel_reduced_stream:impl|fir_filter_parallel_reduced:impl|history_next[1][82][4]~0   ; 0                 ; 0       ;
;      - fir_filter_parallel_reduced_stream:impl|fir_filter_parallel_reduced:impl|history_next[1][82][5]~0   ; 0                 ; 0       ;
;      - fir_filter_parallel_reduced_stream:impl|fir_filter_parallel_reduced:impl|history_next[1][82][6]~0   ; 0                 ; 0       ;
;      - fir_filter_parallel_reduced_stream:impl|fir_filter_parallel_reduced:impl|history_next[1][82][7]~0   ; 0                 ; 0       ;
;      - fir_filter_parallel_reduced_stream:impl|fir_filter_parallel_reduced:impl|history_next[1][82][8]~0   ; 0                 ; 0       ;
;      - fir_filter_parallel_reduced_stream:impl|fir_filter_parallel_reduced:impl|history_next[1][82][9]~0   ; 0                 ; 0       ;
;      - fir_filter_parallel_reduced_stream:impl|fir_filter_parallel_reduced:impl|history_next[1][82][10]~0  ; 0                 ; 0       ;
;      - fir_filter_parallel_reduced_stream:impl|fir_filter_parallel_reduced:impl|history_next[1][82][11]~0  ; 0                 ; 0       ;
;      - fir_filter_parallel_reduced_stream:impl|fir_filter_parallel_reduced:impl|history_next[1][82][12]~0  ; 0                 ; 0       ;
;      - fir_filter_parallel_reduced_stream:impl|fir_filter_parallel_reduced:impl|history_next[1][82][13]~0  ; 0                 ; 0       ;
;      - fir_filter_parallel_reduced_stream:impl|fir_filter_parallel_reduced:impl|history_next[1][82][14]~0  ; 0                 ; 0       ;
;      - fir_filter_parallel_reduced_stream:impl|fir_filter_parallel_reduced:impl|history_next[1][82][15]~0  ; 0                 ; 0       ;
;      - fir_filter_parallel_reduced_stream:impl|fir_filter_parallel_reduced:impl|history_next[0][22][0]~0   ; 0                 ; 0       ;
;      - fir_filter_parallel_reduced_stream:impl|fir_filter_parallel_reduced:impl|history_next[0][22][1]~0   ; 0                 ; 0       ;
;      - fir_filter_parallel_reduced_stream:impl|fir_filter_parallel_reduced:impl|history_next[0][22][2]~0   ; 0                 ; 0       ;
;      - fir_filter_parallel_reduced_stream:impl|fir_filter_parallel_reduced:impl|history_next[0][22][3]~0   ; 0                 ; 0       ;
;      - fir_filter_parallel_reduced_stream:impl|fir_filter_parallel_reduced:impl|history_next[0][22][4]~0   ; 0                 ; 0       ;
;      - fir_filter_parallel_reduced_stream:impl|fir_filter_parallel_reduced:impl|history_next[0][22][5]~0   ; 0                 ; 0       ;
;      - fir_filter_parallel_reduced_stream:impl|fir_filter_parallel_reduced:impl|history_next[0][22][6]~0   ; 0                 ; 0       ;
;      - fir_filter_parallel_reduced_stream:impl|fir_filter_parallel_reduced:impl|history_next[0][22][7]~0   ; 0                 ; 0       ;
;      - fir_filter_parallel_reduced_stream:impl|fir_filter_parallel_reduced:impl|history_next[0][22][8]~0   ; 0                 ; 0       ;
;      - fir_filter_parallel_reduced_stream:impl|fir_filter_parallel_reduced:impl|history_next[0][22][9]~0   ; 0                 ; 0       ;
;      - fir_filter_parallel_reduced_stream:impl|fir_filter_parallel_reduced:impl|history_next[0][22][10]~0  ; 0                 ; 0       ;
;      - fir_filter_parallel_reduced_stream:impl|fir_filter_parallel_reduced:impl|history_next[0][22][11]~0  ; 0                 ; 0       ;
;      - fir_filter_parallel_reduced_stream:impl|fir_filter_parallel_reduced:impl|history_next[0][22][12]~0  ; 0                 ; 0       ;
;      - fir_filter_parallel_reduced_stream:impl|fir_filter_parallel_reduced:impl|history_next[0][22][13]~0  ; 0                 ; 0       ;
;      - fir_filter_parallel_reduced_stream:impl|fir_filter_parallel_reduced:impl|history_next[0][22][14]~0  ; 0                 ; 0       ;
;      - fir_filter_parallel_reduced_stream:impl|fir_filter_parallel_reduced:impl|history_next[0][22][15]~0  ; 0                 ; 0       ;
;      - fir_filter_parallel_reduced_stream:impl|fir_filter_parallel_reduced:impl|history_next[0][83][0]~0   ; 0                 ; 0       ;
;      - fir_filter_parallel_reduced_stream:impl|fir_filter_parallel_reduced:impl|history_next[0][83][1]~0   ; 0                 ; 0       ;
;      - fir_filter_parallel_reduced_stream:impl|fir_filter_parallel_reduced:impl|history_next[0][83][2]~0   ; 0                 ; 0       ;
;      - fir_filter_parallel_reduced_stream:impl|fir_filter_parallel_reduced:impl|history_next[0][83][3]~0   ; 0                 ; 0       ;
;      - fir_filter_parallel_reduced_stream:impl|fir_filter_parallel_reduced:impl|history_next[0][83][4]~0   ; 0                 ; 0       ;
;      - fir_filter_parallel_reduced_stream:impl|fir_filter_parallel_reduced:impl|history_next[0][83][5]~0   ; 0                 ; 0       ;
;      - fir_filter_parallel_reduced_stream:impl|fir_filter_parallel_reduced:impl|history_next[0][83][6]~0   ; 0                 ; 0       ;
;      - fir_filter_parallel_reduced_stream:impl|fir_filter_parallel_reduced:impl|history_next[0][83][7]~0   ; 0                 ; 0       ;
;      - fir_filter_parallel_reduced_stream:impl|fir_filter_parallel_reduced:impl|history_next[0][83][8]~0   ; 0                 ; 0       ;
;      - fir_filter_parallel_reduced_stream:impl|fir_filter_parallel_reduced:impl|history_next[0][83][9]~0   ; 0                 ; 0       ;
;      - fir_filter_parallel_reduced_stream:impl|fir_filter_parallel_reduced:impl|history_next[0][83][10]~0  ; 0                 ; 0       ;
;      - fir_filter_parallel_reduced_stream:impl|fir_filter_parallel_reduced:impl|history_next[0][83][11]~0  ; 0                 ; 0       ;
;      - fir_filter_parallel_reduced_stream:impl|fir_filter_parallel_reduced:impl|history_next[0][83][12]~0  ; 0                 ; 0       ;
;      - fir_filter_parallel_reduced_stream:impl|fir_filter_parallel_reduced:impl|history_next[0][83][13]~0  ; 0                 ; 0       ;
;      - fir_filter_parallel_reduced_stream:impl|fir_filter_parallel_reduced:impl|history_next[0][83][14]~0  ; 0                 ; 0       ;
;      - fir_filter_parallel_reduced_stream:impl|fir_filter_parallel_reduced:impl|history_next[0][83][15]~0  ; 0                 ; 0       ;
;      - fir_filter_parallel_reduced_stream:impl|fir_filter_parallel_reduced:impl|history_next[1][18][0]~0   ; 0                 ; 0       ;
;      - fir_filter_parallel_reduced_stream:impl|fir_filter_parallel_reduced:impl|history_next[1][18][1]~0   ; 0                 ; 0       ;
;      - fir_filter_parallel_reduced_stream:impl|fir_filter_parallel_reduced:impl|history_next[1][18][2]~0   ; 0                 ; 0       ;
;      - fir_filter_parallel_reduced_stream:impl|fir_filter_parallel_reduced:impl|history_next[1][18][3]~0   ; 0                 ; 0       ;
;      - fir_filter_parallel_reduced_stream:impl|fir_filter_parallel_reduced:impl|history_next[1][18][4]~0   ; 0                 ; 0       ;
;      - fir_filter_parallel_reduced_stream:impl|fir_filter_parallel_reduced:impl|history_next[1][18][5]~0   ; 0                 ; 0       ;
;      - fir_filter_parallel_reduced_stream:impl|fir_filter_parallel_reduced:impl|history_next[1][18][6]~0   ; 0                 ; 0       ;
;      - fir_filter_parallel_reduced_stream:impl|fir_filter_parallel_reduced:impl|history_next[1][18][7]~0   ; 0                 ; 0       ;
;      - fir_filter_parallel_reduced_stream:impl|fir_filter_parallel_reduced:impl|history_next[1][18][8]~0   ; 0                 ; 0       ;
;      - fir_filter_parallel_reduced_stream:impl|fir_filter_parallel_reduced:impl|history_next[1][18][9]~0   ; 0                 ; 0       ;
;      - fir_filter_parallel_reduced_stream:impl|fir_filter_parallel_reduced:impl|history_next[1][18][10]~0  ; 0                 ; 0       ;
;      - fir_filter_parallel_reduced_stream:impl|fir_filter_parallel_reduced:impl|history_next[1][18][11]~0  ; 0                 ; 0       ;
;      - fir_filter_parallel_reduced_stream:impl|fir_filter_parallel_reduced:impl|history_next[1][18][12]~0  ; 0                 ; 0       ;
;      - fir_filter_parallel_reduced_stream:impl|fir_filter_parallel_reduced:impl|history_next[1][18][13]~0  ; 0                 ; 0       ;
;      - fir_filter_parallel_reduced_stream:impl|fir_filter_parallel_reduced:impl|history_next[1][18][14]~0  ; 0                 ; 0       ;
;      - fir_filter_parallel_reduced_stream:impl|fir_filter_parallel_reduced:impl|history_next[1][18][15]~0  ; 0                 ; 0       ;
;      - fir_filter_parallel_reduced_stream:impl|fir_filter_parallel_reduced:impl|history_next[1][88][0]~0   ; 0                 ; 0       ;
;      - fir_filter_parallel_reduced_stream:impl|fir_filter_parallel_reduced:impl|history_next[1][88][1]~0   ; 0                 ; 0       ;
;      - fir_filter_parallel_reduced_stream:impl|fir_filter_parallel_reduced:impl|history_next[1][88][2]~0   ; 0                 ; 0       ;
;      - fir_filter_parallel_reduced_stream:impl|fir_filter_parallel_reduced:impl|history_next[1][88][3]~0   ; 0                 ; 0       ;
;      - fir_filter_parallel_reduced_stream:impl|fir_filter_parallel_reduced:impl|history_next[1][88][4]~0   ; 0                 ; 0       ;
;      - fir_filter_parallel_reduced_stream:impl|fir_filter_parallel_reduced:impl|history_next[1][88][5]~0   ; 0                 ; 0       ;
;      - fir_filter_parallel_reduced_stream:impl|fir_filter_parallel_reduced:impl|history_next[1][88][6]~0   ; 0                 ; 0       ;
;      - fir_filter_parallel_reduced_stream:impl|fir_filter_parallel_reduced:impl|history_next[1][88][7]~0   ; 0                 ; 0       ;
;      - fir_filter_parallel_reduced_stream:impl|fir_filter_parallel_reduced:impl|history_next[1][88][8]~0   ; 0                 ; 0       ;
;      - fir_filter_parallel_reduced_stream:impl|fir_filter_parallel_reduced:impl|history_next[1][88][9]~0   ; 0                 ; 0       ;
;      - fir_filter_parallel_reduced_stream:impl|fir_filter_parallel_reduced:impl|history_next[1][88][10]~0  ; 0                 ; 0       ;
;      - fir_filter_parallel_reduced_stream:impl|fir_filter_parallel_reduced:impl|history_next[1][88][11]~0  ; 0                 ; 0       ;
;      - fir_filter_parallel_reduced_stream:impl|fir_filter_parallel_reduced:impl|history_next[1][88][12]~0  ; 0                 ; 0       ;
;      - fir_filter_parallel_reduced_stream:impl|fir_filter_parallel_reduced:impl|history_next[1][88][13]~0  ; 0                 ; 0       ;
;      - fir_filter_parallel_reduced_stream:impl|fir_filter_parallel_reduced:impl|history_next[1][88][14]~0  ; 0                 ; 0       ;
;      - fir_filter_parallel_reduced_stream:impl|fir_filter_parallel_reduced:impl|history_next[1][88][15]~0  ; 0                 ; 0       ;
;      - fir_filter_parallel_reduced_stream:impl|fir_filter_parallel_reduced:impl|history_next[1][17][0]~0   ; 0                 ; 0       ;
;      - fir_filter_parallel_reduced_stream:impl|fir_filter_parallel_reduced:impl|history_next[1][17][1]~0   ; 0                 ; 0       ;
;      - fir_filter_parallel_reduced_stream:impl|fir_filter_parallel_reduced:impl|history_next[1][17][2]~0   ; 0                 ; 0       ;
;      - fir_filter_parallel_reduced_stream:impl|fir_filter_parallel_reduced:impl|history_next[1][17][3]~0   ; 0                 ; 0       ;
;      - fir_filter_parallel_reduced_stream:impl|fir_filter_parallel_reduced:impl|history_next[1][17][4]~0   ; 0                 ; 0       ;
;      - fir_filter_parallel_reduced_stream:impl|fir_filter_parallel_reduced:impl|history_next[1][17][5]~0   ; 0                 ; 0       ;
;      - fir_filter_parallel_reduced_stream:impl|fir_filter_parallel_reduced:impl|history_next[1][17][6]~0   ; 0                 ; 0       ;
;      - fir_filter_parallel_reduced_stream:impl|fir_filter_parallel_reduced:impl|history_next[1][17][7]~0   ; 0                 ; 0       ;
;      - fir_filter_parallel_reduced_stream:impl|fir_filter_parallel_reduced:impl|history_next[1][17][8]~0   ; 0                 ; 0       ;
;      - fir_filter_parallel_reduced_stream:impl|fir_filter_parallel_reduced:impl|history_next[1][17][9]~0   ; 0                 ; 0       ;
;      - fir_filter_parallel_reduced_stream:impl|fir_filter_parallel_reduced:impl|history_next[1][17][10]~0  ; 0                 ; 0       ;
;      - fir_filter_parallel_reduced_stream:impl|fir_filter_parallel_reduced:impl|history_next[1][17][11]~0  ; 0                 ; 0       ;
;      - fir_filter_parallel_reduced_stream:impl|fir_filter_parallel_reduced:impl|history_next[1][17][12]~0  ; 0                 ; 0       ;
;      - fir_filter_parallel_reduced_stream:impl|fir_filter_parallel_reduced:impl|history_next[1][17][13]~0  ; 0                 ; 0       ;
;      - fir_filter_parallel_reduced_stream:impl|fir_filter_parallel_reduced:impl|history_next[1][17][14]~0  ; 0                 ; 0       ;
;      - fir_filter_parallel_reduced_stream:impl|fir_filter_parallel_reduced:impl|history_next[1][17][15]~0  ; 0                 ; 0       ;
;      - fir_filter_parallel_reduced_stream:impl|fir_filter_parallel_reduced:impl|history_next[1][89][0]~0   ; 0                 ; 0       ;
;      - fir_filter_parallel_reduced_stream:impl|fir_filter_parallel_reduced:impl|history_next[1][89][1]~0   ; 0                 ; 0       ;
;      - fir_filter_parallel_reduced_stream:impl|fir_filter_parallel_reduced:impl|history_next[1][89][2]~0   ; 0                 ; 0       ;
;      - fir_filter_parallel_reduced_stream:impl|fir_filter_parallel_reduced:impl|history_next[1][89][3]~0   ; 0                 ; 0       ;
;      - fir_filter_parallel_reduced_stream:impl|fir_filter_parallel_reduced:impl|history_next[1][89][4]~0   ; 0                 ; 0       ;
;      - fir_filter_parallel_reduced_stream:impl|fir_filter_parallel_reduced:impl|history_next[1][89][5]~0   ; 0                 ; 0       ;
;      - fir_filter_parallel_reduced_stream:impl|fir_filter_parallel_reduced:impl|history_next[1][89][6]~0   ; 0                 ; 0       ;
;      - fir_filter_parallel_reduced_stream:impl|fir_filter_parallel_reduced:impl|history_next[1][89][7]~0   ; 0                 ; 0       ;
;      - fir_filter_parallel_reduced_stream:impl|fir_filter_parallel_reduced:impl|history_next[1][89][8]~0   ; 0                 ; 0       ;
;      - fir_filter_parallel_reduced_stream:impl|fir_filter_parallel_reduced:impl|history_next[1][89][9]~0   ; 0                 ; 0       ;
;      - fir_filter_parallel_reduced_stream:impl|fir_filter_parallel_reduced:impl|history_next[1][89][10]~0  ; 0                 ; 0       ;
;      - fir_filter_parallel_reduced_stream:impl|fir_filter_parallel_reduced:impl|history_next[1][89][11]~0  ; 0                 ; 0       ;
;      - fir_filter_parallel_reduced_stream:impl|fir_filter_parallel_reduced:impl|history_next[1][89][12]~0  ; 0                 ; 0       ;
;      - fir_filter_parallel_reduced_stream:impl|fir_filter_parallel_reduced:impl|history_next[1][89][13]~0  ; 0                 ; 0       ;
;      - fir_filter_parallel_reduced_stream:impl|fir_filter_parallel_reduced:impl|history_next[1][89][14]~0  ; 0                 ; 0       ;
;      - fir_filter_parallel_reduced_stream:impl|fir_filter_parallel_reduced:impl|history_next[1][89][15]~0  ; 0                 ; 0       ;
;      - fir_filter_parallel_reduced_stream:impl|fir_filter_parallel_reduced:impl|history_next[1][14][0]~0   ; 0                 ; 0       ;
;      - fir_filter_parallel_reduced_stream:impl|fir_filter_parallel_reduced:impl|history_next[1][14][1]~0   ; 0                 ; 0       ;
;      - fir_filter_parallel_reduced_stream:impl|fir_filter_parallel_reduced:impl|history_next[1][14][2]~0   ; 0                 ; 0       ;
;      - fir_filter_parallel_reduced_stream:impl|fir_filter_parallel_reduced:impl|history_next[1][14][3]~0   ; 0                 ; 0       ;
;      - fir_filter_parallel_reduced_stream:impl|fir_filter_parallel_reduced:impl|history_next[1][14][4]~0   ; 0                 ; 0       ;
;      - fir_filter_parallel_reduced_stream:impl|fir_filter_parallel_reduced:impl|history_next[1][14][5]~0   ; 0                 ; 0       ;
;      - fir_filter_parallel_reduced_stream:impl|fir_filter_parallel_reduced:impl|history_next[1][14][6]~0   ; 0                 ; 0       ;
;      - fir_filter_parallel_reduced_stream:impl|fir_filter_parallel_reduced:impl|history_next[1][14][7]~0   ; 0                 ; 0       ;
;      - fir_filter_parallel_reduced_stream:impl|fir_filter_parallel_reduced:impl|history_next[1][14][8]~0   ; 0                 ; 0       ;
;      - fir_filter_parallel_reduced_stream:impl|fir_filter_parallel_reduced:impl|history_next[1][14][9]~0   ; 0                 ; 0       ;
;      - fir_filter_parallel_reduced_stream:impl|fir_filter_parallel_reduced:impl|history_next[1][14][10]~0  ; 0                 ; 0       ;
;      - fir_filter_parallel_reduced_stream:impl|fir_filter_parallel_reduced:impl|history_next[1][14][11]~0  ; 0                 ; 0       ;
;      - fir_filter_parallel_reduced_stream:impl|fir_filter_parallel_reduced:impl|history_next[1][14][12]~0  ; 0                 ; 0       ;
;      - fir_filter_parallel_reduced_stream:impl|fir_filter_parallel_reduced:impl|history_next[1][14][13]~0  ; 0                 ; 0       ;
;      - fir_filter_parallel_reduced_stream:impl|fir_filter_parallel_reduced:impl|history_next[1][14][14]~0  ; 0                 ; 0       ;
;      - fir_filter_parallel_reduced_stream:impl|fir_filter_parallel_reduced:impl|history_next[1][14][15]~0  ; 0                 ; 0       ;
;      - fir_filter_parallel_reduced_stream:impl|fir_filter_parallel_reduced:impl|history_next[1][92][0]~0   ; 0                 ; 0       ;
;      - fir_filter_parallel_reduced_stream:impl|fir_filter_parallel_reduced:impl|history_next[1][92][1]~0   ; 0                 ; 0       ;
;      - fir_filter_parallel_reduced_stream:impl|fir_filter_parallel_reduced:impl|history_next[1][92][2]~0   ; 0                 ; 0       ;
;      - fir_filter_parallel_reduced_stream:impl|fir_filter_parallel_reduced:impl|history_next[1][92][3]~0   ; 0                 ; 0       ;
;      - fir_filter_parallel_reduced_stream:impl|fir_filter_parallel_reduced:impl|history_next[1][92][4]~0   ; 0                 ; 0       ;
;      - fir_filter_parallel_reduced_stream:impl|fir_filter_parallel_reduced:impl|history_next[1][92][5]~0   ; 0                 ; 0       ;
;      - fir_filter_parallel_reduced_stream:impl|fir_filter_parallel_reduced:impl|history_next[1][92][6]~0   ; 0                 ; 0       ;
;      - fir_filter_parallel_reduced_stream:impl|fir_filter_parallel_reduced:impl|history_next[1][92][7]~0   ; 0                 ; 0       ;
;      - fir_filter_parallel_reduced_stream:impl|fir_filter_parallel_reduced:impl|history_next[1][92][8]~0   ; 0                 ; 0       ;
;      - fir_filter_parallel_reduced_stream:impl|fir_filter_parallel_reduced:impl|history_next[1][92][9]~0   ; 0                 ; 0       ;
;      - fir_filter_parallel_reduced_stream:impl|fir_filter_parallel_reduced:impl|history_next[1][92][10]~0  ; 0                 ; 0       ;
;      - fir_filter_parallel_reduced_stream:impl|fir_filter_parallel_reduced:impl|history_next[1][92][11]~0  ; 0                 ; 0       ;
;      - fir_filter_parallel_reduced_stream:impl|fir_filter_parallel_reduced:impl|history_next[1][92][12]~0  ; 0                 ; 0       ;
;      - fir_filter_parallel_reduced_stream:impl|fir_filter_parallel_reduced:impl|history_next[1][92][13]~0  ; 0                 ; 0       ;
;      - fir_filter_parallel_reduced_stream:impl|fir_filter_parallel_reduced:impl|history_next[1][92][14]~0  ; 0                 ; 0       ;
;      - fir_filter_parallel_reduced_stream:impl|fir_filter_parallel_reduced:impl|history_next[1][92][15]~0  ; 0                 ; 0       ;
;      - fir_filter_parallel_reduced_stream:impl|fir_filter_parallel_reduced:impl|history_next[0][13][0]~0   ; 0                 ; 0       ;
;      - fir_filter_parallel_reduced_stream:impl|fir_filter_parallel_reduced:impl|history_next[0][13][1]~0   ; 0                 ; 0       ;
;      - fir_filter_parallel_reduced_stream:impl|fir_filter_parallel_reduced:impl|history_next[0][13][2]~0   ; 0                 ; 0       ;
;      - fir_filter_parallel_reduced_stream:impl|fir_filter_parallel_reduced:impl|history_next[0][13][3]~0   ; 0                 ; 0       ;
;      - fir_filter_parallel_reduced_stream:impl|fir_filter_parallel_reduced:impl|history_next[0][13][4]~0   ; 0                 ; 0       ;
;      - fir_filter_parallel_reduced_stream:impl|fir_filter_parallel_reduced:impl|history_next[0][13][5]~0   ; 0                 ; 0       ;
;      - fir_filter_parallel_reduced_stream:impl|fir_filter_parallel_reduced:impl|history_next[0][13][6]~0   ; 0                 ; 0       ;
;      - fir_filter_parallel_reduced_stream:impl|fir_filter_parallel_reduced:impl|history_next[0][13][7]~0   ; 0                 ; 0       ;
;      - fir_filter_parallel_reduced_stream:impl|fir_filter_parallel_reduced:impl|history_next[0][13][8]~0   ; 0                 ; 0       ;
;      - fir_filter_parallel_reduced_stream:impl|fir_filter_parallel_reduced:impl|history_next[0][13][9]~0   ; 0                 ; 0       ;
;      - fir_filter_parallel_reduced_stream:impl|fir_filter_parallel_reduced:impl|history_next[0][13][10]~0  ; 0                 ; 0       ;
;      - fir_filter_parallel_reduced_stream:impl|fir_filter_parallel_reduced:impl|history_next[0][13][11]~0  ; 0                 ; 0       ;
;      - fir_filter_parallel_reduced_stream:impl|fir_filter_parallel_reduced:impl|history_next[0][13][12]~0  ; 0                 ; 0       ;
;      - fir_filter_parallel_reduced_stream:impl|fir_filter_parallel_reduced:impl|history_next[0][13][13]~0  ; 0                 ; 0       ;
;      - fir_filter_parallel_reduced_stream:impl|fir_filter_parallel_reduced:impl|history_next[0][13][14]~0  ; 0                 ; 0       ;
;      - fir_filter_parallel_reduced_stream:impl|fir_filter_parallel_reduced:impl|history_next[0][13][15]~0  ; 0                 ; 0       ;
;      - fir_filter_parallel_reduced_stream:impl|fir_filter_parallel_reduced:impl|history_next[0][92][0]~0   ; 0                 ; 0       ;
;      - fir_filter_parallel_reduced_stream:impl|fir_filter_parallel_reduced:impl|history_next[0][92][1]~0   ; 0                 ; 0       ;
;      - fir_filter_parallel_reduced_stream:impl|fir_filter_parallel_reduced:impl|history_next[0][92][2]~0   ; 0                 ; 0       ;
;      - fir_filter_parallel_reduced_stream:impl|fir_filter_parallel_reduced:impl|history_next[0][92][3]~0   ; 0                 ; 0       ;
;      - fir_filter_parallel_reduced_stream:impl|fir_filter_parallel_reduced:impl|history_next[0][92][4]~0   ; 0                 ; 0       ;
;      - fir_filter_parallel_reduced_stream:impl|fir_filter_parallel_reduced:impl|history_next[0][92][5]~0   ; 0                 ; 0       ;
;      - fir_filter_parallel_reduced_stream:impl|fir_filter_parallel_reduced:impl|history_next[0][92][6]~0   ; 0                 ; 0       ;
;      - fir_filter_parallel_reduced_stream:impl|fir_filter_parallel_reduced:impl|history_next[0][92][7]~0   ; 0                 ; 0       ;
;      - fir_filter_parallel_reduced_stream:impl|fir_filter_parallel_reduced:impl|history_next[0][92][8]~0   ; 0                 ; 0       ;
;      - fir_filter_parallel_reduced_stream:impl|fir_filter_parallel_reduced:impl|history_next[0][92][9]~0   ; 0                 ; 0       ;
;      - fir_filter_parallel_reduced_stream:impl|fir_filter_parallel_reduced:impl|history_next[0][92][10]~0  ; 0                 ; 0       ;
;      - fir_filter_parallel_reduced_stream:impl|fir_filter_parallel_reduced:impl|history_next[0][92][11]~0  ; 0                 ; 0       ;
;      - fir_filter_parallel_reduced_stream:impl|fir_filter_parallel_reduced:impl|history_next[0][92][12]~0  ; 0                 ; 0       ;
;      - fir_filter_parallel_reduced_stream:impl|fir_filter_parallel_reduced:impl|history_next[0][92][13]~0  ; 0                 ; 0       ;
;      - fir_filter_parallel_reduced_stream:impl|fir_filter_parallel_reduced:impl|history_next[0][92][14]~0  ; 0                 ; 0       ;
;      - fir_filter_parallel_reduced_stream:impl|fir_filter_parallel_reduced:impl|history_next[0][92][15]~0  ; 0                 ; 0       ;
;      - fir_filter_parallel_reduced_stream:impl|fir_filter_parallel_reduced:impl|history_next[1][12][0]~0   ; 0                 ; 0       ;
;      - fir_filter_parallel_reduced_stream:impl|fir_filter_parallel_reduced:impl|history_next[1][12][1]~0   ; 0                 ; 0       ;
;      - fir_filter_parallel_reduced_stream:impl|fir_filter_parallel_reduced:impl|history_next[1][12][2]~0   ; 0                 ; 0       ;
;      - fir_filter_parallel_reduced_stream:impl|fir_filter_parallel_reduced:impl|history_next[1][12][3]~0   ; 0                 ; 0       ;
;      - fir_filter_parallel_reduced_stream:impl|fir_filter_parallel_reduced:impl|history_next[1][12][4]~0   ; 0                 ; 0       ;
;      - fir_filter_parallel_reduced_stream:impl|fir_filter_parallel_reduced:impl|history_next[1][12][5]~0   ; 0                 ; 0       ;
;      - fir_filter_parallel_reduced_stream:impl|fir_filter_parallel_reduced:impl|history_next[1][12][6]~0   ; 0                 ; 0       ;
;      - fir_filter_parallel_reduced_stream:impl|fir_filter_parallel_reduced:impl|history_next[1][12][7]~0   ; 0                 ; 0       ;
;      - fir_filter_parallel_reduced_stream:impl|fir_filter_parallel_reduced:impl|history_next[1][12][8]~0   ; 0                 ; 0       ;
;      - fir_filter_parallel_reduced_stream:impl|fir_filter_parallel_reduced:impl|history_next[1][12][9]~0   ; 0                 ; 0       ;
;      - fir_filter_parallel_reduced_stream:impl|fir_filter_parallel_reduced:impl|history_next[1][12][10]~0  ; 0                 ; 0       ;
;      - fir_filter_parallel_reduced_stream:impl|fir_filter_parallel_reduced:impl|history_next[1][12][11]~0  ; 0                 ; 0       ;
;      - fir_filter_parallel_reduced_stream:impl|fir_filter_parallel_reduced:impl|history_next[1][12][12]~0  ; 0                 ; 0       ;
;      - fir_filter_parallel_reduced_stream:impl|fir_filter_parallel_reduced:impl|history_next[1][12][13]~0  ; 0                 ; 0       ;
;      - fir_filter_parallel_reduced_stream:impl|fir_filter_parallel_reduced:impl|history_next[1][12][14]~0  ; 0                 ; 0       ;
;      - fir_filter_parallel_reduced_stream:impl|fir_filter_parallel_reduced:impl|history_next[1][12][15]~0  ; 0                 ; 0       ;
;      - fir_filter_parallel_reduced_stream:impl|fir_filter_parallel_reduced:impl|history_next[1][94][0]~0   ; 0                 ; 0       ;
;      - fir_filter_parallel_reduced_stream:impl|fir_filter_parallel_reduced:impl|history_next[1][94][1]~0   ; 0                 ; 0       ;
;      - fir_filter_parallel_reduced_stream:impl|fir_filter_parallel_reduced:impl|history_next[1][94][2]~0   ; 0                 ; 0       ;
;      - fir_filter_parallel_reduced_stream:impl|fir_filter_parallel_reduced:impl|history_next[1][94][3]~0   ; 0                 ; 0       ;
;      - fir_filter_parallel_reduced_stream:impl|fir_filter_parallel_reduced:impl|history_next[1][94][4]~0   ; 0                 ; 0       ;
;      - fir_filter_parallel_reduced_stream:impl|fir_filter_parallel_reduced:impl|history_next[1][94][5]~0   ; 0                 ; 0       ;
;      - fir_filter_parallel_reduced_stream:impl|fir_filter_parallel_reduced:impl|history_next[1][94][6]~0   ; 0                 ; 0       ;
;      - fir_filter_parallel_reduced_stream:impl|fir_filter_parallel_reduced:impl|history_next[1][94][7]~0   ; 0                 ; 0       ;
;      - fir_filter_parallel_reduced_stream:impl|fir_filter_parallel_reduced:impl|history_next[1][94][8]~0   ; 0                 ; 0       ;
;      - fir_filter_parallel_reduced_stream:impl|fir_filter_parallel_reduced:impl|history_next[1][94][9]~0   ; 0                 ; 0       ;
;      - fir_filter_parallel_reduced_stream:impl|fir_filter_parallel_reduced:impl|history_next[1][94][10]~0  ; 0                 ; 0       ;
;      - fir_filter_parallel_reduced_stream:impl|fir_filter_parallel_reduced:impl|history_next[1][94][11]~0  ; 0                 ; 0       ;
;      - fir_filter_parallel_reduced_stream:impl|fir_filter_parallel_reduced:impl|history_next[1][94][12]~0  ; 0                 ; 0       ;
;      - fir_filter_parallel_reduced_stream:impl|fir_filter_parallel_reduced:impl|history_next[1][94][13]~0  ; 0                 ; 0       ;
;      - fir_filter_parallel_reduced_stream:impl|fir_filter_parallel_reduced:impl|history_next[1][94][14]~0  ; 0                 ; 0       ;
;      - fir_filter_parallel_reduced_stream:impl|fir_filter_parallel_reduced:impl|history_next[1][94][15]~0  ; 0                 ; 0       ;
;      - fir_filter_parallel_reduced_stream:impl|fir_filter_parallel_reduced:impl|history_next[1][11][0]~0   ; 0                 ; 0       ;
;      - fir_filter_parallel_reduced_stream:impl|fir_filter_parallel_reduced:impl|history_next[1][11][1]~0   ; 0                 ; 0       ;
;      - fir_filter_parallel_reduced_stream:impl|fir_filter_parallel_reduced:impl|history_next[1][11][2]~0   ; 0                 ; 0       ;
;      - fir_filter_parallel_reduced_stream:impl|fir_filter_parallel_reduced:impl|history_next[1][11][3]~0   ; 0                 ; 0       ;
;      - fir_filter_parallel_reduced_stream:impl|fir_filter_parallel_reduced:impl|history_next[1][11][4]~0   ; 0                 ; 0       ;
;      - fir_filter_parallel_reduced_stream:impl|fir_filter_parallel_reduced:impl|history_next[1][11][5]~0   ; 0                 ; 0       ;
;      - fir_filter_parallel_reduced_stream:impl|fir_filter_parallel_reduced:impl|history_next[1][11][6]~0   ; 0                 ; 0       ;
;      - fir_filter_parallel_reduced_stream:impl|fir_filter_parallel_reduced:impl|history_next[1][11][7]~0   ; 0                 ; 0       ;
;      - fir_filter_parallel_reduced_stream:impl|fir_filter_parallel_reduced:impl|history_next[1][11][8]~0   ; 0                 ; 0       ;
;      - fir_filter_parallel_reduced_stream:impl|fir_filter_parallel_reduced:impl|history_next[1][11][9]~0   ; 0                 ; 0       ;
;      - fir_filter_parallel_reduced_stream:impl|fir_filter_parallel_reduced:impl|history_next[1][11][10]~0  ; 0                 ; 0       ;
;      - fir_filter_parallel_reduced_stream:impl|fir_filter_parallel_reduced:impl|history_next[1][11][11]~0  ; 0                 ; 0       ;
;      - fir_filter_parallel_reduced_stream:impl|fir_filter_parallel_reduced:impl|history_next[1][11][12]~0  ; 0                 ; 0       ;
;      - fir_filter_parallel_reduced_stream:impl|fir_filter_parallel_reduced:impl|history_next[1][11][13]~0  ; 0                 ; 0       ;
;      - fir_filter_parallel_reduced_stream:impl|fir_filter_parallel_reduced:impl|history_next[1][11][14]~0  ; 0                 ; 0       ;
;      - fir_filter_parallel_reduced_stream:impl|fir_filter_parallel_reduced:impl|history_next[1][11][15]~0  ; 0                 ; 0       ;
;      - fir_filter_parallel_reduced_stream:impl|fir_filter_parallel_reduced:impl|history_next[1][95][0]~0   ; 0                 ; 0       ;
;      - fir_filter_parallel_reduced_stream:impl|fir_filter_parallel_reduced:impl|history_next[1][95][1]~0   ; 0                 ; 0       ;
;      - fir_filter_parallel_reduced_stream:impl|fir_filter_parallel_reduced:impl|history_next[1][95][2]~0   ; 0                 ; 0       ;
;      - fir_filter_parallel_reduced_stream:impl|fir_filter_parallel_reduced:impl|history_next[1][95][3]~0   ; 0                 ; 0       ;
;      - fir_filter_parallel_reduced_stream:impl|fir_filter_parallel_reduced:impl|history_next[1][95][4]~0   ; 0                 ; 0       ;
;      - fir_filter_parallel_reduced_stream:impl|fir_filter_parallel_reduced:impl|history_next[1][95][5]~0   ; 0                 ; 0       ;
;      - fir_filter_parallel_reduced_stream:impl|fir_filter_parallel_reduced:impl|history_next[1][95][6]~0   ; 0                 ; 0       ;
;      - fir_filter_parallel_reduced_stream:impl|fir_filter_parallel_reduced:impl|history_next[1][95][7]~0   ; 0                 ; 0       ;
;      - fir_filter_parallel_reduced_stream:impl|fir_filter_parallel_reduced:impl|history_next[1][95][8]~0   ; 0                 ; 0       ;
;      - fir_filter_parallel_reduced_stream:impl|fir_filter_parallel_reduced:impl|history_next[1][95][9]~0   ; 0                 ; 0       ;
;      - fir_filter_parallel_reduced_stream:impl|fir_filter_parallel_reduced:impl|history_next[1][95][10]~0  ; 0                 ; 0       ;
;      - fir_filter_parallel_reduced_stream:impl|fir_filter_parallel_reduced:impl|history_next[1][95][11]~0  ; 0                 ; 0       ;
;      - fir_filter_parallel_reduced_stream:impl|fir_filter_parallel_reduced:impl|history_next[1][95][12]~0  ; 0                 ; 0       ;
;      - fir_filter_parallel_reduced_stream:impl|fir_filter_parallel_reduced:impl|history_next[1][95][13]~0  ; 0                 ; 0       ;
;      - fir_filter_parallel_reduced_stream:impl|fir_filter_parallel_reduced:impl|history_next[1][95][14]~0  ; 0                 ; 0       ;
;      - fir_filter_parallel_reduced_stream:impl|fir_filter_parallel_reduced:impl|history_next[1][95][15]~0  ; 0                 ; 0       ;
;      - fir_filter_parallel_reduced_stream:impl|fir_filter_parallel_reduced:impl|history_next[0][2][0]~0    ; 0                 ; 0       ;
;      - fir_filter_parallel_reduced_stream:impl|fir_filter_parallel_reduced:impl|history_next[0][2][1]~0    ; 0                 ; 0       ;
;      - fir_filter_parallel_reduced_stream:impl|fir_filter_parallel_reduced:impl|history_next[0][2][2]~0    ; 0                 ; 0       ;
;      - fir_filter_parallel_reduced_stream:impl|fir_filter_parallel_reduced:impl|history_next[0][2][3]~0    ; 0                 ; 0       ;
;      - fir_filter_parallel_reduced_stream:impl|fir_filter_parallel_reduced:impl|history_next[0][2][4]~0    ; 0                 ; 0       ;
;      - fir_filter_parallel_reduced_stream:impl|fir_filter_parallel_reduced:impl|history_next[0][2][5]~0    ; 0                 ; 0       ;
;      - fir_filter_parallel_reduced_stream:impl|fir_filter_parallel_reduced:impl|history_next[0][2][6]~0    ; 0                 ; 0       ;
;      - fir_filter_parallel_reduced_stream:impl|fir_filter_parallel_reduced:impl|history_next[0][2][7]~0    ; 0                 ; 0       ;
;      - fir_filter_parallel_reduced_stream:impl|fir_filter_parallel_reduced:impl|history_next[0][2][8]~0    ; 0                 ; 0       ;
;      - fir_filter_parallel_reduced_stream:impl|fir_filter_parallel_reduced:impl|history_next[0][2][9]~0    ; 0                 ; 0       ;
;      - fir_filter_parallel_reduced_stream:impl|fir_filter_parallel_reduced:impl|history_next[0][2][10]~0   ; 0                 ; 0       ;
;      - fir_filter_parallel_reduced_stream:impl|fir_filter_parallel_reduced:impl|history_next[0][2][11]~0   ; 0                 ; 0       ;
;      - fir_filter_parallel_reduced_stream:impl|fir_filter_parallel_reduced:impl|history_next[0][2][12]~0   ; 0                 ; 0       ;
;      - fir_filter_parallel_reduced_stream:impl|fir_filter_parallel_reduced:impl|history_next[0][2][13]~0   ; 0                 ; 0       ;
;      - fir_filter_parallel_reduced_stream:impl|fir_filter_parallel_reduced:impl|history_next[0][2][14]~0   ; 0                 ; 0       ;
;      - fir_filter_parallel_reduced_stream:impl|fir_filter_parallel_reduced:impl|history_next[0][2][15]~0   ; 0                 ; 0       ;
;      - fir_filter_parallel_reduced_stream:impl|fir_filter_parallel_reduced:impl|history_next[0][103][0]~0  ; 0                 ; 0       ;
;      - fir_filter_parallel_reduced_stream:impl|fir_filter_parallel_reduced:impl|history_next[0][103][1]~0  ; 0                 ; 0       ;
;      - fir_filter_parallel_reduced_stream:impl|fir_filter_parallel_reduced:impl|history_next[0][103][2]~0  ; 0                 ; 0       ;
;      - fir_filter_parallel_reduced_stream:impl|fir_filter_parallel_reduced:impl|history_next[0][103][3]~0  ; 0                 ; 0       ;
;      - fir_filter_parallel_reduced_stream:impl|fir_filter_parallel_reduced:impl|history_next[0][103][4]~0  ; 0                 ; 0       ;
;      - fir_filter_parallel_reduced_stream:impl|fir_filter_parallel_reduced:impl|history_next[0][103][5]~0  ; 0                 ; 0       ;
;      - fir_filter_parallel_reduced_stream:impl|fir_filter_parallel_reduced:impl|history_next[0][103][6]~0  ; 0                 ; 0       ;
;      - fir_filter_parallel_reduced_stream:impl|fir_filter_parallel_reduced:impl|history_next[0][103][7]~0  ; 0                 ; 0       ;
;      - fir_filter_parallel_reduced_stream:impl|fir_filter_parallel_reduced:impl|history_next[0][103][8]~0  ; 0                 ; 0       ;
;      - fir_filter_parallel_reduced_stream:impl|fir_filter_parallel_reduced:impl|history_next[0][103][9]~0  ; 0                 ; 0       ;
;      - fir_filter_parallel_reduced_stream:impl|fir_filter_parallel_reduced:impl|history_next[0][103][10]~0 ; 0                 ; 0       ;
;      - fir_filter_parallel_reduced_stream:impl|fir_filter_parallel_reduced:impl|history_next[0][103][11]~0 ; 0                 ; 0       ;
;      - fir_filter_parallel_reduced_stream:impl|fir_filter_parallel_reduced:impl|history_next[0][103][12]~0 ; 0                 ; 0       ;
;      - fir_filter_parallel_reduced_stream:impl|fir_filter_parallel_reduced:impl|history_next[0][103][13]~0 ; 0                 ; 0       ;
;      - fir_filter_parallel_reduced_stream:impl|fir_filter_parallel_reduced:impl|history_next[0][103][14]~0 ; 0                 ; 0       ;
;      - fir_filter_parallel_reduced_stream:impl|fir_filter_parallel_reduced:impl|history_next[0][103][15]~0 ; 0                 ; 0       ;
;      - fir_filter_parallel_reduced_stream:impl|fir_filter_parallel_reduced:impl|history_next[1][27][0]~0   ; 0                 ; 0       ;
;      - fir_filter_parallel_reduced_stream:impl|fir_filter_parallel_reduced:impl|history_next[1][27][1]~0   ; 0                 ; 0       ;
;      - fir_filter_parallel_reduced_stream:impl|fir_filter_parallel_reduced:impl|history_next[1][27][2]~0   ; 0                 ; 0       ;
;      - fir_filter_parallel_reduced_stream:impl|fir_filter_parallel_reduced:impl|history_next[1][27][3]~0   ; 0                 ; 0       ;
;      - fir_filter_parallel_reduced_stream:impl|fir_filter_parallel_reduced:impl|history_next[1][27][4]~0   ; 0                 ; 0       ;
;      - fir_filter_parallel_reduced_stream:impl|fir_filter_parallel_reduced:impl|history_next[1][27][5]~0   ; 0                 ; 0       ;
;      - fir_filter_parallel_reduced_stream:impl|fir_filter_parallel_reduced:impl|history_next[1][27][6]~0   ; 0                 ; 0       ;
;      - fir_filter_parallel_reduced_stream:impl|fir_filter_parallel_reduced:impl|history_next[1][27][7]~0   ; 0                 ; 0       ;
;      - fir_filter_parallel_reduced_stream:impl|fir_filter_parallel_reduced:impl|history_next[1][27][8]~0   ; 0                 ; 0       ;
;      - fir_filter_parallel_reduced_stream:impl|fir_filter_parallel_reduced:impl|history_next[1][27][9]~0   ; 0                 ; 0       ;
;      - fir_filter_parallel_reduced_stream:impl|fir_filter_parallel_reduced:impl|history_next[1][27][10]~0  ; 0                 ; 0       ;
;      - fir_filter_parallel_reduced_stream:impl|fir_filter_parallel_reduced:impl|history_next[1][27][11]~0  ; 0                 ; 0       ;
;      - fir_filter_parallel_reduced_stream:impl|fir_filter_parallel_reduced:impl|history_next[1][27][12]~0  ; 0                 ; 0       ;
;      - fir_filter_parallel_reduced_stream:impl|fir_filter_parallel_reduced:impl|history_next[1][27][13]~0  ; 0                 ; 0       ;
;      - fir_filter_parallel_reduced_stream:impl|fir_filter_parallel_reduced:impl|history_next[1][27][14]~0  ; 0                 ; 0       ;
;      - fir_filter_parallel_reduced_stream:impl|fir_filter_parallel_reduced:impl|history_next[1][27][15]~0  ; 0                 ; 0       ;
;      - fir_filter_parallel_reduced_stream:impl|fir_filter_parallel_reduced:impl|history_next[1][79][0]~0   ; 0                 ; 0       ;
;      - fir_filter_parallel_reduced_stream:impl|fir_filter_parallel_reduced:impl|history_next[1][79][1]~0   ; 0                 ; 0       ;
;      - fir_filter_parallel_reduced_stream:impl|fir_filter_parallel_reduced:impl|history_next[1][79][2]~0   ; 0                 ; 0       ;
;      - fir_filter_parallel_reduced_stream:impl|fir_filter_parallel_reduced:impl|history_next[1][79][3]~0   ; 0                 ; 0       ;
;      - fir_filter_parallel_reduced_stream:impl|fir_filter_parallel_reduced:impl|history_next[1][79][4]~0   ; 0                 ; 0       ;
;      - fir_filter_parallel_reduced_stream:impl|fir_filter_parallel_reduced:impl|history_next[1][79][5]~0   ; 0                 ; 0       ;
;      - fir_filter_parallel_reduced_stream:impl|fir_filter_parallel_reduced:impl|history_next[1][79][6]~0   ; 0                 ; 0       ;
;      - fir_filter_parallel_reduced_stream:impl|fir_filter_parallel_reduced:impl|history_next[1][79][7]~0   ; 0                 ; 0       ;
;      - fir_filter_parallel_reduced_stream:impl|fir_filter_parallel_reduced:impl|history_next[1][79][8]~0   ; 0                 ; 0       ;
;      - fir_filter_parallel_reduced_stream:impl|fir_filter_parallel_reduced:impl|history_next[1][79][9]~0   ; 0                 ; 0       ;
;      - fir_filter_parallel_reduced_stream:impl|fir_filter_parallel_reduced:impl|history_next[1][79][10]~0  ; 0                 ; 0       ;
;      - fir_filter_parallel_reduced_stream:impl|fir_filter_parallel_reduced:impl|history_next[1][79][11]~0  ; 0                 ; 0       ;
;      - fir_filter_parallel_reduced_stream:impl|fir_filter_parallel_reduced:impl|history_next[1][79][12]~0  ; 0                 ; 0       ;
;      - fir_filter_parallel_reduced_stream:impl|fir_filter_parallel_reduced:impl|history_next[1][79][13]~0  ; 0                 ; 0       ;
;      - fir_filter_parallel_reduced_stream:impl|fir_filter_parallel_reduced:impl|history_next[1][79][14]~0  ; 0                 ; 0       ;
;      - fir_filter_parallel_reduced_stream:impl|fir_filter_parallel_reduced:impl|history_next[1][79][15]~0  ; 0                 ; 0       ;
;      - fir_filter_parallel_reduced_stream:impl|fir_filter_parallel_reduced:impl|history_next[1][22][0]~0   ; 0                 ; 0       ;
;      - fir_filter_parallel_reduced_stream:impl|fir_filter_parallel_reduced:impl|history_next[1][22][1]~0   ; 0                 ; 0       ;
;      - fir_filter_parallel_reduced_stream:impl|fir_filter_parallel_reduced:impl|history_next[1][22][2]~0   ; 0                 ; 0       ;
;      - fir_filter_parallel_reduced_stream:impl|fir_filter_parallel_reduced:impl|history_next[1][22][3]~0   ; 0                 ; 0       ;
;      - fir_filter_parallel_reduced_stream:impl|fir_filter_parallel_reduced:impl|history_next[1][22][4]~0   ; 0                 ; 0       ;
;      - fir_filter_parallel_reduced_stream:impl|fir_filter_parallel_reduced:impl|history_next[1][22][5]~0   ; 0                 ; 0       ;
;      - fir_filter_parallel_reduced_stream:impl|fir_filter_parallel_reduced:impl|history_next[1][22][6]~0   ; 0                 ; 0       ;
;      - fir_filter_parallel_reduced_stream:impl|fir_filter_parallel_reduced:impl|history_next[1][22][7]~0   ; 0                 ; 0       ;
;      - fir_filter_parallel_reduced_stream:impl|fir_filter_parallel_reduced:impl|history_next[1][22][8]~0   ; 0                 ; 0       ;
;      - fir_filter_parallel_reduced_stream:impl|fir_filter_parallel_reduced:impl|history_next[1][22][9]~0   ; 0                 ; 0       ;
;      - fir_filter_parallel_reduced_stream:impl|fir_filter_parallel_reduced:impl|history_next[1][22][10]~0  ; 0                 ; 0       ;
;      - fir_filter_parallel_reduced_stream:impl|fir_filter_parallel_reduced:impl|history_next[1][22][11]~0  ; 0                 ; 0       ;
;      - fir_filter_parallel_reduced_stream:impl|fir_filter_parallel_reduced:impl|history_next[1][22][12]~0  ; 0                 ; 0       ;
;      - fir_filter_parallel_reduced_stream:impl|fir_filter_parallel_reduced:impl|history_next[1][22][13]~0  ; 0                 ; 0       ;
;      - fir_filter_parallel_reduced_stream:impl|fir_filter_parallel_reduced:impl|history_next[1][22][14]~0  ; 0                 ; 0       ;
;      - fir_filter_parallel_reduced_stream:impl|fir_filter_parallel_reduced:impl|history_next[1][22][15]~0  ; 0                 ; 0       ;
;      - fir_filter_parallel_reduced_stream:impl|fir_filter_parallel_reduced:impl|history_next[1][84][0]~0   ; 0                 ; 0       ;
;      - fir_filter_parallel_reduced_stream:impl|fir_filter_parallel_reduced:impl|history_next[1][84][1]~0   ; 0                 ; 0       ;
;      - fir_filter_parallel_reduced_stream:impl|fir_filter_parallel_reduced:impl|history_next[1][84][2]~0   ; 0                 ; 0       ;
;      - fir_filter_parallel_reduced_stream:impl|fir_filter_parallel_reduced:impl|history_next[1][84][3]~0   ; 0                 ; 0       ;
;      - fir_filter_parallel_reduced_stream:impl|fir_filter_parallel_reduced:impl|history_next[1][84][4]~0   ; 0                 ; 0       ;
;      - fir_filter_parallel_reduced_stream:impl|fir_filter_parallel_reduced:impl|history_next[1][84][5]~0   ; 0                 ; 0       ;
;      - fir_filter_parallel_reduced_stream:impl|fir_filter_parallel_reduced:impl|history_next[1][84][6]~0   ; 0                 ; 0       ;
;      - fir_filter_parallel_reduced_stream:impl|fir_filter_parallel_reduced:impl|history_next[1][84][7]~0   ; 0                 ; 0       ;
;      - fir_filter_parallel_reduced_stream:impl|fir_filter_parallel_reduced:impl|history_next[1][84][8]~0   ; 0                 ; 0       ;
;      - fir_filter_parallel_reduced_stream:impl|fir_filter_parallel_reduced:impl|history_next[1][84][9]~0   ; 0                 ; 0       ;
;      - fir_filter_parallel_reduced_stream:impl|fir_filter_parallel_reduced:impl|history_next[1][84][10]~0  ; 0                 ; 0       ;
;      - fir_filter_parallel_reduced_stream:impl|fir_filter_parallel_reduced:impl|history_next[1][84][11]~0  ; 0                 ; 0       ;
;      - fir_filter_parallel_reduced_stream:impl|fir_filter_parallel_reduced:impl|history_next[1][84][12]~0  ; 0                 ; 0       ;
;      - fir_filter_parallel_reduced_stream:impl|fir_filter_parallel_reduced:impl|history_next[1][84][13]~0  ; 0                 ; 0       ;
;      - fir_filter_parallel_reduced_stream:impl|fir_filter_parallel_reduced:impl|history_next[1][84][14]~0  ; 0                 ; 0       ;
;      - fir_filter_parallel_reduced_stream:impl|fir_filter_parallel_reduced:impl|history_next[1][84][15]~0  ; 0                 ; 0       ;
;      - fir_filter_parallel_reduced_stream:impl|fir_filter_parallel_reduced:impl|history_next[1][81][15]~0  ; 0                 ; 0       ;
;      - fir_filter_parallel_reduced_stream:impl|fir_filter_parallel_reduced:impl|history_next[0][27][0]~0   ; 0                 ; 0       ;
;      - fir_filter_parallel_reduced_stream:impl|fir_filter_parallel_reduced:impl|history_next[0][27][1]~0   ; 0                 ; 0       ;
;      - fir_filter_parallel_reduced_stream:impl|fir_filter_parallel_reduced:impl|history_next[0][27][2]~0   ; 0                 ; 0       ;
;      - fir_filter_parallel_reduced_stream:impl|fir_filter_parallel_reduced:impl|history_next[0][27][3]~0   ; 0                 ; 0       ;
;      - fir_filter_parallel_reduced_stream:impl|fir_filter_parallel_reduced:impl|history_next[0][27][4]~0   ; 0                 ; 0       ;
;      - fir_filter_parallel_reduced_stream:impl|fir_filter_parallel_reduced:impl|history_next[0][27][5]~0   ; 0                 ; 0       ;
;      - fir_filter_parallel_reduced_stream:impl|fir_filter_parallel_reduced:impl|history_next[0][27][6]~0   ; 0                 ; 0       ;
;      - fir_filter_parallel_reduced_stream:impl|fir_filter_parallel_reduced:impl|history_next[0][27][7]~0   ; 0                 ; 0       ;
;      - fir_filter_parallel_reduced_stream:impl|fir_filter_parallel_reduced:impl|history_next[0][27][8]~0   ; 0                 ; 0       ;
;      - fir_filter_parallel_reduced_stream:impl|fir_filter_parallel_reduced:impl|history_next[0][27][9]~0   ; 0                 ; 0       ;
;      - fir_filter_parallel_reduced_stream:impl|fir_filter_parallel_reduced:impl|history_next[0][27][10]~0  ; 0                 ; 0       ;
;      - fir_filter_parallel_reduced_stream:impl|fir_filter_parallel_reduced:impl|history_next[0][27][11]~0  ; 0                 ; 0       ;
;      - fir_filter_parallel_reduced_stream:impl|fir_filter_parallel_reduced:impl|history_next[0][27][12]~0  ; 0                 ; 0       ;
;      - fir_filter_parallel_reduced_stream:impl|fir_filter_parallel_reduced:impl|history_next[0][27][13]~0  ; 0                 ; 0       ;
;      - fir_filter_parallel_reduced_stream:impl|fir_filter_parallel_reduced:impl|history_next[0][27][14]~0  ; 0                 ; 0       ;
;      - fir_filter_parallel_reduced_stream:impl|fir_filter_parallel_reduced:impl|history_next[0][27][15]~0  ; 0                 ; 0       ;
;      - fir_filter_parallel_reduced_stream:impl|fir_filter_parallel_reduced:impl|history_next[0][77][0]~0   ; 0                 ; 0       ;
;      - fir_filter_parallel_reduced_stream:impl|fir_filter_parallel_reduced:impl|history_next[0][77][1]~0   ; 0                 ; 0       ;
;      - fir_filter_parallel_reduced_stream:impl|fir_filter_parallel_reduced:impl|history_next[0][77][2]~0   ; 0                 ; 0       ;
;      - fir_filter_parallel_reduced_stream:impl|fir_filter_parallel_reduced:impl|history_next[0][77][3]~0   ; 0                 ; 0       ;
;      - fir_filter_parallel_reduced_stream:impl|fir_filter_parallel_reduced:impl|history_next[0][77][4]~0   ; 0                 ; 0       ;
;      - fir_filter_parallel_reduced_stream:impl|fir_filter_parallel_reduced:impl|history_next[0][77][5]~0   ; 0                 ; 0       ;
;      - fir_filter_parallel_reduced_stream:impl|fir_filter_parallel_reduced:impl|history_next[0][77][6]~0   ; 0                 ; 0       ;
;      - fir_filter_parallel_reduced_stream:impl|fir_filter_parallel_reduced:impl|history_next[0][77][7]~0   ; 0                 ; 0       ;
;      - fir_filter_parallel_reduced_stream:impl|fir_filter_parallel_reduced:impl|history_next[0][77][8]~0   ; 0                 ; 0       ;
;      - fir_filter_parallel_reduced_stream:impl|fir_filter_parallel_reduced:impl|history_next[0][77][9]~0   ; 0                 ; 0       ;
;      - fir_filter_parallel_reduced_stream:impl|fir_filter_parallel_reduced:impl|history_next[0][77][10]~0  ; 0                 ; 0       ;
;      - fir_filter_parallel_reduced_stream:impl|fir_filter_parallel_reduced:impl|history_next[0][77][11]~0  ; 0                 ; 0       ;
;      - fir_filter_parallel_reduced_stream:impl|fir_filter_parallel_reduced:impl|history_next[0][77][12]~0  ; 0                 ; 0       ;
;      - fir_filter_parallel_reduced_stream:impl|fir_filter_parallel_reduced:impl|history_next[0][77][13]~0  ; 0                 ; 0       ;
;      - fir_filter_parallel_reduced_stream:impl|fir_filter_parallel_reduced:impl|history_next[0][77][14]~0  ; 0                 ; 0       ;
;      - fir_filter_parallel_reduced_stream:impl|fir_filter_parallel_reduced:impl|history_next[0][77][15]~0  ; 0                 ; 0       ;
;      - fir_filter_parallel_reduced_stream:impl|fir_filter_parallel_reduced:impl|history_next[0][79][0]~0   ; 0                 ; 0       ;
;      - fir_filter_parallel_reduced_stream:impl|fir_filter_parallel_reduced:impl|history_next[0][79][1]~0   ; 0                 ; 0       ;
;      - fir_filter_parallel_reduced_stream:impl|fir_filter_parallel_reduced:impl|history_next[0][79][2]~0   ; 0                 ; 0       ;
;      - fir_filter_parallel_reduced_stream:impl|fir_filter_parallel_reduced:impl|history_next[0][79][3]~0   ; 0                 ; 0       ;
;      - fir_filter_parallel_reduced_stream:impl|fir_filter_parallel_reduced:impl|history_next[0][79][4]~0   ; 0                 ; 0       ;
;      - fir_filter_parallel_reduced_stream:impl|fir_filter_parallel_reduced:impl|history_next[0][79][5]~0   ; 0                 ; 0       ;
;      - fir_filter_parallel_reduced_stream:impl|fir_filter_parallel_reduced:impl|history_next[0][79][6]~0   ; 0                 ; 0       ;
;      - fir_filter_parallel_reduced_stream:impl|fir_filter_parallel_reduced:impl|history_next[0][79][7]~0   ; 0                 ; 0       ;
;      - fir_filter_parallel_reduced_stream:impl|fir_filter_parallel_reduced:impl|history_next[0][79][8]~0   ; 0                 ; 0       ;
;      - fir_filter_parallel_reduced_stream:impl|fir_filter_parallel_reduced:impl|history_next[0][79][9]~0   ; 0                 ; 0       ;
;      - fir_filter_parallel_reduced_stream:impl|fir_filter_parallel_reduced:impl|history_next[0][79][10]~0  ; 0                 ; 0       ;
;      - fir_filter_parallel_reduced_stream:impl|fir_filter_parallel_reduced:impl|history_next[0][79][11]~0  ; 0                 ; 0       ;
;      - fir_filter_parallel_reduced_stream:impl|fir_filter_parallel_reduced:impl|history_next[0][79][12]~0  ; 0                 ; 0       ;
;      - fir_filter_parallel_reduced_stream:impl|fir_filter_parallel_reduced:impl|history_next[0][79][13]~0  ; 0                 ; 0       ;
;      - fir_filter_parallel_reduced_stream:impl|fir_filter_parallel_reduced:impl|history_next[0][79][14]~0  ; 0                 ; 0       ;
;      - fir_filter_parallel_reduced_stream:impl|fir_filter_parallel_reduced:impl|history_next[0][79][15]~0  ; 0                 ; 0       ;
;      - fir_filter_parallel_reduced_stream:impl|fir_filter_parallel_reduced:impl|history_next[1][25][0]~0   ; 0                 ; 0       ;
;      - fir_filter_parallel_reduced_stream:impl|fir_filter_parallel_reduced:impl|history_next[1][25][1]~0   ; 0                 ; 0       ;
;      - fir_filter_parallel_reduced_stream:impl|fir_filter_parallel_reduced:impl|history_next[1][25][2]~0   ; 0                 ; 0       ;
;      - fir_filter_parallel_reduced_stream:impl|fir_filter_parallel_reduced:impl|history_next[1][25][3]~0   ; 0                 ; 0       ;
;      - fir_filter_parallel_reduced_stream:impl|fir_filter_parallel_reduced:impl|history_next[1][25][4]~0   ; 0                 ; 0       ;
;      - fir_filter_parallel_reduced_stream:impl|fir_filter_parallel_reduced:impl|history_next[1][25][5]~0   ; 0                 ; 0       ;
;      - fir_filter_parallel_reduced_stream:impl|fir_filter_parallel_reduced:impl|history_next[1][25][6]~0   ; 0                 ; 0       ;
;      - fir_filter_parallel_reduced_stream:impl|fir_filter_parallel_reduced:impl|history_next[1][25][7]~0   ; 0                 ; 0       ;
;      - fir_filter_parallel_reduced_stream:impl|fir_filter_parallel_reduced:impl|history_next[1][25][8]~0   ; 0                 ; 0       ;
;      - fir_filter_parallel_reduced_stream:impl|fir_filter_parallel_reduced:impl|history_next[1][25][9]~0   ; 0                 ; 0       ;
;      - fir_filter_parallel_reduced_stream:impl|fir_filter_parallel_reduced:impl|history_next[1][25][10]~0  ; 0                 ; 0       ;
;      - fir_filter_parallel_reduced_stream:impl|fir_filter_parallel_reduced:impl|history_next[1][25][11]~0  ; 0                 ; 0       ;
;      - fir_filter_parallel_reduced_stream:impl|fir_filter_parallel_reduced:impl|history_next[1][25][12]~0  ; 0                 ; 0       ;
;      - fir_filter_parallel_reduced_stream:impl|fir_filter_parallel_reduced:impl|history_next[1][25][13]~0  ; 0                 ; 0       ;
;      - fir_filter_parallel_reduced_stream:impl|fir_filter_parallel_reduced:impl|history_next[1][25][14]~0  ; 0                 ; 0       ;
;      - fir_filter_parallel_reduced_stream:impl|fir_filter_parallel_reduced:impl|history_next[1][25][15]~0  ; 0                 ; 0       ;
;      - fir_filter_parallel_reduced_stream:impl|fir_filter_parallel_reduced:impl|history_next[1][19][0]~0   ; 0                 ; 0       ;
;      - fir_filter_parallel_reduced_stream:impl|fir_filter_parallel_reduced:impl|history_next[1][19][1]~0   ; 0                 ; 0       ;
;      - fir_filter_parallel_reduced_stream:impl|fir_filter_parallel_reduced:impl|history_next[1][19][2]~0   ; 0                 ; 0       ;
;      - fir_filter_parallel_reduced_stream:impl|fir_filter_parallel_reduced:impl|history_next[1][19][3]~0   ; 0                 ; 0       ;
;      - fir_filter_parallel_reduced_stream:impl|fir_filter_parallel_reduced:impl|history_next[1][19][4]~0   ; 0                 ; 0       ;
;      - fir_filter_parallel_reduced_stream:impl|fir_filter_parallel_reduced:impl|history_next[1][19][5]~0   ; 0                 ; 0       ;
;      - fir_filter_parallel_reduced_stream:impl|fir_filter_parallel_reduced:impl|history_next[1][19][6]~0   ; 0                 ; 0       ;
;      - fir_filter_parallel_reduced_stream:impl|fir_filter_parallel_reduced:impl|history_next[1][19][7]~0   ; 0                 ; 0       ;
;      - fir_filter_parallel_reduced_stream:impl|fir_filter_parallel_reduced:impl|history_next[1][19][8]~0   ; 0                 ; 0       ;
;      - fir_filter_parallel_reduced_stream:impl|fir_filter_parallel_reduced:impl|history_next[1][19][9]~0   ; 0                 ; 0       ;
;      - fir_filter_parallel_reduced_stream:impl|fir_filter_parallel_reduced:impl|history_next[1][19][10]~0  ; 0                 ; 0       ;
;      - fir_filter_parallel_reduced_stream:impl|fir_filter_parallel_reduced:impl|history_next[1][19][11]~0  ; 0                 ; 0       ;
;      - fir_filter_parallel_reduced_stream:impl|fir_filter_parallel_reduced:impl|history_next[1][19][12]~0  ; 0                 ; 0       ;
;      - fir_filter_parallel_reduced_stream:impl|fir_filter_parallel_reduced:impl|history_next[1][19][13]~0  ; 0                 ; 0       ;
;      - fir_filter_parallel_reduced_stream:impl|fir_filter_parallel_reduced:impl|history_next[1][19][14]~0  ; 0                 ; 0       ;
;      - fir_filter_parallel_reduced_stream:impl|fir_filter_parallel_reduced:impl|history_next[1][19][15]~0  ; 0                 ; 0       ;
;      - fir_filter_parallel_reduced_stream:impl|fir_filter_parallel_reduced:impl|history_next[1][86][0]~0   ; 0                 ; 0       ;
;      - fir_filter_parallel_reduced_stream:impl|fir_filter_parallel_reduced:impl|history_next[1][86][1]~0   ; 0                 ; 0       ;
;      - fir_filter_parallel_reduced_stream:impl|fir_filter_parallel_reduced:impl|history_next[1][86][2]~0   ; 0                 ; 0       ;
;      - fir_filter_parallel_reduced_stream:impl|fir_filter_parallel_reduced:impl|history_next[1][86][3]~0   ; 0                 ; 0       ;
;      - fir_filter_parallel_reduced_stream:impl|fir_filter_parallel_reduced:impl|history_next[1][86][4]~0   ; 0                 ; 0       ;
;      - fir_filter_parallel_reduced_stream:impl|fir_filter_parallel_reduced:impl|history_next[1][86][5]~0   ; 0                 ; 0       ;
;      - fir_filter_parallel_reduced_stream:impl|fir_filter_parallel_reduced:impl|history_next[1][86][6]~0   ; 0                 ; 0       ;
;      - fir_filter_parallel_reduced_stream:impl|fir_filter_parallel_reduced:impl|history_next[1][86][7]~0   ; 0                 ; 0       ;
;      - fir_filter_parallel_reduced_stream:impl|fir_filter_parallel_reduced:impl|history_next[1][86][8]~0   ; 0                 ; 0       ;
;      - fir_filter_parallel_reduced_stream:impl|fir_filter_parallel_reduced:impl|history_next[1][86][9]~0   ; 0                 ; 0       ;
;      - fir_filter_parallel_reduced_stream:impl|fir_filter_parallel_reduced:impl|history_next[1][86][10]~0  ; 0                 ; 0       ;
;      - fir_filter_parallel_reduced_stream:impl|fir_filter_parallel_reduced:impl|history_next[1][86][11]~0  ; 0                 ; 0       ;
;      - fir_filter_parallel_reduced_stream:impl|fir_filter_parallel_reduced:impl|history_next[1][86][12]~0  ; 0                 ; 0       ;
;      - fir_filter_parallel_reduced_stream:impl|fir_filter_parallel_reduced:impl|history_next[1][86][13]~0  ; 0                 ; 0       ;
;      - fir_filter_parallel_reduced_stream:impl|fir_filter_parallel_reduced:impl|history_next[1][86][14]~0  ; 0                 ; 0       ;
;      - fir_filter_parallel_reduced_stream:impl|fir_filter_parallel_reduced:impl|history_next[1][86][15]~0  ; 0                 ; 0       ;
;      - fir_filter_parallel_reduced_stream:impl|fir_filter_parallel_reduced:impl|history_next[0][12][0]~0   ; 0                 ; 0       ;
;      - fir_filter_parallel_reduced_stream:impl|fir_filter_parallel_reduced:impl|history_next[0][12][1]~0   ; 0                 ; 0       ;
;      - fir_filter_parallel_reduced_stream:impl|fir_filter_parallel_reduced:impl|history_next[0][12][2]~0   ; 0                 ; 0       ;
;      - fir_filter_parallel_reduced_stream:impl|fir_filter_parallel_reduced:impl|history_next[0][12][3]~0   ; 0                 ; 0       ;
;      - fir_filter_parallel_reduced_stream:impl|fir_filter_parallel_reduced:impl|history_next[0][12][4]~0   ; 0                 ; 0       ;
;      - fir_filter_parallel_reduced_stream:impl|fir_filter_parallel_reduced:impl|history_next[0][12][5]~0   ; 0                 ; 0       ;
;      - fir_filter_parallel_reduced_stream:impl|fir_filter_parallel_reduced:impl|history_next[0][12][6]~0   ; 0                 ; 0       ;
;      - fir_filter_parallel_reduced_stream:impl|fir_filter_parallel_reduced:impl|history_next[0][12][7]~0   ; 0                 ; 0       ;
;      - fir_filter_parallel_reduced_stream:impl|fir_filter_parallel_reduced:impl|history_next[0][12][8]~0   ; 0                 ; 0       ;
;      - fir_filter_parallel_reduced_stream:impl|fir_filter_parallel_reduced:impl|history_next[0][12][9]~0   ; 0                 ; 0       ;
;      - fir_filter_parallel_reduced_stream:impl|fir_filter_parallel_reduced:impl|history_next[0][12][10]~0  ; 0                 ; 0       ;
;      - fir_filter_parallel_reduced_stream:impl|fir_filter_parallel_reduced:impl|history_next[0][12][11]~0  ; 0                 ; 0       ;
;      - fir_filter_parallel_reduced_stream:impl|fir_filter_parallel_reduced:impl|history_next[0][12][12]~0  ; 0                 ; 0       ;
;      - fir_filter_parallel_reduced_stream:impl|fir_filter_parallel_reduced:impl|history_next[0][12][13]~0  ; 0                 ; 0       ;
;      - fir_filter_parallel_reduced_stream:impl|fir_filter_parallel_reduced:impl|history_next[0][12][14]~0  ; 0                 ; 0       ;
;      - fir_filter_parallel_reduced_stream:impl|fir_filter_parallel_reduced:impl|history_next[0][12][15]~0  ; 0                 ; 0       ;
;      - fir_filter_parallel_reduced_stream:impl|fir_filter_parallel_reduced:impl|history_next[1][81][0]~0   ; 0                 ; 0       ;
;      - fir_filter_parallel_reduced_stream:impl|fir_filter_parallel_reduced:impl|history_next[1][81][1]~0   ; 0                 ; 0       ;
;      - fir_filter_parallel_reduced_stream:impl|fir_filter_parallel_reduced:impl|history_next[1][81][2]~0   ; 0                 ; 0       ;
;      - fir_filter_parallel_reduced_stream:impl|fir_filter_parallel_reduced:impl|history_next[1][81][3]~0   ; 0                 ; 0       ;
;      - fir_filter_parallel_reduced_stream:impl|fir_filter_parallel_reduced:impl|history_next[1][81][4]~0   ; 0                 ; 0       ;
;      - fir_filter_parallel_reduced_stream:impl|fir_filter_parallel_reduced:impl|history_next[1][81][5]~0   ; 0                 ; 0       ;
;      - fir_filter_parallel_reduced_stream:impl|fir_filter_parallel_reduced:impl|history_next[1][81][6]~0   ; 0                 ; 0       ;
;      - fir_filter_parallel_reduced_stream:impl|fir_filter_parallel_reduced:impl|history_next[1][81][7]~0   ; 0                 ; 0       ;
;      - fir_filter_parallel_reduced_stream:impl|fir_filter_parallel_reduced:impl|history_next[1][81][8]~0   ; 0                 ; 0       ;
;      - fir_filter_parallel_reduced_stream:impl|fir_filter_parallel_reduced:impl|history_next[1][81][9]~0   ; 0                 ; 0       ;
;      - fir_filter_parallel_reduced_stream:impl|fir_filter_parallel_reduced:impl|history_next[1][81][10]~0  ; 0                 ; 0       ;
;      - fir_filter_parallel_reduced_stream:impl|fir_filter_parallel_reduced:impl|history_next[1][81][11]~0  ; 0                 ; 0       ;
;      - fir_filter_parallel_reduced_stream:impl|fir_filter_parallel_reduced:impl|history_next[1][81][12]~0  ; 0                 ; 0       ;
;      - fir_filter_parallel_reduced_stream:impl|fir_filter_parallel_reduced:impl|history_next[1][81][13]~0  ; 0                 ; 0       ;
;      - fir_filter_parallel_reduced_stream:impl|fir_filter_parallel_reduced:impl|history_next[1][81][14]~0  ; 0                 ; 0       ;
;      - fir_filter_parallel_reduced_stream:impl|fir_filter_parallel_reduced:impl|history_next[0][4][0]~0    ; 0                 ; 0       ;
;      - fir_filter_parallel_reduced_stream:impl|fir_filter_parallel_reduced:impl|history_next[0][4][1]~0    ; 0                 ; 0       ;
;      - fir_filter_parallel_reduced_stream:impl|fir_filter_parallel_reduced:impl|history_next[0][4][2]~0    ; 0                 ; 0       ;
;      - fir_filter_parallel_reduced_stream:impl|fir_filter_parallel_reduced:impl|history_next[0][4][3]~0    ; 0                 ; 0       ;
;      - fir_filter_parallel_reduced_stream:impl|fir_filter_parallel_reduced:impl|history_next[0][4][4]~0    ; 0                 ; 0       ;
;      - fir_filter_parallel_reduced_stream:impl|fir_filter_parallel_reduced:impl|history_next[0][4][5]~0    ; 0                 ; 0       ;
;      - fir_filter_parallel_reduced_stream:impl|fir_filter_parallel_reduced:impl|history_next[0][4][6]~0    ; 0                 ; 0       ;
;      - fir_filter_parallel_reduced_stream:impl|fir_filter_parallel_reduced:impl|history_next[0][4][7]~0    ; 0                 ; 0       ;
;      - fir_filter_parallel_reduced_stream:impl|fir_filter_parallel_reduced:impl|history_next[0][4][8]~0    ; 0                 ; 0       ;
;      - fir_filter_parallel_reduced_stream:impl|fir_filter_parallel_reduced:impl|history_next[0][4][9]~0    ; 0                 ; 0       ;
;      - fir_filter_parallel_reduced_stream:impl|fir_filter_parallel_reduced:impl|history_next[0][4][10]~0   ; 0                 ; 0       ;
;      - fir_filter_parallel_reduced_stream:impl|fir_filter_parallel_reduced:impl|history_next[0][4][11]~0   ; 0                 ; 0       ;
;      - fir_filter_parallel_reduced_stream:impl|fir_filter_parallel_reduced:impl|history_next[0][4][12]~0   ; 0                 ; 0       ;
;      - fir_filter_parallel_reduced_stream:impl|fir_filter_parallel_reduced:impl|history_next[0][4][13]~0   ; 0                 ; 0       ;
;      - fir_filter_parallel_reduced_stream:impl|fir_filter_parallel_reduced:impl|history_next[0][4][14]~0   ; 0                 ; 0       ;
;      - fir_filter_parallel_reduced_stream:impl|fir_filter_parallel_reduced:impl|history_next[0][4][15]~0   ; 0                 ; 0       ;
;      - fir_filter_parallel_reduced_stream:impl|fir_filter_parallel_reduced:impl|history_next[1][104][15]~0 ; 0                 ; 0       ;
;      - fir_filter_parallel_reduced_stream:impl|fir_filter_parallel_reduced:impl|history_next[1][105][15]~0 ; 0                 ; 0       ;
;      - fir_filter_parallel_reduced_stream:impl|fir_filter_parallel_reduced:impl|history_next[1][51][0]~0   ; 0                 ; 0       ;
;      - fir_filter_parallel_reduced_stream:impl|fir_filter_parallel_reduced:impl|history_next[1][51][1]~0   ; 0                 ; 0       ;
;      - fir_filter_parallel_reduced_stream:impl|fir_filter_parallel_reduced:impl|history_next[1][51][2]~0   ; 0                 ; 0       ;
;      - fir_filter_parallel_reduced_stream:impl|fir_filter_parallel_reduced:impl|history_next[1][51][3]~0   ; 0                 ; 0       ;
;      - fir_filter_parallel_reduced_stream:impl|fir_filter_parallel_reduced:impl|history_next[1][51][4]~0   ; 0                 ; 0       ;
;      - fir_filter_parallel_reduced_stream:impl|fir_filter_parallel_reduced:impl|history_next[1][51][5]~0   ; 0                 ; 0       ;
;      - fir_filter_parallel_reduced_stream:impl|fir_filter_parallel_reduced:impl|history_next[1][51][6]~0   ; 0                 ; 0       ;
;      - fir_filter_parallel_reduced_stream:impl|fir_filter_parallel_reduced:impl|history_next[1][51][7]~0   ; 0                 ; 0       ;
;      - fir_filter_parallel_reduced_stream:impl|fir_filter_parallel_reduced:impl|history_next[1][51][8]~0   ; 0                 ; 0       ;
;      - fir_filter_parallel_reduced_stream:impl|fir_filter_parallel_reduced:impl|history_next[1][51][9]~0   ; 0                 ; 0       ;
;      - fir_filter_parallel_reduced_stream:impl|fir_filter_parallel_reduced:impl|history_next[1][51][10]~0  ; 0                 ; 0       ;
;      - fir_filter_parallel_reduced_stream:impl|fir_filter_parallel_reduced:impl|history_next[1][51][11]~0  ; 0                 ; 0       ;
;      - fir_filter_parallel_reduced_stream:impl|fir_filter_parallel_reduced:impl|history_next[1][51][12]~0  ; 0                 ; 0       ;
;      - fir_filter_parallel_reduced_stream:impl|fir_filter_parallel_reduced:impl|history_next[1][51][13]~0  ; 0                 ; 0       ;
;      - fir_filter_parallel_reduced_stream:impl|fir_filter_parallel_reduced:impl|history_next[1][51][14]~0  ; 0                 ; 0       ;
;      - fir_filter_parallel_reduced_stream:impl|fir_filter_parallel_reduced:impl|history_next[1][51][15]~0  ; 0                 ; 0       ;
;      - fir_filter_parallel_reduced_stream:impl|fir_filter_parallel_reduced:impl|history_next[0][55][0]~0   ; 0                 ; 0       ;
;      - fir_filter_parallel_reduced_stream:impl|fir_filter_parallel_reduced:impl|history_next[0][55][1]~0   ; 0                 ; 0       ;
;      - fir_filter_parallel_reduced_stream:impl|fir_filter_parallel_reduced:impl|history_next[0][55][2]~0   ; 0                 ; 0       ;
;      - fir_filter_parallel_reduced_stream:impl|fir_filter_parallel_reduced:impl|history_next[0][55][3]~0   ; 0                 ; 0       ;
;      - fir_filter_parallel_reduced_stream:impl|fir_filter_parallel_reduced:impl|history_next[0][55][4]~0   ; 0                 ; 0       ;
;      - fir_filter_parallel_reduced_stream:impl|fir_filter_parallel_reduced:impl|history_next[0][55][5]~0   ; 0                 ; 0       ;
;      - fir_filter_parallel_reduced_stream:impl|fir_filter_parallel_reduced:impl|history_next[0][55][6]~0   ; 0                 ; 0       ;
;      - fir_filter_parallel_reduced_stream:impl|fir_filter_parallel_reduced:impl|history_next[0][55][7]~0   ; 0                 ; 0       ;
;      - fir_filter_parallel_reduced_stream:impl|fir_filter_parallel_reduced:impl|history_next[0][55][8]~0   ; 0                 ; 0       ;
;      - fir_filter_parallel_reduced_stream:impl|fir_filter_parallel_reduced:impl|history_next[0][55][9]~0   ; 0                 ; 0       ;
;      - fir_filter_parallel_reduced_stream:impl|fir_filter_parallel_reduced:impl|history_next[0][55][10]~0  ; 0                 ; 0       ;
;      - fir_filter_parallel_reduced_stream:impl|fir_filter_parallel_reduced:impl|history_next[0][55][11]~0  ; 0                 ; 0       ;
;      - fir_filter_parallel_reduced_stream:impl|fir_filter_parallel_reduced:impl|history_next[0][55][12]~0  ; 0                 ; 0       ;
;      - fir_filter_parallel_reduced_stream:impl|fir_filter_parallel_reduced:impl|history_next[0][55][13]~0  ; 0                 ; 0       ;
;      - fir_filter_parallel_reduced_stream:impl|fir_filter_parallel_reduced:impl|history_next[0][55][14]~0  ; 0                 ; 0       ;
;      - fir_filter_parallel_reduced_stream:impl|fir_filter_parallel_reduced:impl|history_next[0][55][15]~0  ; 0                 ; 0       ;
;      - fir_filter_parallel_reduced_stream:impl|fir_filter_parallel_reduced:impl|history_next[0][48][0]~0   ; 0                 ; 0       ;
;      - fir_filter_parallel_reduced_stream:impl|fir_filter_parallel_reduced:impl|history_next[0][48][1]~0   ; 0                 ; 0       ;
;      - fir_filter_parallel_reduced_stream:impl|fir_filter_parallel_reduced:impl|history_next[0][48][2]~0   ; 0                 ; 0       ;
;      - fir_filter_parallel_reduced_stream:impl|fir_filter_parallel_reduced:impl|history_next[0][48][3]~0   ; 0                 ; 0       ;
;      - fir_filter_parallel_reduced_stream:impl|fir_filter_parallel_reduced:impl|history_next[0][48][4]~0   ; 0                 ; 0       ;
;      - fir_filter_parallel_reduced_stream:impl|fir_filter_parallel_reduced:impl|history_next[0][48][5]~0   ; 0                 ; 0       ;
;      - fir_filter_parallel_reduced_stream:impl|fir_filter_parallel_reduced:impl|history_next[0][48][6]~0   ; 0                 ; 0       ;
;      - fir_filter_parallel_reduced_stream:impl|fir_filter_parallel_reduced:impl|history_next[0][48][7]~0   ; 0                 ; 0       ;
;      - fir_filter_parallel_reduced_stream:impl|fir_filter_parallel_reduced:impl|history_next[0][48][8]~0   ; 0                 ; 0       ;
;      - fir_filter_parallel_reduced_stream:impl|fir_filter_parallel_reduced:impl|history_next[0][48][9]~0   ; 0                 ; 0       ;
;      - fir_filter_parallel_reduced_stream:impl|fir_filter_parallel_reduced:impl|history_next[0][48][10]~0  ; 0                 ; 0       ;
;      - fir_filter_parallel_reduced_stream:impl|fir_filter_parallel_reduced:impl|history_next[0][48][11]~0  ; 0                 ; 0       ;
;      - fir_filter_parallel_reduced_stream:impl|fir_filter_parallel_reduced:impl|history_next[0][48][12]~0  ; 0                 ; 0       ;
;      - fir_filter_parallel_reduced_stream:impl|fir_filter_parallel_reduced:impl|history_next[0][48][13]~0  ; 0                 ; 0       ;
;      - fir_filter_parallel_reduced_stream:impl|fir_filter_parallel_reduced:impl|history_next[0][48][14]~0  ; 0                 ; 0       ;
;      - fir_filter_parallel_reduced_stream:impl|fir_filter_parallel_reduced:impl|history_next[0][48][15]~0  ; 0                 ; 0       ;
;      - fir_filter_parallel_reduced_stream:impl|fir_filter_parallel_reduced:impl|history_next[1][21][0]~0   ; 0                 ; 0       ;
;      - fir_filter_parallel_reduced_stream:impl|fir_filter_parallel_reduced:impl|history_next[1][21][1]~0   ; 0                 ; 0       ;
;      - fir_filter_parallel_reduced_stream:impl|fir_filter_parallel_reduced:impl|history_next[1][21][2]~0   ; 0                 ; 0       ;
;      - fir_filter_parallel_reduced_stream:impl|fir_filter_parallel_reduced:impl|history_next[1][21][3]~0   ; 0                 ; 0       ;
;      - fir_filter_parallel_reduced_stream:impl|fir_filter_parallel_reduced:impl|history_next[1][21][4]~0   ; 0                 ; 0       ;
;      - fir_filter_parallel_reduced_stream:impl|fir_filter_parallel_reduced:impl|history_next[1][21][5]~0   ; 0                 ; 0       ;
;      - fir_filter_parallel_reduced_stream:impl|fir_filter_parallel_reduced:impl|history_next[1][21][6]~0   ; 0                 ; 0       ;
;      - fir_filter_parallel_reduced_stream:impl|fir_filter_parallel_reduced:impl|history_next[1][21][7]~0   ; 0                 ; 0       ;
;      - fir_filter_parallel_reduced_stream:impl|fir_filter_parallel_reduced:impl|history_next[1][21][8]~0   ; 0                 ; 0       ;
;      - fir_filter_parallel_reduced_stream:impl|fir_filter_parallel_reduced:impl|history_next[1][21][9]~0   ; 0                 ; 0       ;
;      - fir_filter_parallel_reduced_stream:impl|fir_filter_parallel_reduced:impl|history_next[1][21][10]~0  ; 0                 ; 0       ;
;      - fir_filter_parallel_reduced_stream:impl|fir_filter_parallel_reduced:impl|history_next[1][21][11]~0  ; 0                 ; 0       ;
;      - fir_filter_parallel_reduced_stream:impl|fir_filter_parallel_reduced:impl|history_next[1][21][12]~0  ; 0                 ; 0       ;
;      - fir_filter_parallel_reduced_stream:impl|fir_filter_parallel_reduced:impl|history_next[1][21][13]~0  ; 0                 ; 0       ;
;      - fir_filter_parallel_reduced_stream:impl|fir_filter_parallel_reduced:impl|history_next[1][21][14]~0  ; 0                 ; 0       ;
;      - fir_filter_parallel_reduced_stream:impl|fir_filter_parallel_reduced:impl|history_next[1][21][15]~0  ; 0                 ; 0       ;
;      - fir_filter_parallel_reduced_stream:impl|fir_filter_parallel_reduced:impl|history_next[1][90][0]~0   ; 0                 ; 0       ;
;      - fir_filter_parallel_reduced_stream:impl|fir_filter_parallel_reduced:impl|history_next[1][90][1]~0   ; 0                 ; 0       ;
;      - fir_filter_parallel_reduced_stream:impl|fir_filter_parallel_reduced:impl|history_next[1][90][2]~0   ; 0                 ; 0       ;
;      - fir_filter_parallel_reduced_stream:impl|fir_filter_parallel_reduced:impl|history_next[1][90][3]~0   ; 0                 ; 0       ;
;      - fir_filter_parallel_reduced_stream:impl|fir_filter_parallel_reduced:impl|history_next[1][90][4]~0   ; 0                 ; 0       ;
;      - fir_filter_parallel_reduced_stream:impl|fir_filter_parallel_reduced:impl|history_next[1][90][5]~0   ; 0                 ; 0       ;
;      - fir_filter_parallel_reduced_stream:impl|fir_filter_parallel_reduced:impl|history_next[1][90][6]~0   ; 0                 ; 0       ;
;      - fir_filter_parallel_reduced_stream:impl|fir_filter_parallel_reduced:impl|history_next[1][90][7]~0   ; 0                 ; 0       ;
;      - fir_filter_parallel_reduced_stream:impl|fir_filter_parallel_reduced:impl|history_next[1][90][8]~0   ; 0                 ; 0       ;
;      - fir_filter_parallel_reduced_stream:impl|fir_filter_parallel_reduced:impl|history_next[1][90][9]~0   ; 0                 ; 0       ;
;      - fir_filter_parallel_reduced_stream:impl|fir_filter_parallel_reduced:impl|history_next[1][90][10]~0  ; 0                 ; 0       ;
;      - fir_filter_parallel_reduced_stream:impl|fir_filter_parallel_reduced:impl|history_next[1][90][11]~0  ; 0                 ; 0       ;
;      - fir_filter_parallel_reduced_stream:impl|fir_filter_parallel_reduced:impl|history_next[1][90][12]~0  ; 0                 ; 0       ;
;      - fir_filter_parallel_reduced_stream:impl|fir_filter_parallel_reduced:impl|history_next[1][90][13]~0  ; 0                 ; 0       ;
;      - fir_filter_parallel_reduced_stream:impl|fir_filter_parallel_reduced:impl|history_next[1][90][14]~0  ; 0                 ; 0       ;
;      - fir_filter_parallel_reduced_stream:impl|fir_filter_parallel_reduced:impl|history_next[1][90][15]~0  ; 0                 ; 0       ;
;      - fir_filter_parallel_reduced_stream:impl|fir_filter_parallel_reduced:impl|history_next[1][36][0]~0   ; 0                 ; 0       ;
;      - fir_filter_parallel_reduced_stream:impl|fir_filter_parallel_reduced:impl|history_next[1][36][1]~0   ; 0                 ; 0       ;
;      - fir_filter_parallel_reduced_stream:impl|fir_filter_parallel_reduced:impl|history_next[1][36][2]~0   ; 0                 ; 0       ;
;      - fir_filter_parallel_reduced_stream:impl|fir_filter_parallel_reduced:impl|history_next[1][36][3]~0   ; 0                 ; 0       ;
;      - fir_filter_parallel_reduced_stream:impl|fir_filter_parallel_reduced:impl|history_next[1][36][4]~0   ; 0                 ; 0       ;
;      - fir_filter_parallel_reduced_stream:impl|fir_filter_parallel_reduced:impl|history_next[1][36][5]~0   ; 0                 ; 0       ;
;      - fir_filter_parallel_reduced_stream:impl|fir_filter_parallel_reduced:impl|history_next[1][36][6]~0   ; 0                 ; 0       ;
;      - fir_filter_parallel_reduced_stream:impl|fir_filter_parallel_reduced:impl|history_next[1][36][7]~0   ; 0                 ; 0       ;
;      - fir_filter_parallel_reduced_stream:impl|fir_filter_parallel_reduced:impl|history_next[1][36][8]~0   ; 0                 ; 0       ;
;      - fir_filter_parallel_reduced_stream:impl|fir_filter_parallel_reduced:impl|history_next[1][36][9]~0   ; 0                 ; 0       ;
;      - fir_filter_parallel_reduced_stream:impl|fir_filter_parallel_reduced:impl|history_next[1][36][10]~0  ; 0                 ; 0       ;
;      - fir_filter_parallel_reduced_stream:impl|fir_filter_parallel_reduced:impl|history_next[1][36][11]~0  ; 0                 ; 0       ;
;      - fir_filter_parallel_reduced_stream:impl|fir_filter_parallel_reduced:impl|history_next[1][36][12]~0  ; 0                 ; 0       ;
;      - fir_filter_parallel_reduced_stream:impl|fir_filter_parallel_reduced:impl|history_next[1][36][13]~0  ; 0                 ; 0       ;
;      - fir_filter_parallel_reduced_stream:impl|fir_filter_parallel_reduced:impl|history_next[1][36][14]~0  ; 0                 ; 0       ;
;      - fir_filter_parallel_reduced_stream:impl|fir_filter_parallel_reduced:impl|history_next[1][36][15]~0  ; 0                 ; 0       ;
;      - fir_filter_parallel_reduced_stream:impl|fir_filter_parallel_reduced:impl|history_next[1][69][0]~0   ; 0                 ; 0       ;
;      - fir_filter_parallel_reduced_stream:impl|fir_filter_parallel_reduced:impl|history_next[1][69][1]~0   ; 0                 ; 0       ;
;      - fir_filter_parallel_reduced_stream:impl|fir_filter_parallel_reduced:impl|history_next[1][69][2]~0   ; 0                 ; 0       ;
;      - fir_filter_parallel_reduced_stream:impl|fir_filter_parallel_reduced:impl|history_next[1][69][3]~0   ; 0                 ; 0       ;
;      - fir_filter_parallel_reduced_stream:impl|fir_filter_parallel_reduced:impl|history_next[1][69][4]~0   ; 0                 ; 0       ;
;      - fir_filter_parallel_reduced_stream:impl|fir_filter_parallel_reduced:impl|history_next[1][69][5]~0   ; 0                 ; 0       ;
;      - fir_filter_parallel_reduced_stream:impl|fir_filter_parallel_reduced:impl|history_next[1][69][6]~0   ; 0                 ; 0       ;
;      - fir_filter_parallel_reduced_stream:impl|fir_filter_parallel_reduced:impl|history_next[1][69][7]~0   ; 0                 ; 0       ;
;      - fir_filter_parallel_reduced_stream:impl|fir_filter_parallel_reduced:impl|history_next[1][69][8]~0   ; 0                 ; 0       ;
;      - fir_filter_parallel_reduced_stream:impl|fir_filter_parallel_reduced:impl|history_next[1][69][9]~0   ; 0                 ; 0       ;
;      - fir_filter_parallel_reduced_stream:impl|fir_filter_parallel_reduced:impl|history_next[1][69][10]~0  ; 0                 ; 0       ;
;      - fir_filter_parallel_reduced_stream:impl|fir_filter_parallel_reduced:impl|history_next[1][69][11]~0  ; 0                 ; 0       ;
;      - fir_filter_parallel_reduced_stream:impl|fir_filter_parallel_reduced:impl|history_next[1][69][12]~0  ; 0                 ; 0       ;
;      - fir_filter_parallel_reduced_stream:impl|fir_filter_parallel_reduced:impl|history_next[1][69][13]~0  ; 0                 ; 0       ;
;      - fir_filter_parallel_reduced_stream:impl|fir_filter_parallel_reduced:impl|history_next[1][69][14]~0  ; 0                 ; 0       ;
;      - fir_filter_parallel_reduced_stream:impl|fir_filter_parallel_reduced:impl|history_next[1][69][15]~0  ; 0                 ; 0       ;
;      - fir_filter_parallel_reduced_stream:impl|fir_filter_parallel_reduced:impl|history_next[0][28][0]~0   ; 0                 ; 0       ;
;      - fir_filter_parallel_reduced_stream:impl|fir_filter_parallel_reduced:impl|history_next[0][28][1]~0   ; 0                 ; 0       ;
;      - fir_filter_parallel_reduced_stream:impl|fir_filter_parallel_reduced:impl|history_next[0][28][2]~0   ; 0                 ; 0       ;
;      - fir_filter_parallel_reduced_stream:impl|fir_filter_parallel_reduced:impl|history_next[0][28][3]~0   ; 0                 ; 0       ;
;      - fir_filter_parallel_reduced_stream:impl|fir_filter_parallel_reduced:impl|history_next[0][28][4]~0   ; 0                 ; 0       ;
;      - fir_filter_parallel_reduced_stream:impl|fir_filter_parallel_reduced:impl|history_next[0][28][5]~0   ; 0                 ; 0       ;
;      - fir_filter_parallel_reduced_stream:impl|fir_filter_parallel_reduced:impl|history_next[0][28][6]~0   ; 0                 ; 0       ;
;      - fir_filter_parallel_reduced_stream:impl|fir_filter_parallel_reduced:impl|history_next[0][28][7]~0   ; 0                 ; 0       ;
;      - fir_filter_parallel_reduced_stream:impl|fir_filter_parallel_reduced:impl|history_next[0][28][8]~0   ; 0                 ; 0       ;
;      - fir_filter_parallel_reduced_stream:impl|fir_filter_parallel_reduced:impl|history_next[0][28][9]~0   ; 0                 ; 0       ;
;      - fir_filter_parallel_reduced_stream:impl|fir_filter_parallel_reduced:impl|history_next[0][28][10]~0  ; 0                 ; 0       ;
;      - fir_filter_parallel_reduced_stream:impl|fir_filter_parallel_reduced:impl|history_next[0][28][11]~0  ; 0                 ; 0       ;
;      - fir_filter_parallel_reduced_stream:impl|fir_filter_parallel_reduced:impl|history_next[0][28][12]~0  ; 0                 ; 0       ;
;      - fir_filter_parallel_reduced_stream:impl|fir_filter_parallel_reduced:impl|history_next[0][28][13]~0  ; 0                 ; 0       ;
;      - fir_filter_parallel_reduced_stream:impl|fir_filter_parallel_reduced:impl|history_next[0][28][14]~0  ; 0                 ; 0       ;
;      - fir_filter_parallel_reduced_stream:impl|fir_filter_parallel_reduced:impl|history_next[0][28][15]~0  ; 0                 ; 0       ;
;      - fir_filter_parallel_reduced_stream:impl|fir_filter_parallel_reduced:impl|history_next[0][76][0]~0   ; 0                 ; 0       ;
;      - fir_filter_parallel_reduced_stream:impl|fir_filter_parallel_reduced:impl|history_next[0][76][1]~0   ; 0                 ; 0       ;
;      - fir_filter_parallel_reduced_stream:impl|fir_filter_parallel_reduced:impl|history_next[0][76][2]~0   ; 0                 ; 0       ;
;      - fir_filter_parallel_reduced_stream:impl|fir_filter_parallel_reduced:impl|history_next[0][76][3]~0   ; 0                 ; 0       ;
;      - fir_filter_parallel_reduced_stream:impl|fir_filter_parallel_reduced:impl|history_next[0][76][4]~0   ; 0                 ; 0       ;
;      - fir_filter_parallel_reduced_stream:impl|fir_filter_parallel_reduced:impl|history_next[0][76][5]~0   ; 0                 ; 0       ;
;      - fir_filter_parallel_reduced_stream:impl|fir_filter_parallel_reduced:impl|history_next[0][76][6]~0   ; 0                 ; 0       ;
;      - fir_filter_parallel_reduced_stream:impl|fir_filter_parallel_reduced:impl|history_next[0][76][7]~0   ; 0                 ; 0       ;
;      - fir_filter_parallel_reduced_stream:impl|fir_filter_parallel_reduced:impl|history_next[0][76][8]~0   ; 0                 ; 0       ;
;      - fir_filter_parallel_reduced_stream:impl|fir_filter_parallel_reduced:impl|history_next[0][76][9]~0   ; 0                 ; 0       ;
;      - fir_filter_parallel_reduced_stream:impl|fir_filter_parallel_reduced:impl|history_next[0][76][10]~0  ; 0                 ; 0       ;
;      - fir_filter_parallel_reduced_stream:impl|fir_filter_parallel_reduced:impl|history_next[0][76][11]~0  ; 0                 ; 0       ;
;      - fir_filter_parallel_reduced_stream:impl|fir_filter_parallel_reduced:impl|history_next[0][76][12]~0  ; 0                 ; 0       ;
;      - fir_filter_parallel_reduced_stream:impl|fir_filter_parallel_reduced:impl|history_next[0][76][13]~0  ; 0                 ; 0       ;
;      - fir_filter_parallel_reduced_stream:impl|fir_filter_parallel_reduced:impl|history_next[0][76][14]~0  ; 0                 ; 0       ;
;      - fir_filter_parallel_reduced_stream:impl|fir_filter_parallel_reduced:impl|history_next[0][76][15]~0  ; 0                 ; 0       ;
;      - fir_filter_parallel_reduced_stream:impl|fir_filter_parallel_reduced:impl|history_next[0][87][0]~0   ; 0                 ; 0       ;
;      - fir_filter_parallel_reduced_stream:impl|fir_filter_parallel_reduced:impl|history_next[0][87][1]~0   ; 0                 ; 0       ;
;      - fir_filter_parallel_reduced_stream:impl|fir_filter_parallel_reduced:impl|history_next[0][87][2]~0   ; 0                 ; 0       ;
;      - fir_filter_parallel_reduced_stream:impl|fir_filter_parallel_reduced:impl|history_next[0][87][3]~0   ; 0                 ; 0       ;
;      - fir_filter_parallel_reduced_stream:impl|fir_filter_parallel_reduced:impl|history_next[0][87][4]~0   ; 0                 ; 0       ;
;      - fir_filter_parallel_reduced_stream:impl|fir_filter_parallel_reduced:impl|history_next[0][87][5]~0   ; 0                 ; 0       ;
;      - fir_filter_parallel_reduced_stream:impl|fir_filter_parallel_reduced:impl|history_next[0][87][6]~0   ; 0                 ; 0       ;
;      - fir_filter_parallel_reduced_stream:impl|fir_filter_parallel_reduced:impl|history_next[0][87][7]~0   ; 0                 ; 0       ;
;      - fir_filter_parallel_reduced_stream:impl|fir_filter_parallel_reduced:impl|history_next[0][87][8]~0   ; 0                 ; 0       ;
;      - fir_filter_parallel_reduced_stream:impl|fir_filter_parallel_reduced:impl|history_next[0][87][9]~0   ; 0                 ; 0       ;
;      - fir_filter_parallel_reduced_stream:impl|fir_filter_parallel_reduced:impl|history_next[0][87][10]~0  ; 0                 ; 0       ;
;      - fir_filter_parallel_reduced_stream:impl|fir_filter_parallel_reduced:impl|history_next[0][87][11]~0  ; 0                 ; 0       ;
;      - fir_filter_parallel_reduced_stream:impl|fir_filter_parallel_reduced:impl|history_next[0][87][12]~0  ; 0                 ; 0       ;
;      - fir_filter_parallel_reduced_stream:impl|fir_filter_parallel_reduced:impl|history_next[0][87][13]~0  ; 0                 ; 0       ;
;      - fir_filter_parallel_reduced_stream:impl|fir_filter_parallel_reduced:impl|history_next[0][87][14]~0  ; 0                 ; 0       ;
;      - fir_filter_parallel_reduced_stream:impl|fir_filter_parallel_reduced:impl|history_next[0][87][15]~0  ; 0                 ; 0       ;
;      - fir_filter_parallel_reduced_stream:impl|fir_filter_parallel_reduced:impl|history_next[0][16][0]~0   ; 0                 ; 0       ;
;      - fir_filter_parallel_reduced_stream:impl|fir_filter_parallel_reduced:impl|history_next[0][16][1]~0   ; 0                 ; 0       ;
;      - fir_filter_parallel_reduced_stream:impl|fir_filter_parallel_reduced:impl|history_next[0][16][2]~0   ; 0                 ; 0       ;
;      - fir_filter_parallel_reduced_stream:impl|fir_filter_parallel_reduced:impl|history_next[0][16][3]~0   ; 0                 ; 0       ;
;      - fir_filter_parallel_reduced_stream:impl|fir_filter_parallel_reduced:impl|history_next[0][16][4]~0   ; 0                 ; 0       ;
;      - fir_filter_parallel_reduced_stream:impl|fir_filter_parallel_reduced:impl|history_next[0][16][5]~0   ; 0                 ; 0       ;
;      - fir_filter_parallel_reduced_stream:impl|fir_filter_parallel_reduced:impl|history_next[0][16][6]~0   ; 0                 ; 0       ;
;      - fir_filter_parallel_reduced_stream:impl|fir_filter_parallel_reduced:impl|history_next[0][16][7]~0   ; 0                 ; 0       ;
;      - fir_filter_parallel_reduced_stream:impl|fir_filter_parallel_reduced:impl|history_next[0][16][8]~0   ; 0                 ; 0       ;
;      - fir_filter_parallel_reduced_stream:impl|fir_filter_parallel_reduced:impl|history_next[0][16][9]~0   ; 0                 ; 0       ;
;      - fir_filter_parallel_reduced_stream:impl|fir_filter_parallel_reduced:impl|history_next[0][16][10]~0  ; 0                 ; 0       ;
;      - fir_filter_parallel_reduced_stream:impl|fir_filter_parallel_reduced:impl|history_next[0][16][11]~0  ; 0                 ; 0       ;
;      - fir_filter_parallel_reduced_stream:impl|fir_filter_parallel_reduced:impl|history_next[0][16][12]~0  ; 0                 ; 0       ;
;      - fir_filter_parallel_reduced_stream:impl|fir_filter_parallel_reduced:impl|history_next[0][16][13]~0  ; 0                 ; 0       ;
;      - fir_filter_parallel_reduced_stream:impl|fir_filter_parallel_reduced:impl|history_next[0][16][14]~0  ; 0                 ; 0       ;
;      - fir_filter_parallel_reduced_stream:impl|fir_filter_parallel_reduced:impl|history_next[0][16][15]~0  ; 0                 ; 0       ;
;      - fir_filter_parallel_reduced_stream:impl|fir_filter_parallel_reduced:impl|history_next[0][93][0]~0   ; 0                 ; 0       ;
;      - fir_filter_parallel_reduced_stream:impl|fir_filter_parallel_reduced:impl|history_next[0][93][1]~0   ; 0                 ; 0       ;
;      - fir_filter_parallel_reduced_stream:impl|fir_filter_parallel_reduced:impl|history_next[0][93][2]~0   ; 0                 ; 0       ;
;      - fir_filter_parallel_reduced_stream:impl|fir_filter_parallel_reduced:impl|history_next[0][93][3]~0   ; 0                 ; 0       ;
;      - fir_filter_parallel_reduced_stream:impl|fir_filter_parallel_reduced:impl|history_next[0][93][4]~0   ; 0                 ; 0       ;
;      - fir_filter_parallel_reduced_stream:impl|fir_filter_parallel_reduced:impl|history_next[0][93][5]~0   ; 0                 ; 0       ;
;      - fir_filter_parallel_reduced_stream:impl|fir_filter_parallel_reduced:impl|history_next[0][93][6]~0   ; 0                 ; 0       ;
;      - fir_filter_parallel_reduced_stream:impl|fir_filter_parallel_reduced:impl|history_next[0][93][7]~0   ; 0                 ; 0       ;
;      - fir_filter_parallel_reduced_stream:impl|fir_filter_parallel_reduced:impl|history_next[0][93][8]~0   ; 0                 ; 0       ;
;      - fir_filter_parallel_reduced_stream:impl|fir_filter_parallel_reduced:impl|history_next[0][93][9]~0   ; 0                 ; 0       ;
;      - fir_filter_parallel_reduced_stream:impl|fir_filter_parallel_reduced:impl|history_next[0][93][10]~0  ; 0                 ; 0       ;
;      - fir_filter_parallel_reduced_stream:impl|fir_filter_parallel_reduced:impl|history_next[0][93][11]~0  ; 0                 ; 0       ;
;      - fir_filter_parallel_reduced_stream:impl|fir_filter_parallel_reduced:impl|history_next[0][93][12]~0  ; 0                 ; 0       ;
;      - fir_filter_parallel_reduced_stream:impl|fir_filter_parallel_reduced:impl|history_next[0][93][13]~0  ; 0                 ; 0       ;
;      - fir_filter_parallel_reduced_stream:impl|fir_filter_parallel_reduced:impl|history_next[0][93][14]~0  ; 0                 ; 0       ;
;      - fir_filter_parallel_reduced_stream:impl|fir_filter_parallel_reduced:impl|history_next[0][93][15]~0  ; 0                 ; 0       ;
;      - fir_filter_parallel_reduced_stream:impl|fir_filter_parallel_reduced:impl|history_next[1][2][0]~0    ; 0                 ; 0       ;
;      - fir_filter_parallel_reduced_stream:impl|fir_filter_parallel_reduced:impl|history_next[1][2][1]~0    ; 0                 ; 0       ;
;      - fir_filter_parallel_reduced_stream:impl|fir_filter_parallel_reduced:impl|history_next[1][2][2]~0    ; 0                 ; 0       ;
;      - fir_filter_parallel_reduced_stream:impl|fir_filter_parallel_reduced:impl|history_next[1][2][3]~0    ; 0                 ; 0       ;
;      - fir_filter_parallel_reduced_stream:impl|fir_filter_parallel_reduced:impl|history_next[1][2][4]~0    ; 0                 ; 0       ;
;      - fir_filter_parallel_reduced_stream:impl|fir_filter_parallel_reduced:impl|history_next[1][2][5]~0    ; 0                 ; 0       ;
;      - fir_filter_parallel_reduced_stream:impl|fir_filter_parallel_reduced:impl|history_next[1][2][6]~0    ; 0                 ; 0       ;
;      - fir_filter_parallel_reduced_stream:impl|fir_filter_parallel_reduced:impl|history_next[1][2][7]~0    ; 0                 ; 0       ;
;      - fir_filter_parallel_reduced_stream:impl|fir_filter_parallel_reduced:impl|history_next[1][2][8]~0    ; 0                 ; 0       ;
;      - fir_filter_parallel_reduced_stream:impl|fir_filter_parallel_reduced:impl|history_next[1][2][9]~0    ; 0                 ; 0       ;
;      - fir_filter_parallel_reduced_stream:impl|fir_filter_parallel_reduced:impl|history_next[1][2][10]~0   ; 0                 ; 0       ;
;      - fir_filter_parallel_reduced_stream:impl|fir_filter_parallel_reduced:impl|history_next[1][2][11]~0   ; 0                 ; 0       ;
;      - fir_filter_parallel_reduced_stream:impl|fir_filter_parallel_reduced:impl|history_next[1][2][12]~0   ; 0                 ; 0       ;
;      - fir_filter_parallel_reduced_stream:impl|fir_filter_parallel_reduced:impl|history_next[1][2][13]~0   ; 0                 ; 0       ;
;      - fir_filter_parallel_reduced_stream:impl|fir_filter_parallel_reduced:impl|history_next[1][2][14]~0   ; 0                 ; 0       ;
;      - fir_filter_parallel_reduced_stream:impl|fir_filter_parallel_reduced:impl|history_next[1][2][15]~0   ; 0                 ; 0       ;
;      - fir_filter_parallel_reduced_stream:impl|fir_filter_parallel_reduced:impl|history_next[1][103][0]~0  ; 0                 ; 0       ;
;      - fir_filter_parallel_reduced_stream:impl|fir_filter_parallel_reduced:impl|history_next[1][103][1]~0  ; 0                 ; 0       ;
;      - fir_filter_parallel_reduced_stream:impl|fir_filter_parallel_reduced:impl|history_next[1][103][2]~0  ; 0                 ; 0       ;
;      - fir_filter_parallel_reduced_stream:impl|fir_filter_parallel_reduced:impl|history_next[1][103][3]~0  ; 0                 ; 0       ;
;      - fir_filter_parallel_reduced_stream:impl|fir_filter_parallel_reduced:impl|history_next[1][103][4]~0  ; 0                 ; 0       ;
;      - fir_filter_parallel_reduced_stream:impl|fir_filter_parallel_reduced:impl|history_next[1][103][5]~0  ; 0                 ; 0       ;
;      - fir_filter_parallel_reduced_stream:impl|fir_filter_parallel_reduced:impl|history_next[1][103][6]~0  ; 0                 ; 0       ;
;      - fir_filter_parallel_reduced_stream:impl|fir_filter_parallel_reduced:impl|history_next[1][103][7]~0  ; 0                 ; 0       ;
;      - fir_filter_parallel_reduced_stream:impl|fir_filter_parallel_reduced:impl|history_next[1][103][8]~0  ; 0                 ; 0       ;
;      - fir_filter_parallel_reduced_stream:impl|fir_filter_parallel_reduced:impl|history_next[1][103][9]~0  ; 0                 ; 0       ;
;      - fir_filter_parallel_reduced_stream:impl|fir_filter_parallel_reduced:impl|history_next[1][103][10]~0 ; 0                 ; 0       ;
;      - fir_filter_parallel_reduced_stream:impl|fir_filter_parallel_reduced:impl|history_next[1][103][11]~0 ; 0                 ; 0       ;
;      - fir_filter_parallel_reduced_stream:impl|fir_filter_parallel_reduced:impl|history_next[1][103][12]~0 ; 0                 ; 0       ;
;      - fir_filter_parallel_reduced_stream:impl|fir_filter_parallel_reduced:impl|history_next[1][103][13]~0 ; 0                 ; 0       ;
;      - fir_filter_parallel_reduced_stream:impl|fir_filter_parallel_reduced:impl|history_next[1][103][14]~0 ; 0                 ; 0       ;
;      - fir_filter_parallel_reduced_stream:impl|fir_filter_parallel_reduced:impl|history_next[1][103][15]~0 ; 0                 ; 0       ;
;      - fir_filter_parallel_reduced_stream:impl|fir_filter_parallel_reduced:impl|history_next[0][26][0]~0   ; 0                 ; 0       ;
;      - fir_filter_parallel_reduced_stream:impl|fir_filter_parallel_reduced:impl|history_next[0][26][1]~0   ; 0                 ; 0       ;
;      - fir_filter_parallel_reduced_stream:impl|fir_filter_parallel_reduced:impl|history_next[0][26][2]~0   ; 0                 ; 0       ;
;      - fir_filter_parallel_reduced_stream:impl|fir_filter_parallel_reduced:impl|history_next[0][26][3]~0   ; 0                 ; 0       ;
;      - fir_filter_parallel_reduced_stream:impl|fir_filter_parallel_reduced:impl|history_next[0][26][4]~0   ; 0                 ; 0       ;
;      - fir_filter_parallel_reduced_stream:impl|fir_filter_parallel_reduced:impl|history_next[0][26][5]~0   ; 0                 ; 0       ;
;      - fir_filter_parallel_reduced_stream:impl|fir_filter_parallel_reduced:impl|history_next[0][26][6]~0   ; 0                 ; 0       ;
;      - fir_filter_parallel_reduced_stream:impl|fir_filter_parallel_reduced:impl|history_next[0][26][7]~0   ; 0                 ; 0       ;
;      - fir_filter_parallel_reduced_stream:impl|fir_filter_parallel_reduced:impl|history_next[0][26][8]~0   ; 0                 ; 0       ;
;      - fir_filter_parallel_reduced_stream:impl|fir_filter_parallel_reduced:impl|history_next[0][26][9]~0   ; 0                 ; 0       ;
;      - fir_filter_parallel_reduced_stream:impl|fir_filter_parallel_reduced:impl|history_next[0][26][10]~0  ; 0                 ; 0       ;
;      - fir_filter_parallel_reduced_stream:impl|fir_filter_parallel_reduced:impl|history_next[0][26][11]~0  ; 0                 ; 0       ;
;      - fir_filter_parallel_reduced_stream:impl|fir_filter_parallel_reduced:impl|history_next[0][26][12]~0  ; 0                 ; 0       ;
;      - fir_filter_parallel_reduced_stream:impl|fir_filter_parallel_reduced:impl|history_next[0][26][13]~0  ; 0                 ; 0       ;
;      - fir_filter_parallel_reduced_stream:impl|fir_filter_parallel_reduced:impl|history_next[0][26][14]~0  ; 0                 ; 0       ;
;      - fir_filter_parallel_reduced_stream:impl|fir_filter_parallel_reduced:impl|history_next[0][26][15]~0  ; 0                 ; 0       ;
;      - fir_filter_parallel_reduced_stream:impl|fir_filter_parallel_reduced:impl|history_next[0][78][0]~0   ; 0                 ; 0       ;
;      - fir_filter_parallel_reduced_stream:impl|fir_filter_parallel_reduced:impl|history_next[0][78][1]~0   ; 0                 ; 0       ;
;      - fir_filter_parallel_reduced_stream:impl|fir_filter_parallel_reduced:impl|history_next[0][78][2]~0   ; 0                 ; 0       ;
;      - fir_filter_parallel_reduced_stream:impl|fir_filter_parallel_reduced:impl|history_next[0][78][3]~0   ; 0                 ; 0       ;
;      - fir_filter_parallel_reduced_stream:impl|fir_filter_parallel_reduced:impl|history_next[0][78][4]~0   ; 0                 ; 0       ;
;      - fir_filter_parallel_reduced_stream:impl|fir_filter_parallel_reduced:impl|history_next[0][78][5]~0   ; 0                 ; 0       ;
;      - fir_filter_parallel_reduced_stream:impl|fir_filter_parallel_reduced:impl|history_next[0][78][6]~0   ; 0                 ; 0       ;
;      - fir_filter_parallel_reduced_stream:impl|fir_filter_parallel_reduced:impl|history_next[0][78][7]~0   ; 0                 ; 0       ;
;      - fir_filter_parallel_reduced_stream:impl|fir_filter_parallel_reduced:impl|history_next[0][78][8]~0   ; 0                 ; 0       ;
;      - fir_filter_parallel_reduced_stream:impl|fir_filter_parallel_reduced:impl|history_next[0][78][9]~0   ; 0                 ; 0       ;
;      - fir_filter_parallel_reduced_stream:impl|fir_filter_parallel_reduced:impl|history_next[0][78][10]~0  ; 0                 ; 0       ;
;      - fir_filter_parallel_reduced_stream:impl|fir_filter_parallel_reduced:impl|history_next[0][78][11]~0  ; 0                 ; 0       ;
;      - fir_filter_parallel_reduced_stream:impl|fir_filter_parallel_reduced:impl|history_next[0][78][12]~0  ; 0                 ; 0       ;
;      - fir_filter_parallel_reduced_stream:impl|fir_filter_parallel_reduced:impl|history_next[0][78][13]~0  ; 0                 ; 0       ;
;      - fir_filter_parallel_reduced_stream:impl|fir_filter_parallel_reduced:impl|history_next[0][78][14]~0  ; 0                 ; 0       ;
;      - fir_filter_parallel_reduced_stream:impl|fir_filter_parallel_reduced:impl|history_next[0][78][15]~0  ; 0                 ; 0       ;
;      - fir_filter_parallel_reduced_stream:impl|fir_filter_parallel_reduced:impl|history_next[1][55][0]~0   ; 0                 ; 0       ;
;      - fir_filter_parallel_reduced_stream:impl|fir_filter_parallel_reduced:impl|history_next[1][55][1]~0   ; 0                 ; 0       ;
;      - fir_filter_parallel_reduced_stream:impl|fir_filter_parallel_reduced:impl|history_next[1][55][2]~0   ; 0                 ; 0       ;
;      - fir_filter_parallel_reduced_stream:impl|fir_filter_parallel_reduced:impl|history_next[1][55][3]~0   ; 0                 ; 0       ;
;      - fir_filter_parallel_reduced_stream:impl|fir_filter_parallel_reduced:impl|history_next[1][55][4]~0   ; 0                 ; 0       ;
;      - fir_filter_parallel_reduced_stream:impl|fir_filter_parallel_reduced:impl|history_next[1][55][5]~0   ; 0                 ; 0       ;
;      - fir_filter_parallel_reduced_stream:impl|fir_filter_parallel_reduced:impl|history_next[1][55][6]~0   ; 0                 ; 0       ;
;      - fir_filter_parallel_reduced_stream:impl|fir_filter_parallel_reduced:impl|history_next[1][55][7]~0   ; 0                 ; 0       ;
;      - fir_filter_parallel_reduced_stream:impl|fir_filter_parallel_reduced:impl|history_next[1][55][8]~0   ; 0                 ; 0       ;
;      - fir_filter_parallel_reduced_stream:impl|fir_filter_parallel_reduced:impl|history_next[1][55][9]~0   ; 0                 ; 0       ;
;      - fir_filter_parallel_reduced_stream:impl|fir_filter_parallel_reduced:impl|history_next[1][55][10]~0  ; 0                 ; 0       ;
;      - fir_filter_parallel_reduced_stream:impl|fir_filter_parallel_reduced:impl|history_next[1][55][11]~0  ; 0                 ; 0       ;
;      - fir_filter_parallel_reduced_stream:impl|fir_filter_parallel_reduced:impl|history_next[1][55][12]~0  ; 0                 ; 0       ;
;      - fir_filter_parallel_reduced_stream:impl|fir_filter_parallel_reduced:impl|history_next[1][55][13]~0  ; 0                 ; 0       ;
;      - fir_filter_parallel_reduced_stream:impl|fir_filter_parallel_reduced:impl|history_next[1][55][14]~0  ; 0                 ; 0       ;
;      - fir_filter_parallel_reduced_stream:impl|fir_filter_parallel_reduced:impl|history_next[1][55][15]~0  ; 0                 ; 0       ;
;      - fir_filter_parallel_reduced_stream:impl|fir_filter_parallel_reduced:impl|history_next[1][45][0]~0   ; 0                 ; 0       ;
;      - fir_filter_parallel_reduced_stream:impl|fir_filter_parallel_reduced:impl|history_next[1][45][1]~0   ; 0                 ; 0       ;
;      - fir_filter_parallel_reduced_stream:impl|fir_filter_parallel_reduced:impl|history_next[1][45][2]~0   ; 0                 ; 0       ;
;      - fir_filter_parallel_reduced_stream:impl|fir_filter_parallel_reduced:impl|history_next[1][45][3]~0   ; 0                 ; 0       ;
;      - fir_filter_parallel_reduced_stream:impl|fir_filter_parallel_reduced:impl|history_next[1][45][4]~0   ; 0                 ; 0       ;
;      - fir_filter_parallel_reduced_stream:impl|fir_filter_parallel_reduced:impl|history_next[1][45][5]~0   ; 0                 ; 0       ;
;      - fir_filter_parallel_reduced_stream:impl|fir_filter_parallel_reduced:impl|history_next[1][45][6]~0   ; 0                 ; 0       ;
;      - fir_filter_parallel_reduced_stream:impl|fir_filter_parallel_reduced:impl|history_next[1][45][7]~0   ; 0                 ; 0       ;
;      - fir_filter_parallel_reduced_stream:impl|fir_filter_parallel_reduced:impl|history_next[1][45][8]~0   ; 0                 ; 0       ;
;      - fir_filter_parallel_reduced_stream:impl|fir_filter_parallel_reduced:impl|history_next[1][45][9]~0   ; 0                 ; 0       ;
;      - fir_filter_parallel_reduced_stream:impl|fir_filter_parallel_reduced:impl|history_next[1][45][10]~0  ; 0                 ; 0       ;
;      - fir_filter_parallel_reduced_stream:impl|fir_filter_parallel_reduced:impl|history_next[1][45][11]~0  ; 0                 ; 0       ;
;      - fir_filter_parallel_reduced_stream:impl|fir_filter_parallel_reduced:impl|history_next[1][45][12]~0  ; 0                 ; 0       ;
;      - fir_filter_parallel_reduced_stream:impl|fir_filter_parallel_reduced:impl|history_next[1][45][13]~0  ; 0                 ; 0       ;
;      - fir_filter_parallel_reduced_stream:impl|fir_filter_parallel_reduced:impl|history_next[1][45][14]~0  ; 0                 ; 0       ;
;      - fir_filter_parallel_reduced_stream:impl|fir_filter_parallel_reduced:impl|history_next[1][45][15]~0  ; 0                 ; 0       ;
;      - fir_filter_parallel_reduced_stream:impl|fir_filter_parallel_reduced:impl|history_next[1][61][0]~0   ; 0                 ; 0       ;
;      - fir_filter_parallel_reduced_stream:impl|fir_filter_parallel_reduced:impl|history_next[1][61][1]~0   ; 0                 ; 0       ;
;      - fir_filter_parallel_reduced_stream:impl|fir_filter_parallel_reduced:impl|history_next[1][61][2]~0   ; 0                 ; 0       ;
;      - fir_filter_parallel_reduced_stream:impl|fir_filter_parallel_reduced:impl|history_next[1][61][3]~0   ; 0                 ; 0       ;
;      - fir_filter_parallel_reduced_stream:impl|fir_filter_parallel_reduced:impl|history_next[1][61][4]~0   ; 0                 ; 0       ;
;      - fir_filter_parallel_reduced_stream:impl|fir_filter_parallel_reduced:impl|history_next[1][61][5]~0   ; 0                 ; 0       ;
;      - fir_filter_parallel_reduced_stream:impl|fir_filter_parallel_reduced:impl|history_next[1][61][6]~0   ; 0                 ; 0       ;
;      - fir_filter_parallel_reduced_stream:impl|fir_filter_parallel_reduced:impl|history_next[1][61][7]~0   ; 0                 ; 0       ;
;      - fir_filter_parallel_reduced_stream:impl|fir_filter_parallel_reduced:impl|history_next[1][61][8]~0   ; 0                 ; 0       ;
;      - fir_filter_parallel_reduced_stream:impl|fir_filter_parallel_reduced:impl|history_next[1][61][9]~0   ; 0                 ; 0       ;
;      - fir_filter_parallel_reduced_stream:impl|fir_filter_parallel_reduced:impl|history_next[1][61][10]~0  ; 0                 ; 0       ;
;      - fir_filter_parallel_reduced_stream:impl|fir_filter_parallel_reduced:impl|history_next[1][61][11]~0  ; 0                 ; 0       ;
;      - fir_filter_parallel_reduced_stream:impl|fir_filter_parallel_reduced:impl|history_next[1][61][12]~0  ; 0                 ; 0       ;
;      - fir_filter_parallel_reduced_stream:impl|fir_filter_parallel_reduced:impl|history_next[1][61][13]~0  ; 0                 ; 0       ;
;      - fir_filter_parallel_reduced_stream:impl|fir_filter_parallel_reduced:impl|history_next[1][61][14]~0  ; 0                 ; 0       ;
;      - fir_filter_parallel_reduced_stream:impl|fir_filter_parallel_reduced:impl|history_next[1][61][15]~0  ; 0                 ; 0       ;
;      - fir_filter_parallel_reduced_stream:impl|fir_filter_parallel_reduced:impl|history_next[0][44][0]~0   ; 0                 ; 0       ;
;      - fir_filter_parallel_reduced_stream:impl|fir_filter_parallel_reduced:impl|history_next[0][44][1]~0   ; 0                 ; 0       ;
;      - fir_filter_parallel_reduced_stream:impl|fir_filter_parallel_reduced:impl|history_next[0][44][2]~0   ; 0                 ; 0       ;
;      - fir_filter_parallel_reduced_stream:impl|fir_filter_parallel_reduced:impl|history_next[0][44][3]~0   ; 0                 ; 0       ;
;      - fir_filter_parallel_reduced_stream:impl|fir_filter_parallel_reduced:impl|history_next[0][44][4]~0   ; 0                 ; 0       ;
;      - fir_filter_parallel_reduced_stream:impl|fir_filter_parallel_reduced:impl|history_next[0][44][5]~0   ; 0                 ; 0       ;
;      - fir_filter_parallel_reduced_stream:impl|fir_filter_parallel_reduced:impl|history_next[0][44][6]~0   ; 0                 ; 0       ;
;      - fir_filter_parallel_reduced_stream:impl|fir_filter_parallel_reduced:impl|history_next[0][44][7]~0   ; 0                 ; 0       ;
;      - fir_filter_parallel_reduced_stream:impl|fir_filter_parallel_reduced:impl|history_next[0][44][8]~0   ; 0                 ; 0       ;
;      - fir_filter_parallel_reduced_stream:impl|fir_filter_parallel_reduced:impl|history_next[0][44][9]~0   ; 0                 ; 0       ;
;      - fir_filter_parallel_reduced_stream:impl|fir_filter_parallel_reduced:impl|history_next[0][44][10]~0  ; 0                 ; 0       ;
;      - fir_filter_parallel_reduced_stream:impl|fir_filter_parallel_reduced:impl|history_next[0][44][11]~0  ; 0                 ; 0       ;
;      - fir_filter_parallel_reduced_stream:impl|fir_filter_parallel_reduced:impl|history_next[0][44][12]~0  ; 0                 ; 0       ;
;      - fir_filter_parallel_reduced_stream:impl|fir_filter_parallel_reduced:impl|history_next[0][44][13]~0  ; 0                 ; 0       ;
;      - fir_filter_parallel_reduced_stream:impl|fir_filter_parallel_reduced:impl|history_next[0][44][14]~0  ; 0                 ; 0       ;
;      - fir_filter_parallel_reduced_stream:impl|fir_filter_parallel_reduced:impl|history_next[0][44][15]~0  ; 0                 ; 0       ;
;      - fir_filter_parallel_reduced_stream:impl|fir_filter_parallel_reduced:impl|history_next[0][61][0]~0   ; 0                 ; 0       ;
;      - fir_filter_parallel_reduced_stream:impl|fir_filter_parallel_reduced:impl|history_next[0][61][1]~0   ; 0                 ; 0       ;
;      - fir_filter_parallel_reduced_stream:impl|fir_filter_parallel_reduced:impl|history_next[0][61][2]~0   ; 0                 ; 0       ;
;      - fir_filter_parallel_reduced_stream:impl|fir_filter_parallel_reduced:impl|history_next[0][61][3]~0   ; 0                 ; 0       ;
;      - fir_filter_parallel_reduced_stream:impl|fir_filter_parallel_reduced:impl|history_next[0][61][4]~0   ; 0                 ; 0       ;
;      - fir_filter_parallel_reduced_stream:impl|fir_filter_parallel_reduced:impl|history_next[0][61][5]~0   ; 0                 ; 0       ;
;      - fir_filter_parallel_reduced_stream:impl|fir_filter_parallel_reduced:impl|history_next[0][61][6]~0   ; 0                 ; 0       ;
;      - fir_filter_parallel_reduced_stream:impl|fir_filter_parallel_reduced:impl|history_next[0][61][7]~0   ; 0                 ; 0       ;
;      - fir_filter_parallel_reduced_stream:impl|fir_filter_parallel_reduced:impl|history_next[0][61][8]~0   ; 0                 ; 0       ;
;      - fir_filter_parallel_reduced_stream:impl|fir_filter_parallel_reduced:impl|history_next[0][61][9]~0   ; 0                 ; 0       ;
;      - fir_filter_parallel_reduced_stream:impl|fir_filter_parallel_reduced:impl|history_next[0][61][10]~0  ; 0                 ; 0       ;
;      - fir_filter_parallel_reduced_stream:impl|fir_filter_parallel_reduced:impl|history_next[0][61][11]~0  ; 0                 ; 0       ;
;      - fir_filter_parallel_reduced_stream:impl|fir_filter_parallel_reduced:impl|history_next[0][61][12]~0  ; 0                 ; 0       ;
;      - fir_filter_parallel_reduced_stream:impl|fir_filter_parallel_reduced:impl|history_next[0][61][13]~0  ; 0                 ; 0       ;
;      - fir_filter_parallel_reduced_stream:impl|fir_filter_parallel_reduced:impl|history_next[0][61][14]~0  ; 0                 ; 0       ;
;      - fir_filter_parallel_reduced_stream:impl|fir_filter_parallel_reduced:impl|history_next[0][61][15]~0  ; 0                 ; 0       ;
;      - fir_filter_parallel_reduced_stream:impl|fir_filter_parallel_reduced:impl|history_next[0][50][0]~0   ; 0                 ; 0       ;
;      - fir_filter_parallel_reduced_stream:impl|fir_filter_parallel_reduced:impl|history_next[0][50][1]~0   ; 0                 ; 0       ;
;      - fir_filter_parallel_reduced_stream:impl|fir_filter_parallel_reduced:impl|history_next[0][50][2]~0   ; 0                 ; 0       ;
;      - fir_filter_parallel_reduced_stream:impl|fir_filter_parallel_reduced:impl|history_next[0][50][3]~0   ; 0                 ; 0       ;
;      - fir_filter_parallel_reduced_stream:impl|fir_filter_parallel_reduced:impl|history_next[0][50][4]~0   ; 0                 ; 0       ;
;      - fir_filter_parallel_reduced_stream:impl|fir_filter_parallel_reduced:impl|history_next[0][50][5]~0   ; 0                 ; 0       ;
;      - fir_filter_parallel_reduced_stream:impl|fir_filter_parallel_reduced:impl|history_next[0][50][6]~0   ; 0                 ; 0       ;
;      - fir_filter_parallel_reduced_stream:impl|fir_filter_parallel_reduced:impl|history_next[0][50][7]~0   ; 0                 ; 0       ;
;      - fir_filter_parallel_reduced_stream:impl|fir_filter_parallel_reduced:impl|history_next[0][50][8]~0   ; 0                 ; 0       ;
;      - fir_filter_parallel_reduced_stream:impl|fir_filter_parallel_reduced:impl|history_next[0][50][9]~0   ; 0                 ; 0       ;
;      - fir_filter_parallel_reduced_stream:impl|fir_filter_parallel_reduced:impl|history_next[0][50][10]~0  ; 0                 ; 0       ;
;      - fir_filter_parallel_reduced_stream:impl|fir_filter_parallel_reduced:impl|history_next[0][50][11]~0  ; 0                 ; 0       ;
;      - fir_filter_parallel_reduced_stream:impl|fir_filter_parallel_reduced:impl|history_next[0][50][12]~0  ; 0                 ; 0       ;
;      - fir_filter_parallel_reduced_stream:impl|fir_filter_parallel_reduced:impl|history_next[0][50][13]~0  ; 0                 ; 0       ;
;      - fir_filter_parallel_reduced_stream:impl|fir_filter_parallel_reduced:impl|history_next[0][50][14]~0  ; 0                 ; 0       ;
;      - fir_filter_parallel_reduced_stream:impl|fir_filter_parallel_reduced:impl|history_next[0][50][15]~0  ; 0                 ; 0       ;
;      - fir_filter_parallel_reduced_stream:impl|fir_filter_parallel_reduced:impl|history_next[0][57][0]~0   ; 0                 ; 0       ;
;      - fir_filter_parallel_reduced_stream:impl|fir_filter_parallel_reduced:impl|history_next[0][57][1]~0   ; 0                 ; 0       ;
;      - fir_filter_parallel_reduced_stream:impl|fir_filter_parallel_reduced:impl|history_next[0][57][2]~0   ; 0                 ; 0       ;
;      - fir_filter_parallel_reduced_stream:impl|fir_filter_parallel_reduced:impl|history_next[0][57][3]~0   ; 0                 ; 0       ;
;      - fir_filter_parallel_reduced_stream:impl|fir_filter_parallel_reduced:impl|history_next[0][57][4]~0   ; 0                 ; 0       ;
;      - fir_filter_parallel_reduced_stream:impl|fir_filter_parallel_reduced:impl|history_next[0][57][5]~0   ; 0                 ; 0       ;
;      - fir_filter_parallel_reduced_stream:impl|fir_filter_parallel_reduced:impl|history_next[0][57][6]~0   ; 0                 ; 0       ;
;      - fir_filter_parallel_reduced_stream:impl|fir_filter_parallel_reduced:impl|history_next[0][57][7]~0   ; 0                 ; 0       ;
;      - fir_filter_parallel_reduced_stream:impl|fir_filter_parallel_reduced:impl|history_next[0][57][8]~0   ; 0                 ; 0       ;
;      - fir_filter_parallel_reduced_stream:impl|fir_filter_parallel_reduced:impl|history_next[0][57][9]~0   ; 0                 ; 0       ;
;      - fir_filter_parallel_reduced_stream:impl|fir_filter_parallel_reduced:impl|history_next[0][57][10]~0  ; 0                 ; 0       ;
;      - fir_filter_parallel_reduced_stream:impl|fir_filter_parallel_reduced:impl|history_next[0][57][11]~0  ; 0                 ; 0       ;
;      - fir_filter_parallel_reduced_stream:impl|fir_filter_parallel_reduced:impl|history_next[0][57][12]~0  ; 0                 ; 0       ;
;      - fir_filter_parallel_reduced_stream:impl|fir_filter_parallel_reduced:impl|history_next[0][57][13]~0  ; 0                 ; 0       ;
;      - fir_filter_parallel_reduced_stream:impl|fir_filter_parallel_reduced:impl|history_next[0][57][14]~0  ; 0                 ; 0       ;
;      - fir_filter_parallel_reduced_stream:impl|fir_filter_parallel_reduced:impl|history_next[0][57][15]~0  ; 0                 ; 0       ;
;      - fir_filter_parallel_reduced_stream:impl|fir_filter_parallel_reduced:impl|history_next[0][47][0]~0   ; 0                 ; 0       ;
;      - fir_filter_parallel_reduced_stream:impl|fir_filter_parallel_reduced:impl|history_next[0][47][1]~0   ; 0                 ; 0       ;
;      - fir_filter_parallel_reduced_stream:impl|fir_filter_parallel_reduced:impl|history_next[0][47][2]~0   ; 0                 ; 0       ;
;      - fir_filter_parallel_reduced_stream:impl|fir_filter_parallel_reduced:impl|history_next[0][47][3]~0   ; 0                 ; 0       ;
;      - fir_filter_parallel_reduced_stream:impl|fir_filter_parallel_reduced:impl|history_next[0][47][4]~0   ; 0                 ; 0       ;
;      - fir_filter_parallel_reduced_stream:impl|fir_filter_parallel_reduced:impl|history_next[0][47][5]~0   ; 0                 ; 0       ;
;      - fir_filter_parallel_reduced_stream:impl|fir_filter_parallel_reduced:impl|history_next[0][47][6]~0   ; 0                 ; 0       ;
;      - fir_filter_parallel_reduced_stream:impl|fir_filter_parallel_reduced:impl|history_next[0][47][7]~0   ; 0                 ; 0       ;
;      - fir_filter_parallel_reduced_stream:impl|fir_filter_parallel_reduced:impl|history_next[0][47][8]~0   ; 0                 ; 0       ;
;      - fir_filter_parallel_reduced_stream:impl|fir_filter_parallel_reduced:impl|history_next[0][47][9]~0   ; 0                 ; 0       ;
;      - fir_filter_parallel_reduced_stream:impl|fir_filter_parallel_reduced:impl|history_next[0][47][10]~0  ; 0                 ; 0       ;
;      - fir_filter_parallel_reduced_stream:impl|fir_filter_parallel_reduced:impl|history_next[0][47][11]~0  ; 0                 ; 0       ;
;      - fir_filter_parallel_reduced_stream:impl|fir_filter_parallel_reduced:impl|history_next[0][47][12]~0  ; 0                 ; 0       ;
;      - fir_filter_parallel_reduced_stream:impl|fir_filter_parallel_reduced:impl|history_next[0][47][13]~0  ; 0                 ; 0       ;
;      - fir_filter_parallel_reduced_stream:impl|fir_filter_parallel_reduced:impl|history_next[0][47][14]~0  ; 0                 ; 0       ;
;      - fir_filter_parallel_reduced_stream:impl|fir_filter_parallel_reduced:impl|history_next[0][47][15]~0  ; 0                 ; 0       ;
;      - fir_filter_parallel_reduced_stream:impl|fir_filter_parallel_reduced:impl|history_next[0][58][0]~0   ; 0                 ; 0       ;
;      - fir_filter_parallel_reduced_stream:impl|fir_filter_parallel_reduced:impl|history_next[0][58][1]~0   ; 0                 ; 0       ;
;      - fir_filter_parallel_reduced_stream:impl|fir_filter_parallel_reduced:impl|history_next[0][58][2]~0   ; 0                 ; 0       ;
;      - fir_filter_parallel_reduced_stream:impl|fir_filter_parallel_reduced:impl|history_next[0][58][3]~0   ; 0                 ; 0       ;
;      - fir_filter_parallel_reduced_stream:impl|fir_filter_parallel_reduced:impl|history_next[0][58][4]~0   ; 0                 ; 0       ;
;      - fir_filter_parallel_reduced_stream:impl|fir_filter_parallel_reduced:impl|history_next[0][58][5]~0   ; 0                 ; 0       ;
;      - fir_filter_parallel_reduced_stream:impl|fir_filter_parallel_reduced:impl|history_next[0][58][6]~0   ; 0                 ; 0       ;
;      - fir_filter_parallel_reduced_stream:impl|fir_filter_parallel_reduced:impl|history_next[0][58][7]~0   ; 0                 ; 0       ;
;      - fir_filter_parallel_reduced_stream:impl|fir_filter_parallel_reduced:impl|history_next[0][58][8]~0   ; 0                 ; 0       ;
;      - fir_filter_parallel_reduced_stream:impl|fir_filter_parallel_reduced:impl|history_next[0][58][9]~0   ; 0                 ; 0       ;
;      - fir_filter_parallel_reduced_stream:impl|fir_filter_parallel_reduced:impl|history_next[0][58][10]~0  ; 0                 ; 0       ;
;      - fir_filter_parallel_reduced_stream:impl|fir_filter_parallel_reduced:impl|history_next[0][58][11]~0  ; 0                 ; 0       ;
;      - fir_filter_parallel_reduced_stream:impl|fir_filter_parallel_reduced:impl|history_next[0][58][12]~0  ; 0                 ; 0       ;
;      - fir_filter_parallel_reduced_stream:impl|fir_filter_parallel_reduced:impl|history_next[0][58][13]~0  ; 0                 ; 0       ;
;      - fir_filter_parallel_reduced_stream:impl|fir_filter_parallel_reduced:impl|history_next[0][58][14]~0  ; 0                 ; 0       ;
;      - fir_filter_parallel_reduced_stream:impl|fir_filter_parallel_reduced:impl|history_next[0][58][15]~0  ; 0                 ; 0       ;
;      - fir_filter_parallel_reduced_stream:impl|fir_filter_parallel_reduced:impl|history_next[1][47][0]~0   ; 0                 ; 0       ;
;      - fir_filter_parallel_reduced_stream:impl|fir_filter_parallel_reduced:impl|history_next[1][47][1]~0   ; 0                 ; 0       ;
;      - fir_filter_parallel_reduced_stream:impl|fir_filter_parallel_reduced:impl|history_next[1][47][2]~0   ; 0                 ; 0       ;
;      - fir_filter_parallel_reduced_stream:impl|fir_filter_parallel_reduced:impl|history_next[1][47][3]~0   ; 0                 ; 0       ;
;      - fir_filter_parallel_reduced_stream:impl|fir_filter_parallel_reduced:impl|history_next[1][47][4]~0   ; 0                 ; 0       ;
;      - fir_filter_parallel_reduced_stream:impl|fir_filter_parallel_reduced:impl|history_next[1][47][5]~0   ; 0                 ; 0       ;
;      - fir_filter_parallel_reduced_stream:impl|fir_filter_parallel_reduced:impl|history_next[1][47][6]~0   ; 0                 ; 0       ;
;      - fir_filter_parallel_reduced_stream:impl|fir_filter_parallel_reduced:impl|history_next[1][47][7]~0   ; 0                 ; 0       ;
;      - fir_filter_parallel_reduced_stream:impl|fir_filter_parallel_reduced:impl|history_next[1][47][8]~0   ; 0                 ; 0       ;
;      - fir_filter_parallel_reduced_stream:impl|fir_filter_parallel_reduced:impl|history_next[1][47][9]~0   ; 0                 ; 0       ;
;      - fir_filter_parallel_reduced_stream:impl|fir_filter_parallel_reduced:impl|history_next[1][47][10]~0  ; 0                 ; 0       ;
;      - fir_filter_parallel_reduced_stream:impl|fir_filter_parallel_reduced:impl|history_next[1][47][11]~0  ; 0                 ; 0       ;
;      - fir_filter_parallel_reduced_stream:impl|fir_filter_parallel_reduced:impl|history_next[1][47][12]~0  ; 0                 ; 0       ;
;      - fir_filter_parallel_reduced_stream:impl|fir_filter_parallel_reduced:impl|history_next[1][47][13]~0  ; 0                 ; 0       ;
;      - fir_filter_parallel_reduced_stream:impl|fir_filter_parallel_reduced:impl|history_next[1][47][14]~0  ; 0                 ; 0       ;
;      - fir_filter_parallel_reduced_stream:impl|fir_filter_parallel_reduced:impl|history_next[1][47][15]~0  ; 0                 ; 0       ;
;      - fir_filter_parallel_reduced_stream:impl|fir_filter_parallel_reduced:impl|history_next[1][59][0]~0   ; 0                 ; 0       ;
;      - fir_filter_parallel_reduced_stream:impl|fir_filter_parallel_reduced:impl|history_next[1][59][1]~0   ; 0                 ; 0       ;
;      - fir_filter_parallel_reduced_stream:impl|fir_filter_parallel_reduced:impl|history_next[1][59][2]~0   ; 0                 ; 0       ;
;      - fir_filter_parallel_reduced_stream:impl|fir_filter_parallel_reduced:impl|history_next[1][59][3]~0   ; 0                 ; 0       ;
;      - fir_filter_parallel_reduced_stream:impl|fir_filter_parallel_reduced:impl|history_next[1][59][4]~0   ; 0                 ; 0       ;
;      - fir_filter_parallel_reduced_stream:impl|fir_filter_parallel_reduced:impl|history_next[1][59][5]~0   ; 0                 ; 0       ;
;      - fir_filter_parallel_reduced_stream:impl|fir_filter_parallel_reduced:impl|history_next[1][59][6]~0   ; 0                 ; 0       ;
;      - fir_filter_parallel_reduced_stream:impl|fir_filter_parallel_reduced:impl|history_next[1][59][7]~0   ; 0                 ; 0       ;
;      - fir_filter_parallel_reduced_stream:impl|fir_filter_parallel_reduced:impl|history_next[1][59][8]~0   ; 0                 ; 0       ;
;      - fir_filter_parallel_reduced_stream:impl|fir_filter_parallel_reduced:impl|history_next[1][59][9]~0   ; 0                 ; 0       ;
;      - fir_filter_parallel_reduced_stream:impl|fir_filter_parallel_reduced:impl|history_next[1][59][10]~0  ; 0                 ; 0       ;
;      - fir_filter_parallel_reduced_stream:impl|fir_filter_parallel_reduced:impl|history_next[1][59][11]~0  ; 0                 ; 0       ;
;      - fir_filter_parallel_reduced_stream:impl|fir_filter_parallel_reduced:impl|history_next[1][59][12]~0  ; 0                 ; 0       ;
;      - fir_filter_parallel_reduced_stream:impl|fir_filter_parallel_reduced:impl|history_next[1][59][13]~0  ; 0                 ; 0       ;
;      - fir_filter_parallel_reduced_stream:impl|fir_filter_parallel_reduced:impl|history_next[1][59][14]~0  ; 0                 ; 0       ;
;      - fir_filter_parallel_reduced_stream:impl|fir_filter_parallel_reduced:impl|history_next[1][59][15]~0  ; 0                 ; 0       ;
;      - fir_filter_parallel_reduced_stream:impl|fir_filter_parallel_reduced:impl|history_next[0][46][0]~0   ; 0                 ; 0       ;
;      - fir_filter_parallel_reduced_stream:impl|fir_filter_parallel_reduced:impl|history_next[0][46][1]~0   ; 0                 ; 0       ;
;      - fir_filter_parallel_reduced_stream:impl|fir_filter_parallel_reduced:impl|history_next[0][46][2]~0   ; 0                 ; 0       ;
;      - fir_filter_parallel_reduced_stream:impl|fir_filter_parallel_reduced:impl|history_next[0][46][3]~0   ; 0                 ; 0       ;
;      - fir_filter_parallel_reduced_stream:impl|fir_filter_parallel_reduced:impl|history_next[0][46][4]~0   ; 0                 ; 0       ;
;      - fir_filter_parallel_reduced_stream:impl|fir_filter_parallel_reduced:impl|history_next[0][46][5]~0   ; 0                 ; 0       ;
;      - fir_filter_parallel_reduced_stream:impl|fir_filter_parallel_reduced:impl|history_next[0][46][6]~0   ; 0                 ; 0       ;
;      - fir_filter_parallel_reduced_stream:impl|fir_filter_parallel_reduced:impl|history_next[0][46][7]~0   ; 0                 ; 0       ;
;      - fir_filter_parallel_reduced_stream:impl|fir_filter_parallel_reduced:impl|history_next[0][46][8]~0   ; 0                 ; 0       ;
;      - fir_filter_parallel_reduced_stream:impl|fir_filter_parallel_reduced:impl|history_next[0][46][9]~0   ; 0                 ; 0       ;
;      - fir_filter_parallel_reduced_stream:impl|fir_filter_parallel_reduced:impl|history_next[0][46][10]~0  ; 0                 ; 0       ;
;      - fir_filter_parallel_reduced_stream:impl|fir_filter_parallel_reduced:impl|history_next[0][46][11]~0  ; 0                 ; 0       ;
;      - fir_filter_parallel_reduced_stream:impl|fir_filter_parallel_reduced:impl|history_next[0][46][12]~0  ; 0                 ; 0       ;
;      - fir_filter_parallel_reduced_stream:impl|fir_filter_parallel_reduced:impl|history_next[0][46][13]~0  ; 0                 ; 0       ;
;      - fir_filter_parallel_reduced_stream:impl|fir_filter_parallel_reduced:impl|history_next[0][46][14]~0  ; 0                 ; 0       ;
;      - fir_filter_parallel_reduced_stream:impl|fir_filter_parallel_reduced:impl|history_next[0][46][15]~0  ; 0                 ; 0       ;
;      - fir_filter_parallel_reduced_stream:impl|fir_filter_parallel_reduced:impl|history_next[0][59][0]~0   ; 0                 ; 0       ;
;      - fir_filter_parallel_reduced_stream:impl|fir_filter_parallel_reduced:impl|history_next[0][59][1]~0   ; 0                 ; 0       ;
;      - fir_filter_parallel_reduced_stream:impl|fir_filter_parallel_reduced:impl|history_next[0][59][2]~0   ; 0                 ; 0       ;
;      - fir_filter_parallel_reduced_stream:impl|fir_filter_parallel_reduced:impl|history_next[0][59][3]~0   ; 0                 ; 0       ;
;      - fir_filter_parallel_reduced_stream:impl|fir_filter_parallel_reduced:impl|history_next[0][59][4]~0   ; 0                 ; 0       ;
;      - fir_filter_parallel_reduced_stream:impl|fir_filter_parallel_reduced:impl|history_next[0][59][5]~0   ; 0                 ; 0       ;
;      - fir_filter_parallel_reduced_stream:impl|fir_filter_parallel_reduced:impl|history_next[0][59][6]~0   ; 0                 ; 0       ;
;      - fir_filter_parallel_reduced_stream:impl|fir_filter_parallel_reduced:impl|history_next[0][59][7]~0   ; 0                 ; 0       ;
;      - fir_filter_parallel_reduced_stream:impl|fir_filter_parallel_reduced:impl|history_next[0][59][8]~0   ; 0                 ; 0       ;
;      - fir_filter_parallel_reduced_stream:impl|fir_filter_parallel_reduced:impl|history_next[0][59][9]~0   ; 0                 ; 0       ;
;      - fir_filter_parallel_reduced_stream:impl|fir_filter_parallel_reduced:impl|history_next[0][59][10]~0  ; 0                 ; 0       ;
;      - fir_filter_parallel_reduced_stream:impl|fir_filter_parallel_reduced:impl|history_next[0][59][11]~0  ; 0                 ; 0       ;
;      - fir_filter_parallel_reduced_stream:impl|fir_filter_parallel_reduced:impl|history_next[0][59][12]~0  ; 0                 ; 0       ;
;      - fir_filter_parallel_reduced_stream:impl|fir_filter_parallel_reduced:impl|history_next[0][59][13]~0  ; 0                 ; 0       ;
;      - fir_filter_parallel_reduced_stream:impl|fir_filter_parallel_reduced:impl|history_next[0][59][14]~0  ; 0                 ; 0       ;
;      - fir_filter_parallel_reduced_stream:impl|fir_filter_parallel_reduced:impl|history_next[0][59][15]~0  ; 0                 ; 0       ;
;      - fir_filter_parallel_reduced_stream:impl|fir_filter_parallel_reduced:impl|history_next[0][45][0]~0   ; 0                 ; 0       ;
;      - fir_filter_parallel_reduced_stream:impl|fir_filter_parallel_reduced:impl|history_next[0][45][1]~0   ; 0                 ; 0       ;
;      - fir_filter_parallel_reduced_stream:impl|fir_filter_parallel_reduced:impl|history_next[0][45][2]~0   ; 0                 ; 0       ;
;      - fir_filter_parallel_reduced_stream:impl|fir_filter_parallel_reduced:impl|history_next[0][45][3]~0   ; 0                 ; 0       ;
;      - fir_filter_parallel_reduced_stream:impl|fir_filter_parallel_reduced:impl|history_next[0][45][4]~0   ; 0                 ; 0       ;
;      - fir_filter_parallel_reduced_stream:impl|fir_filter_parallel_reduced:impl|history_next[0][45][5]~0   ; 0                 ; 0       ;
;      - fir_filter_parallel_reduced_stream:impl|fir_filter_parallel_reduced:impl|history_next[0][45][6]~0   ; 0                 ; 0       ;
;      - fir_filter_parallel_reduced_stream:impl|fir_filter_parallel_reduced:impl|history_next[0][45][7]~0   ; 0                 ; 0       ;
;      - fir_filter_parallel_reduced_stream:impl|fir_filter_parallel_reduced:impl|history_next[0][45][8]~0   ; 0                 ; 0       ;
;      - fir_filter_parallel_reduced_stream:impl|fir_filter_parallel_reduced:impl|history_next[0][45][9]~0   ; 0                 ; 0       ;
;      - fir_filter_parallel_reduced_stream:impl|fir_filter_parallel_reduced:impl|history_next[0][45][10]~0  ; 0                 ; 0       ;
;      - fir_filter_parallel_reduced_stream:impl|fir_filter_parallel_reduced:impl|history_next[0][45][11]~0  ; 0                 ; 0       ;
;      - fir_filter_parallel_reduced_stream:impl|fir_filter_parallel_reduced:impl|history_next[0][45][12]~0  ; 0                 ; 0       ;
;      - fir_filter_parallel_reduced_stream:impl|fir_filter_parallel_reduced:impl|history_next[0][45][13]~0  ; 0                 ; 0       ;
;      - fir_filter_parallel_reduced_stream:impl|fir_filter_parallel_reduced:impl|history_next[0][45][14]~0  ; 0                 ; 0       ;
;      - fir_filter_parallel_reduced_stream:impl|fir_filter_parallel_reduced:impl|history_next[0][45][15]~0  ; 0                 ; 0       ;
;      - fir_filter_parallel_reduced_stream:impl|fir_filter_parallel_reduced:impl|history_next[0][60][0]~0   ; 0                 ; 0       ;
;      - fir_filter_parallel_reduced_stream:impl|fir_filter_parallel_reduced:impl|history_next[0][60][1]~0   ; 0                 ; 0       ;
;      - fir_filter_parallel_reduced_stream:impl|fir_filter_parallel_reduced:impl|history_next[0][60][2]~0   ; 0                 ; 0       ;
;      - fir_filter_parallel_reduced_stream:impl|fir_filter_parallel_reduced:impl|history_next[0][60][3]~0   ; 0                 ; 0       ;
;      - fir_filter_parallel_reduced_stream:impl|fir_filter_parallel_reduced:impl|history_next[0][60][4]~0   ; 0                 ; 0       ;
;      - fir_filter_parallel_reduced_stream:impl|fir_filter_parallel_reduced:impl|history_next[0][60][5]~0   ; 0                 ; 0       ;
;      - fir_filter_parallel_reduced_stream:impl|fir_filter_parallel_reduced:impl|history_next[0][60][6]~0   ; 0                 ; 0       ;
;      - fir_filter_parallel_reduced_stream:impl|fir_filter_parallel_reduced:impl|history_next[0][60][7]~0   ; 0                 ; 0       ;
;      - fir_filter_parallel_reduced_stream:impl|fir_filter_parallel_reduced:impl|history_next[0][60][8]~0   ; 0                 ; 0       ;
;      - fir_filter_parallel_reduced_stream:impl|fir_filter_parallel_reduced:impl|history_next[0][60][9]~0   ; 0                 ; 0       ;
;      - fir_filter_parallel_reduced_stream:impl|fir_filter_parallel_reduced:impl|history_next[0][60][10]~0  ; 0                 ; 0       ;
;      - fir_filter_parallel_reduced_stream:impl|fir_filter_parallel_reduced:impl|history_next[0][60][11]~0  ; 0                 ; 0       ;
;      - fir_filter_parallel_reduced_stream:impl|fir_filter_parallel_reduced:impl|history_next[0][60][12]~0  ; 0                 ; 0       ;
;      - fir_filter_parallel_reduced_stream:impl|fir_filter_parallel_reduced:impl|history_next[0][60][13]~0  ; 0                 ; 0       ;
;      - fir_filter_parallel_reduced_stream:impl|fir_filter_parallel_reduced:impl|history_next[0][60][14]~0  ; 0                 ; 0       ;
;      - fir_filter_parallel_reduced_stream:impl|fir_filter_parallel_reduced:impl|history_next[0][60][15]~0  ; 0                 ; 0       ;
;      - fir_filter_parallel_reduced_stream:impl|fir_filter_parallel_reduced:impl|history_next[0][101][0]~0  ; 0                 ; 0       ;
;      - fir_filter_parallel_reduced_stream:impl|fir_filter_parallel_reduced:impl|history_next[0][101][1]~0  ; 0                 ; 0       ;
;      - fir_filter_parallel_reduced_stream:impl|fir_filter_parallel_reduced:impl|history_next[0][101][2]~0  ; 0                 ; 0       ;
;      - fir_filter_parallel_reduced_stream:impl|fir_filter_parallel_reduced:impl|history_next[0][101][3]~0  ; 0                 ; 0       ;
;      - fir_filter_parallel_reduced_stream:impl|fir_filter_parallel_reduced:impl|history_next[0][101][4]~0  ; 0                 ; 0       ;
;      - fir_filter_parallel_reduced_stream:impl|fir_filter_parallel_reduced:impl|history_next[0][101][5]~0  ; 0                 ; 0       ;
;      - fir_filter_parallel_reduced_stream:impl|fir_filter_parallel_reduced:impl|history_next[0][101][6]~0  ; 0                 ; 0       ;
;      - fir_filter_parallel_reduced_stream:impl|fir_filter_parallel_reduced:impl|history_next[0][101][7]~0  ; 0                 ; 0       ;
;      - fir_filter_parallel_reduced_stream:impl|fir_filter_parallel_reduced:impl|history_next[0][101][8]~0  ; 0                 ; 0       ;
;      - fir_filter_parallel_reduced_stream:impl|fir_filter_parallel_reduced:impl|history_next[0][101][9]~0  ; 0                 ; 0       ;
;      - fir_filter_parallel_reduced_stream:impl|fir_filter_parallel_reduced:impl|history_next[0][101][10]~0 ; 0                 ; 0       ;
;      - fir_filter_parallel_reduced_stream:impl|fir_filter_parallel_reduced:impl|history_next[0][101][11]~0 ; 0                 ; 0       ;
;      - fir_filter_parallel_reduced_stream:impl|fir_filter_parallel_reduced:impl|history_next[0][101][12]~0 ; 0                 ; 0       ;
;      - fir_filter_parallel_reduced_stream:impl|fir_filter_parallel_reduced:impl|history_next[0][101][13]~0 ; 0                 ; 0       ;
;      - fir_filter_parallel_reduced_stream:impl|fir_filter_parallel_reduced:impl|history_next[0][101][14]~0 ; 0                 ; 0       ;
;      - fir_filter_parallel_reduced_stream:impl|fir_filter_parallel_reduced:impl|history_next[0][101][15]~0 ; 0                 ; 0       ;
;      - fir_filter_parallel_reduced_stream:impl|fir_filter_parallel_reduced:impl|history_next[1][104][0]~0  ; 0                 ; 0       ;
;      - fir_filter_parallel_reduced_stream:impl|fir_filter_parallel_reduced:impl|history_next[1][104][1]~0  ; 0                 ; 0       ;
;      - fir_filter_parallel_reduced_stream:impl|fir_filter_parallel_reduced:impl|history_next[1][104][2]~0  ; 0                 ; 0       ;
;      - fir_filter_parallel_reduced_stream:impl|fir_filter_parallel_reduced:impl|history_next[1][104][3]~0  ; 0                 ; 0       ;
;      - fir_filter_parallel_reduced_stream:impl|fir_filter_parallel_reduced:impl|history_next[1][104][4]~0  ; 0                 ; 0       ;
;      - fir_filter_parallel_reduced_stream:impl|fir_filter_parallel_reduced:impl|history_next[1][104][5]~0  ; 0                 ; 0       ;
;      - fir_filter_parallel_reduced_stream:impl|fir_filter_parallel_reduced:impl|history_next[1][104][6]~0  ; 0                 ; 0       ;
;      - fir_filter_parallel_reduced_stream:impl|fir_filter_parallel_reduced:impl|history_next[1][104][7]~0  ; 0                 ; 0       ;
;      - fir_filter_parallel_reduced_stream:impl|fir_filter_parallel_reduced:impl|history_next[1][104][8]~0  ; 0                 ; 0       ;
;      - fir_filter_parallel_reduced_stream:impl|fir_filter_parallel_reduced:impl|history_next[1][104][9]~0  ; 0                 ; 0       ;
;      - fir_filter_parallel_reduced_stream:impl|fir_filter_parallel_reduced:impl|history_next[1][104][10]~0 ; 0                 ; 0       ;
;      - fir_filter_parallel_reduced_stream:impl|fir_filter_parallel_reduced:impl|history_next[1][104][11]~0 ; 0                 ; 0       ;
;      - fir_filter_parallel_reduced_stream:impl|fir_filter_parallel_reduced:impl|history_next[1][104][12]~0 ; 0                 ; 0       ;
;      - fir_filter_parallel_reduced_stream:impl|fir_filter_parallel_reduced:impl|history_next[1][104][13]~0 ; 0                 ; 0       ;
;      - fir_filter_parallel_reduced_stream:impl|fir_filter_parallel_reduced:impl|history_next[1][104][14]~0 ; 0                 ; 0       ;
;      - fir_filter_parallel_reduced_stream:impl|fir_filter_parallel_reduced:impl|history_next[0][43][0]~0   ; 0                 ; 0       ;
;      - fir_filter_parallel_reduced_stream:impl|fir_filter_parallel_reduced:impl|history_next[0][43][1]~0   ; 0                 ; 0       ;
;      - fir_filter_parallel_reduced_stream:impl|fir_filter_parallel_reduced:impl|history_next[0][43][2]~0   ; 0                 ; 0       ;
;      - fir_filter_parallel_reduced_stream:impl|fir_filter_parallel_reduced:impl|history_next[0][43][3]~0   ; 0                 ; 0       ;
;      - fir_filter_parallel_reduced_stream:impl|fir_filter_parallel_reduced:impl|history_next[0][43][4]~0   ; 0                 ; 0       ;
;      - fir_filter_parallel_reduced_stream:impl|fir_filter_parallel_reduced:impl|history_next[0][43][5]~0   ; 0                 ; 0       ;
;      - fir_filter_parallel_reduced_stream:impl|fir_filter_parallel_reduced:impl|history_next[0][43][6]~0   ; 0                 ; 0       ;
;      - fir_filter_parallel_reduced_stream:impl|fir_filter_parallel_reduced:impl|history_next[0][43][7]~0   ; 0                 ; 0       ;
;      - fir_filter_parallel_reduced_stream:impl|fir_filter_parallel_reduced:impl|history_next[0][43][8]~0   ; 0                 ; 0       ;
;      - fir_filter_parallel_reduced_stream:impl|fir_filter_parallel_reduced:impl|history_next[0][43][9]~0   ; 0                 ; 0       ;
;      - fir_filter_parallel_reduced_stream:impl|fir_filter_parallel_reduced:impl|history_next[0][43][10]~0  ; 0                 ; 0       ;
;      - fir_filter_parallel_reduced_stream:impl|fir_filter_parallel_reduced:impl|history_next[0][43][11]~0  ; 0                 ; 0       ;
;      - fir_filter_parallel_reduced_stream:impl|fir_filter_parallel_reduced:impl|history_next[0][43][12]~0  ; 0                 ; 0       ;
;      - fir_filter_parallel_reduced_stream:impl|fir_filter_parallel_reduced:impl|history_next[0][43][13]~0  ; 0                 ; 0       ;
;      - fir_filter_parallel_reduced_stream:impl|fir_filter_parallel_reduced:impl|history_next[0][43][14]~0  ; 0                 ; 0       ;
;      - fir_filter_parallel_reduced_stream:impl|fir_filter_parallel_reduced:impl|history_next[0][43][15]~0  ; 0                 ; 0       ;
;      - fir_filter_parallel_reduced_stream:impl|fir_filter_parallel_reduced:impl|history_next[0][62][0]~0   ; 0                 ; 0       ;
;      - fir_filter_parallel_reduced_stream:impl|fir_filter_parallel_reduced:impl|history_next[0][62][1]~0   ; 0                 ; 0       ;
;      - fir_filter_parallel_reduced_stream:impl|fir_filter_parallel_reduced:impl|history_next[0][62][2]~0   ; 0                 ; 0       ;
;      - fir_filter_parallel_reduced_stream:impl|fir_filter_parallel_reduced:impl|history_next[0][62][3]~0   ; 0                 ; 0       ;
;      - fir_filter_parallel_reduced_stream:impl|fir_filter_parallel_reduced:impl|history_next[0][62][4]~0   ; 0                 ; 0       ;
;      - fir_filter_parallel_reduced_stream:impl|fir_filter_parallel_reduced:impl|history_next[0][62][5]~0   ; 0                 ; 0       ;
;      - fir_filter_parallel_reduced_stream:impl|fir_filter_parallel_reduced:impl|history_next[0][62][6]~0   ; 0                 ; 0       ;
;      - fir_filter_parallel_reduced_stream:impl|fir_filter_parallel_reduced:impl|history_next[0][62][7]~0   ; 0                 ; 0       ;
;      - fir_filter_parallel_reduced_stream:impl|fir_filter_parallel_reduced:impl|history_next[0][62][8]~0   ; 0                 ; 0       ;
;      - fir_filter_parallel_reduced_stream:impl|fir_filter_parallel_reduced:impl|history_next[0][62][9]~0   ; 0                 ; 0       ;
;      - fir_filter_parallel_reduced_stream:impl|fir_filter_parallel_reduced:impl|history_next[0][62][10]~0  ; 0                 ; 0       ;
;      - fir_filter_parallel_reduced_stream:impl|fir_filter_parallel_reduced:impl|history_next[0][62][11]~0  ; 0                 ; 0       ;
;      - fir_filter_parallel_reduced_stream:impl|fir_filter_parallel_reduced:impl|history_next[0][62][12]~0  ; 0                 ; 0       ;
;      - fir_filter_parallel_reduced_stream:impl|fir_filter_parallel_reduced:impl|history_next[0][62][13]~0  ; 0                 ; 0       ;
;      - fir_filter_parallel_reduced_stream:impl|fir_filter_parallel_reduced:impl|history_next[0][62][14]~0  ; 0                 ; 0       ;
;      - fir_filter_parallel_reduced_stream:impl|fir_filter_parallel_reduced:impl|history_next[0][62][15]~0  ; 0                 ; 0       ;
;      - fir_filter_parallel_reduced_stream:impl|fir_filter_parallel_reduced:impl|history_next[1][44][0]~0   ; 0                 ; 0       ;
;      - fir_filter_parallel_reduced_stream:impl|fir_filter_parallel_reduced:impl|history_next[1][44][1]~0   ; 0                 ; 0       ;
;      - fir_filter_parallel_reduced_stream:impl|fir_filter_parallel_reduced:impl|history_next[1][44][2]~0   ; 0                 ; 0       ;
;      - fir_filter_parallel_reduced_stream:impl|fir_filter_parallel_reduced:impl|history_next[1][44][3]~0   ; 0                 ; 0       ;
;      - fir_filter_parallel_reduced_stream:impl|fir_filter_parallel_reduced:impl|history_next[1][44][4]~0   ; 0                 ; 0       ;
;      - fir_filter_parallel_reduced_stream:impl|fir_filter_parallel_reduced:impl|history_next[1][44][5]~0   ; 0                 ; 0       ;
;      - fir_filter_parallel_reduced_stream:impl|fir_filter_parallel_reduced:impl|history_next[1][44][6]~0   ; 0                 ; 0       ;
;      - fir_filter_parallel_reduced_stream:impl|fir_filter_parallel_reduced:impl|history_next[1][44][7]~0   ; 0                 ; 0       ;
;      - fir_filter_parallel_reduced_stream:impl|fir_filter_parallel_reduced:impl|history_next[1][44][8]~0   ; 0                 ; 0       ;
;      - fir_filter_parallel_reduced_stream:impl|fir_filter_parallel_reduced:impl|history_next[1][44][9]~0   ; 0                 ; 0       ;
;      - fir_filter_parallel_reduced_stream:impl|fir_filter_parallel_reduced:impl|history_next[1][44][10]~0  ; 0                 ; 0       ;
;      - fir_filter_parallel_reduced_stream:impl|fir_filter_parallel_reduced:impl|history_next[1][44][11]~0  ; 0                 ; 0       ;
;      - fir_filter_parallel_reduced_stream:impl|fir_filter_parallel_reduced:impl|history_next[1][44][12]~0  ; 0                 ; 0       ;
;      - fir_filter_parallel_reduced_stream:impl|fir_filter_parallel_reduced:impl|history_next[1][44][13]~0  ; 0                 ; 0       ;
;      - fir_filter_parallel_reduced_stream:impl|fir_filter_parallel_reduced:impl|history_next[1][44][14]~0  ; 0                 ; 0       ;
;      - fir_filter_parallel_reduced_stream:impl|fir_filter_parallel_reduced:impl|history_next[1][44][15]~0  ; 0                 ; 0       ;
;      - fir_filter_parallel_reduced_stream:impl|fir_filter_parallel_reduced:impl|history_next[1][62][0]~0   ; 0                 ; 0       ;
;      - fir_filter_parallel_reduced_stream:impl|fir_filter_parallel_reduced:impl|history_next[1][62][1]~0   ; 0                 ; 0       ;
;      - fir_filter_parallel_reduced_stream:impl|fir_filter_parallel_reduced:impl|history_next[1][62][2]~0   ; 0                 ; 0       ;
;      - fir_filter_parallel_reduced_stream:impl|fir_filter_parallel_reduced:impl|history_next[1][62][3]~0   ; 0                 ; 0       ;
;      - fir_filter_parallel_reduced_stream:impl|fir_filter_parallel_reduced:impl|history_next[1][62][4]~0   ; 0                 ; 0       ;
;      - fir_filter_parallel_reduced_stream:impl|fir_filter_parallel_reduced:impl|history_next[1][62][5]~0   ; 0                 ; 0       ;
;      - fir_filter_parallel_reduced_stream:impl|fir_filter_parallel_reduced:impl|history_next[1][62][6]~0   ; 0                 ; 0       ;
;      - fir_filter_parallel_reduced_stream:impl|fir_filter_parallel_reduced:impl|history_next[1][62][7]~0   ; 0                 ; 0       ;
;      - fir_filter_parallel_reduced_stream:impl|fir_filter_parallel_reduced:impl|history_next[1][62][8]~0   ; 0                 ; 0       ;
;      - fir_filter_parallel_reduced_stream:impl|fir_filter_parallel_reduced:impl|history_next[1][62][9]~0   ; 0                 ; 0       ;
;      - fir_filter_parallel_reduced_stream:impl|fir_filter_parallel_reduced:impl|history_next[1][62][10]~0  ; 0                 ; 0       ;
;      - fir_filter_parallel_reduced_stream:impl|fir_filter_parallel_reduced:impl|history_next[1][62][11]~0  ; 0                 ; 0       ;
;      - fir_filter_parallel_reduced_stream:impl|fir_filter_parallel_reduced:impl|history_next[1][62][12]~0  ; 0                 ; 0       ;
;      - fir_filter_parallel_reduced_stream:impl|fir_filter_parallel_reduced:impl|history_next[1][62][13]~0  ; 0                 ; 0       ;
;      - fir_filter_parallel_reduced_stream:impl|fir_filter_parallel_reduced:impl|history_next[1][62][14]~0  ; 0                 ; 0       ;
;      - fir_filter_parallel_reduced_stream:impl|fir_filter_parallel_reduced:impl|history_next[1][62][15]~0  ; 0                 ; 0       ;
;      - fir_filter_parallel_reduced_stream:impl|fir_filter_parallel_reduced:impl|history_next[0][40][0]~0   ; 0                 ; 0       ;
;      - fir_filter_parallel_reduced_stream:impl|fir_filter_parallel_reduced:impl|history_next[0][40][1]~0   ; 0                 ; 0       ;
;      - fir_filter_parallel_reduced_stream:impl|fir_filter_parallel_reduced:impl|history_next[0][40][2]~0   ; 0                 ; 0       ;
;      - fir_filter_parallel_reduced_stream:impl|fir_filter_parallel_reduced:impl|history_next[0][40][3]~0   ; 0                 ; 0       ;
;      - fir_filter_parallel_reduced_stream:impl|fir_filter_parallel_reduced:impl|history_next[0][40][4]~0   ; 0                 ; 0       ;
;      - fir_filter_parallel_reduced_stream:impl|fir_filter_parallel_reduced:impl|history_next[0][40][5]~0   ; 0                 ; 0       ;
;      - fir_filter_parallel_reduced_stream:impl|fir_filter_parallel_reduced:impl|history_next[0][40][6]~0   ; 0                 ; 0       ;
;      - fir_filter_parallel_reduced_stream:impl|fir_filter_parallel_reduced:impl|history_next[0][40][7]~0   ; 0                 ; 0       ;
;      - fir_filter_parallel_reduced_stream:impl|fir_filter_parallel_reduced:impl|history_next[0][40][8]~0   ; 0                 ; 0       ;
;      - fir_filter_parallel_reduced_stream:impl|fir_filter_parallel_reduced:impl|history_next[0][40][9]~0   ; 0                 ; 0       ;
;      - fir_filter_parallel_reduced_stream:impl|fir_filter_parallel_reduced:impl|history_next[0][40][10]~0  ; 0                 ; 0       ;
;      - fir_filter_parallel_reduced_stream:impl|fir_filter_parallel_reduced:impl|history_next[0][40][11]~0  ; 0                 ; 0       ;
;      - fir_filter_parallel_reduced_stream:impl|fir_filter_parallel_reduced:impl|history_next[0][40][12]~0  ; 0                 ; 0       ;
;      - fir_filter_parallel_reduced_stream:impl|fir_filter_parallel_reduced:impl|history_next[0][40][13]~0  ; 0                 ; 0       ;
;      - fir_filter_parallel_reduced_stream:impl|fir_filter_parallel_reduced:impl|history_next[0][40][14]~0  ; 0                 ; 0       ;
;      - fir_filter_parallel_reduced_stream:impl|fir_filter_parallel_reduced:impl|history_next[0][40][15]~0  ; 0                 ; 0       ;
;      - fir_filter_parallel_reduced_stream:impl|fir_filter_parallel_reduced:impl|history_next[0][65][0]~0   ; 0                 ; 0       ;
;      - fir_filter_parallel_reduced_stream:impl|fir_filter_parallel_reduced:impl|history_next[0][65][1]~0   ; 0                 ; 0       ;
;      - fir_filter_parallel_reduced_stream:impl|fir_filter_parallel_reduced:impl|history_next[0][65][2]~0   ; 0                 ; 0       ;
;      - fir_filter_parallel_reduced_stream:impl|fir_filter_parallel_reduced:impl|history_next[0][65][3]~0   ; 0                 ; 0       ;
;      - fir_filter_parallel_reduced_stream:impl|fir_filter_parallel_reduced:impl|history_next[0][65][4]~0   ; 0                 ; 0       ;
;      - fir_filter_parallel_reduced_stream:impl|fir_filter_parallel_reduced:impl|history_next[0][65][5]~0   ; 0                 ; 0       ;
;      - fir_filter_parallel_reduced_stream:impl|fir_filter_parallel_reduced:impl|history_next[0][65][6]~0   ; 0                 ; 0       ;
;      - fir_filter_parallel_reduced_stream:impl|fir_filter_parallel_reduced:impl|history_next[0][65][7]~0   ; 0                 ; 0       ;
;      - fir_filter_parallel_reduced_stream:impl|fir_filter_parallel_reduced:impl|history_next[0][65][8]~0   ; 0                 ; 0       ;
;      - fir_filter_parallel_reduced_stream:impl|fir_filter_parallel_reduced:impl|history_next[0][65][9]~0   ; 0                 ; 0       ;
;      - fir_filter_parallel_reduced_stream:impl|fir_filter_parallel_reduced:impl|history_next[0][65][10]~0  ; 0                 ; 0       ;
;      - fir_filter_parallel_reduced_stream:impl|fir_filter_parallel_reduced:impl|history_next[0][65][11]~0  ; 0                 ; 0       ;
;      - fir_filter_parallel_reduced_stream:impl|fir_filter_parallel_reduced:impl|history_next[0][65][12]~0  ; 0                 ; 0       ;
;      - fir_filter_parallel_reduced_stream:impl|fir_filter_parallel_reduced:impl|history_next[0][65][13]~0  ; 0                 ; 0       ;
;      - fir_filter_parallel_reduced_stream:impl|fir_filter_parallel_reduced:impl|history_next[0][65][14]~0  ; 0                 ; 0       ;
;      - fir_filter_parallel_reduced_stream:impl|fir_filter_parallel_reduced:impl|history_next[0][65][15]~0  ; 0                 ; 0       ;
;      - fir_filter_parallel_reduced_stream:impl|fir_filter_parallel_reduced:impl|history_next[1][40][0]~0   ; 0                 ; 0       ;
;      - fir_filter_parallel_reduced_stream:impl|fir_filter_parallel_reduced:impl|history_next[1][40][1]~0   ; 0                 ; 0       ;
;      - fir_filter_parallel_reduced_stream:impl|fir_filter_parallel_reduced:impl|history_next[1][40][2]~0   ; 0                 ; 0       ;
;      - fir_filter_parallel_reduced_stream:impl|fir_filter_parallel_reduced:impl|history_next[1][40][3]~0   ; 0                 ; 0       ;
;      - fir_filter_parallel_reduced_stream:impl|fir_filter_parallel_reduced:impl|history_next[1][40][4]~0   ; 0                 ; 0       ;
;      - fir_filter_parallel_reduced_stream:impl|fir_filter_parallel_reduced:impl|history_next[1][40][5]~0   ; 0                 ; 0       ;
;      - fir_filter_parallel_reduced_stream:impl|fir_filter_parallel_reduced:impl|history_next[1][40][6]~0   ; 0                 ; 0       ;
;      - fir_filter_parallel_reduced_stream:impl|fir_filter_parallel_reduced:impl|history_next[1][40][7]~0   ; 0                 ; 0       ;
;      - fir_filter_parallel_reduced_stream:impl|fir_filter_parallel_reduced:impl|history_next[1][40][8]~0   ; 0                 ; 0       ;
;      - fir_filter_parallel_reduced_stream:impl|fir_filter_parallel_reduced:impl|history_next[1][40][9]~0   ; 0                 ; 0       ;
;      - fir_filter_parallel_reduced_stream:impl|fir_filter_parallel_reduced:impl|history_next[1][40][10]~0  ; 0                 ; 0       ;
;      - fir_filter_parallel_reduced_stream:impl|fir_filter_parallel_reduced:impl|history_next[1][40][11]~0  ; 0                 ; 0       ;
;      - fir_filter_parallel_reduced_stream:impl|fir_filter_parallel_reduced:impl|history_next[1][40][12]~0  ; 0                 ; 0       ;
;      - fir_filter_parallel_reduced_stream:impl|fir_filter_parallel_reduced:impl|history_next[1][40][13]~0  ; 0                 ; 0       ;
;      - fir_filter_parallel_reduced_stream:impl|fir_filter_parallel_reduced:impl|history_next[1][40][14]~0  ; 0                 ; 0       ;
;      - fir_filter_parallel_reduced_stream:impl|fir_filter_parallel_reduced:impl|history_next[1][40][15]~0  ; 0                 ; 0       ;
;      - fir_filter_parallel_reduced_stream:impl|fir_filter_parallel_reduced:impl|history_next[1][66][0]~0   ; 0                 ; 0       ;
;      - fir_filter_parallel_reduced_stream:impl|fir_filter_parallel_reduced:impl|history_next[1][66][1]~0   ; 0                 ; 0       ;
;      - fir_filter_parallel_reduced_stream:impl|fir_filter_parallel_reduced:impl|history_next[1][66][2]~0   ; 0                 ; 0       ;
;      - fir_filter_parallel_reduced_stream:impl|fir_filter_parallel_reduced:impl|history_next[1][66][3]~0   ; 0                 ; 0       ;
;      - fir_filter_parallel_reduced_stream:impl|fir_filter_parallel_reduced:impl|history_next[1][66][4]~0   ; 0                 ; 0       ;
;      - fir_filter_parallel_reduced_stream:impl|fir_filter_parallel_reduced:impl|history_next[1][66][5]~0   ; 0                 ; 0       ;
;      - fir_filter_parallel_reduced_stream:impl|fir_filter_parallel_reduced:impl|history_next[1][66][6]~0   ; 0                 ; 0       ;
;      - fir_filter_parallel_reduced_stream:impl|fir_filter_parallel_reduced:impl|history_next[1][66][7]~0   ; 0                 ; 0       ;
;      - fir_filter_parallel_reduced_stream:impl|fir_filter_parallel_reduced:impl|history_next[1][66][8]~0   ; 0                 ; 0       ;
;      - fir_filter_parallel_reduced_stream:impl|fir_filter_parallel_reduced:impl|history_next[1][66][9]~0   ; 0                 ; 0       ;
;      - fir_filter_parallel_reduced_stream:impl|fir_filter_parallel_reduced:impl|history_next[1][66][10]~0  ; 0                 ; 0       ;
;      - fir_filter_parallel_reduced_stream:impl|fir_filter_parallel_reduced:impl|history_next[1][66][11]~0  ; 0                 ; 0       ;
;      - fir_filter_parallel_reduced_stream:impl|fir_filter_parallel_reduced:impl|history_next[1][66][12]~0  ; 0                 ; 0       ;
;      - fir_filter_parallel_reduced_stream:impl|fir_filter_parallel_reduced:impl|history_next[1][66][13]~0  ; 0                 ; 0       ;
;      - fir_filter_parallel_reduced_stream:impl|fir_filter_parallel_reduced:impl|history_next[1][66][14]~0  ; 0                 ; 0       ;
;      - fir_filter_parallel_reduced_stream:impl|fir_filter_parallel_reduced:impl|history_next[1][66][15]~0  ; 0                 ; 0       ;
;      - fir_filter_parallel_reduced_stream:impl|fir_filter_parallel_reduced:impl|history_next[0][39][0]~0   ; 0                 ; 0       ;
;      - fir_filter_parallel_reduced_stream:impl|fir_filter_parallel_reduced:impl|history_next[0][39][1]~0   ; 0                 ; 0       ;
;      - fir_filter_parallel_reduced_stream:impl|fir_filter_parallel_reduced:impl|history_next[0][39][2]~0   ; 0                 ; 0       ;
;      - fir_filter_parallel_reduced_stream:impl|fir_filter_parallel_reduced:impl|history_next[0][39][3]~0   ; 0                 ; 0       ;
;      - fir_filter_parallel_reduced_stream:impl|fir_filter_parallel_reduced:impl|history_next[0][39][4]~0   ; 0                 ; 0       ;
;      - fir_filter_parallel_reduced_stream:impl|fir_filter_parallel_reduced:impl|history_next[0][39][5]~0   ; 0                 ; 0       ;
;      - fir_filter_parallel_reduced_stream:impl|fir_filter_parallel_reduced:impl|history_next[0][39][6]~0   ; 0                 ; 0       ;
;      - fir_filter_parallel_reduced_stream:impl|fir_filter_parallel_reduced:impl|history_next[0][39][7]~0   ; 0                 ; 0       ;
;      - fir_filter_parallel_reduced_stream:impl|fir_filter_parallel_reduced:impl|history_next[0][39][8]~0   ; 0                 ; 0       ;
;      - fir_filter_parallel_reduced_stream:impl|fir_filter_parallel_reduced:impl|history_next[0][39][9]~0   ; 0                 ; 0       ;
;      - fir_filter_parallel_reduced_stream:impl|fir_filter_parallel_reduced:impl|history_next[0][39][10]~0  ; 0                 ; 0       ;
;      - fir_filter_parallel_reduced_stream:impl|fir_filter_parallel_reduced:impl|history_next[0][39][11]~0  ; 0                 ; 0       ;
;      - fir_filter_parallel_reduced_stream:impl|fir_filter_parallel_reduced:impl|history_next[0][39][12]~0  ; 0                 ; 0       ;
;      - fir_filter_parallel_reduced_stream:impl|fir_filter_parallel_reduced:impl|history_next[0][39][13]~0  ; 0                 ; 0       ;
;      - fir_filter_parallel_reduced_stream:impl|fir_filter_parallel_reduced:impl|history_next[0][39][14]~0  ; 0                 ; 0       ;
;      - fir_filter_parallel_reduced_stream:impl|fir_filter_parallel_reduced:impl|history_next[0][39][15]~0  ; 0                 ; 0       ;
;      - fir_filter_parallel_reduced_stream:impl|fir_filter_parallel_reduced:impl|history_next[0][66][0]~0   ; 0                 ; 0       ;
;      - fir_filter_parallel_reduced_stream:impl|fir_filter_parallel_reduced:impl|history_next[0][66][1]~0   ; 0                 ; 0       ;
;      - fir_filter_parallel_reduced_stream:impl|fir_filter_parallel_reduced:impl|history_next[0][66][2]~0   ; 0                 ; 0       ;
;      - fir_filter_parallel_reduced_stream:impl|fir_filter_parallel_reduced:impl|history_next[0][66][3]~0   ; 0                 ; 0       ;
;      - fir_filter_parallel_reduced_stream:impl|fir_filter_parallel_reduced:impl|history_next[0][66][4]~0   ; 0                 ; 0       ;
;      - fir_filter_parallel_reduced_stream:impl|fir_filter_parallel_reduced:impl|history_next[0][66][5]~0   ; 0                 ; 0       ;
;      - fir_filter_parallel_reduced_stream:impl|fir_filter_parallel_reduced:impl|history_next[0][66][6]~0   ; 0                 ; 0       ;
;      - fir_filter_parallel_reduced_stream:impl|fir_filter_parallel_reduced:impl|history_next[0][66][7]~0   ; 0                 ; 0       ;
;      - fir_filter_parallel_reduced_stream:impl|fir_filter_parallel_reduced:impl|history_next[0][66][8]~0   ; 0                 ; 0       ;
;      - fir_filter_parallel_reduced_stream:impl|fir_filter_parallel_reduced:impl|history_next[0][66][9]~0   ; 0                 ; 0       ;
;      - fir_filter_parallel_reduced_stream:impl|fir_filter_parallel_reduced:impl|history_next[0][66][10]~0  ; 0                 ; 0       ;
;      - fir_filter_parallel_reduced_stream:impl|fir_filter_parallel_reduced:impl|history_next[0][66][11]~0  ; 0                 ; 0       ;
;      - fir_filter_parallel_reduced_stream:impl|fir_filter_parallel_reduced:impl|history_next[0][66][12]~0  ; 0                 ; 0       ;
;      - fir_filter_parallel_reduced_stream:impl|fir_filter_parallel_reduced:impl|history_next[0][66][13]~0  ; 0                 ; 0       ;
;      - fir_filter_parallel_reduced_stream:impl|fir_filter_parallel_reduced:impl|history_next[0][66][14]~0  ; 0                 ; 0       ;
;      - fir_filter_parallel_reduced_stream:impl|fir_filter_parallel_reduced:impl|history_next[0][66][15]~0  ; 0                 ; 0       ;
;      - fir_filter_parallel_reduced_stream:impl|fir_filter_parallel_reduced:impl|history_next[1][48][0]~0   ; 0                 ; 0       ;
;      - fir_filter_parallel_reduced_stream:impl|fir_filter_parallel_reduced:impl|history_next[1][48][1]~0   ; 0                 ; 0       ;
;      - fir_filter_parallel_reduced_stream:impl|fir_filter_parallel_reduced:impl|history_next[1][48][2]~0   ; 0                 ; 0       ;
;      - fir_filter_parallel_reduced_stream:impl|fir_filter_parallel_reduced:impl|history_next[1][48][3]~0   ; 0                 ; 0       ;
;      - fir_filter_parallel_reduced_stream:impl|fir_filter_parallel_reduced:impl|history_next[1][48][4]~0   ; 0                 ; 0       ;
;      - fir_filter_parallel_reduced_stream:impl|fir_filter_parallel_reduced:impl|history_next[1][48][5]~0   ; 0                 ; 0       ;
;      - fir_filter_parallel_reduced_stream:impl|fir_filter_parallel_reduced:impl|history_next[1][48][6]~0   ; 0                 ; 0       ;
;      - fir_filter_parallel_reduced_stream:impl|fir_filter_parallel_reduced:impl|history_next[1][48][7]~0   ; 0                 ; 0       ;
;      - fir_filter_parallel_reduced_stream:impl|fir_filter_parallel_reduced:impl|history_next[1][48][8]~0   ; 0                 ; 0       ;
;      - fir_filter_parallel_reduced_stream:impl|fir_filter_parallel_reduced:impl|history_next[1][48][9]~0   ; 0                 ; 0       ;
;      - fir_filter_parallel_reduced_stream:impl|fir_filter_parallel_reduced:impl|history_next[1][48][10]~0  ; 0                 ; 0       ;
;      - fir_filter_parallel_reduced_stream:impl|fir_filter_parallel_reduced:impl|history_next[1][48][11]~0  ; 0                 ; 0       ;
;      - fir_filter_parallel_reduced_stream:impl|fir_filter_parallel_reduced:impl|history_next[1][48][12]~0  ; 0                 ; 0       ;
;      - fir_filter_parallel_reduced_stream:impl|fir_filter_parallel_reduced:impl|history_next[1][48][13]~0  ; 0                 ; 0       ;
;      - fir_filter_parallel_reduced_stream:impl|fir_filter_parallel_reduced:impl|history_next[1][48][14]~0  ; 0                 ; 0       ;
;      - fir_filter_parallel_reduced_stream:impl|fir_filter_parallel_reduced:impl|history_next[1][48][15]~0  ; 0                 ; 0       ;
;      - fir_filter_parallel_reduced_stream:impl|fir_filter_parallel_reduced:impl|history_next[1][58][0]~0   ; 0                 ; 0       ;
;      - fir_filter_parallel_reduced_stream:impl|fir_filter_parallel_reduced:impl|history_next[1][58][1]~0   ; 0                 ; 0       ;
;      - fir_filter_parallel_reduced_stream:impl|fir_filter_parallel_reduced:impl|history_next[1][58][2]~0   ; 0                 ; 0       ;
;      - fir_filter_parallel_reduced_stream:impl|fir_filter_parallel_reduced:impl|history_next[1][58][3]~0   ; 0                 ; 0       ;
;      - fir_filter_parallel_reduced_stream:impl|fir_filter_parallel_reduced:impl|history_next[1][58][4]~0   ; 0                 ; 0       ;
;      - fir_filter_parallel_reduced_stream:impl|fir_filter_parallel_reduced:impl|history_next[1][58][5]~0   ; 0                 ; 0       ;
;      - fir_filter_parallel_reduced_stream:impl|fir_filter_parallel_reduced:impl|history_next[1][58][6]~0   ; 0                 ; 0       ;
;      - fir_filter_parallel_reduced_stream:impl|fir_filter_parallel_reduced:impl|history_next[1][58][7]~0   ; 0                 ; 0       ;
;      - fir_filter_parallel_reduced_stream:impl|fir_filter_parallel_reduced:impl|history_next[1][58][8]~0   ; 0                 ; 0       ;
;      - fir_filter_parallel_reduced_stream:impl|fir_filter_parallel_reduced:impl|history_next[1][58][9]~0   ; 0                 ; 0       ;
;      - fir_filter_parallel_reduced_stream:impl|fir_filter_parallel_reduced:impl|history_next[1][58][10]~0  ; 0                 ; 0       ;
;      - fir_filter_parallel_reduced_stream:impl|fir_filter_parallel_reduced:impl|history_next[1][58][11]~0  ; 0                 ; 0       ;
;      - fir_filter_parallel_reduced_stream:impl|fir_filter_parallel_reduced:impl|history_next[1][58][12]~0  ; 0                 ; 0       ;
;      - fir_filter_parallel_reduced_stream:impl|fir_filter_parallel_reduced:impl|history_next[1][58][13]~0  ; 0                 ; 0       ;
;      - fir_filter_parallel_reduced_stream:impl|fir_filter_parallel_reduced:impl|history_next[1][58][14]~0  ; 0                 ; 0       ;
;      - fir_filter_parallel_reduced_stream:impl|fir_filter_parallel_reduced:impl|history_next[1][58][15]~0  ; 0                 ; 0       ;
;      - fir_filter_parallel_reduced_stream:impl|fir_filter_parallel_reduced:impl|history_next[1][43][0]~0   ; 0                 ; 0       ;
;      - fir_filter_parallel_reduced_stream:impl|fir_filter_parallel_reduced:impl|history_next[1][43][1]~0   ; 0                 ; 0       ;
;      - fir_filter_parallel_reduced_stream:impl|fir_filter_parallel_reduced:impl|history_next[1][43][2]~0   ; 0                 ; 0       ;
;      - fir_filter_parallel_reduced_stream:impl|fir_filter_parallel_reduced:impl|history_next[1][43][3]~0   ; 0                 ; 0       ;
;      - fir_filter_parallel_reduced_stream:impl|fir_filter_parallel_reduced:impl|history_next[1][43][4]~0   ; 0                 ; 0       ;
;      - fir_filter_parallel_reduced_stream:impl|fir_filter_parallel_reduced:impl|history_next[1][43][5]~0   ; 0                 ; 0       ;
;      - fir_filter_parallel_reduced_stream:impl|fir_filter_parallel_reduced:impl|history_next[1][43][6]~0   ; 0                 ; 0       ;
;      - fir_filter_parallel_reduced_stream:impl|fir_filter_parallel_reduced:impl|history_next[1][43][7]~0   ; 0                 ; 0       ;
;      - fir_filter_parallel_reduced_stream:impl|fir_filter_parallel_reduced:impl|history_next[1][43][8]~0   ; 0                 ; 0       ;
;      - fir_filter_parallel_reduced_stream:impl|fir_filter_parallel_reduced:impl|history_next[1][43][9]~0   ; 0                 ; 0       ;
;      - fir_filter_parallel_reduced_stream:impl|fir_filter_parallel_reduced:impl|history_next[1][43][10]~0  ; 0                 ; 0       ;
;      - fir_filter_parallel_reduced_stream:impl|fir_filter_parallel_reduced:impl|history_next[1][43][11]~0  ; 0                 ; 0       ;
;      - fir_filter_parallel_reduced_stream:impl|fir_filter_parallel_reduced:impl|history_next[1][43][12]~0  ; 0                 ; 0       ;
;      - fir_filter_parallel_reduced_stream:impl|fir_filter_parallel_reduced:impl|history_next[1][43][13]~0  ; 0                 ; 0       ;
;      - fir_filter_parallel_reduced_stream:impl|fir_filter_parallel_reduced:impl|history_next[1][43][14]~0  ; 0                 ; 0       ;
;      - fir_filter_parallel_reduced_stream:impl|fir_filter_parallel_reduced:impl|history_next[1][43][15]~0  ; 0                 ; 0       ;
;      - fir_filter_parallel_reduced_stream:impl|fir_filter_parallel_reduced:impl|history_next[1][63][0]~0   ; 0                 ; 0       ;
;      - fir_filter_parallel_reduced_stream:impl|fir_filter_parallel_reduced:impl|history_next[1][63][1]~0   ; 0                 ; 0       ;
;      - fir_filter_parallel_reduced_stream:impl|fir_filter_parallel_reduced:impl|history_next[1][63][2]~0   ; 0                 ; 0       ;
;      - fir_filter_parallel_reduced_stream:impl|fir_filter_parallel_reduced:impl|history_next[1][63][3]~0   ; 0                 ; 0       ;
;      - fir_filter_parallel_reduced_stream:impl|fir_filter_parallel_reduced:impl|history_next[1][63][4]~0   ; 0                 ; 0       ;
;      - fir_filter_parallel_reduced_stream:impl|fir_filter_parallel_reduced:impl|history_next[1][63][5]~0   ; 0                 ; 0       ;
;      - fir_filter_parallel_reduced_stream:impl|fir_filter_parallel_reduced:impl|history_next[1][63][6]~0   ; 0                 ; 0       ;
;      - fir_filter_parallel_reduced_stream:impl|fir_filter_parallel_reduced:impl|history_next[1][63][7]~0   ; 0                 ; 0       ;
;      - fir_filter_parallel_reduced_stream:impl|fir_filter_parallel_reduced:impl|history_next[1][63][8]~0   ; 0                 ; 0       ;
;      - fir_filter_parallel_reduced_stream:impl|fir_filter_parallel_reduced:impl|history_next[1][63][9]~0   ; 0                 ; 0       ;
;      - fir_filter_parallel_reduced_stream:impl|fir_filter_parallel_reduced:impl|history_next[1][63][10]~0  ; 0                 ; 0       ;
;      - fir_filter_parallel_reduced_stream:impl|fir_filter_parallel_reduced:impl|history_next[1][63][11]~0  ; 0                 ; 0       ;
;      - fir_filter_parallel_reduced_stream:impl|fir_filter_parallel_reduced:impl|history_next[1][63][12]~0  ; 0                 ; 0       ;
;      - fir_filter_parallel_reduced_stream:impl|fir_filter_parallel_reduced:impl|history_next[1][63][13]~0  ; 0                 ; 0       ;
;      - fir_filter_parallel_reduced_stream:impl|fir_filter_parallel_reduced:impl|history_next[1][63][14]~0  ; 0                 ; 0       ;
;      - fir_filter_parallel_reduced_stream:impl|fir_filter_parallel_reduced:impl|history_next[1][63][15]~0  ; 0                 ; 0       ;
;      - fir_filter_parallel_reduced_stream:impl|fir_filter_parallel_reduced:impl|history_next[1][39][0]~0   ; 0                 ; 0       ;
;      - fir_filter_parallel_reduced_stream:impl|fir_filter_parallel_reduced:impl|history_next[1][39][1]~0   ; 0                 ; 0       ;
;      - fir_filter_parallel_reduced_stream:impl|fir_filter_parallel_reduced:impl|history_next[1][39][2]~0   ; 0                 ; 0       ;
;      - fir_filter_parallel_reduced_stream:impl|fir_filter_parallel_reduced:impl|history_next[1][39][3]~0   ; 0                 ; 0       ;
;      - fir_filter_parallel_reduced_stream:impl|fir_filter_parallel_reduced:impl|history_next[1][39][4]~0   ; 0                 ; 0       ;
;      - fir_filter_parallel_reduced_stream:impl|fir_filter_parallel_reduced:impl|history_next[1][39][5]~0   ; 0                 ; 0       ;
;      - fir_filter_parallel_reduced_stream:impl|fir_filter_parallel_reduced:impl|history_next[1][39][6]~0   ; 0                 ; 0       ;
;      - fir_filter_parallel_reduced_stream:impl|fir_filter_parallel_reduced:impl|history_next[1][39][7]~0   ; 0                 ; 0       ;
;      - fir_filter_parallel_reduced_stream:impl|fir_filter_parallel_reduced:impl|history_next[1][39][8]~0   ; 0                 ; 0       ;
;      - fir_filter_parallel_reduced_stream:impl|fir_filter_parallel_reduced:impl|history_next[1][39][9]~0   ; 0                 ; 0       ;
;      - fir_filter_parallel_reduced_stream:impl|fir_filter_parallel_reduced:impl|history_next[1][39][10]~0  ; 0                 ; 0       ;
;      - fir_filter_parallel_reduced_stream:impl|fir_filter_parallel_reduced:impl|history_next[1][39][11]~0  ; 0                 ; 0       ;
;      - fir_filter_parallel_reduced_stream:impl|fir_filter_parallel_reduced:impl|history_next[1][39][12]~0  ; 0                 ; 0       ;
;      - fir_filter_parallel_reduced_stream:impl|fir_filter_parallel_reduced:impl|history_next[1][39][13]~0  ; 0                 ; 0       ;
;      - fir_filter_parallel_reduced_stream:impl|fir_filter_parallel_reduced:impl|history_next[1][39][14]~0  ; 0                 ; 0       ;
;      - fir_filter_parallel_reduced_stream:impl|fir_filter_parallel_reduced:impl|history_next[1][39][15]~0  ; 0                 ; 0       ;
;      - fir_filter_parallel_reduced_stream:impl|fir_filter_parallel_reduced:impl|history_next[1][67][0]~0   ; 0                 ; 0       ;
;      - fir_filter_parallel_reduced_stream:impl|fir_filter_parallel_reduced:impl|history_next[1][67][1]~0   ; 0                 ; 0       ;
;      - fir_filter_parallel_reduced_stream:impl|fir_filter_parallel_reduced:impl|history_next[1][67][2]~0   ; 0                 ; 0       ;
;      - fir_filter_parallel_reduced_stream:impl|fir_filter_parallel_reduced:impl|history_next[1][67][3]~0   ; 0                 ; 0       ;
;      - fir_filter_parallel_reduced_stream:impl|fir_filter_parallel_reduced:impl|history_next[1][67][4]~0   ; 0                 ; 0       ;
;      - fir_filter_parallel_reduced_stream:impl|fir_filter_parallel_reduced:impl|history_next[1][67][5]~0   ; 0                 ; 0       ;
;      - fir_filter_parallel_reduced_stream:impl|fir_filter_parallel_reduced:impl|history_next[1][67][6]~0   ; 0                 ; 0       ;
;      - fir_filter_parallel_reduced_stream:impl|fir_filter_parallel_reduced:impl|history_next[1][67][7]~0   ; 0                 ; 0       ;
;      - fir_filter_parallel_reduced_stream:impl|fir_filter_parallel_reduced:impl|history_next[1][67][8]~0   ; 0                 ; 0       ;
;      - fir_filter_parallel_reduced_stream:impl|fir_filter_parallel_reduced:impl|history_next[1][67][9]~0   ; 0                 ; 0       ;
;      - fir_filter_parallel_reduced_stream:impl|fir_filter_parallel_reduced:impl|history_next[1][67][10]~0  ; 0                 ; 0       ;
;      - fir_filter_parallel_reduced_stream:impl|fir_filter_parallel_reduced:impl|history_next[1][67][11]~0  ; 0                 ; 0       ;
;      - fir_filter_parallel_reduced_stream:impl|fir_filter_parallel_reduced:impl|history_next[1][67][12]~0  ; 0                 ; 0       ;
;      - fir_filter_parallel_reduced_stream:impl|fir_filter_parallel_reduced:impl|history_next[1][67][13]~0  ; 0                 ; 0       ;
;      - fir_filter_parallel_reduced_stream:impl|fir_filter_parallel_reduced:impl|history_next[1][67][14]~0  ; 0                 ; 0       ;
;      - fir_filter_parallel_reduced_stream:impl|fir_filter_parallel_reduced:impl|history_next[1][67][15]~0  ; 0                 ; 0       ;
;      - fir_filter_parallel_reduced_stream:impl|fir_filter_parallel_reduced:impl|history_next[1][38][0]~0   ; 0                 ; 0       ;
;      - fir_filter_parallel_reduced_stream:impl|fir_filter_parallel_reduced:impl|history_next[1][38][1]~0   ; 0                 ; 0       ;
;      - fir_filter_parallel_reduced_stream:impl|fir_filter_parallel_reduced:impl|history_next[1][38][2]~0   ; 0                 ; 0       ;
;      - fir_filter_parallel_reduced_stream:impl|fir_filter_parallel_reduced:impl|history_next[1][38][3]~0   ; 0                 ; 0       ;
;      - fir_filter_parallel_reduced_stream:impl|fir_filter_parallel_reduced:impl|history_next[1][38][4]~0   ; 0                 ; 0       ;
;      - fir_filter_parallel_reduced_stream:impl|fir_filter_parallel_reduced:impl|history_next[1][38][5]~0   ; 0                 ; 0       ;
;      - fir_filter_parallel_reduced_stream:impl|fir_filter_parallel_reduced:impl|history_next[1][38][6]~0   ; 0                 ; 0       ;
;      - fir_filter_parallel_reduced_stream:impl|fir_filter_parallel_reduced:impl|history_next[1][38][7]~0   ; 0                 ; 0       ;
;      - fir_filter_parallel_reduced_stream:impl|fir_filter_parallel_reduced:impl|history_next[1][38][8]~0   ; 0                 ; 0       ;
;      - fir_filter_parallel_reduced_stream:impl|fir_filter_parallel_reduced:impl|history_next[1][38][9]~0   ; 0                 ; 0       ;
;      - fir_filter_parallel_reduced_stream:impl|fir_filter_parallel_reduced:impl|history_next[1][38][10]~0  ; 0                 ; 0       ;
;      - fir_filter_parallel_reduced_stream:impl|fir_filter_parallel_reduced:impl|history_next[1][38][11]~0  ; 0                 ; 0       ;
;      - fir_filter_parallel_reduced_stream:impl|fir_filter_parallel_reduced:impl|history_next[1][38][12]~0  ; 0                 ; 0       ;
;      - fir_filter_parallel_reduced_stream:impl|fir_filter_parallel_reduced:impl|history_next[1][38][13]~0  ; 0                 ; 0       ;
;      - fir_filter_parallel_reduced_stream:impl|fir_filter_parallel_reduced:impl|history_next[1][38][14]~0  ; 0                 ; 0       ;
;      - fir_filter_parallel_reduced_stream:impl|fir_filter_parallel_reduced:impl|history_next[1][38][15]~0  ; 0                 ; 0       ;
;      - fir_filter_parallel_reduced_stream:impl|fir_filter_parallel_reduced:impl|history_next[1][68][0]~0   ; 0                 ; 0       ;
;      - fir_filter_parallel_reduced_stream:impl|fir_filter_parallel_reduced:impl|history_next[1][68][1]~0   ; 0                 ; 0       ;
;      - fir_filter_parallel_reduced_stream:impl|fir_filter_parallel_reduced:impl|history_next[1][68][2]~0   ; 0                 ; 0       ;
;      - fir_filter_parallel_reduced_stream:impl|fir_filter_parallel_reduced:impl|history_next[1][68][3]~0   ; 0                 ; 0       ;
;      - fir_filter_parallel_reduced_stream:impl|fir_filter_parallel_reduced:impl|history_next[1][68][4]~0   ; 0                 ; 0       ;
;      - fir_filter_parallel_reduced_stream:impl|fir_filter_parallel_reduced:impl|history_next[1][68][5]~0   ; 0                 ; 0       ;
;      - fir_filter_parallel_reduced_stream:impl|fir_filter_parallel_reduced:impl|history_next[1][68][6]~0   ; 0                 ; 0       ;
;      - fir_filter_parallel_reduced_stream:impl|fir_filter_parallel_reduced:impl|history_next[1][68][7]~0   ; 0                 ; 0       ;
;      - fir_filter_parallel_reduced_stream:impl|fir_filter_parallel_reduced:impl|history_next[1][68][8]~0   ; 0                 ; 0       ;
;      - fir_filter_parallel_reduced_stream:impl|fir_filter_parallel_reduced:impl|history_next[1][68][9]~0   ; 0                 ; 0       ;
;      - fir_filter_parallel_reduced_stream:impl|fir_filter_parallel_reduced:impl|history_next[1][68][10]~0  ; 0                 ; 0       ;
;      - fir_filter_parallel_reduced_stream:impl|fir_filter_parallel_reduced:impl|history_next[1][68][11]~0  ; 0                 ; 0       ;
;      - fir_filter_parallel_reduced_stream:impl|fir_filter_parallel_reduced:impl|history_next[1][68][12]~0  ; 0                 ; 0       ;
;      - fir_filter_parallel_reduced_stream:impl|fir_filter_parallel_reduced:impl|history_next[1][68][13]~0  ; 0                 ; 0       ;
;      - fir_filter_parallel_reduced_stream:impl|fir_filter_parallel_reduced:impl|history_next[1][68][14]~0  ; 0                 ; 0       ;
;      - fir_filter_parallel_reduced_stream:impl|fir_filter_parallel_reduced:impl|history_next[1][68][15]~0  ; 0                 ; 0       ;
;      - fir_filter_parallel_reduced_stream:impl|fir_filter_parallel_reduced:impl|history_next[1][37][0]~0   ; 0                 ; 0       ;
;      - fir_filter_parallel_reduced_stream:impl|fir_filter_parallel_reduced:impl|history_next[1][37][1]~0   ; 0                 ; 0       ;
;      - fir_filter_parallel_reduced_stream:impl|fir_filter_parallel_reduced:impl|history_next[1][37][2]~0   ; 0                 ; 0       ;
;      - fir_filter_parallel_reduced_stream:impl|fir_filter_parallel_reduced:impl|history_next[1][37][3]~0   ; 0                 ; 0       ;
;      - fir_filter_parallel_reduced_stream:impl|fir_filter_parallel_reduced:impl|history_next[1][37][4]~0   ; 0                 ; 0       ;
;      - fir_filter_parallel_reduced_stream:impl|fir_filter_parallel_reduced:impl|history_next[1][37][5]~0   ; 0                 ; 0       ;
;      - fir_filter_parallel_reduced_stream:impl|fir_filter_parallel_reduced:impl|history_next[1][37][6]~0   ; 0                 ; 0       ;
;      - fir_filter_parallel_reduced_stream:impl|fir_filter_parallel_reduced:impl|history_next[1][37][7]~0   ; 0                 ; 0       ;
;      - fir_filter_parallel_reduced_stream:impl|fir_filter_parallel_reduced:impl|history_next[1][37][8]~0   ; 0                 ; 0       ;
;      - fir_filter_parallel_reduced_stream:impl|fir_filter_parallel_reduced:impl|history_next[1][37][9]~0   ; 0                 ; 0       ;
;      - fir_filter_parallel_reduced_stream:impl|fir_filter_parallel_reduced:impl|history_next[1][37][10]~0  ; 0                 ; 0       ;
;      - fir_filter_parallel_reduced_stream:impl|fir_filter_parallel_reduced:impl|history_next[1][37][11]~0  ; 0                 ; 0       ;
;      - fir_filter_parallel_reduced_stream:impl|fir_filter_parallel_reduced:impl|history_next[1][37][12]~0  ; 0                 ; 0       ;
;      - fir_filter_parallel_reduced_stream:impl|fir_filter_parallel_reduced:impl|history_next[1][37][13]~0  ; 0                 ; 0       ;
;      - fir_filter_parallel_reduced_stream:impl|fir_filter_parallel_reduced:impl|history_next[1][37][14]~0  ; 0                 ; 0       ;
;      - fir_filter_parallel_reduced_stream:impl|fir_filter_parallel_reduced:impl|history_next[1][37][15]~0  ; 0                 ; 0       ;
;      - fir_filter_parallel_reduced_stream:impl|fir_filter_parallel_reduced:impl|history_next[0][42][0]~0   ; 0                 ; 0       ;
;      - fir_filter_parallel_reduced_stream:impl|fir_filter_parallel_reduced:impl|history_next[0][42][1]~0   ; 0                 ; 0       ;
;      - fir_filter_parallel_reduced_stream:impl|fir_filter_parallel_reduced:impl|history_next[0][42][2]~0   ; 0                 ; 0       ;
;      - fir_filter_parallel_reduced_stream:impl|fir_filter_parallel_reduced:impl|history_next[0][42][3]~0   ; 0                 ; 0       ;
;      - fir_filter_parallel_reduced_stream:impl|fir_filter_parallel_reduced:impl|history_next[0][42][4]~0   ; 0                 ; 0       ;
;      - fir_filter_parallel_reduced_stream:impl|fir_filter_parallel_reduced:impl|history_next[0][42][5]~0   ; 0                 ; 0       ;
;      - fir_filter_parallel_reduced_stream:impl|fir_filter_parallel_reduced:impl|history_next[0][42][6]~0   ; 0                 ; 0       ;
;      - fir_filter_parallel_reduced_stream:impl|fir_filter_parallel_reduced:impl|history_next[0][42][7]~0   ; 0                 ; 0       ;
;      - fir_filter_parallel_reduced_stream:impl|fir_filter_parallel_reduced:impl|history_next[0][42][8]~0   ; 0                 ; 0       ;
;      - fir_filter_parallel_reduced_stream:impl|fir_filter_parallel_reduced:impl|history_next[0][42][9]~0   ; 0                 ; 0       ;
;      - fir_filter_parallel_reduced_stream:impl|fir_filter_parallel_reduced:impl|history_next[0][42][10]~0  ; 0                 ; 0       ;
;      - fir_filter_parallel_reduced_stream:impl|fir_filter_parallel_reduced:impl|history_next[0][42][11]~0  ; 0                 ; 0       ;
;      - fir_filter_parallel_reduced_stream:impl|fir_filter_parallel_reduced:impl|history_next[0][42][12]~0  ; 0                 ; 0       ;
;      - fir_filter_parallel_reduced_stream:impl|fir_filter_parallel_reduced:impl|history_next[0][42][13]~0  ; 0                 ; 0       ;
;      - fir_filter_parallel_reduced_stream:impl|fir_filter_parallel_reduced:impl|history_next[0][42][14]~0  ; 0                 ; 0       ;
;      - fir_filter_parallel_reduced_stream:impl|fir_filter_parallel_reduced:impl|history_next[0][42][15]~0  ; 0                 ; 0       ;
;      - fir_filter_parallel_reduced_stream:impl|fir_filter_parallel_reduced:impl|history_next[0][63][0]~0   ; 0                 ; 0       ;
;      - fir_filter_parallel_reduced_stream:impl|fir_filter_parallel_reduced:impl|history_next[0][63][1]~0   ; 0                 ; 0       ;
;      - fir_filter_parallel_reduced_stream:impl|fir_filter_parallel_reduced:impl|history_next[0][63][2]~0   ; 0                 ; 0       ;
;      - fir_filter_parallel_reduced_stream:impl|fir_filter_parallel_reduced:impl|history_next[0][63][3]~0   ; 0                 ; 0       ;
;      - fir_filter_parallel_reduced_stream:impl|fir_filter_parallel_reduced:impl|history_next[0][63][4]~0   ; 0                 ; 0       ;
;      - fir_filter_parallel_reduced_stream:impl|fir_filter_parallel_reduced:impl|history_next[0][63][5]~0   ; 0                 ; 0       ;
;      - fir_filter_parallel_reduced_stream:impl|fir_filter_parallel_reduced:impl|history_next[0][63][6]~0   ; 0                 ; 0       ;
;      - fir_filter_parallel_reduced_stream:impl|fir_filter_parallel_reduced:impl|history_next[0][63][7]~0   ; 0                 ; 0       ;
;      - fir_filter_parallel_reduced_stream:impl|fir_filter_parallel_reduced:impl|history_next[0][63][8]~0   ; 0                 ; 0       ;
;      - fir_filter_parallel_reduced_stream:impl|fir_filter_parallel_reduced:impl|history_next[0][63][9]~0   ; 0                 ; 0       ;
;      - fir_filter_parallel_reduced_stream:impl|fir_filter_parallel_reduced:impl|history_next[0][63][10]~0  ; 0                 ; 0       ;
;      - fir_filter_parallel_reduced_stream:impl|fir_filter_parallel_reduced:impl|history_next[0][63][11]~0  ; 0                 ; 0       ;
;      - fir_filter_parallel_reduced_stream:impl|fir_filter_parallel_reduced:impl|history_next[0][63][12]~0  ; 0                 ; 0       ;
;      - fir_filter_parallel_reduced_stream:impl|fir_filter_parallel_reduced:impl|history_next[0][63][13]~0  ; 0                 ; 0       ;
;      - fir_filter_parallel_reduced_stream:impl|fir_filter_parallel_reduced:impl|history_next[0][63][14]~0  ; 0                 ; 0       ;
;      - fir_filter_parallel_reduced_stream:impl|fir_filter_parallel_reduced:impl|history_next[0][63][15]~0  ; 0                 ; 0       ;
;      - fir_filter_parallel_reduced_stream:impl|fir_filter_parallel_reduced:impl|history_next[1][42][0]~0   ; 0                 ; 0       ;
;      - fir_filter_parallel_reduced_stream:impl|fir_filter_parallel_reduced:impl|history_next[1][42][1]~0   ; 0                 ; 0       ;
;      - fir_filter_parallel_reduced_stream:impl|fir_filter_parallel_reduced:impl|history_next[1][42][2]~0   ; 0                 ; 0       ;
;      - fir_filter_parallel_reduced_stream:impl|fir_filter_parallel_reduced:impl|history_next[1][42][3]~0   ; 0                 ; 0       ;
;      - fir_filter_parallel_reduced_stream:impl|fir_filter_parallel_reduced:impl|history_next[1][42][4]~0   ; 0                 ; 0       ;
;      - fir_filter_parallel_reduced_stream:impl|fir_filter_parallel_reduced:impl|history_next[1][42][5]~0   ; 0                 ; 0       ;
;      - fir_filter_parallel_reduced_stream:impl|fir_filter_parallel_reduced:impl|history_next[1][42][6]~0   ; 0                 ; 0       ;
;      - fir_filter_parallel_reduced_stream:impl|fir_filter_parallel_reduced:impl|history_next[1][42][7]~0   ; 0                 ; 0       ;
;      - fir_filter_parallel_reduced_stream:impl|fir_filter_parallel_reduced:impl|history_next[1][42][8]~0   ; 0                 ; 0       ;
;      - fir_filter_parallel_reduced_stream:impl|fir_filter_parallel_reduced:impl|history_next[1][42][9]~0   ; 0                 ; 0       ;
;      - fir_filter_parallel_reduced_stream:impl|fir_filter_parallel_reduced:impl|history_next[1][42][10]~0  ; 0                 ; 0       ;
;      - fir_filter_parallel_reduced_stream:impl|fir_filter_parallel_reduced:impl|history_next[1][42][11]~0  ; 0                 ; 0       ;
;      - fir_filter_parallel_reduced_stream:impl|fir_filter_parallel_reduced:impl|history_next[1][42][12]~0  ; 0                 ; 0       ;
;      - fir_filter_parallel_reduced_stream:impl|fir_filter_parallel_reduced:impl|history_next[1][42][13]~0  ; 0                 ; 0       ;
;      - fir_filter_parallel_reduced_stream:impl|fir_filter_parallel_reduced:impl|history_next[1][42][14]~0  ; 0                 ; 0       ;
;      - fir_filter_parallel_reduced_stream:impl|fir_filter_parallel_reduced:impl|history_next[1][42][15]~0  ; 0                 ; 0       ;
;      - fir_filter_parallel_reduced_stream:impl|fir_filter_parallel_reduced:impl|history_next[1][64][0]~0   ; 0                 ; 0       ;
;      - fir_filter_parallel_reduced_stream:impl|fir_filter_parallel_reduced:impl|history_next[1][64][1]~0   ; 0                 ; 0       ;
;      - fir_filter_parallel_reduced_stream:impl|fir_filter_parallel_reduced:impl|history_next[1][64][2]~0   ; 0                 ; 0       ;
;      - fir_filter_parallel_reduced_stream:impl|fir_filter_parallel_reduced:impl|history_next[1][64][3]~0   ; 0                 ; 0       ;
;      - fir_filter_parallel_reduced_stream:impl|fir_filter_parallel_reduced:impl|history_next[1][64][4]~0   ; 0                 ; 0       ;
;      - fir_filter_parallel_reduced_stream:impl|fir_filter_parallel_reduced:impl|history_next[1][64][5]~0   ; 0                 ; 0       ;
;      - fir_filter_parallel_reduced_stream:impl|fir_filter_parallel_reduced:impl|history_next[1][64][6]~0   ; 0                 ; 0       ;
;      - fir_filter_parallel_reduced_stream:impl|fir_filter_parallel_reduced:impl|history_next[1][64][7]~0   ; 0                 ; 0       ;
;      - fir_filter_parallel_reduced_stream:impl|fir_filter_parallel_reduced:impl|history_next[1][64][8]~0   ; 0                 ; 0       ;
;      - fir_filter_parallel_reduced_stream:impl|fir_filter_parallel_reduced:impl|history_next[1][64][9]~0   ; 0                 ; 0       ;
;      - fir_filter_parallel_reduced_stream:impl|fir_filter_parallel_reduced:impl|history_next[1][64][10]~0  ; 0                 ; 0       ;
;      - fir_filter_parallel_reduced_stream:impl|fir_filter_parallel_reduced:impl|history_next[1][64][11]~0  ; 0                 ; 0       ;
;      - fir_filter_parallel_reduced_stream:impl|fir_filter_parallel_reduced:impl|history_next[1][64][12]~0  ; 0                 ; 0       ;
;      - fir_filter_parallel_reduced_stream:impl|fir_filter_parallel_reduced:impl|history_next[1][64][13]~0  ; 0                 ; 0       ;
;      - fir_filter_parallel_reduced_stream:impl|fir_filter_parallel_reduced:impl|history_next[1][64][14]~0  ; 0                 ; 0       ;
;      - fir_filter_parallel_reduced_stream:impl|fir_filter_parallel_reduced:impl|history_next[1][64][15]~0  ; 0                 ; 0       ;
;      - fir_filter_parallel_reduced_stream:impl|fir_filter_parallel_reduced:impl|history_next[0][37][0]~0   ; 0                 ; 0       ;
;      - fir_filter_parallel_reduced_stream:impl|fir_filter_parallel_reduced:impl|history_next[0][37][1]~0   ; 0                 ; 0       ;
;      - fir_filter_parallel_reduced_stream:impl|fir_filter_parallel_reduced:impl|history_next[0][37][2]~0   ; 0                 ; 0       ;
;      - fir_filter_parallel_reduced_stream:impl|fir_filter_parallel_reduced:impl|history_next[0][37][3]~0   ; 0                 ; 0       ;
;      - fir_filter_parallel_reduced_stream:impl|fir_filter_parallel_reduced:impl|history_next[0][37][4]~0   ; 0                 ; 0       ;
;      - fir_filter_parallel_reduced_stream:impl|fir_filter_parallel_reduced:impl|history_next[0][37][5]~0   ; 0                 ; 0       ;
;      - fir_filter_parallel_reduced_stream:impl|fir_filter_parallel_reduced:impl|history_next[0][37][6]~0   ; 0                 ; 0       ;
;      - fir_filter_parallel_reduced_stream:impl|fir_filter_parallel_reduced:impl|history_next[0][37][7]~0   ; 0                 ; 0       ;
;      - fir_filter_parallel_reduced_stream:impl|fir_filter_parallel_reduced:impl|history_next[0][37][8]~0   ; 0                 ; 0       ;
;      - fir_filter_parallel_reduced_stream:impl|fir_filter_parallel_reduced:impl|history_next[0][37][9]~0   ; 0                 ; 0       ;
;      - fir_filter_parallel_reduced_stream:impl|fir_filter_parallel_reduced:impl|history_next[0][37][10]~0  ; 0                 ; 0       ;
;      - fir_filter_parallel_reduced_stream:impl|fir_filter_parallel_reduced:impl|history_next[0][37][11]~0  ; 0                 ; 0       ;
;      - fir_filter_parallel_reduced_stream:impl|fir_filter_parallel_reduced:impl|history_next[0][37][12]~0  ; 0                 ; 0       ;
;      - fir_filter_parallel_reduced_stream:impl|fir_filter_parallel_reduced:impl|history_next[0][37][13]~0  ; 0                 ; 0       ;
;      - fir_filter_parallel_reduced_stream:impl|fir_filter_parallel_reduced:impl|history_next[0][37][14]~0  ; 0                 ; 0       ;
;      - fir_filter_parallel_reduced_stream:impl|fir_filter_parallel_reduced:impl|history_next[0][37][15]~0  ; 0                 ; 0       ;
;      - fir_filter_parallel_reduced_stream:impl|fir_filter_parallel_reduced:impl|history_next[0][68][0]~0   ; 0                 ; 0       ;
;      - fir_filter_parallel_reduced_stream:impl|fir_filter_parallel_reduced:impl|history_next[0][68][1]~0   ; 0                 ; 0       ;
;      - fir_filter_parallel_reduced_stream:impl|fir_filter_parallel_reduced:impl|history_next[0][68][2]~0   ; 0                 ; 0       ;
;      - fir_filter_parallel_reduced_stream:impl|fir_filter_parallel_reduced:impl|history_next[0][68][3]~0   ; 0                 ; 0       ;
;      - fir_filter_parallel_reduced_stream:impl|fir_filter_parallel_reduced:impl|history_next[0][68][4]~0   ; 0                 ; 0       ;
;      - fir_filter_parallel_reduced_stream:impl|fir_filter_parallel_reduced:impl|history_next[0][68][5]~0   ; 0                 ; 0       ;
;      - fir_filter_parallel_reduced_stream:impl|fir_filter_parallel_reduced:impl|history_next[0][68][6]~0   ; 0                 ; 0       ;
;      - fir_filter_parallel_reduced_stream:impl|fir_filter_parallel_reduced:impl|history_next[0][68][7]~0   ; 0                 ; 0       ;
;      - fir_filter_parallel_reduced_stream:impl|fir_filter_parallel_reduced:impl|history_next[0][68][8]~0   ; 0                 ; 0       ;
;      - fir_filter_parallel_reduced_stream:impl|fir_filter_parallel_reduced:impl|history_next[0][68][9]~0   ; 0                 ; 0       ;
;      - fir_filter_parallel_reduced_stream:impl|fir_filter_parallel_reduced:impl|history_next[0][68][10]~0  ; 0                 ; 0       ;
;      - fir_filter_parallel_reduced_stream:impl|fir_filter_parallel_reduced:impl|history_next[0][68][11]~0  ; 0                 ; 0       ;
;      - fir_filter_parallel_reduced_stream:impl|fir_filter_parallel_reduced:impl|history_next[0][68][12]~0  ; 0                 ; 0       ;
;      - fir_filter_parallel_reduced_stream:impl|fir_filter_parallel_reduced:impl|history_next[0][68][13]~0  ; 0                 ; 0       ;
;      - fir_filter_parallel_reduced_stream:impl|fir_filter_parallel_reduced:impl|history_next[0][68][14]~0  ; 0                 ; 0       ;
;      - fir_filter_parallel_reduced_stream:impl|fir_filter_parallel_reduced:impl|history_next[0][68][15]~0  ; 0                 ; 0       ;
;      - fir_filter_parallel_reduced_stream:impl|fir_filter_parallel_reduced:impl|history_next[0][35][0]~0   ; 0                 ; 0       ;
;      - fir_filter_parallel_reduced_stream:impl|fir_filter_parallel_reduced:impl|history_next[0][35][1]~0   ; 0                 ; 0       ;
;      - fir_filter_parallel_reduced_stream:impl|fir_filter_parallel_reduced:impl|history_next[0][35][2]~0   ; 0                 ; 0       ;
;      - fir_filter_parallel_reduced_stream:impl|fir_filter_parallel_reduced:impl|history_next[0][35][3]~0   ; 0                 ; 0       ;
;      - fir_filter_parallel_reduced_stream:impl|fir_filter_parallel_reduced:impl|history_next[0][35][4]~0   ; 0                 ; 0       ;
;      - fir_filter_parallel_reduced_stream:impl|fir_filter_parallel_reduced:impl|history_next[0][35][5]~0   ; 0                 ; 0       ;
;      - fir_filter_parallel_reduced_stream:impl|fir_filter_parallel_reduced:impl|history_next[0][35][6]~0   ; 0                 ; 0       ;
;      - fir_filter_parallel_reduced_stream:impl|fir_filter_parallel_reduced:impl|history_next[0][35][7]~0   ; 0                 ; 0       ;
;      - fir_filter_parallel_reduced_stream:impl|fir_filter_parallel_reduced:impl|history_next[0][35][8]~0   ; 0                 ; 0       ;
;      - fir_filter_parallel_reduced_stream:impl|fir_filter_parallel_reduced:impl|history_next[0][35][9]~0   ; 0                 ; 0       ;
;      - fir_filter_parallel_reduced_stream:impl|fir_filter_parallel_reduced:impl|history_next[0][35][10]~0  ; 0                 ; 0       ;
;      - fir_filter_parallel_reduced_stream:impl|fir_filter_parallel_reduced:impl|history_next[0][35][11]~0  ; 0                 ; 0       ;
;      - fir_filter_parallel_reduced_stream:impl|fir_filter_parallel_reduced:impl|history_next[0][35][12]~0  ; 0                 ; 0       ;
;      - fir_filter_parallel_reduced_stream:impl|fir_filter_parallel_reduced:impl|history_next[0][35][13]~0  ; 0                 ; 0       ;
;      - fir_filter_parallel_reduced_stream:impl|fir_filter_parallel_reduced:impl|history_next[0][35][14]~0  ; 0                 ; 0       ;
;      - fir_filter_parallel_reduced_stream:impl|fir_filter_parallel_reduced:impl|history_next[0][35][15]~0  ; 0                 ; 0       ;
;      - fir_filter_parallel_reduced_stream:impl|fir_filter_parallel_reduced:impl|history_next[0][70][0]~0   ; 0                 ; 0       ;
;      - fir_filter_parallel_reduced_stream:impl|fir_filter_parallel_reduced:impl|history_next[0][70][1]~0   ; 0                 ; 0       ;
;      - fir_filter_parallel_reduced_stream:impl|fir_filter_parallel_reduced:impl|history_next[0][70][2]~0   ; 0                 ; 0       ;
;      - fir_filter_parallel_reduced_stream:impl|fir_filter_parallel_reduced:impl|history_next[0][70][3]~0   ; 0                 ; 0       ;
;      - fir_filter_parallel_reduced_stream:impl|fir_filter_parallel_reduced:impl|history_next[0][70][4]~0   ; 0                 ; 0       ;
;      - fir_filter_parallel_reduced_stream:impl|fir_filter_parallel_reduced:impl|history_next[0][70][5]~0   ; 0                 ; 0       ;
;      - fir_filter_parallel_reduced_stream:impl|fir_filter_parallel_reduced:impl|history_next[0][70][6]~0   ; 0                 ; 0       ;
;      - fir_filter_parallel_reduced_stream:impl|fir_filter_parallel_reduced:impl|history_next[0][70][7]~0   ; 0                 ; 0       ;
;      - fir_filter_parallel_reduced_stream:impl|fir_filter_parallel_reduced:impl|history_next[0][70][8]~0   ; 0                 ; 0       ;
;      - fir_filter_parallel_reduced_stream:impl|fir_filter_parallel_reduced:impl|history_next[0][70][9]~0   ; 0                 ; 0       ;
;      - fir_filter_parallel_reduced_stream:impl|fir_filter_parallel_reduced:impl|history_next[0][70][10]~0  ; 0                 ; 0       ;
;      - fir_filter_parallel_reduced_stream:impl|fir_filter_parallel_reduced:impl|history_next[0][70][11]~0  ; 0                 ; 0       ;
;      - fir_filter_parallel_reduced_stream:impl|fir_filter_parallel_reduced:impl|history_next[0][70][12]~0  ; 0                 ; 0       ;
;      - fir_filter_parallel_reduced_stream:impl|fir_filter_parallel_reduced:impl|history_next[0][70][13]~0  ; 0                 ; 0       ;
;      - fir_filter_parallel_reduced_stream:impl|fir_filter_parallel_reduced:impl|history_next[0][70][14]~0  ; 0                 ; 0       ;
;      - fir_filter_parallel_reduced_stream:impl|fir_filter_parallel_reduced:impl|history_next[0][70][15]~0  ; 0                 ; 0       ;
;      - fir_filter_parallel_reduced_stream:impl|fir_filter_parallel_reduced:impl|history_next[1][35][0]~0   ; 0                 ; 0       ;
;      - fir_filter_parallel_reduced_stream:impl|fir_filter_parallel_reduced:impl|history_next[1][35][1]~0   ; 0                 ; 0       ;
;      - fir_filter_parallel_reduced_stream:impl|fir_filter_parallel_reduced:impl|history_next[1][35][2]~0   ; 0                 ; 0       ;
;      - fir_filter_parallel_reduced_stream:impl|fir_filter_parallel_reduced:impl|history_next[1][35][3]~0   ; 0                 ; 0       ;
;      - fir_filter_parallel_reduced_stream:impl|fir_filter_parallel_reduced:impl|history_next[1][35][4]~0   ; 0                 ; 0       ;
;      - fir_filter_parallel_reduced_stream:impl|fir_filter_parallel_reduced:impl|history_next[1][35][5]~0   ; 0                 ; 0       ;
;      - fir_filter_parallel_reduced_stream:impl|fir_filter_parallel_reduced:impl|history_next[1][35][6]~0   ; 0                 ; 0       ;
;      - fir_filter_parallel_reduced_stream:impl|fir_filter_parallel_reduced:impl|history_next[1][35][7]~0   ; 0                 ; 0       ;
;      - fir_filter_parallel_reduced_stream:impl|fir_filter_parallel_reduced:impl|history_next[1][35][8]~0   ; 0                 ; 0       ;
;      - fir_filter_parallel_reduced_stream:impl|fir_filter_parallel_reduced:impl|history_next[1][35][9]~0   ; 0                 ; 0       ;
;      - fir_filter_parallel_reduced_stream:impl|fir_filter_parallel_reduced:impl|history_next[1][35][10]~0  ; 0                 ; 0       ;
;      - fir_filter_parallel_reduced_stream:impl|fir_filter_parallel_reduced:impl|history_next[1][35][11]~0  ; 0                 ; 0       ;
;      - fir_filter_parallel_reduced_stream:impl|fir_filter_parallel_reduced:impl|history_next[1][35][12]~0  ; 0                 ; 0       ;
;      - fir_filter_parallel_reduced_stream:impl|fir_filter_parallel_reduced:impl|history_next[1][35][13]~0  ; 0                 ; 0       ;
;      - fir_filter_parallel_reduced_stream:impl|fir_filter_parallel_reduced:impl|history_next[1][35][14]~0  ; 0                 ; 0       ;
;      - fir_filter_parallel_reduced_stream:impl|fir_filter_parallel_reduced:impl|history_next[1][35][15]~0  ; 0                 ; 0       ;
;      - fir_filter_parallel_reduced_stream:impl|fir_filter_parallel_reduced:impl|history_next[1][71][0]~0   ; 0                 ; 0       ;
;      - fir_filter_parallel_reduced_stream:impl|fir_filter_parallel_reduced:impl|history_next[1][71][1]~0   ; 0                 ; 0       ;
;      - fir_filter_parallel_reduced_stream:impl|fir_filter_parallel_reduced:impl|history_next[1][71][2]~0   ; 0                 ; 0       ;
;      - fir_filter_parallel_reduced_stream:impl|fir_filter_parallel_reduced:impl|history_next[1][71][3]~0   ; 0                 ; 0       ;
;      - fir_filter_parallel_reduced_stream:impl|fir_filter_parallel_reduced:impl|history_next[1][71][4]~0   ; 0                 ; 0       ;
;      - fir_filter_parallel_reduced_stream:impl|fir_filter_parallel_reduced:impl|history_next[1][71][5]~0   ; 0                 ; 0       ;
;      - fir_filter_parallel_reduced_stream:impl|fir_filter_parallel_reduced:impl|history_next[1][71][6]~0   ; 0                 ; 0       ;
;      - fir_filter_parallel_reduced_stream:impl|fir_filter_parallel_reduced:impl|history_next[1][71][7]~0   ; 0                 ; 0       ;
;      - fir_filter_parallel_reduced_stream:impl|fir_filter_parallel_reduced:impl|history_next[1][71][8]~0   ; 0                 ; 0       ;
;      - fir_filter_parallel_reduced_stream:impl|fir_filter_parallel_reduced:impl|history_next[1][71][9]~0   ; 0                 ; 0       ;
;      - fir_filter_parallel_reduced_stream:impl|fir_filter_parallel_reduced:impl|history_next[1][71][10]~0  ; 0                 ; 0       ;
;      - fir_filter_parallel_reduced_stream:impl|fir_filter_parallel_reduced:impl|history_next[1][71][11]~0  ; 0                 ; 0       ;
;      - fir_filter_parallel_reduced_stream:impl|fir_filter_parallel_reduced:impl|history_next[1][71][12]~0  ; 0                 ; 0       ;
;      - fir_filter_parallel_reduced_stream:impl|fir_filter_parallel_reduced:impl|history_next[1][71][13]~0  ; 0                 ; 0       ;
;      - fir_filter_parallel_reduced_stream:impl|fir_filter_parallel_reduced:impl|history_next[1][71][14]~0  ; 0                 ; 0       ;
;      - fir_filter_parallel_reduced_stream:impl|fir_filter_parallel_reduced:impl|history_next[1][71][15]~0  ; 0                 ; 0       ;
;      - fir_filter_parallel_reduced_stream:impl|fir_filter_parallel_reduced:impl|history_next[0][34][0]~0   ; 0                 ; 0       ;
;      - fir_filter_parallel_reduced_stream:impl|fir_filter_parallel_reduced:impl|history_next[0][34][1]~0   ; 0                 ; 0       ;
;      - fir_filter_parallel_reduced_stream:impl|fir_filter_parallel_reduced:impl|history_next[0][34][2]~0   ; 0                 ; 0       ;
;      - fir_filter_parallel_reduced_stream:impl|fir_filter_parallel_reduced:impl|history_next[0][34][3]~0   ; 0                 ; 0       ;
;      - fir_filter_parallel_reduced_stream:impl|fir_filter_parallel_reduced:impl|history_next[0][34][4]~0   ; 0                 ; 0       ;
;      - fir_filter_parallel_reduced_stream:impl|fir_filter_parallel_reduced:impl|history_next[0][34][5]~0   ; 0                 ; 0       ;
;      - fir_filter_parallel_reduced_stream:impl|fir_filter_parallel_reduced:impl|history_next[0][34][6]~0   ; 0                 ; 0       ;
;      - fir_filter_parallel_reduced_stream:impl|fir_filter_parallel_reduced:impl|history_next[0][34][7]~0   ; 0                 ; 0       ;
;      - fir_filter_parallel_reduced_stream:impl|fir_filter_parallel_reduced:impl|history_next[0][34][8]~0   ; 0                 ; 0       ;
;      - fir_filter_parallel_reduced_stream:impl|fir_filter_parallel_reduced:impl|history_next[0][34][9]~0   ; 0                 ; 0       ;
;      - fir_filter_parallel_reduced_stream:impl|fir_filter_parallel_reduced:impl|history_next[0][34][10]~0  ; 0                 ; 0       ;
;      - fir_filter_parallel_reduced_stream:impl|fir_filter_parallel_reduced:impl|history_next[0][34][11]~0  ; 0                 ; 0       ;
;      - fir_filter_parallel_reduced_stream:impl|fir_filter_parallel_reduced:impl|history_next[0][34][12]~0  ; 0                 ; 0       ;
;      - fir_filter_parallel_reduced_stream:impl|fir_filter_parallel_reduced:impl|history_next[0][34][13]~0  ; 0                 ; 0       ;
;      - fir_filter_parallel_reduced_stream:impl|fir_filter_parallel_reduced:impl|history_next[0][34][14]~0  ; 0                 ; 0       ;
;      - fir_filter_parallel_reduced_stream:impl|fir_filter_parallel_reduced:impl|history_next[0][34][15]~0  ; 0                 ; 0       ;
;      - fir_filter_parallel_reduced_stream:impl|fir_filter_parallel_reduced:impl|history_next[0][71][0]~0   ; 0                 ; 0       ;
;      - fir_filter_parallel_reduced_stream:impl|fir_filter_parallel_reduced:impl|history_next[0][71][1]~0   ; 0                 ; 0       ;
;      - fir_filter_parallel_reduced_stream:impl|fir_filter_parallel_reduced:impl|history_next[0][71][2]~0   ; 0                 ; 0       ;
;      - fir_filter_parallel_reduced_stream:impl|fir_filter_parallel_reduced:impl|history_next[0][71][3]~0   ; 0                 ; 0       ;
;      - fir_filter_parallel_reduced_stream:impl|fir_filter_parallel_reduced:impl|history_next[0][71][4]~0   ; 0                 ; 0       ;
;      - fir_filter_parallel_reduced_stream:impl|fir_filter_parallel_reduced:impl|history_next[0][71][5]~0   ; 0                 ; 0       ;
;      - fir_filter_parallel_reduced_stream:impl|fir_filter_parallel_reduced:impl|history_next[0][71][6]~0   ; 0                 ; 0       ;
;      - fir_filter_parallel_reduced_stream:impl|fir_filter_parallel_reduced:impl|history_next[0][71][7]~0   ; 0                 ; 0       ;
;      - fir_filter_parallel_reduced_stream:impl|fir_filter_parallel_reduced:impl|history_next[0][71][8]~0   ; 0                 ; 0       ;
;      - fir_filter_parallel_reduced_stream:impl|fir_filter_parallel_reduced:impl|history_next[0][71][9]~0   ; 0                 ; 0       ;
;      - fir_filter_parallel_reduced_stream:impl|fir_filter_parallel_reduced:impl|history_next[0][71][10]~0  ; 0                 ; 0       ;
;      - fir_filter_parallel_reduced_stream:impl|fir_filter_parallel_reduced:impl|history_next[0][71][11]~0  ; 0                 ; 0       ;
;      - fir_filter_parallel_reduced_stream:impl|fir_filter_parallel_reduced:impl|history_next[0][71][12]~0  ; 0                 ; 0       ;
;      - fir_filter_parallel_reduced_stream:impl|fir_filter_parallel_reduced:impl|history_next[0][71][13]~0  ; 0                 ; 0       ;
;      - fir_filter_parallel_reduced_stream:impl|fir_filter_parallel_reduced:impl|history_next[0][71][14]~0  ; 0                 ; 0       ;
;      - fir_filter_parallel_reduced_stream:impl|fir_filter_parallel_reduced:impl|history_next[0][71][15]~0  ; 0                 ; 0       ;
;      - fir_filter_parallel_reduced_stream:impl|fir_filter_parallel_reduced:impl|history_next[0][30][0]~0   ; 0                 ; 0       ;
;      - fir_filter_parallel_reduced_stream:impl|fir_filter_parallel_reduced:impl|history_next[0][30][1]~0   ; 0                 ; 0       ;
;      - fir_filter_parallel_reduced_stream:impl|fir_filter_parallel_reduced:impl|history_next[0][30][2]~0   ; 0                 ; 0       ;
;      - fir_filter_parallel_reduced_stream:impl|fir_filter_parallel_reduced:impl|history_next[0][30][3]~0   ; 0                 ; 0       ;
;      - fir_filter_parallel_reduced_stream:impl|fir_filter_parallel_reduced:impl|history_next[0][30][4]~0   ; 0                 ; 0       ;
;      - fir_filter_parallel_reduced_stream:impl|fir_filter_parallel_reduced:impl|history_next[0][30][5]~0   ; 0                 ; 0       ;
;      - fir_filter_parallel_reduced_stream:impl|fir_filter_parallel_reduced:impl|history_next[0][30][6]~0   ; 0                 ; 0       ;
;      - fir_filter_parallel_reduced_stream:impl|fir_filter_parallel_reduced:impl|history_next[0][30][7]~0   ; 0                 ; 0       ;
;      - fir_filter_parallel_reduced_stream:impl|fir_filter_parallel_reduced:impl|history_next[0][30][8]~0   ; 0                 ; 0       ;
;      - fir_filter_parallel_reduced_stream:impl|fir_filter_parallel_reduced:impl|history_next[0][30][9]~0   ; 0                 ; 0       ;
;      - fir_filter_parallel_reduced_stream:impl|fir_filter_parallel_reduced:impl|history_next[0][30][10]~0  ; 0                 ; 0       ;
;      - fir_filter_parallel_reduced_stream:impl|fir_filter_parallel_reduced:impl|history_next[0][30][11]~0  ; 0                 ; 0       ;
;      - fir_filter_parallel_reduced_stream:impl|fir_filter_parallel_reduced:impl|history_next[0][30][12]~0  ; 0                 ; 0       ;
;      - fir_filter_parallel_reduced_stream:impl|fir_filter_parallel_reduced:impl|history_next[0][30][13]~0  ; 0                 ; 0       ;
;      - fir_filter_parallel_reduced_stream:impl|fir_filter_parallel_reduced:impl|history_next[0][30][14]~0  ; 0                 ; 0       ;
;      - fir_filter_parallel_reduced_stream:impl|fir_filter_parallel_reduced:impl|history_next[0][30][15]~0  ; 0                 ; 0       ;
;      - fir_filter_parallel_reduced_stream:impl|fir_filter_parallel_reduced:impl|history_next[0][75][0]~0   ; 0                 ; 0       ;
;      - fir_filter_parallel_reduced_stream:impl|fir_filter_parallel_reduced:impl|history_next[0][75][1]~0   ; 0                 ; 0       ;
;      - fir_filter_parallel_reduced_stream:impl|fir_filter_parallel_reduced:impl|history_next[0][75][2]~0   ; 0                 ; 0       ;
;      - fir_filter_parallel_reduced_stream:impl|fir_filter_parallel_reduced:impl|history_next[0][75][3]~0   ; 0                 ; 0       ;
;      - fir_filter_parallel_reduced_stream:impl|fir_filter_parallel_reduced:impl|history_next[0][75][4]~0   ; 0                 ; 0       ;
;      - fir_filter_parallel_reduced_stream:impl|fir_filter_parallel_reduced:impl|history_next[0][75][5]~0   ; 0                 ; 0       ;
;      - fir_filter_parallel_reduced_stream:impl|fir_filter_parallel_reduced:impl|history_next[0][75][6]~0   ; 0                 ; 0       ;
;      - fir_filter_parallel_reduced_stream:impl|fir_filter_parallel_reduced:impl|history_next[0][75][7]~0   ; 0                 ; 0       ;
;      - fir_filter_parallel_reduced_stream:impl|fir_filter_parallel_reduced:impl|history_next[0][75][8]~0   ; 0                 ; 0       ;
;      - fir_filter_parallel_reduced_stream:impl|fir_filter_parallel_reduced:impl|history_next[0][75][9]~0   ; 0                 ; 0       ;
;      - fir_filter_parallel_reduced_stream:impl|fir_filter_parallel_reduced:impl|history_next[0][75][10]~0  ; 0                 ; 0       ;
;      - fir_filter_parallel_reduced_stream:impl|fir_filter_parallel_reduced:impl|history_next[0][75][11]~0  ; 0                 ; 0       ;
;      - fir_filter_parallel_reduced_stream:impl|fir_filter_parallel_reduced:impl|history_next[0][75][12]~0  ; 0                 ; 0       ;
;      - fir_filter_parallel_reduced_stream:impl|fir_filter_parallel_reduced:impl|history_next[0][75][13]~0  ; 0                 ; 0       ;
;      - fir_filter_parallel_reduced_stream:impl|fir_filter_parallel_reduced:impl|history_next[0][75][14]~0  ; 0                 ; 0       ;
;      - fir_filter_parallel_reduced_stream:impl|fir_filter_parallel_reduced:impl|history_next[0][75][15]~0  ; 0                 ; 0       ;
;      - fir_filter_parallel_reduced_stream:impl|fir_filter_parallel_reduced:impl|history_next[0][41][0]~0   ; 0                 ; 0       ;
;      - fir_filter_parallel_reduced_stream:impl|fir_filter_parallel_reduced:impl|history_next[0][41][1]~0   ; 0                 ; 0       ;
;      - fir_filter_parallel_reduced_stream:impl|fir_filter_parallel_reduced:impl|history_next[0][41][2]~0   ; 0                 ; 0       ;
;      - fir_filter_parallel_reduced_stream:impl|fir_filter_parallel_reduced:impl|history_next[0][41][3]~0   ; 0                 ; 0       ;
;      - fir_filter_parallel_reduced_stream:impl|fir_filter_parallel_reduced:impl|history_next[0][41][4]~0   ; 0                 ; 0       ;
;      - fir_filter_parallel_reduced_stream:impl|fir_filter_parallel_reduced:impl|history_next[0][41][5]~0   ; 0                 ; 0       ;
;      - fir_filter_parallel_reduced_stream:impl|fir_filter_parallel_reduced:impl|history_next[0][41][6]~0   ; 0                 ; 0       ;
;      - fir_filter_parallel_reduced_stream:impl|fir_filter_parallel_reduced:impl|history_next[0][41][7]~0   ; 0                 ; 0       ;
;      - fir_filter_parallel_reduced_stream:impl|fir_filter_parallel_reduced:impl|history_next[0][41][8]~0   ; 0                 ; 0       ;
;      - fir_filter_parallel_reduced_stream:impl|fir_filter_parallel_reduced:impl|history_next[0][41][9]~0   ; 0                 ; 0       ;
;      - fir_filter_parallel_reduced_stream:impl|fir_filter_parallel_reduced:impl|history_next[0][41][10]~0  ; 0                 ; 0       ;
;      - fir_filter_parallel_reduced_stream:impl|fir_filter_parallel_reduced:impl|history_next[0][41][11]~0  ; 0                 ; 0       ;
;      - fir_filter_parallel_reduced_stream:impl|fir_filter_parallel_reduced:impl|history_next[0][41][12]~0  ; 0                 ; 0       ;
;      - fir_filter_parallel_reduced_stream:impl|fir_filter_parallel_reduced:impl|history_next[0][41][13]~0  ; 0                 ; 0       ;
;      - fir_filter_parallel_reduced_stream:impl|fir_filter_parallel_reduced:impl|history_next[0][41][14]~0  ; 0                 ; 0       ;
;      - fir_filter_parallel_reduced_stream:impl|fir_filter_parallel_reduced:impl|history_next[0][41][15]~0  ; 0                 ; 0       ;
;      - fir_filter_parallel_reduced_stream:impl|fir_filter_parallel_reduced:impl|history_next[0][64][0]~0   ; 0                 ; 0       ;
;      - fir_filter_parallel_reduced_stream:impl|fir_filter_parallel_reduced:impl|history_next[0][64][1]~0   ; 0                 ; 0       ;
;      - fir_filter_parallel_reduced_stream:impl|fir_filter_parallel_reduced:impl|history_next[0][64][2]~0   ; 0                 ; 0       ;
;      - fir_filter_parallel_reduced_stream:impl|fir_filter_parallel_reduced:impl|history_next[0][64][3]~0   ; 0                 ; 0       ;
;      - fir_filter_parallel_reduced_stream:impl|fir_filter_parallel_reduced:impl|history_next[0][64][4]~0   ; 0                 ; 0       ;
;      - fir_filter_parallel_reduced_stream:impl|fir_filter_parallel_reduced:impl|history_next[0][64][5]~0   ; 0                 ; 0       ;
;      - fir_filter_parallel_reduced_stream:impl|fir_filter_parallel_reduced:impl|history_next[0][64][6]~0   ; 0                 ; 0       ;
;      - fir_filter_parallel_reduced_stream:impl|fir_filter_parallel_reduced:impl|history_next[0][64][7]~0   ; 0                 ; 0       ;
;      - fir_filter_parallel_reduced_stream:impl|fir_filter_parallel_reduced:impl|history_next[0][64][8]~0   ; 0                 ; 0       ;
;      - fir_filter_parallel_reduced_stream:impl|fir_filter_parallel_reduced:impl|history_next[0][64][9]~0   ; 0                 ; 0       ;
;      - fir_filter_parallel_reduced_stream:impl|fir_filter_parallel_reduced:impl|history_next[0][64][10]~0  ; 0                 ; 0       ;
;      - fir_filter_parallel_reduced_stream:impl|fir_filter_parallel_reduced:impl|history_next[0][64][11]~0  ; 0                 ; 0       ;
;      - fir_filter_parallel_reduced_stream:impl|fir_filter_parallel_reduced:impl|history_next[0][64][12]~0  ; 0                 ; 0       ;
;      - fir_filter_parallel_reduced_stream:impl|fir_filter_parallel_reduced:impl|history_next[0][64][13]~0  ; 0                 ; 0       ;
;      - fir_filter_parallel_reduced_stream:impl|fir_filter_parallel_reduced:impl|history_next[0][64][14]~0  ; 0                 ; 0       ;
;      - fir_filter_parallel_reduced_stream:impl|fir_filter_parallel_reduced:impl|history_next[0][64][15]~0  ; 0                 ; 0       ;
;      - fir_filter_parallel_reduced_stream:impl|fir_filter_parallel_reduced:impl|history_next[1][41][0]~0   ; 0                 ; 0       ;
;      - fir_filter_parallel_reduced_stream:impl|fir_filter_parallel_reduced:impl|history_next[1][41][1]~0   ; 0                 ; 0       ;
;      - fir_filter_parallel_reduced_stream:impl|fir_filter_parallel_reduced:impl|history_next[1][41][2]~0   ; 0                 ; 0       ;
;      - fir_filter_parallel_reduced_stream:impl|fir_filter_parallel_reduced:impl|history_next[1][41][3]~0   ; 0                 ; 0       ;
;      - fir_filter_parallel_reduced_stream:impl|fir_filter_parallel_reduced:impl|history_next[1][41][4]~0   ; 0                 ; 0       ;
;      - fir_filter_parallel_reduced_stream:impl|fir_filter_parallel_reduced:impl|history_next[1][41][5]~0   ; 0                 ; 0       ;
;      - fir_filter_parallel_reduced_stream:impl|fir_filter_parallel_reduced:impl|history_next[1][41][6]~0   ; 0                 ; 0       ;
;      - fir_filter_parallel_reduced_stream:impl|fir_filter_parallel_reduced:impl|history_next[1][41][7]~0   ; 0                 ; 0       ;
;      - fir_filter_parallel_reduced_stream:impl|fir_filter_parallel_reduced:impl|history_next[1][41][8]~0   ; 0                 ; 0       ;
;      - fir_filter_parallel_reduced_stream:impl|fir_filter_parallel_reduced:impl|history_next[1][41][9]~0   ; 0                 ; 0       ;
;      - fir_filter_parallel_reduced_stream:impl|fir_filter_parallel_reduced:impl|history_next[1][41][10]~0  ; 0                 ; 0       ;
;      - fir_filter_parallel_reduced_stream:impl|fir_filter_parallel_reduced:impl|history_next[1][41][11]~0  ; 0                 ; 0       ;
;      - fir_filter_parallel_reduced_stream:impl|fir_filter_parallel_reduced:impl|history_next[1][41][12]~0  ; 0                 ; 0       ;
;      - fir_filter_parallel_reduced_stream:impl|fir_filter_parallel_reduced:impl|history_next[1][41][13]~0  ; 0                 ; 0       ;
;      - fir_filter_parallel_reduced_stream:impl|fir_filter_parallel_reduced:impl|history_next[1][41][14]~0  ; 0                 ; 0       ;
;      - fir_filter_parallel_reduced_stream:impl|fir_filter_parallel_reduced:impl|history_next[1][41][15]~0  ; 0                 ; 0       ;
;      - fir_filter_parallel_reduced_stream:impl|fir_filter_parallel_reduced:impl|history_next[1][65][0]~0   ; 0                 ; 0       ;
;      - fir_filter_parallel_reduced_stream:impl|fir_filter_parallel_reduced:impl|history_next[1][65][1]~0   ; 0                 ; 0       ;
;      - fir_filter_parallel_reduced_stream:impl|fir_filter_parallel_reduced:impl|history_next[1][65][2]~0   ; 0                 ; 0       ;
;      - fir_filter_parallel_reduced_stream:impl|fir_filter_parallel_reduced:impl|history_next[1][65][3]~0   ; 0                 ; 0       ;
;      - fir_filter_parallel_reduced_stream:impl|fir_filter_parallel_reduced:impl|history_next[1][65][4]~0   ; 0                 ; 0       ;
;      - fir_filter_parallel_reduced_stream:impl|fir_filter_parallel_reduced:impl|history_next[1][65][5]~0   ; 0                 ; 0       ;
;      - fir_filter_parallel_reduced_stream:impl|fir_filter_parallel_reduced:impl|history_next[1][65][6]~0   ; 0                 ; 0       ;
;      - fir_filter_parallel_reduced_stream:impl|fir_filter_parallel_reduced:impl|history_next[1][65][7]~0   ; 0                 ; 0       ;
;      - fir_filter_parallel_reduced_stream:impl|fir_filter_parallel_reduced:impl|history_next[1][65][8]~0   ; 0                 ; 0       ;
;      - fir_filter_parallel_reduced_stream:impl|fir_filter_parallel_reduced:impl|history_next[1][65][9]~0   ; 0                 ; 0       ;
;      - fir_filter_parallel_reduced_stream:impl|fir_filter_parallel_reduced:impl|history_next[1][65][10]~0  ; 0                 ; 0       ;
;      - fir_filter_parallel_reduced_stream:impl|fir_filter_parallel_reduced:impl|history_next[1][65][11]~0  ; 0                 ; 0       ;
;      - fir_filter_parallel_reduced_stream:impl|fir_filter_parallel_reduced:impl|history_next[1][65][12]~0  ; 0                 ; 0       ;
;      - fir_filter_parallel_reduced_stream:impl|fir_filter_parallel_reduced:impl|history_next[1][65][13]~0  ; 0                 ; 0       ;
;      - fir_filter_parallel_reduced_stream:impl|fir_filter_parallel_reduced:impl|history_next[1][65][14]~0  ; 0                 ; 0       ;
;      - fir_filter_parallel_reduced_stream:impl|fir_filter_parallel_reduced:impl|history_next[1][65][15]~0  ; 0                 ; 0       ;
;      - fir_filter_parallel_reduced_stream:impl|fir_filter_parallel_reduced:impl|history_next[0][32][0]~0   ; 0                 ; 0       ;
;      - fir_filter_parallel_reduced_stream:impl|fir_filter_parallel_reduced:impl|history_next[0][32][1]~0   ; 0                 ; 0       ;
;      - fir_filter_parallel_reduced_stream:impl|fir_filter_parallel_reduced:impl|history_next[0][32][2]~0   ; 0                 ; 0       ;
;      - fir_filter_parallel_reduced_stream:impl|fir_filter_parallel_reduced:impl|history_next[0][32][3]~0   ; 0                 ; 0       ;
;      - fir_filter_parallel_reduced_stream:impl|fir_filter_parallel_reduced:impl|history_next[0][32][4]~0   ; 0                 ; 0       ;
;      - fir_filter_parallel_reduced_stream:impl|fir_filter_parallel_reduced:impl|history_next[0][32][5]~0   ; 0                 ; 0       ;
;      - fir_filter_parallel_reduced_stream:impl|fir_filter_parallel_reduced:impl|history_next[0][32][6]~0   ; 0                 ; 0       ;
;      - fir_filter_parallel_reduced_stream:impl|fir_filter_parallel_reduced:impl|history_next[0][32][7]~0   ; 0                 ; 0       ;
;      - fir_filter_parallel_reduced_stream:impl|fir_filter_parallel_reduced:impl|history_next[0][32][8]~0   ; 0                 ; 0       ;
;      - fir_filter_parallel_reduced_stream:impl|fir_filter_parallel_reduced:impl|history_next[0][32][9]~0   ; 0                 ; 0       ;
;      - fir_filter_parallel_reduced_stream:impl|fir_filter_parallel_reduced:impl|history_next[0][32][10]~0  ; 0                 ; 0       ;
;      - fir_filter_parallel_reduced_stream:impl|fir_filter_parallel_reduced:impl|history_next[0][32][11]~0  ; 0                 ; 0       ;
;      - fir_filter_parallel_reduced_stream:impl|fir_filter_parallel_reduced:impl|history_next[0][32][12]~0  ; 0                 ; 0       ;
;      - fir_filter_parallel_reduced_stream:impl|fir_filter_parallel_reduced:impl|history_next[0][32][13]~0  ; 0                 ; 0       ;
;      - fir_filter_parallel_reduced_stream:impl|fir_filter_parallel_reduced:impl|history_next[0][32][14]~0  ; 0                 ; 0       ;
;      - fir_filter_parallel_reduced_stream:impl|fir_filter_parallel_reduced:impl|history_next[0][32][15]~0  ; 0                 ; 0       ;
;      - fir_filter_parallel_reduced_stream:impl|fir_filter_parallel_reduced:impl|history_next[0][73][0]~0   ; 0                 ; 0       ;
;      - fir_filter_parallel_reduced_stream:impl|fir_filter_parallel_reduced:impl|history_next[0][73][1]~0   ; 0                 ; 0       ;
;      - fir_filter_parallel_reduced_stream:impl|fir_filter_parallel_reduced:impl|history_next[0][73][2]~0   ; 0                 ; 0       ;
;      - fir_filter_parallel_reduced_stream:impl|fir_filter_parallel_reduced:impl|history_next[0][73][3]~0   ; 0                 ; 0       ;
;      - fir_filter_parallel_reduced_stream:impl|fir_filter_parallel_reduced:impl|history_next[0][73][4]~0   ; 0                 ; 0       ;
;      - fir_filter_parallel_reduced_stream:impl|fir_filter_parallel_reduced:impl|history_next[0][73][5]~0   ; 0                 ; 0       ;
;      - fir_filter_parallel_reduced_stream:impl|fir_filter_parallel_reduced:impl|history_next[0][73][6]~0   ; 0                 ; 0       ;
;      - fir_filter_parallel_reduced_stream:impl|fir_filter_parallel_reduced:impl|history_next[0][73][7]~0   ; 0                 ; 0       ;
;      - fir_filter_parallel_reduced_stream:impl|fir_filter_parallel_reduced:impl|history_next[0][73][8]~0   ; 0                 ; 0       ;
;      - fir_filter_parallel_reduced_stream:impl|fir_filter_parallel_reduced:impl|history_next[0][73][9]~0   ; 0                 ; 0       ;
;      - fir_filter_parallel_reduced_stream:impl|fir_filter_parallel_reduced:impl|history_next[0][73][10]~0  ; 0                 ; 0       ;
;      - fir_filter_parallel_reduced_stream:impl|fir_filter_parallel_reduced:impl|history_next[0][73][11]~0  ; 0                 ; 0       ;
;      - fir_filter_parallel_reduced_stream:impl|fir_filter_parallel_reduced:impl|history_next[0][73][12]~0  ; 0                 ; 0       ;
;      - fir_filter_parallel_reduced_stream:impl|fir_filter_parallel_reduced:impl|history_next[0][73][13]~0  ; 0                 ; 0       ;
;      - fir_filter_parallel_reduced_stream:impl|fir_filter_parallel_reduced:impl|history_next[0][73][14]~0  ; 0                 ; 0       ;
;      - fir_filter_parallel_reduced_stream:impl|fir_filter_parallel_reduced:impl|history_next[0][73][15]~0  ; 0                 ; 0       ;
;      - fir_filter_parallel_reduced_stream:impl|fir_filter_parallel_reduced:impl|history_next[1][31][0]~0   ; 0                 ; 0       ;
;      - fir_filter_parallel_reduced_stream:impl|fir_filter_parallel_reduced:impl|history_next[1][31][1]~0   ; 0                 ; 0       ;
;      - fir_filter_parallel_reduced_stream:impl|fir_filter_parallel_reduced:impl|history_next[1][31][2]~0   ; 0                 ; 0       ;
;      - fir_filter_parallel_reduced_stream:impl|fir_filter_parallel_reduced:impl|history_next[1][31][3]~0   ; 0                 ; 0       ;
;      - fir_filter_parallel_reduced_stream:impl|fir_filter_parallel_reduced:impl|history_next[1][31][4]~0   ; 0                 ; 0       ;
;      - fir_filter_parallel_reduced_stream:impl|fir_filter_parallel_reduced:impl|history_next[1][31][5]~0   ; 0                 ; 0       ;
;      - fir_filter_parallel_reduced_stream:impl|fir_filter_parallel_reduced:impl|history_next[1][31][6]~0   ; 0                 ; 0       ;
;      - fir_filter_parallel_reduced_stream:impl|fir_filter_parallel_reduced:impl|history_next[1][31][7]~0   ; 0                 ; 0       ;
;      - fir_filter_parallel_reduced_stream:impl|fir_filter_parallel_reduced:impl|history_next[1][31][8]~0   ; 0                 ; 0       ;
;      - fir_filter_parallel_reduced_stream:impl|fir_filter_parallel_reduced:impl|history_next[1][31][9]~0   ; 0                 ; 0       ;
;      - fir_filter_parallel_reduced_stream:impl|fir_filter_parallel_reduced:impl|history_next[1][31][10]~0  ; 0                 ; 0       ;
;      - fir_filter_parallel_reduced_stream:impl|fir_filter_parallel_reduced:impl|history_next[1][31][11]~0  ; 0                 ; 0       ;
;      - fir_filter_parallel_reduced_stream:impl|fir_filter_parallel_reduced:impl|history_next[1][31][12]~0  ; 0                 ; 0       ;
;      - fir_filter_parallel_reduced_stream:impl|fir_filter_parallel_reduced:impl|history_next[1][31][13]~0  ; 0                 ; 0       ;
;      - fir_filter_parallel_reduced_stream:impl|fir_filter_parallel_reduced:impl|history_next[1][31][14]~0  ; 0                 ; 0       ;
;      - fir_filter_parallel_reduced_stream:impl|fir_filter_parallel_reduced:impl|history_next[1][31][15]~0  ; 0                 ; 0       ;
;      - fir_filter_parallel_reduced_stream:impl|fir_filter_parallel_reduced:impl|history_next[1][75][0]~0   ; 0                 ; 0       ;
;      - fir_filter_parallel_reduced_stream:impl|fir_filter_parallel_reduced:impl|history_next[1][75][1]~0   ; 0                 ; 0       ;
;      - fir_filter_parallel_reduced_stream:impl|fir_filter_parallel_reduced:impl|history_next[1][75][2]~0   ; 0                 ; 0       ;
;      - fir_filter_parallel_reduced_stream:impl|fir_filter_parallel_reduced:impl|history_next[1][75][3]~0   ; 0                 ; 0       ;
;      - fir_filter_parallel_reduced_stream:impl|fir_filter_parallel_reduced:impl|history_next[1][75][4]~0   ; 0                 ; 0       ;
;      - fir_filter_parallel_reduced_stream:impl|fir_filter_parallel_reduced:impl|history_next[1][75][5]~0   ; 0                 ; 0       ;
;      - fir_filter_parallel_reduced_stream:impl|fir_filter_parallel_reduced:impl|history_next[1][75][6]~0   ; 0                 ; 0       ;
;      - fir_filter_parallel_reduced_stream:impl|fir_filter_parallel_reduced:impl|history_next[1][75][7]~0   ; 0                 ; 0       ;
;      - fir_filter_parallel_reduced_stream:impl|fir_filter_parallel_reduced:impl|history_next[1][75][8]~0   ; 0                 ; 0       ;
;      - fir_filter_parallel_reduced_stream:impl|fir_filter_parallel_reduced:impl|history_next[1][75][9]~0   ; 0                 ; 0       ;
;      - fir_filter_parallel_reduced_stream:impl|fir_filter_parallel_reduced:impl|history_next[1][75][10]~0  ; 0                 ; 0       ;
;      - fir_filter_parallel_reduced_stream:impl|fir_filter_parallel_reduced:impl|history_next[1][75][11]~0  ; 0                 ; 0       ;
;      - fir_filter_parallel_reduced_stream:impl|fir_filter_parallel_reduced:impl|history_next[1][75][12]~0  ; 0                 ; 0       ;
;      - fir_filter_parallel_reduced_stream:impl|fir_filter_parallel_reduced:impl|history_next[1][75][13]~0  ; 0                 ; 0       ;
;      - fir_filter_parallel_reduced_stream:impl|fir_filter_parallel_reduced:impl|history_next[1][75][14]~0  ; 0                 ; 0       ;
;      - fir_filter_parallel_reduced_stream:impl|fir_filter_parallel_reduced:impl|history_next[1][75][15]~0  ; 0                 ; 0       ;
;      - fir_filter_parallel_reduced_stream:impl|fir_filter_parallel_reduced:impl|history_next[1][30][0]~0   ; 0                 ; 0       ;
;      - fir_filter_parallel_reduced_stream:impl|fir_filter_parallel_reduced:impl|history_next[1][30][1]~0   ; 0                 ; 0       ;
;      - fir_filter_parallel_reduced_stream:impl|fir_filter_parallel_reduced:impl|history_next[1][30][2]~0   ; 0                 ; 0       ;
;      - fir_filter_parallel_reduced_stream:impl|fir_filter_parallel_reduced:impl|history_next[1][30][3]~0   ; 0                 ; 0       ;
;      - fir_filter_parallel_reduced_stream:impl|fir_filter_parallel_reduced:impl|history_next[1][30][4]~0   ; 0                 ; 0       ;
;      - fir_filter_parallel_reduced_stream:impl|fir_filter_parallel_reduced:impl|history_next[1][30][5]~0   ; 0                 ; 0       ;
;      - fir_filter_parallel_reduced_stream:impl|fir_filter_parallel_reduced:impl|history_next[1][30][6]~0   ; 0                 ; 0       ;
;      - fir_filter_parallel_reduced_stream:impl|fir_filter_parallel_reduced:impl|history_next[1][30][7]~0   ; 0                 ; 0       ;
;      - fir_filter_parallel_reduced_stream:impl|fir_filter_parallel_reduced:impl|history_next[1][30][8]~0   ; 0                 ; 0       ;
;      - fir_filter_parallel_reduced_stream:impl|fir_filter_parallel_reduced:impl|history_next[1][30][9]~0   ; 0                 ; 0       ;
;      - fir_filter_parallel_reduced_stream:impl|fir_filter_parallel_reduced:impl|history_next[1][30][10]~0  ; 0                 ; 0       ;
;      - fir_filter_parallel_reduced_stream:impl|fir_filter_parallel_reduced:impl|history_next[1][30][11]~0  ; 0                 ; 0       ;
;      - fir_filter_parallel_reduced_stream:impl|fir_filter_parallel_reduced:impl|history_next[1][30][12]~0  ; 0                 ; 0       ;
;      - fir_filter_parallel_reduced_stream:impl|fir_filter_parallel_reduced:impl|history_next[1][30][13]~0  ; 0                 ; 0       ;
;      - fir_filter_parallel_reduced_stream:impl|fir_filter_parallel_reduced:impl|history_next[1][30][14]~0  ; 0                 ; 0       ;
;      - fir_filter_parallel_reduced_stream:impl|fir_filter_parallel_reduced:impl|history_next[1][30][15]~0  ; 0                 ; 0       ;
;      - fir_filter_parallel_reduced_stream:impl|fir_filter_parallel_reduced:impl|history_next[1][76][0]~0   ; 0                 ; 0       ;
;      - fir_filter_parallel_reduced_stream:impl|fir_filter_parallel_reduced:impl|history_next[1][76][1]~0   ; 0                 ; 0       ;
;      - fir_filter_parallel_reduced_stream:impl|fir_filter_parallel_reduced:impl|history_next[1][76][2]~0   ; 0                 ; 0       ;
;      - fir_filter_parallel_reduced_stream:impl|fir_filter_parallel_reduced:impl|history_next[1][76][3]~0   ; 0                 ; 0       ;
;      - fir_filter_parallel_reduced_stream:impl|fir_filter_parallel_reduced:impl|history_next[1][76][4]~0   ; 0                 ; 0       ;
;      - fir_filter_parallel_reduced_stream:impl|fir_filter_parallel_reduced:impl|history_next[1][76][5]~0   ; 0                 ; 0       ;
;      - fir_filter_parallel_reduced_stream:impl|fir_filter_parallel_reduced:impl|history_next[1][76][6]~0   ; 0                 ; 0       ;
;      - fir_filter_parallel_reduced_stream:impl|fir_filter_parallel_reduced:impl|history_next[1][76][7]~0   ; 0                 ; 0       ;
;      - fir_filter_parallel_reduced_stream:impl|fir_filter_parallel_reduced:impl|history_next[1][76][8]~0   ; 0                 ; 0       ;
;      - fir_filter_parallel_reduced_stream:impl|fir_filter_parallel_reduced:impl|history_next[1][76][9]~0   ; 0                 ; 0       ;
;      - fir_filter_parallel_reduced_stream:impl|fir_filter_parallel_reduced:impl|history_next[1][76][10]~0  ; 0                 ; 0       ;
;      - fir_filter_parallel_reduced_stream:impl|fir_filter_parallel_reduced:impl|history_next[1][76][11]~0  ; 0                 ; 0       ;
;      - fir_filter_parallel_reduced_stream:impl|fir_filter_parallel_reduced:impl|history_next[1][76][12]~0  ; 0                 ; 0       ;
;      - fir_filter_parallel_reduced_stream:impl|fir_filter_parallel_reduced:impl|history_next[1][76][13]~0  ; 0                 ; 0       ;
;      - fir_filter_parallel_reduced_stream:impl|fir_filter_parallel_reduced:impl|history_next[1][76][14]~0  ; 0                 ; 0       ;
;      - fir_filter_parallel_reduced_stream:impl|fir_filter_parallel_reduced:impl|history_next[1][76][15]~0  ; 0                 ; 0       ;
;      - fir_filter_parallel_reduced_stream:impl|fir_filter_parallel_reduced:impl|history_next[1][85][0]~0   ; 0                 ; 0       ;
;      - fir_filter_parallel_reduced_stream:impl|fir_filter_parallel_reduced:impl|history_next[1][85][1]~0   ; 0                 ; 0       ;
;      - fir_filter_parallel_reduced_stream:impl|fir_filter_parallel_reduced:impl|history_next[1][85][2]~0   ; 0                 ; 0       ;
;      - fir_filter_parallel_reduced_stream:impl|fir_filter_parallel_reduced:impl|history_next[1][85][3]~0   ; 0                 ; 0       ;
;      - fir_filter_parallel_reduced_stream:impl|fir_filter_parallel_reduced:impl|history_next[1][85][4]~0   ; 0                 ; 0       ;
;      - fir_filter_parallel_reduced_stream:impl|fir_filter_parallel_reduced:impl|history_next[1][85][5]~0   ; 0                 ; 0       ;
;      - fir_filter_parallel_reduced_stream:impl|fir_filter_parallel_reduced:impl|history_next[1][85][6]~0   ; 0                 ; 0       ;
;      - fir_filter_parallel_reduced_stream:impl|fir_filter_parallel_reduced:impl|history_next[1][85][7]~0   ; 0                 ; 0       ;
;      - fir_filter_parallel_reduced_stream:impl|fir_filter_parallel_reduced:impl|history_next[1][85][8]~0   ; 0                 ; 0       ;
;      - fir_filter_parallel_reduced_stream:impl|fir_filter_parallel_reduced:impl|history_next[1][85][9]~0   ; 0                 ; 0       ;
;      - fir_filter_parallel_reduced_stream:impl|fir_filter_parallel_reduced:impl|history_next[1][85][10]~0  ; 0                 ; 0       ;
;      - fir_filter_parallel_reduced_stream:impl|fir_filter_parallel_reduced:impl|history_next[1][85][11]~0  ; 0                 ; 0       ;
;      - fir_filter_parallel_reduced_stream:impl|fir_filter_parallel_reduced:impl|history_next[1][85][12]~0  ; 0                 ; 0       ;
;      - fir_filter_parallel_reduced_stream:impl|fir_filter_parallel_reduced:impl|history_next[1][85][13]~0  ; 0                 ; 0       ;
;      - fir_filter_parallel_reduced_stream:impl|fir_filter_parallel_reduced:impl|history_next[1][85][14]~0  ; 0                 ; 0       ;
;      - fir_filter_parallel_reduced_stream:impl|fir_filter_parallel_reduced:impl|history_next[1][85][15]~0  ; 0                 ; 0       ;
;      - fir_filter_parallel_reduced_stream:impl|fir_filter_parallel_reduced:impl|history_next[1][46][0]~0   ; 0                 ; 0       ;
;      - fir_filter_parallel_reduced_stream:impl|fir_filter_parallel_reduced:impl|history_next[1][46][1]~0   ; 0                 ; 0       ;
;      - fir_filter_parallel_reduced_stream:impl|fir_filter_parallel_reduced:impl|history_next[1][46][2]~0   ; 0                 ; 0       ;
;      - fir_filter_parallel_reduced_stream:impl|fir_filter_parallel_reduced:impl|history_next[1][46][3]~0   ; 0                 ; 0       ;
;      - fir_filter_parallel_reduced_stream:impl|fir_filter_parallel_reduced:impl|history_next[1][46][4]~0   ; 0                 ; 0       ;
;      - fir_filter_parallel_reduced_stream:impl|fir_filter_parallel_reduced:impl|history_next[1][46][5]~0   ; 0                 ; 0       ;
;      - fir_filter_parallel_reduced_stream:impl|fir_filter_parallel_reduced:impl|history_next[1][46][6]~0   ; 0                 ; 0       ;
;      - fir_filter_parallel_reduced_stream:impl|fir_filter_parallel_reduced:impl|history_next[1][46][7]~0   ; 0                 ; 0       ;
;      - fir_filter_parallel_reduced_stream:impl|fir_filter_parallel_reduced:impl|history_next[1][46][8]~0   ; 0                 ; 0       ;
;      - fir_filter_parallel_reduced_stream:impl|fir_filter_parallel_reduced:impl|history_next[1][46][9]~0   ; 0                 ; 0       ;
;      - fir_filter_parallel_reduced_stream:impl|fir_filter_parallel_reduced:impl|history_next[1][46][10]~0  ; 0                 ; 0       ;
;      - fir_filter_parallel_reduced_stream:impl|fir_filter_parallel_reduced:impl|history_next[1][46][11]~0  ; 0                 ; 0       ;
;      - fir_filter_parallel_reduced_stream:impl|fir_filter_parallel_reduced:impl|history_next[1][46][12]~0  ; 0                 ; 0       ;
;      - fir_filter_parallel_reduced_stream:impl|fir_filter_parallel_reduced:impl|history_next[1][46][13]~0  ; 0                 ; 0       ;
;      - fir_filter_parallel_reduced_stream:impl|fir_filter_parallel_reduced:impl|history_next[1][46][14]~0  ; 0                 ; 0       ;
;      - fir_filter_parallel_reduced_stream:impl|fir_filter_parallel_reduced:impl|history_next[1][46][15]~0  ; 0                 ; 0       ;
;      - fir_filter_parallel_reduced_stream:impl|fir_filter_parallel_reduced:impl|history_next[1][60][0]~0   ; 0                 ; 0       ;
;      - fir_filter_parallel_reduced_stream:impl|fir_filter_parallel_reduced:impl|history_next[1][60][1]~0   ; 0                 ; 0       ;
;      - fir_filter_parallel_reduced_stream:impl|fir_filter_parallel_reduced:impl|history_next[1][60][2]~0   ; 0                 ; 0       ;
;      - fir_filter_parallel_reduced_stream:impl|fir_filter_parallel_reduced:impl|history_next[1][60][3]~0   ; 0                 ; 0       ;
;      - fir_filter_parallel_reduced_stream:impl|fir_filter_parallel_reduced:impl|history_next[1][60][4]~0   ; 0                 ; 0       ;
;      - fir_filter_parallel_reduced_stream:impl|fir_filter_parallel_reduced:impl|history_next[1][60][5]~0   ; 0                 ; 0       ;
;      - fir_filter_parallel_reduced_stream:impl|fir_filter_parallel_reduced:impl|history_next[1][60][6]~0   ; 0                 ; 0       ;
;      - fir_filter_parallel_reduced_stream:impl|fir_filter_parallel_reduced:impl|history_next[1][60][7]~0   ; 0                 ; 0       ;
;      - fir_filter_parallel_reduced_stream:impl|fir_filter_parallel_reduced:impl|history_next[1][60][8]~0   ; 0                 ; 0       ;
;      - fir_filter_parallel_reduced_stream:impl|fir_filter_parallel_reduced:impl|history_next[1][60][9]~0   ; 0                 ; 0       ;
;      - fir_filter_parallel_reduced_stream:impl|fir_filter_parallel_reduced:impl|history_next[1][60][10]~0  ; 0                 ; 0       ;
;      - fir_filter_parallel_reduced_stream:impl|fir_filter_parallel_reduced:impl|history_next[1][60][11]~0  ; 0                 ; 0       ;
;      - fir_filter_parallel_reduced_stream:impl|fir_filter_parallel_reduced:impl|history_next[1][60][12]~0  ; 0                 ; 0       ;
;      - fir_filter_parallel_reduced_stream:impl|fir_filter_parallel_reduced:impl|history_next[1][60][13]~0  ; 0                 ; 0       ;
;      - fir_filter_parallel_reduced_stream:impl|fir_filter_parallel_reduced:impl|history_next[1][60][14]~0  ; 0                 ; 0       ;
;      - fir_filter_parallel_reduced_stream:impl|fir_filter_parallel_reduced:impl|history_next[1][60][15]~0  ; 0                 ; 0       ;
;      - fir_filter_parallel_reduced_stream:impl|fir_filter_parallel_reduced:impl|history_next[0][38][0]~0   ; 0                 ; 0       ;
;      - fir_filter_parallel_reduced_stream:impl|fir_filter_parallel_reduced:impl|history_next[0][38][1]~0   ; 0                 ; 0       ;
;      - fir_filter_parallel_reduced_stream:impl|fir_filter_parallel_reduced:impl|history_next[0][38][2]~0   ; 0                 ; 0       ;
;      - fir_filter_parallel_reduced_stream:impl|fir_filter_parallel_reduced:impl|history_next[0][38][3]~0   ; 0                 ; 0       ;
;      - fir_filter_parallel_reduced_stream:impl|fir_filter_parallel_reduced:impl|history_next[0][38][4]~0   ; 0                 ; 0       ;
;      - fir_filter_parallel_reduced_stream:impl|fir_filter_parallel_reduced:impl|history_next[0][38][5]~0   ; 0                 ; 0       ;
;      - fir_filter_parallel_reduced_stream:impl|fir_filter_parallel_reduced:impl|history_next[0][38][6]~0   ; 0                 ; 0       ;
;      - fir_filter_parallel_reduced_stream:impl|fir_filter_parallel_reduced:impl|history_next[0][38][7]~0   ; 0                 ; 0       ;
;      - fir_filter_parallel_reduced_stream:impl|fir_filter_parallel_reduced:impl|history_next[0][38][8]~0   ; 0                 ; 0       ;
;      - fir_filter_parallel_reduced_stream:impl|fir_filter_parallel_reduced:impl|history_next[0][38][9]~0   ; 0                 ; 0       ;
;      - fir_filter_parallel_reduced_stream:impl|fir_filter_parallel_reduced:impl|history_next[0][38][10]~0  ; 0                 ; 0       ;
;      - fir_filter_parallel_reduced_stream:impl|fir_filter_parallel_reduced:impl|history_next[0][38][11]~0  ; 0                 ; 0       ;
;      - fir_filter_parallel_reduced_stream:impl|fir_filter_parallel_reduced:impl|history_next[0][38][12]~0  ; 0                 ; 0       ;
;      - fir_filter_parallel_reduced_stream:impl|fir_filter_parallel_reduced:impl|history_next[0][38][13]~0  ; 0                 ; 0       ;
;      - fir_filter_parallel_reduced_stream:impl|fir_filter_parallel_reduced:impl|history_next[0][38][14]~0  ; 0                 ; 0       ;
;      - fir_filter_parallel_reduced_stream:impl|fir_filter_parallel_reduced:impl|history_next[0][38][15]~0  ; 0                 ; 0       ;
;      - fir_filter_parallel_reduced_stream:impl|fir_filter_parallel_reduced:impl|history_next[0][67][0]~0   ; 0                 ; 0       ;
;      - fir_filter_parallel_reduced_stream:impl|fir_filter_parallel_reduced:impl|history_next[0][67][1]~0   ; 0                 ; 0       ;
;      - fir_filter_parallel_reduced_stream:impl|fir_filter_parallel_reduced:impl|history_next[0][67][2]~0   ; 0                 ; 0       ;
;      - fir_filter_parallel_reduced_stream:impl|fir_filter_parallel_reduced:impl|history_next[0][67][3]~0   ; 0                 ; 0       ;
;      - fir_filter_parallel_reduced_stream:impl|fir_filter_parallel_reduced:impl|history_next[0][67][4]~0   ; 0                 ; 0       ;
;      - fir_filter_parallel_reduced_stream:impl|fir_filter_parallel_reduced:impl|history_next[0][67][5]~0   ; 0                 ; 0       ;
;      - fir_filter_parallel_reduced_stream:impl|fir_filter_parallel_reduced:impl|history_next[0][67][6]~0   ; 0                 ; 0       ;
;      - fir_filter_parallel_reduced_stream:impl|fir_filter_parallel_reduced:impl|history_next[0][67][7]~0   ; 0                 ; 0       ;
;      - fir_filter_parallel_reduced_stream:impl|fir_filter_parallel_reduced:impl|history_next[0][67][8]~0   ; 0                 ; 0       ;
;      - fir_filter_parallel_reduced_stream:impl|fir_filter_parallel_reduced:impl|history_next[0][67][9]~0   ; 0                 ; 0       ;
;      - fir_filter_parallel_reduced_stream:impl|fir_filter_parallel_reduced:impl|history_next[0][67][10]~0  ; 0                 ; 0       ;
;      - fir_filter_parallel_reduced_stream:impl|fir_filter_parallel_reduced:impl|history_next[0][67][11]~0  ; 0                 ; 0       ;
;      - fir_filter_parallel_reduced_stream:impl|fir_filter_parallel_reduced:impl|history_next[0][67][12]~0  ; 0                 ; 0       ;
;      - fir_filter_parallel_reduced_stream:impl|fir_filter_parallel_reduced:impl|history_next[0][67][13]~0  ; 0                 ; 0       ;
;      - fir_filter_parallel_reduced_stream:impl|fir_filter_parallel_reduced:impl|history_next[0][67][14]~0  ; 0                 ; 0       ;
;      - fir_filter_parallel_reduced_stream:impl|fir_filter_parallel_reduced:impl|history_next[0][67][15]~0  ; 0                 ; 0       ;
;      - fir_filter_parallel_reduced_stream:impl|fir_filter_parallel_reduced:impl|history_next[1][4][0]~0    ; 0                 ; 0       ;
;      - fir_filter_parallel_reduced_stream:impl|fir_filter_parallel_reduced:impl|history_next[1][4][1]~0    ; 0                 ; 0       ;
;      - fir_filter_parallel_reduced_stream:impl|fir_filter_parallel_reduced:impl|history_next[1][4][2]~0    ; 0                 ; 0       ;
;      - fir_filter_parallel_reduced_stream:impl|fir_filter_parallel_reduced:impl|history_next[1][4][3]~0    ; 0                 ; 0       ;
;      - fir_filter_parallel_reduced_stream:impl|fir_filter_parallel_reduced:impl|history_next[1][4][4]~0    ; 0                 ; 0       ;
;      - fir_filter_parallel_reduced_stream:impl|fir_filter_parallel_reduced:impl|history_next[1][4][5]~0    ; 0                 ; 0       ;
;      - fir_filter_parallel_reduced_stream:impl|fir_filter_parallel_reduced:impl|history_next[1][4][6]~0    ; 0                 ; 0       ;
;      - fir_filter_parallel_reduced_stream:impl|fir_filter_parallel_reduced:impl|history_next[1][4][7]~0    ; 0                 ; 0       ;
;      - fir_filter_parallel_reduced_stream:impl|fir_filter_parallel_reduced:impl|history_next[1][4][8]~0    ; 0                 ; 0       ;
;      - fir_filter_parallel_reduced_stream:impl|fir_filter_parallel_reduced:impl|history_next[1][4][9]~0    ; 0                 ; 0       ;
;      - fir_filter_parallel_reduced_stream:impl|fir_filter_parallel_reduced:impl|history_next[1][4][10]~0   ; 0                 ; 0       ;
;      - fir_filter_parallel_reduced_stream:impl|fir_filter_parallel_reduced:impl|history_next[1][4][11]~0   ; 0                 ; 0       ;
;      - fir_filter_parallel_reduced_stream:impl|fir_filter_parallel_reduced:impl|history_next[1][4][12]~0   ; 0                 ; 0       ;
;      - fir_filter_parallel_reduced_stream:impl|fir_filter_parallel_reduced:impl|history_next[1][4][13]~0   ; 0                 ; 0       ;
;      - fir_filter_parallel_reduced_stream:impl|fir_filter_parallel_reduced:impl|history_next[1][4][14]~0   ; 0                 ; 0       ;
;      - fir_filter_parallel_reduced_stream:impl|fir_filter_parallel_reduced:impl|history_next[1][4][15]~0   ; 0                 ; 0       ;
;      - fir_filter_parallel_reduced_stream:impl|fir_filter_parallel_reduced:impl|history_next[1][102][0]~0  ; 0                 ; 0       ;
;      - fir_filter_parallel_reduced_stream:impl|fir_filter_parallel_reduced:impl|history_next[1][102][1]~0  ; 0                 ; 0       ;
;      - fir_filter_parallel_reduced_stream:impl|fir_filter_parallel_reduced:impl|history_next[1][102][2]~0  ; 0                 ; 0       ;
;      - fir_filter_parallel_reduced_stream:impl|fir_filter_parallel_reduced:impl|history_next[1][102][3]~0  ; 0                 ; 0       ;
;      - fir_filter_parallel_reduced_stream:impl|fir_filter_parallel_reduced:impl|history_next[1][102][4]~0  ; 0                 ; 0       ;
;      - fir_filter_parallel_reduced_stream:impl|fir_filter_parallel_reduced:impl|history_next[1][102][5]~0  ; 0                 ; 0       ;
;      - fir_filter_parallel_reduced_stream:impl|fir_filter_parallel_reduced:impl|history_next[1][102][6]~0  ; 0                 ; 0       ;
;      - fir_filter_parallel_reduced_stream:impl|fir_filter_parallel_reduced:impl|history_next[1][102][7]~0  ; 0                 ; 0       ;
;      - fir_filter_parallel_reduced_stream:impl|fir_filter_parallel_reduced:impl|history_next[1][102][8]~0  ; 0                 ; 0       ;
;      - fir_filter_parallel_reduced_stream:impl|fir_filter_parallel_reduced:impl|history_next[1][102][9]~0  ; 0                 ; 0       ;
;      - fir_filter_parallel_reduced_stream:impl|fir_filter_parallel_reduced:impl|history_next[1][102][10]~0 ; 0                 ; 0       ;
;      - fir_filter_parallel_reduced_stream:impl|fir_filter_parallel_reduced:impl|history_next[1][102][11]~0 ; 0                 ; 0       ;
;      - fir_filter_parallel_reduced_stream:impl|fir_filter_parallel_reduced:impl|history_next[1][102][12]~0 ; 0                 ; 0       ;
;      - fir_filter_parallel_reduced_stream:impl|fir_filter_parallel_reduced:impl|history_next[1][102][13]~0 ; 0                 ; 0       ;
;      - fir_filter_parallel_reduced_stream:impl|fir_filter_parallel_reduced:impl|history_next[1][102][14]~0 ; 0                 ; 0       ;
;      - fir_filter_parallel_reduced_stream:impl|fir_filter_parallel_reduced:impl|history_next[1][102][15]~0 ; 0                 ; 0       ;
;      - fir_filter_parallel_reduced_stream:impl|fir_filter_parallel_reduced:impl|history_next[0][3][0]~0    ; 0                 ; 0       ;
;      - fir_filter_parallel_reduced_stream:impl|fir_filter_parallel_reduced:impl|history_next[0][3][1]~0    ; 0                 ; 0       ;
;      - fir_filter_parallel_reduced_stream:impl|fir_filter_parallel_reduced:impl|history_next[0][3][2]~0    ; 0                 ; 0       ;
;      - fir_filter_parallel_reduced_stream:impl|fir_filter_parallel_reduced:impl|history_next[0][3][3]~0    ; 0                 ; 0       ;
;      - fir_filter_parallel_reduced_stream:impl|fir_filter_parallel_reduced:impl|history_next[0][3][4]~0    ; 0                 ; 0       ;
;      - fir_filter_parallel_reduced_stream:impl|fir_filter_parallel_reduced:impl|history_next[0][3][5]~0    ; 0                 ; 0       ;
;      - fir_filter_parallel_reduced_stream:impl|fir_filter_parallel_reduced:impl|history_next[0][3][6]~0    ; 0                 ; 0       ;
;      - fir_filter_parallel_reduced_stream:impl|fir_filter_parallel_reduced:impl|history_next[0][3][7]~0    ; 0                 ; 0       ;
;      - fir_filter_parallel_reduced_stream:impl|fir_filter_parallel_reduced:impl|history_next[0][3][8]~0    ; 0                 ; 0       ;
;      - fir_filter_parallel_reduced_stream:impl|fir_filter_parallel_reduced:impl|history_next[0][3][9]~0    ; 0                 ; 0       ;
;      - fir_filter_parallel_reduced_stream:impl|fir_filter_parallel_reduced:impl|history_next[0][3][10]~0   ; 0                 ; 0       ;
;      - fir_filter_parallel_reduced_stream:impl|fir_filter_parallel_reduced:impl|history_next[0][3][11]~0   ; 0                 ; 0       ;
;      - fir_filter_parallel_reduced_stream:impl|fir_filter_parallel_reduced:impl|history_next[0][3][12]~0   ; 0                 ; 0       ;
;      - fir_filter_parallel_reduced_stream:impl|fir_filter_parallel_reduced:impl|history_next[0][3][13]~0   ; 0                 ; 0       ;
;      - fir_filter_parallel_reduced_stream:impl|fir_filter_parallel_reduced:impl|history_next[0][3][14]~0   ; 0                 ; 0       ;
;      - fir_filter_parallel_reduced_stream:impl|fir_filter_parallel_reduced:impl|history_next[0][3][15]~0   ; 0                 ; 0       ;
;      - fir_filter_parallel_reduced_stream:impl|fir_filter_parallel_reduced:impl|history_next[0][102][0]~0  ; 0                 ; 0       ;
;      - fir_filter_parallel_reduced_stream:impl|fir_filter_parallel_reduced:impl|history_next[0][102][1]~0  ; 0                 ; 0       ;
;      - fir_filter_parallel_reduced_stream:impl|fir_filter_parallel_reduced:impl|history_next[0][102][2]~0  ; 0                 ; 0       ;
;      - fir_filter_parallel_reduced_stream:impl|fir_filter_parallel_reduced:impl|history_next[0][102][3]~0  ; 0                 ; 0       ;
;      - fir_filter_parallel_reduced_stream:impl|fir_filter_parallel_reduced:impl|history_next[0][102][4]~0  ; 0                 ; 0       ;
;      - fir_filter_parallel_reduced_stream:impl|fir_filter_parallel_reduced:impl|history_next[0][102][5]~0  ; 0                 ; 0       ;
;      - fir_filter_parallel_reduced_stream:impl|fir_filter_parallel_reduced:impl|history_next[0][102][6]~0  ; 0                 ; 0       ;
;      - fir_filter_parallel_reduced_stream:impl|fir_filter_parallel_reduced:impl|history_next[0][102][7]~0  ; 0                 ; 0       ;
;      - fir_filter_parallel_reduced_stream:impl|fir_filter_parallel_reduced:impl|history_next[0][102][8]~0  ; 0                 ; 0       ;
;      - fir_filter_parallel_reduced_stream:impl|fir_filter_parallel_reduced:impl|history_next[0][102][9]~0  ; 0                 ; 0       ;
;      - fir_filter_parallel_reduced_stream:impl|fir_filter_parallel_reduced:impl|history_next[0][102][10]~0 ; 0                 ; 0       ;
;      - fir_filter_parallel_reduced_stream:impl|fir_filter_parallel_reduced:impl|history_next[0][102][11]~0 ; 0                 ; 0       ;
;      - fir_filter_parallel_reduced_stream:impl|fir_filter_parallel_reduced:impl|history_next[0][102][12]~0 ; 0                 ; 0       ;
;      - fir_filter_parallel_reduced_stream:impl|fir_filter_parallel_reduced:impl|history_next[0][102][13]~0 ; 0                 ; 0       ;
;      - fir_filter_parallel_reduced_stream:impl|fir_filter_parallel_reduced:impl|history_next[0][102][14]~0 ; 0                 ; 0       ;
;      - fir_filter_parallel_reduced_stream:impl|fir_filter_parallel_reduced:impl|history_next[0][102][15]~0 ; 0                 ; 0       ;
;      - fir_filter_parallel_reduced_stream:impl|fir_filter_parallel_reduced:impl|history_next[1][3][0]~0    ; 0                 ; 0       ;
;      - fir_filter_parallel_reduced_stream:impl|fir_filter_parallel_reduced:impl|history_next[1][3][1]~0    ; 0                 ; 0       ;
;      - fir_filter_parallel_reduced_stream:impl|fir_filter_parallel_reduced:impl|history_next[1][3][2]~0    ; 0                 ; 0       ;
;      - fir_filter_parallel_reduced_stream:impl|fir_filter_parallel_reduced:impl|history_next[1][3][3]~0    ; 0                 ; 0       ;
;      - fir_filter_parallel_reduced_stream:impl|fir_filter_parallel_reduced:impl|history_next[1][3][4]~0    ; 0                 ; 0       ;
;      - fir_filter_parallel_reduced_stream:impl|fir_filter_parallel_reduced:impl|history_next[1][3][5]~0    ; 0                 ; 0       ;
;      - fir_filter_parallel_reduced_stream:impl|fir_filter_parallel_reduced:impl|history_next[1][3][6]~0    ; 0                 ; 0       ;
;      - fir_filter_parallel_reduced_stream:impl|fir_filter_parallel_reduced:impl|history_next[1][3][7]~0    ; 0                 ; 0       ;
;      - fir_filter_parallel_reduced_stream:impl|fir_filter_parallel_reduced:impl|history_next[1][3][8]~0    ; 0                 ; 0       ;
;      - fir_filter_parallel_reduced_stream:impl|fir_filter_parallel_reduced:impl|history_next[1][3][9]~0    ; 0                 ; 0       ;
;      - fir_filter_parallel_reduced_stream:impl|fir_filter_parallel_reduced:impl|history_next[1][3][10]~0   ; 0                 ; 0       ;
;      - fir_filter_parallel_reduced_stream:impl|fir_filter_parallel_reduced:impl|history_next[1][3][11]~0   ; 0                 ; 0       ;
;      - fir_filter_parallel_reduced_stream:impl|fir_filter_parallel_reduced:impl|history_next[1][3][12]~0   ; 0                 ; 0       ;
;      - fir_filter_parallel_reduced_stream:impl|fir_filter_parallel_reduced:impl|history_next[1][3][13]~0   ; 0                 ; 0       ;
;      - fir_filter_parallel_reduced_stream:impl|fir_filter_parallel_reduced:impl|history_next[1][3][14]~0   ; 0                 ; 0       ;
;      - fir_filter_parallel_reduced_stream:impl|fir_filter_parallel_reduced:impl|history_next[1][3][15]~0   ; 0                 ; 0       ;
;      - fir_filter_parallel_reduced_stream:impl|fir_filter_parallel_reduced:impl|history_next[1][70][0]~0   ; 0                 ; 0       ;
;      - fir_filter_parallel_reduced_stream:impl|fir_filter_parallel_reduced:impl|history_next[1][70][1]~0   ; 0                 ; 0       ;
;      - fir_filter_parallel_reduced_stream:impl|fir_filter_parallel_reduced:impl|history_next[1][70][2]~0   ; 0                 ; 0       ;
;      - fir_filter_parallel_reduced_stream:impl|fir_filter_parallel_reduced:impl|history_next[1][70][3]~0   ; 0                 ; 0       ;
;      - fir_filter_parallel_reduced_stream:impl|fir_filter_parallel_reduced:impl|history_next[1][70][4]~0   ; 0                 ; 0       ;
;      - fir_filter_parallel_reduced_stream:impl|fir_filter_parallel_reduced:impl|history_next[1][70][5]~0   ; 0                 ; 0       ;
;      - fir_filter_parallel_reduced_stream:impl|fir_filter_parallel_reduced:impl|history_next[1][70][6]~0   ; 0                 ; 0       ;
;      - fir_filter_parallel_reduced_stream:impl|fir_filter_parallel_reduced:impl|history_next[1][70][7]~0   ; 0                 ; 0       ;
;      - fir_filter_parallel_reduced_stream:impl|fir_filter_parallel_reduced:impl|history_next[1][70][8]~0   ; 0                 ; 0       ;
;      - fir_filter_parallel_reduced_stream:impl|fir_filter_parallel_reduced:impl|history_next[1][70][9]~0   ; 0                 ; 0       ;
;      - fir_filter_parallel_reduced_stream:impl|fir_filter_parallel_reduced:impl|history_next[1][70][10]~0  ; 0                 ; 0       ;
;      - fir_filter_parallel_reduced_stream:impl|fir_filter_parallel_reduced:impl|history_next[1][70][11]~0  ; 0                 ; 0       ;
;      - fir_filter_parallel_reduced_stream:impl|fir_filter_parallel_reduced:impl|history_next[1][70][12]~0  ; 0                 ; 0       ;
;      - fir_filter_parallel_reduced_stream:impl|fir_filter_parallel_reduced:impl|history_next[1][70][13]~0  ; 0                 ; 0       ;
;      - fir_filter_parallel_reduced_stream:impl|fir_filter_parallel_reduced:impl|history_next[1][70][14]~0  ; 0                 ; 0       ;
;      - fir_filter_parallel_reduced_stream:impl|fir_filter_parallel_reduced:impl|history_next[1][70][15]~0  ; 0                 ; 0       ;
;      - fir_filter_parallel_reduced_stream:impl|fir_filter_parallel_reduced:impl|history_next[0][33][0]~0   ; 0                 ; 0       ;
;      - fir_filter_parallel_reduced_stream:impl|fir_filter_parallel_reduced:impl|history_next[0][33][1]~0   ; 0                 ; 0       ;
;      - fir_filter_parallel_reduced_stream:impl|fir_filter_parallel_reduced:impl|history_next[0][33][2]~0   ; 0                 ; 0       ;
;      - fir_filter_parallel_reduced_stream:impl|fir_filter_parallel_reduced:impl|history_next[0][33][3]~0   ; 0                 ; 0       ;
;      - fir_filter_parallel_reduced_stream:impl|fir_filter_parallel_reduced:impl|history_next[0][33][4]~0   ; 0                 ; 0       ;
;      - fir_filter_parallel_reduced_stream:impl|fir_filter_parallel_reduced:impl|history_next[0][33][5]~0   ; 0                 ; 0       ;
;      - fir_filter_parallel_reduced_stream:impl|fir_filter_parallel_reduced:impl|history_next[0][33][6]~0   ; 0                 ; 0       ;
;      - fir_filter_parallel_reduced_stream:impl|fir_filter_parallel_reduced:impl|history_next[0][33][7]~0   ; 0                 ; 0       ;
;      - fir_filter_parallel_reduced_stream:impl|fir_filter_parallel_reduced:impl|history_next[0][33][8]~0   ; 0                 ; 0       ;
;      - fir_filter_parallel_reduced_stream:impl|fir_filter_parallel_reduced:impl|history_next[0][33][9]~0   ; 0                 ; 0       ;
;      - fir_filter_parallel_reduced_stream:impl|fir_filter_parallel_reduced:impl|history_next[0][33][10]~0  ; 0                 ; 0       ;
;      - fir_filter_parallel_reduced_stream:impl|fir_filter_parallel_reduced:impl|history_next[0][33][11]~0  ; 0                 ; 0       ;
;      - fir_filter_parallel_reduced_stream:impl|fir_filter_parallel_reduced:impl|history_next[0][33][12]~0  ; 0                 ; 0       ;
;      - fir_filter_parallel_reduced_stream:impl|fir_filter_parallel_reduced:impl|history_next[0][33][13]~0  ; 0                 ; 0       ;
;      - fir_filter_parallel_reduced_stream:impl|fir_filter_parallel_reduced:impl|history_next[0][33][14]~0  ; 0                 ; 0       ;
;      - fir_filter_parallel_reduced_stream:impl|fir_filter_parallel_reduced:impl|history_next[0][33][15]~0  ; 0                 ; 0       ;
;      - fir_filter_parallel_reduced_stream:impl|fir_filter_parallel_reduced:impl|history_next[0][72][0]~0   ; 0                 ; 0       ;
;      - fir_filter_parallel_reduced_stream:impl|fir_filter_parallel_reduced:impl|history_next[0][72][1]~0   ; 0                 ; 0       ;
;      - fir_filter_parallel_reduced_stream:impl|fir_filter_parallel_reduced:impl|history_next[0][72][2]~0   ; 0                 ; 0       ;
;      - fir_filter_parallel_reduced_stream:impl|fir_filter_parallel_reduced:impl|history_next[0][72][3]~0   ; 0                 ; 0       ;
;      - fir_filter_parallel_reduced_stream:impl|fir_filter_parallel_reduced:impl|history_next[0][72][4]~0   ; 0                 ; 0       ;
;      - fir_filter_parallel_reduced_stream:impl|fir_filter_parallel_reduced:impl|history_next[0][72][5]~0   ; 0                 ; 0       ;
;      - fir_filter_parallel_reduced_stream:impl|fir_filter_parallel_reduced:impl|history_next[0][72][6]~0   ; 0                 ; 0       ;
;      - fir_filter_parallel_reduced_stream:impl|fir_filter_parallel_reduced:impl|history_next[0][72][7]~0   ; 0                 ; 0       ;
;      - fir_filter_parallel_reduced_stream:impl|fir_filter_parallel_reduced:impl|history_next[0][72][8]~0   ; 0                 ; 0       ;
;      - fir_filter_parallel_reduced_stream:impl|fir_filter_parallel_reduced:impl|history_next[0][72][9]~0   ; 0                 ; 0       ;
;      - fir_filter_parallel_reduced_stream:impl|fir_filter_parallel_reduced:impl|history_next[0][72][10]~0  ; 0                 ; 0       ;
;      - fir_filter_parallel_reduced_stream:impl|fir_filter_parallel_reduced:impl|history_next[0][72][11]~0  ; 0                 ; 0       ;
;      - fir_filter_parallel_reduced_stream:impl|fir_filter_parallel_reduced:impl|history_next[0][72][12]~0  ; 0                 ; 0       ;
;      - fir_filter_parallel_reduced_stream:impl|fir_filter_parallel_reduced:impl|history_next[0][72][13]~0  ; 0                 ; 0       ;
;      - fir_filter_parallel_reduced_stream:impl|fir_filter_parallel_reduced:impl|history_next[0][72][14]~0  ; 0                 ; 0       ;
;      - fir_filter_parallel_reduced_stream:impl|fir_filter_parallel_reduced:impl|history_next[0][72][15]~0  ; 0                 ; 0       ;
;      - fir_filter_parallel_reduced_stream:impl|fir_filter_parallel_reduced:impl|history_next[1][33][0]~0   ; 0                 ; 0       ;
;      - fir_filter_parallel_reduced_stream:impl|fir_filter_parallel_reduced:impl|history_next[1][33][1]~0   ; 0                 ; 0       ;
;      - fir_filter_parallel_reduced_stream:impl|fir_filter_parallel_reduced:impl|history_next[1][33][2]~0   ; 0                 ; 0       ;
;      - fir_filter_parallel_reduced_stream:impl|fir_filter_parallel_reduced:impl|history_next[1][33][3]~0   ; 0                 ; 0       ;
;      - fir_filter_parallel_reduced_stream:impl|fir_filter_parallel_reduced:impl|history_next[1][33][4]~0   ; 0                 ; 0       ;
;      - fir_filter_parallel_reduced_stream:impl|fir_filter_parallel_reduced:impl|history_next[1][33][5]~0   ; 0                 ; 0       ;
;      - fir_filter_parallel_reduced_stream:impl|fir_filter_parallel_reduced:impl|history_next[1][33][6]~0   ; 0                 ; 0       ;
;      - fir_filter_parallel_reduced_stream:impl|fir_filter_parallel_reduced:impl|history_next[1][33][7]~0   ; 0                 ; 0       ;
;      - fir_filter_parallel_reduced_stream:impl|fir_filter_parallel_reduced:impl|history_next[1][33][8]~0   ; 0                 ; 0       ;
;      - fir_filter_parallel_reduced_stream:impl|fir_filter_parallel_reduced:impl|history_next[1][33][9]~0   ; 0                 ; 0       ;
;      - fir_filter_parallel_reduced_stream:impl|fir_filter_parallel_reduced:impl|history_next[1][33][10]~0  ; 0                 ; 0       ;
;      - fir_filter_parallel_reduced_stream:impl|fir_filter_parallel_reduced:impl|history_next[1][33][11]~0  ; 0                 ; 0       ;
;      - fir_filter_parallel_reduced_stream:impl|fir_filter_parallel_reduced:impl|history_next[1][33][12]~0  ; 0                 ; 0       ;
;      - fir_filter_parallel_reduced_stream:impl|fir_filter_parallel_reduced:impl|history_next[1][33][13]~0  ; 0                 ; 0       ;
;      - fir_filter_parallel_reduced_stream:impl|fir_filter_parallel_reduced:impl|history_next[1][33][14]~0  ; 0                 ; 0       ;
;      - fir_filter_parallel_reduced_stream:impl|fir_filter_parallel_reduced:impl|history_next[1][33][15]~0  ; 0                 ; 0       ;
;      - fir_filter_parallel_reduced_stream:impl|fir_filter_parallel_reduced:impl|history_next[1][73][0]~0   ; 0                 ; 0       ;
;      - fir_filter_parallel_reduced_stream:impl|fir_filter_parallel_reduced:impl|history_next[1][73][1]~0   ; 0                 ; 0       ;
;      - fir_filter_parallel_reduced_stream:impl|fir_filter_parallel_reduced:impl|history_next[1][73][2]~0   ; 0                 ; 0       ;
;      - fir_filter_parallel_reduced_stream:impl|fir_filter_parallel_reduced:impl|history_next[1][73][3]~0   ; 0                 ; 0       ;
;      - fir_filter_parallel_reduced_stream:impl|fir_filter_parallel_reduced:impl|history_next[1][73][4]~0   ; 0                 ; 0       ;
;      - fir_filter_parallel_reduced_stream:impl|fir_filter_parallel_reduced:impl|history_next[1][73][5]~0   ; 0                 ; 0       ;
;      - fir_filter_parallel_reduced_stream:impl|fir_filter_parallel_reduced:impl|history_next[1][73][6]~0   ; 0                 ; 0       ;
;      - fir_filter_parallel_reduced_stream:impl|fir_filter_parallel_reduced:impl|history_next[1][73][7]~0   ; 0                 ; 0       ;
;      - fir_filter_parallel_reduced_stream:impl|fir_filter_parallel_reduced:impl|history_next[1][73][8]~0   ; 0                 ; 0       ;
;      - fir_filter_parallel_reduced_stream:impl|fir_filter_parallel_reduced:impl|history_next[1][73][9]~0   ; 0                 ; 0       ;
;      - fir_filter_parallel_reduced_stream:impl|fir_filter_parallel_reduced:impl|history_next[1][73][10]~0  ; 0                 ; 0       ;
;      - fir_filter_parallel_reduced_stream:impl|fir_filter_parallel_reduced:impl|history_next[1][73][11]~0  ; 0                 ; 0       ;
;      - fir_filter_parallel_reduced_stream:impl|fir_filter_parallel_reduced:impl|history_next[1][73][12]~0  ; 0                 ; 0       ;
;      - fir_filter_parallel_reduced_stream:impl|fir_filter_parallel_reduced:impl|history_next[1][73][13]~0  ; 0                 ; 0       ;
;      - fir_filter_parallel_reduced_stream:impl|fir_filter_parallel_reduced:impl|history_next[1][73][14]~0  ; 0                 ; 0       ;
;      - fir_filter_parallel_reduced_stream:impl|fir_filter_parallel_reduced:impl|history_next[1][73][15]~0  ; 0                 ; 0       ;
;      - fir_filter_parallel_reduced_stream:impl|fir_filter_parallel_reduced:impl|history_next[0][20][0]~0   ; 0                 ; 0       ;
;      - fir_filter_parallel_reduced_stream:impl|fir_filter_parallel_reduced:impl|history_next[0][20][1]~0   ; 0                 ; 0       ;
;      - fir_filter_parallel_reduced_stream:impl|fir_filter_parallel_reduced:impl|history_next[0][20][2]~0   ; 0                 ; 0       ;
;      - fir_filter_parallel_reduced_stream:impl|fir_filter_parallel_reduced:impl|history_next[0][20][3]~0   ; 0                 ; 0       ;
;      - fir_filter_parallel_reduced_stream:impl|fir_filter_parallel_reduced:impl|history_next[0][20][4]~0   ; 0                 ; 0       ;
;      - fir_filter_parallel_reduced_stream:impl|fir_filter_parallel_reduced:impl|history_next[0][20][5]~0   ; 0                 ; 0       ;
;      - fir_filter_parallel_reduced_stream:impl|fir_filter_parallel_reduced:impl|history_next[0][20][6]~0   ; 0                 ; 0       ;
;      - fir_filter_parallel_reduced_stream:impl|fir_filter_parallel_reduced:impl|history_next[0][20][7]~0   ; 0                 ; 0       ;
;      - fir_filter_parallel_reduced_stream:impl|fir_filter_parallel_reduced:impl|history_next[0][20][8]~0   ; 0                 ; 0       ;
;      - fir_filter_parallel_reduced_stream:impl|fir_filter_parallel_reduced:impl|history_next[0][20][9]~0   ; 0                 ; 0       ;
;      - fir_filter_parallel_reduced_stream:impl|fir_filter_parallel_reduced:impl|history_next[0][20][10]~0  ; 0                 ; 0       ;
;      - fir_filter_parallel_reduced_stream:impl|fir_filter_parallel_reduced:impl|history_next[0][20][11]~0  ; 0                 ; 0       ;
;      - fir_filter_parallel_reduced_stream:impl|fir_filter_parallel_reduced:impl|history_next[0][20][12]~0  ; 0                 ; 0       ;
;      - fir_filter_parallel_reduced_stream:impl|fir_filter_parallel_reduced:impl|history_next[0][20][13]~0  ; 0                 ; 0       ;
;      - fir_filter_parallel_reduced_stream:impl|fir_filter_parallel_reduced:impl|history_next[0][20][14]~0  ; 0                 ; 0       ;
;      - fir_filter_parallel_reduced_stream:impl|fir_filter_parallel_reduced:impl|history_next[0][20][15]~0  ; 0                 ; 0       ;
;      - fir_filter_parallel_reduced_stream:impl|fir_filter_parallel_reduced:impl|history_next[0][85][0]~0   ; 0                 ; 0       ;
;      - fir_filter_parallel_reduced_stream:impl|fir_filter_parallel_reduced:impl|history_next[0][85][1]~0   ; 0                 ; 0       ;
;      - fir_filter_parallel_reduced_stream:impl|fir_filter_parallel_reduced:impl|history_next[0][85][2]~0   ; 0                 ; 0       ;
;      - fir_filter_parallel_reduced_stream:impl|fir_filter_parallel_reduced:impl|history_next[0][85][3]~0   ; 0                 ; 0       ;
;      - fir_filter_parallel_reduced_stream:impl|fir_filter_parallel_reduced:impl|history_next[0][85][4]~0   ; 0                 ; 0       ;
;      - fir_filter_parallel_reduced_stream:impl|fir_filter_parallel_reduced:impl|history_next[0][85][5]~0   ; 0                 ; 0       ;
;      - fir_filter_parallel_reduced_stream:impl|fir_filter_parallel_reduced:impl|history_next[0][85][6]~0   ; 0                 ; 0       ;
;      - fir_filter_parallel_reduced_stream:impl|fir_filter_parallel_reduced:impl|history_next[0][85][7]~0   ; 0                 ; 0       ;
;      - fir_filter_parallel_reduced_stream:impl|fir_filter_parallel_reduced:impl|history_next[0][85][8]~0   ; 0                 ; 0       ;
;      - fir_filter_parallel_reduced_stream:impl|fir_filter_parallel_reduced:impl|history_next[0][85][9]~0   ; 0                 ; 0       ;
;      - fir_filter_parallel_reduced_stream:impl|fir_filter_parallel_reduced:impl|history_next[0][85][10]~0  ; 0                 ; 0       ;
;      - fir_filter_parallel_reduced_stream:impl|fir_filter_parallel_reduced:impl|history_next[0][85][11]~0  ; 0                 ; 0       ;
;      - fir_filter_parallel_reduced_stream:impl|fir_filter_parallel_reduced:impl|history_next[0][85][12]~0  ; 0                 ; 0       ;
;      - fir_filter_parallel_reduced_stream:impl|fir_filter_parallel_reduced:impl|history_next[0][85][13]~0  ; 0                 ; 0       ;
;      - fir_filter_parallel_reduced_stream:impl|fir_filter_parallel_reduced:impl|history_next[0][85][14]~0  ; 0                 ; 0       ;
;      - fir_filter_parallel_reduced_stream:impl|fir_filter_parallel_reduced:impl|history_next[0][85][15]~0  ; 0                 ; 0       ;
;      - fir_filter_parallel_reduced_stream:impl|fir_filter_parallel_reduced:impl|history_next[0][89][0]~0   ; 0                 ; 0       ;
;      - fir_filter_parallel_reduced_stream:impl|fir_filter_parallel_reduced:impl|history_next[0][89][1]~0   ; 0                 ; 0       ;
;      - fir_filter_parallel_reduced_stream:impl|fir_filter_parallel_reduced:impl|history_next[0][89][2]~0   ; 0                 ; 0       ;
;      - fir_filter_parallel_reduced_stream:impl|fir_filter_parallel_reduced:impl|history_next[0][89][3]~0   ; 0                 ; 0       ;
;      - fir_filter_parallel_reduced_stream:impl|fir_filter_parallel_reduced:impl|history_next[0][89][4]~0   ; 0                 ; 0       ;
;      - fir_filter_parallel_reduced_stream:impl|fir_filter_parallel_reduced:impl|history_next[0][89][5]~0   ; 0                 ; 0       ;
;      - fir_filter_parallel_reduced_stream:impl|fir_filter_parallel_reduced:impl|history_next[0][89][6]~0   ; 0                 ; 0       ;
;      - fir_filter_parallel_reduced_stream:impl|fir_filter_parallel_reduced:impl|history_next[0][89][7]~0   ; 0                 ; 0       ;
;      - fir_filter_parallel_reduced_stream:impl|fir_filter_parallel_reduced:impl|history_next[0][89][8]~0   ; 0                 ; 0       ;
;      - fir_filter_parallel_reduced_stream:impl|fir_filter_parallel_reduced:impl|history_next[0][89][9]~0   ; 0                 ; 0       ;
;      - fir_filter_parallel_reduced_stream:impl|fir_filter_parallel_reduced:impl|history_next[0][89][10]~0  ; 0                 ; 0       ;
;      - fir_filter_parallel_reduced_stream:impl|fir_filter_parallel_reduced:impl|history_next[0][89][11]~0  ; 0                 ; 0       ;
;      - fir_filter_parallel_reduced_stream:impl|fir_filter_parallel_reduced:impl|history_next[0][89][12]~0  ; 0                 ; 0       ;
;      - fir_filter_parallel_reduced_stream:impl|fir_filter_parallel_reduced:impl|history_next[0][89][13]~0  ; 0                 ; 0       ;
;      - fir_filter_parallel_reduced_stream:impl|fir_filter_parallel_reduced:impl|history_next[0][89][14]~0  ; 0                 ; 0       ;
;      - fir_filter_parallel_reduced_stream:impl|fir_filter_parallel_reduced:impl|history_next[0][89][15]~0  ; 0                 ; 0       ;
;      - fir_filter_parallel_reduced_stream:impl|fir_filter_parallel_reduced:impl|history_next[1][16][0]~0   ; 0                 ; 0       ;
;      - fir_filter_parallel_reduced_stream:impl|fir_filter_parallel_reduced:impl|history_next[1][16][1]~0   ; 0                 ; 0       ;
;      - fir_filter_parallel_reduced_stream:impl|fir_filter_parallel_reduced:impl|history_next[1][16][2]~0   ; 0                 ; 0       ;
;      - fir_filter_parallel_reduced_stream:impl|fir_filter_parallel_reduced:impl|history_next[1][16][3]~0   ; 0                 ; 0       ;
;      - fir_filter_parallel_reduced_stream:impl|fir_filter_parallel_reduced:impl|history_next[1][16][4]~0   ; 0                 ; 0       ;
;      - fir_filter_parallel_reduced_stream:impl|fir_filter_parallel_reduced:impl|history_next[1][16][5]~0   ; 0                 ; 0       ;
;      - fir_filter_parallel_reduced_stream:impl|fir_filter_parallel_reduced:impl|history_next[1][16][6]~0   ; 0                 ; 0       ;
;      - fir_filter_parallel_reduced_stream:impl|fir_filter_parallel_reduced:impl|history_next[1][16][7]~0   ; 0                 ; 0       ;
;      - fir_filter_parallel_reduced_stream:impl|fir_filter_parallel_reduced:impl|history_next[1][16][8]~0   ; 0                 ; 0       ;
;      - fir_filter_parallel_reduced_stream:impl|fir_filter_parallel_reduced:impl|history_next[1][16][9]~0   ; 0                 ; 0       ;
;      - fir_filter_parallel_reduced_stream:impl|fir_filter_parallel_reduced:impl|history_next[1][16][10]~0  ; 0                 ; 0       ;
;      - fir_filter_parallel_reduced_stream:impl|fir_filter_parallel_reduced:impl|history_next[1][16][11]~0  ; 0                 ; 0       ;
;      - fir_filter_parallel_reduced_stream:impl|fir_filter_parallel_reduced:impl|history_next[1][16][12]~0  ; 0                 ; 0       ;
;      - fir_filter_parallel_reduced_stream:impl|fir_filter_parallel_reduced:impl|history_next[1][16][13]~0  ; 0                 ; 0       ;
;      - fir_filter_parallel_reduced_stream:impl|fir_filter_parallel_reduced:impl|history_next[1][16][14]~0  ; 0                 ; 0       ;
;      - fir_filter_parallel_reduced_stream:impl|fir_filter_parallel_reduced:impl|history_next[1][16][15]~0  ; 0                 ; 0       ;
;      - fir_filter_parallel_reduced_stream:impl|fir_filter_parallel_reduced:impl|history_next[0][1][0]~0    ; 0                 ; 0       ;
;      - fir_filter_parallel_reduced_stream:impl|fir_filter_parallel_reduced:impl|history_next[0][1][1]~0    ; 0                 ; 0       ;
;      - fir_filter_parallel_reduced_stream:impl|fir_filter_parallel_reduced:impl|history_next[0][1][2]~0    ; 0                 ; 0       ;
;      - fir_filter_parallel_reduced_stream:impl|fir_filter_parallel_reduced:impl|history_next[0][1][3]~0    ; 0                 ; 0       ;
;      - fir_filter_parallel_reduced_stream:impl|fir_filter_parallel_reduced:impl|history_next[0][1][4]~0    ; 0                 ; 0       ;
;      - fir_filter_parallel_reduced_stream:impl|fir_filter_parallel_reduced:impl|history_next[0][1][5]~0    ; 0                 ; 0       ;
;      - fir_filter_parallel_reduced_stream:impl|fir_filter_parallel_reduced:impl|history_next[0][1][6]~0    ; 0                 ; 0       ;
;      - fir_filter_parallel_reduced_stream:impl|fir_filter_parallel_reduced:impl|history_next[0][1][7]~0    ; 0                 ; 0       ;
;      - fir_filter_parallel_reduced_stream:impl|fir_filter_parallel_reduced:impl|history_next[0][1][8]~0    ; 0                 ; 0       ;
;      - fir_filter_parallel_reduced_stream:impl|fir_filter_parallel_reduced:impl|history_next[0][1][9]~0    ; 0                 ; 0       ;
;      - fir_filter_parallel_reduced_stream:impl|fir_filter_parallel_reduced:impl|history_next[0][1][10]~0   ; 0                 ; 0       ;
;      - fir_filter_parallel_reduced_stream:impl|fir_filter_parallel_reduced:impl|history_next[0][1][11]~0   ; 0                 ; 0       ;
;      - fir_filter_parallel_reduced_stream:impl|fir_filter_parallel_reduced:impl|history_next[0][1][12]~0   ; 0                 ; 0       ;
;      - fir_filter_parallel_reduced_stream:impl|fir_filter_parallel_reduced:impl|history_next[0][1][13]~0   ; 0                 ; 0       ;
;      - fir_filter_parallel_reduced_stream:impl|fir_filter_parallel_reduced:impl|history_next[0][1][14]~0   ; 0                 ; 0       ;
;      - fir_filter_parallel_reduced_stream:impl|fir_filter_parallel_reduced:impl|history_next[0][1][15]~0   ; 0                 ; 0       ;
;      - fir_filter_parallel_reduced_stream:impl|fir_filter_parallel_reduced:impl|history_next[0][104][0]~0  ; 0                 ; 0       ;
;      - fir_filter_parallel_reduced_stream:impl|fir_filter_parallel_reduced:impl|history_next[0][104][1]~0  ; 0                 ; 0       ;
;      - fir_filter_parallel_reduced_stream:impl|fir_filter_parallel_reduced:impl|history_next[0][104][2]~0  ; 0                 ; 0       ;
;      - fir_filter_parallel_reduced_stream:impl|fir_filter_parallel_reduced:impl|history_next[0][104][3]~0  ; 0                 ; 0       ;
;      - fir_filter_parallel_reduced_stream:impl|fir_filter_parallel_reduced:impl|history_next[0][104][4]~0  ; 0                 ; 0       ;
;      - fir_filter_parallel_reduced_stream:impl|fir_filter_parallel_reduced:impl|history_next[0][104][5]~0  ; 0                 ; 0       ;
;      - fir_filter_parallel_reduced_stream:impl|fir_filter_parallel_reduced:impl|history_next[0][104][6]~0  ; 0                 ; 0       ;
;      - fir_filter_parallel_reduced_stream:impl|fir_filter_parallel_reduced:impl|history_next[0][104][7]~0  ; 0                 ; 0       ;
;      - fir_filter_parallel_reduced_stream:impl|fir_filter_parallel_reduced:impl|history_next[0][104][8]~0  ; 0                 ; 0       ;
;      - fir_filter_parallel_reduced_stream:impl|fir_filter_parallel_reduced:impl|history_next[0][104][9]~0  ; 0                 ; 0       ;
;      - fir_filter_parallel_reduced_stream:impl|fir_filter_parallel_reduced:impl|history_next[0][104][10]~0 ; 0                 ; 0       ;
;      - fir_filter_parallel_reduced_stream:impl|fir_filter_parallel_reduced:impl|history_next[0][104][11]~0 ; 0                 ; 0       ;
;      - fir_filter_parallel_reduced_stream:impl|fir_filter_parallel_reduced:impl|history_next[0][104][12]~0 ; 0                 ; 0       ;
;      - fir_filter_parallel_reduced_stream:impl|fir_filter_parallel_reduced:impl|history_next[0][104][13]~0 ; 0                 ; 0       ;
;      - fir_filter_parallel_reduced_stream:impl|fir_filter_parallel_reduced:impl|history_next[0][104][14]~0 ; 0                 ; 0       ;
;      - fir_filter_parallel_reduced_stream:impl|fir_filter_parallel_reduced:impl|history_next[1][1][0]~0    ; 0                 ; 0       ;
;      - fir_filter_parallel_reduced_stream:impl|fir_filter_parallel_reduced:impl|history_next[1][1][1]~0    ; 0                 ; 0       ;
;      - fir_filter_parallel_reduced_stream:impl|fir_filter_parallel_reduced:impl|history_next[1][1][2]~0    ; 0                 ; 0       ;
;      - fir_filter_parallel_reduced_stream:impl|fir_filter_parallel_reduced:impl|history_next[1][1][3]~0    ; 0                 ; 0       ;
;      - fir_filter_parallel_reduced_stream:impl|fir_filter_parallel_reduced:impl|history_next[1][1][4]~0    ; 0                 ; 0       ;
;      - fir_filter_parallel_reduced_stream:impl|fir_filter_parallel_reduced:impl|history_next[1][1][5]~0    ; 0                 ; 0       ;
;      - fir_filter_parallel_reduced_stream:impl|fir_filter_parallel_reduced:impl|history_next[1][1][6]~0    ; 0                 ; 0       ;
;      - fir_filter_parallel_reduced_stream:impl|fir_filter_parallel_reduced:impl|history_next[1][1][7]~0    ; 0                 ; 0       ;
;      - fir_filter_parallel_reduced_stream:impl|fir_filter_parallel_reduced:impl|history_next[1][1][8]~0    ; 0                 ; 0       ;
;      - fir_filter_parallel_reduced_stream:impl|fir_filter_parallel_reduced:impl|history_next[1][1][9]~0    ; 0                 ; 0       ;
;      - fir_filter_parallel_reduced_stream:impl|fir_filter_parallel_reduced:impl|history_next[1][1][10]~0   ; 0                 ; 0       ;
;      - fir_filter_parallel_reduced_stream:impl|fir_filter_parallel_reduced:impl|history_next[1][1][11]~0   ; 0                 ; 0       ;
;      - fir_filter_parallel_reduced_stream:impl|fir_filter_parallel_reduced:impl|history_next[1][1][12]~0   ; 0                 ; 0       ;
;      - fir_filter_parallel_reduced_stream:impl|fir_filter_parallel_reduced:impl|history_next[1][1][13]~0   ; 0                 ; 0       ;
;      - fir_filter_parallel_reduced_stream:impl|fir_filter_parallel_reduced:impl|history_next[1][1][14]~0   ; 0                 ; 0       ;
;      - fir_filter_parallel_reduced_stream:impl|fir_filter_parallel_reduced:impl|history_next[1][1][15]~0   ; 0                 ; 0       ;
;      - fir_filter_parallel_reduced_stream:impl|fir_filter_parallel_reduced:impl|history_next[1][105][0]~0  ; 0                 ; 0       ;
;      - fir_filter_parallel_reduced_stream:impl|fir_filter_parallel_reduced:impl|history_next[1][105][1]~0  ; 0                 ; 0       ;
;      - fir_filter_parallel_reduced_stream:impl|fir_filter_parallel_reduced:impl|history_next[1][105][2]~0  ; 0                 ; 0       ;
;      - fir_filter_parallel_reduced_stream:impl|fir_filter_parallel_reduced:impl|history_next[1][105][3]~0  ; 0                 ; 0       ;
;      - fir_filter_parallel_reduced_stream:impl|fir_filter_parallel_reduced:impl|history_next[1][105][4]~0  ; 0                 ; 0       ;
;      - fir_filter_parallel_reduced_stream:impl|fir_filter_parallel_reduced:impl|history_next[1][105][5]~0  ; 0                 ; 0       ;
;      - fir_filter_parallel_reduced_stream:impl|fir_filter_parallel_reduced:impl|history_next[1][105][6]~0  ; 0                 ; 0       ;
;      - fir_filter_parallel_reduced_stream:impl|fir_filter_parallel_reduced:impl|history_next[1][105][7]~0  ; 0                 ; 0       ;
;      - fir_filter_parallel_reduced_stream:impl|fir_filter_parallel_reduced:impl|history_next[1][105][8]~0  ; 0                 ; 0       ;
;      - fir_filter_parallel_reduced_stream:impl|fir_filter_parallel_reduced:impl|history_next[1][105][9]~0  ; 0                 ; 0       ;
;      - fir_filter_parallel_reduced_stream:impl|fir_filter_parallel_reduced:impl|history_next[1][105][10]~0 ; 0                 ; 0       ;
;      - fir_filter_parallel_reduced_stream:impl|fir_filter_parallel_reduced:impl|history_next[1][105][11]~0 ; 0                 ; 0       ;
;      - fir_filter_parallel_reduced_stream:impl|fir_filter_parallel_reduced:impl|history_next[1][105][12]~0 ; 0                 ; 0       ;
;      - fir_filter_parallel_reduced_stream:impl|fir_filter_parallel_reduced:impl|history_next[1][105][13]~0 ; 0                 ; 0       ;
;      - fir_filter_parallel_reduced_stream:impl|fir_filter_parallel_reduced:impl|history_next[1][105][14]~0 ; 0                 ; 0       ;
;      - fir_filter_parallel_reduced_stream:impl|fir_filter_parallel_reduced:impl|history_next[1][34][0]~0   ; 0                 ; 0       ;
;      - fir_filter_parallel_reduced_stream:impl|fir_filter_parallel_reduced:impl|history_next[1][34][1]~0   ; 0                 ; 0       ;
;      - fir_filter_parallel_reduced_stream:impl|fir_filter_parallel_reduced:impl|history_next[1][34][2]~0   ; 0                 ; 0       ;
;      - fir_filter_parallel_reduced_stream:impl|fir_filter_parallel_reduced:impl|history_next[1][34][3]~0   ; 0                 ; 0       ;
;      - fir_filter_parallel_reduced_stream:impl|fir_filter_parallel_reduced:impl|history_next[1][34][4]~0   ; 0                 ; 0       ;
;      - fir_filter_parallel_reduced_stream:impl|fir_filter_parallel_reduced:impl|history_next[1][34][5]~0   ; 0                 ; 0       ;
;      - fir_filter_parallel_reduced_stream:impl|fir_filter_parallel_reduced:impl|history_next[1][34][6]~0   ; 0                 ; 0       ;
;      - fir_filter_parallel_reduced_stream:impl|fir_filter_parallel_reduced:impl|history_next[1][34][7]~0   ; 0                 ; 0       ;
;      - fir_filter_parallel_reduced_stream:impl|fir_filter_parallel_reduced:impl|history_next[1][34][8]~0   ; 0                 ; 0       ;
;      - fir_filter_parallel_reduced_stream:impl|fir_filter_parallel_reduced:impl|history_next[1][34][9]~0   ; 0                 ; 0       ;
;      - fir_filter_parallel_reduced_stream:impl|fir_filter_parallel_reduced:impl|history_next[1][34][10]~0  ; 0                 ; 0       ;
;      - fir_filter_parallel_reduced_stream:impl|fir_filter_parallel_reduced:impl|history_next[1][34][11]~0  ; 0                 ; 0       ;
;      - fir_filter_parallel_reduced_stream:impl|fir_filter_parallel_reduced:impl|history_next[1][34][12]~0  ; 0                 ; 0       ;
;      - fir_filter_parallel_reduced_stream:impl|fir_filter_parallel_reduced:impl|history_next[1][34][13]~0  ; 0                 ; 0       ;
;      - fir_filter_parallel_reduced_stream:impl|fir_filter_parallel_reduced:impl|history_next[1][34][14]~0  ; 0                 ; 0       ;
;      - fir_filter_parallel_reduced_stream:impl|fir_filter_parallel_reduced:impl|history_next[1][34][15]~0  ; 0                 ; 0       ;
;      - fir_filter_parallel_reduced_stream:impl|fir_filter_parallel_reduced:impl|history_next[1][72][0]~0   ; 0                 ; 0       ;
;      - fir_filter_parallel_reduced_stream:impl|fir_filter_parallel_reduced:impl|history_next[1][72][1]~0   ; 0                 ; 0       ;
;      - fir_filter_parallel_reduced_stream:impl|fir_filter_parallel_reduced:impl|history_next[1][72][2]~0   ; 0                 ; 0       ;
;      - fir_filter_parallel_reduced_stream:impl|fir_filter_parallel_reduced:impl|history_next[1][72][3]~0   ; 0                 ; 0       ;
;      - fir_filter_parallel_reduced_stream:impl|fir_filter_parallel_reduced:impl|history_next[1][72][4]~0   ; 0                 ; 0       ;
;      - fir_filter_parallel_reduced_stream:impl|fir_filter_parallel_reduced:impl|history_next[1][72][5]~0   ; 0                 ; 0       ;
;      - fir_filter_parallel_reduced_stream:impl|fir_filter_parallel_reduced:impl|history_next[1][72][6]~0   ; 0                 ; 0       ;
;      - fir_filter_parallel_reduced_stream:impl|fir_filter_parallel_reduced:impl|history_next[1][72][7]~0   ; 0                 ; 0       ;
;      - fir_filter_parallel_reduced_stream:impl|fir_filter_parallel_reduced:impl|history_next[1][72][8]~0   ; 0                 ; 0       ;
;      - fir_filter_parallel_reduced_stream:impl|fir_filter_parallel_reduced:impl|history_next[1][72][9]~0   ; 0                 ; 0       ;
;      - fir_filter_parallel_reduced_stream:impl|fir_filter_parallel_reduced:impl|history_next[1][72][10]~0  ; 0                 ; 0       ;
;      - fir_filter_parallel_reduced_stream:impl|fir_filter_parallel_reduced:impl|history_next[1][72][11]~0  ; 0                 ; 0       ;
;      - fir_filter_parallel_reduced_stream:impl|fir_filter_parallel_reduced:impl|history_next[1][72][12]~0  ; 0                 ; 0       ;
;      - fir_filter_parallel_reduced_stream:impl|fir_filter_parallel_reduced:impl|history_next[1][72][13]~0  ; 0                 ; 0       ;
;      - fir_filter_parallel_reduced_stream:impl|fir_filter_parallel_reduced:impl|history_next[1][72][14]~0  ; 0                 ; 0       ;
;      - fir_filter_parallel_reduced_stream:impl|fir_filter_parallel_reduced:impl|history_next[1][72][15]~0  ; 0                 ; 0       ;
;      - fir_filter_parallel_reduced_stream:impl|fir_filter_parallel_reduced:impl|history_next[1][32][0]~0   ; 0                 ; 0       ;
;      - fir_filter_parallel_reduced_stream:impl|fir_filter_parallel_reduced:impl|history_next[1][32][1]~0   ; 0                 ; 0       ;
;      - fir_filter_parallel_reduced_stream:impl|fir_filter_parallel_reduced:impl|history_next[1][32][2]~0   ; 0                 ; 0       ;
;      - fir_filter_parallel_reduced_stream:impl|fir_filter_parallel_reduced:impl|history_next[1][32][3]~0   ; 0                 ; 0       ;
;      - fir_filter_parallel_reduced_stream:impl|fir_filter_parallel_reduced:impl|history_next[1][32][4]~0   ; 0                 ; 0       ;
;      - fir_filter_parallel_reduced_stream:impl|fir_filter_parallel_reduced:impl|history_next[1][32][5]~0   ; 0                 ; 0       ;
;      - fir_filter_parallel_reduced_stream:impl|fir_filter_parallel_reduced:impl|history_next[1][32][6]~0   ; 0                 ; 0       ;
;      - fir_filter_parallel_reduced_stream:impl|fir_filter_parallel_reduced:impl|history_next[1][32][7]~0   ; 0                 ; 0       ;
;      - fir_filter_parallel_reduced_stream:impl|fir_filter_parallel_reduced:impl|history_next[1][32][8]~0   ; 0                 ; 0       ;
;      - fir_filter_parallel_reduced_stream:impl|fir_filter_parallel_reduced:impl|history_next[1][32][9]~0   ; 0                 ; 0       ;
;      - fir_filter_parallel_reduced_stream:impl|fir_filter_parallel_reduced:impl|history_next[1][32][10]~0  ; 0                 ; 0       ;
;      - fir_filter_parallel_reduced_stream:impl|fir_filter_parallel_reduced:impl|history_next[1][32][11]~0  ; 0                 ; 0       ;
;      - fir_filter_parallel_reduced_stream:impl|fir_filter_parallel_reduced:impl|history_next[1][32][12]~0  ; 0                 ; 0       ;
;      - fir_filter_parallel_reduced_stream:impl|fir_filter_parallel_reduced:impl|history_next[1][32][13]~0  ; 0                 ; 0       ;
;      - fir_filter_parallel_reduced_stream:impl|fir_filter_parallel_reduced:impl|history_next[1][32][14]~0  ; 0                 ; 0       ;
;      - fir_filter_parallel_reduced_stream:impl|fir_filter_parallel_reduced:impl|history_next[1][32][15]~0  ; 0                 ; 0       ;
;      - fir_filter_parallel_reduced_stream:impl|fir_filter_parallel_reduced:impl|history_next[1][74][0]~0   ; 0                 ; 0       ;
;      - fir_filter_parallel_reduced_stream:impl|fir_filter_parallel_reduced:impl|history_next[1][74][1]~0   ; 0                 ; 0       ;
;      - fir_filter_parallel_reduced_stream:impl|fir_filter_parallel_reduced:impl|history_next[1][74][2]~0   ; 0                 ; 0       ;
;      - fir_filter_parallel_reduced_stream:impl|fir_filter_parallel_reduced:impl|history_next[1][74][3]~0   ; 0                 ; 0       ;
;      - fir_filter_parallel_reduced_stream:impl|fir_filter_parallel_reduced:impl|history_next[1][74][4]~0   ; 0                 ; 0       ;
;      - fir_filter_parallel_reduced_stream:impl|fir_filter_parallel_reduced:impl|history_next[1][74][5]~0   ; 0                 ; 0       ;
;      - fir_filter_parallel_reduced_stream:impl|fir_filter_parallel_reduced:impl|history_next[1][74][6]~0   ; 0                 ; 0       ;
;      - fir_filter_parallel_reduced_stream:impl|fir_filter_parallel_reduced:impl|history_next[1][74][7]~0   ; 0                 ; 0       ;
;      - fir_filter_parallel_reduced_stream:impl|fir_filter_parallel_reduced:impl|history_next[1][74][8]~0   ; 0                 ; 0       ;
;      - fir_filter_parallel_reduced_stream:impl|fir_filter_parallel_reduced:impl|history_next[1][74][9]~0   ; 0                 ; 0       ;
;      - fir_filter_parallel_reduced_stream:impl|fir_filter_parallel_reduced:impl|history_next[1][74][10]~0  ; 0                 ; 0       ;
;      - fir_filter_parallel_reduced_stream:impl|fir_filter_parallel_reduced:impl|history_next[1][74][11]~0  ; 0                 ; 0       ;
;      - fir_filter_parallel_reduced_stream:impl|fir_filter_parallel_reduced:impl|history_next[1][74][12]~0  ; 0                 ; 0       ;
;      - fir_filter_parallel_reduced_stream:impl|fir_filter_parallel_reduced:impl|history_next[1][74][13]~0  ; 0                 ; 0       ;
;      - fir_filter_parallel_reduced_stream:impl|fir_filter_parallel_reduced:impl|history_next[1][74][14]~0  ; 0                 ; 0       ;
;      - fir_filter_parallel_reduced_stream:impl|fir_filter_parallel_reduced:impl|history_next[1][74][15]~0  ; 0                 ; 0       ;
;      - fir_filter_parallel_reduced_stream:impl|fir_filter_parallel_reduced:impl|history_next[0][31][0]~0   ; 0                 ; 0       ;
;      - fir_filter_parallel_reduced_stream:impl|fir_filter_parallel_reduced:impl|history_next[0][31][1]~0   ; 0                 ; 0       ;
;      - fir_filter_parallel_reduced_stream:impl|fir_filter_parallel_reduced:impl|history_next[0][31][2]~0   ; 0                 ; 0       ;
;      - fir_filter_parallel_reduced_stream:impl|fir_filter_parallel_reduced:impl|history_next[0][31][3]~0   ; 0                 ; 0       ;
;      - fir_filter_parallel_reduced_stream:impl|fir_filter_parallel_reduced:impl|history_next[0][31][4]~0   ; 0                 ; 0       ;
;      - fir_filter_parallel_reduced_stream:impl|fir_filter_parallel_reduced:impl|history_next[0][31][5]~0   ; 0                 ; 0       ;
;      - fir_filter_parallel_reduced_stream:impl|fir_filter_parallel_reduced:impl|history_next[0][31][6]~0   ; 0                 ; 0       ;
;      - fir_filter_parallel_reduced_stream:impl|fir_filter_parallel_reduced:impl|history_next[0][31][7]~0   ; 0                 ; 0       ;
;      - fir_filter_parallel_reduced_stream:impl|fir_filter_parallel_reduced:impl|history_next[0][31][8]~0   ; 0                 ; 0       ;
;      - fir_filter_parallel_reduced_stream:impl|fir_filter_parallel_reduced:impl|history_next[0][31][9]~0   ; 0                 ; 0       ;
;      - fir_filter_parallel_reduced_stream:impl|fir_filter_parallel_reduced:impl|history_next[0][31][10]~0  ; 0                 ; 0       ;
;      - fir_filter_parallel_reduced_stream:impl|fir_filter_parallel_reduced:impl|history_next[0][31][11]~0  ; 0                 ; 0       ;
;      - fir_filter_parallel_reduced_stream:impl|fir_filter_parallel_reduced:impl|history_next[0][31][12]~0  ; 0                 ; 0       ;
;      - fir_filter_parallel_reduced_stream:impl|fir_filter_parallel_reduced:impl|history_next[0][31][13]~0  ; 0                 ; 0       ;
;      - fir_filter_parallel_reduced_stream:impl|fir_filter_parallel_reduced:impl|history_next[0][31][14]~0  ; 0                 ; 0       ;
;      - fir_filter_parallel_reduced_stream:impl|fir_filter_parallel_reduced:impl|history_next[0][31][15]~0  ; 0                 ; 0       ;
;      - fir_filter_parallel_reduced_stream:impl|fir_filter_parallel_reduced:impl|history_next[0][74][0]~0   ; 0                 ; 0       ;
;      - fir_filter_parallel_reduced_stream:impl|fir_filter_parallel_reduced:impl|history_next[0][74][1]~0   ; 0                 ; 0       ;
;      - fir_filter_parallel_reduced_stream:impl|fir_filter_parallel_reduced:impl|history_next[0][74][2]~0   ; 0                 ; 0       ;
;      - fir_filter_parallel_reduced_stream:impl|fir_filter_parallel_reduced:impl|history_next[0][74][3]~0   ; 0                 ; 0       ;
;      - fir_filter_parallel_reduced_stream:impl|fir_filter_parallel_reduced:impl|history_next[0][74][4]~0   ; 0                 ; 0       ;
;      - fir_filter_parallel_reduced_stream:impl|fir_filter_parallel_reduced:impl|history_next[0][74][5]~0   ; 0                 ; 0       ;
;      - fir_filter_parallel_reduced_stream:impl|fir_filter_parallel_reduced:impl|history_next[0][74][6]~0   ; 0                 ; 0       ;
;      - fir_filter_parallel_reduced_stream:impl|fir_filter_parallel_reduced:impl|history_next[0][74][7]~0   ; 0                 ; 0       ;
;      - fir_filter_parallel_reduced_stream:impl|fir_filter_parallel_reduced:impl|history_next[0][74][8]~0   ; 0                 ; 0       ;
;      - fir_filter_parallel_reduced_stream:impl|fir_filter_parallel_reduced:impl|history_next[0][74][9]~0   ; 0                 ; 0       ;
;      - fir_filter_parallel_reduced_stream:impl|fir_filter_parallel_reduced:impl|history_next[0][74][10]~0  ; 0                 ; 0       ;
;      - fir_filter_parallel_reduced_stream:impl|fir_filter_parallel_reduced:impl|history_next[0][74][11]~0  ; 0                 ; 0       ;
;      - fir_filter_parallel_reduced_stream:impl|fir_filter_parallel_reduced:impl|history_next[0][74][12]~0  ; 0                 ; 0       ;
;      - fir_filter_parallel_reduced_stream:impl|fir_filter_parallel_reduced:impl|history_next[0][74][13]~0  ; 0                 ; 0       ;
;      - fir_filter_parallel_reduced_stream:impl|fir_filter_parallel_reduced:impl|history_next[0][74][14]~0  ; 0                 ; 0       ;
;      - fir_filter_parallel_reduced_stream:impl|fir_filter_parallel_reduced:impl|history_next[0][74][15]~0  ; 0                 ; 0       ;
;      - fir_filter_parallel_reduced_stream:impl|fir_filter_parallel_reduced:impl|history_next[0][29][0]~0   ; 0                 ; 0       ;
;      - fir_filter_parallel_reduced_stream:impl|fir_filter_parallel_reduced:impl|history_next[0][29][1]~0   ; 0                 ; 0       ;
;      - fir_filter_parallel_reduced_stream:impl|fir_filter_parallel_reduced:impl|history_next[0][29][2]~0   ; 0                 ; 0       ;
;      - fir_filter_parallel_reduced_stream:impl|fir_filter_parallel_reduced:impl|history_next[0][29][3]~0   ; 0                 ; 0       ;
;      - fir_filter_parallel_reduced_stream:impl|fir_filter_parallel_reduced:impl|history_next[0][29][4]~0   ; 0                 ; 0       ;
;      - fir_filter_parallel_reduced_stream:impl|fir_filter_parallel_reduced:impl|history_next[0][29][5]~0   ; 0                 ; 0       ;
;      - fir_filter_parallel_reduced_stream:impl|fir_filter_parallel_reduced:impl|history_next[0][29][6]~0   ; 0                 ; 0       ;
;      - fir_filter_parallel_reduced_stream:impl|fir_filter_parallel_reduced:impl|history_next[0][29][7]~0   ; 0                 ; 0       ;
;      - fir_filter_parallel_reduced_stream:impl|fir_filter_parallel_reduced:impl|history_next[0][29][8]~0   ; 0                 ; 0       ;
;      - fir_filter_parallel_reduced_stream:impl|fir_filter_parallel_reduced:impl|history_next[0][29][9]~0   ; 0                 ; 0       ;
;      - fir_filter_parallel_reduced_stream:impl|fir_filter_parallel_reduced:impl|history_next[0][29][10]~0  ; 0                 ; 0       ;
;      - fir_filter_parallel_reduced_stream:impl|fir_filter_parallel_reduced:impl|history_next[0][29][11]~0  ; 0                 ; 0       ;
;      - fir_filter_parallel_reduced_stream:impl|fir_filter_parallel_reduced:impl|history_next[0][29][12]~0  ; 0                 ; 0       ;
;      - fir_filter_parallel_reduced_stream:impl|fir_filter_parallel_reduced:impl|history_next[0][29][13]~0  ; 0                 ; 0       ;
;      - fir_filter_parallel_reduced_stream:impl|fir_filter_parallel_reduced:impl|history_next[0][29][14]~0  ; 0                 ; 0       ;
;      - fir_filter_parallel_reduced_stream:impl|fir_filter_parallel_reduced:impl|history_next[0][29][15]~0  ; 0                 ; 0       ;
;      - fir_filter_parallel_reduced_stream:impl|fir_filter_parallel_reduced:impl|history_next[1][20][0]~0   ; 0                 ; 0       ;
;      - fir_filter_parallel_reduced_stream:impl|fir_filter_parallel_reduced:impl|history_next[1][20][1]~0   ; 0                 ; 0       ;
;      - fir_filter_parallel_reduced_stream:impl|fir_filter_parallel_reduced:impl|history_next[1][20][2]~0   ; 0                 ; 0       ;
;      - fir_filter_parallel_reduced_stream:impl|fir_filter_parallel_reduced:impl|history_next[1][20][3]~0   ; 0                 ; 0       ;
;      - fir_filter_parallel_reduced_stream:impl|fir_filter_parallel_reduced:impl|history_next[1][20][4]~0   ; 0                 ; 0       ;
;      - fir_filter_parallel_reduced_stream:impl|fir_filter_parallel_reduced:impl|history_next[1][20][5]~0   ; 0                 ; 0       ;
;      - fir_filter_parallel_reduced_stream:impl|fir_filter_parallel_reduced:impl|history_next[1][20][6]~0   ; 0                 ; 0       ;
;      - fir_filter_parallel_reduced_stream:impl|fir_filter_parallel_reduced:impl|history_next[1][20][7]~0   ; 0                 ; 0       ;
;      - fir_filter_parallel_reduced_stream:impl|fir_filter_parallel_reduced:impl|history_next[1][20][8]~0   ; 0                 ; 0       ;
;      - fir_filter_parallel_reduced_stream:impl|fir_filter_parallel_reduced:impl|history_next[1][20][9]~0   ; 0                 ; 0       ;
;      - fir_filter_parallel_reduced_stream:impl|fir_filter_parallel_reduced:impl|history_next[1][20][10]~0  ; 0                 ; 0       ;
;      - fir_filter_parallel_reduced_stream:impl|fir_filter_parallel_reduced:impl|history_next[1][20][11]~0  ; 0                 ; 0       ;
;      - fir_filter_parallel_reduced_stream:impl|fir_filter_parallel_reduced:impl|history_next[1][20][12]~0  ; 0                 ; 0       ;
;      - fir_filter_parallel_reduced_stream:impl|fir_filter_parallel_reduced:impl|history_next[1][20][13]~0  ; 0                 ; 0       ;
;      - fir_filter_parallel_reduced_stream:impl|fir_filter_parallel_reduced:impl|history_next[1][20][14]~0  ; 0                 ; 0       ;
;      - fir_filter_parallel_reduced_stream:impl|fir_filter_parallel_reduced:impl|history_next[1][20][15]~0  ; 0                 ; 0       ;
;      - fir_filter_parallel_reduced_stream:impl|fir_filter_parallel_reduced:impl|history_next[1][87][0]~0   ; 0                 ; 0       ;
;      - fir_filter_parallel_reduced_stream:impl|fir_filter_parallel_reduced:impl|history_next[1][87][1]~0   ; 0                 ; 0       ;
;      - fir_filter_parallel_reduced_stream:impl|fir_filter_parallel_reduced:impl|history_next[1][87][2]~0   ; 0                 ; 0       ;
;      - fir_filter_parallel_reduced_stream:impl|fir_filter_parallel_reduced:impl|history_next[1][87][3]~0   ; 0                 ; 0       ;
;      - fir_filter_parallel_reduced_stream:impl|fir_filter_parallel_reduced:impl|history_next[1][87][4]~0   ; 0                 ; 0       ;
;      - fir_filter_parallel_reduced_stream:impl|fir_filter_parallel_reduced:impl|history_next[1][87][5]~0   ; 0                 ; 0       ;
;      - fir_filter_parallel_reduced_stream:impl|fir_filter_parallel_reduced:impl|history_next[1][87][6]~0   ; 0                 ; 0       ;
;      - fir_filter_parallel_reduced_stream:impl|fir_filter_parallel_reduced:impl|history_next[1][87][7]~0   ; 0                 ; 0       ;
;      - fir_filter_parallel_reduced_stream:impl|fir_filter_parallel_reduced:impl|history_next[1][87][8]~0   ; 0                 ; 0       ;
;      - fir_filter_parallel_reduced_stream:impl|fir_filter_parallel_reduced:impl|history_next[1][87][9]~0   ; 0                 ; 0       ;
;      - fir_filter_parallel_reduced_stream:impl|fir_filter_parallel_reduced:impl|history_next[1][87][10]~0  ; 0                 ; 0       ;
;      - fir_filter_parallel_reduced_stream:impl|fir_filter_parallel_reduced:impl|history_next[1][87][11]~0  ; 0                 ; 0       ;
;      - fir_filter_parallel_reduced_stream:impl|fir_filter_parallel_reduced:impl|history_next[1][87][12]~0  ; 0                 ; 0       ;
;      - fir_filter_parallel_reduced_stream:impl|fir_filter_parallel_reduced:impl|history_next[1][87][13]~0  ; 0                 ; 0       ;
;      - fir_filter_parallel_reduced_stream:impl|fir_filter_parallel_reduced:impl|history_next[1][87][14]~0  ; 0                 ; 0       ;
;      - fir_filter_parallel_reduced_stream:impl|fir_filter_parallel_reduced:impl|history_next[1][87][15]~0  ; 0                 ; 0       ;
;      - fir_filter_parallel_reduced_stream:impl|fir_filter_parallel_reduced:impl|history_next[0][18][0]~0   ; 0                 ; 0       ;
;      - fir_filter_parallel_reduced_stream:impl|fir_filter_parallel_reduced:impl|history_next[0][18][1]~0   ; 0                 ; 0       ;
;      - fir_filter_parallel_reduced_stream:impl|fir_filter_parallel_reduced:impl|history_next[0][18][2]~0   ; 0                 ; 0       ;
;      - fir_filter_parallel_reduced_stream:impl|fir_filter_parallel_reduced:impl|history_next[0][18][3]~0   ; 0                 ; 0       ;
;      - fir_filter_parallel_reduced_stream:impl|fir_filter_parallel_reduced:impl|history_next[0][18][4]~0   ; 0                 ; 0       ;
;      - fir_filter_parallel_reduced_stream:impl|fir_filter_parallel_reduced:impl|history_next[0][18][5]~0   ; 0                 ; 0       ;
;      - fir_filter_parallel_reduced_stream:impl|fir_filter_parallel_reduced:impl|history_next[0][18][6]~0   ; 0                 ; 0       ;
;      - fir_filter_parallel_reduced_stream:impl|fir_filter_parallel_reduced:impl|history_next[0][18][7]~0   ; 0                 ; 0       ;
;      - fir_filter_parallel_reduced_stream:impl|fir_filter_parallel_reduced:impl|history_next[0][18][8]~0   ; 0                 ; 0       ;
;      - fir_filter_parallel_reduced_stream:impl|fir_filter_parallel_reduced:impl|history_next[0][18][9]~0   ; 0                 ; 0       ;
;      - fir_filter_parallel_reduced_stream:impl|fir_filter_parallel_reduced:impl|history_next[0][18][10]~0  ; 0                 ; 0       ;
;      - fir_filter_parallel_reduced_stream:impl|fir_filter_parallel_reduced:impl|history_next[0][18][11]~0  ; 0                 ; 0       ;
;      - fir_filter_parallel_reduced_stream:impl|fir_filter_parallel_reduced:impl|history_next[0][18][12]~0  ; 0                 ; 0       ;
;      - fir_filter_parallel_reduced_stream:impl|fir_filter_parallel_reduced:impl|history_next[0][18][13]~0  ; 0                 ; 0       ;
;      - fir_filter_parallel_reduced_stream:impl|fir_filter_parallel_reduced:impl|history_next[0][18][14]~0  ; 0                 ; 0       ;
;      - fir_filter_parallel_reduced_stream:impl|fir_filter_parallel_reduced:impl|history_next[0][18][15]~0  ; 0                 ; 0       ;
;      - fir_filter_parallel_reduced_stream:impl|fir_filter_parallel_reduced:impl|history_next[0][0][14]~0   ; 0                 ; 0       ;
;      - fir_filter_parallel_reduced_stream:impl|fir_filter_parallel_reduced:impl|history_next[0][0][0]~0    ; 0                 ; 0       ;
;      - fir_filter_parallel_reduced_stream:impl|fir_filter_parallel_reduced:impl|history_next[0][0][1]~0    ; 0                 ; 0       ;
;      - fir_filter_parallel_reduced_stream:impl|fir_filter_parallel_reduced:impl|history_next[0][0][2]~0    ; 0                 ; 0       ;
;      - fir_filter_parallel_reduced_stream:impl|fir_filter_parallel_reduced:impl|history_next[0][0][3]~0    ; 0                 ; 0       ;
;      - fir_filter_parallel_reduced_stream:impl|fir_filter_parallel_reduced:impl|history_next[0][0][4]~0    ; 0                 ; 0       ;
;      - fir_filter_parallel_reduced_stream:impl|fir_filter_parallel_reduced:impl|history_next[0][0][5]~0    ; 0                 ; 0       ;
;      - fir_filter_parallel_reduced_stream:impl|fir_filter_parallel_reduced:impl|history_next[0][0][6]~0    ; 0                 ; 0       ;
;      - fir_filter_parallel_reduced_stream:impl|fir_filter_parallel_reduced:impl|history_next[0][0][7]~0    ; 0                 ; 0       ;
;      - fir_filter_parallel_reduced_stream:impl|fir_filter_parallel_reduced:impl|history_next[0][0][8]~0    ; 0                 ; 0       ;
;      - fir_filter_parallel_reduced_stream:impl|fir_filter_parallel_reduced:impl|history_next[0][0][9]~0    ; 0                 ; 0       ;
;      - fir_filter_parallel_reduced_stream:impl|fir_filter_parallel_reduced:impl|history_next[0][0][10]~0   ; 0                 ; 0       ;
;      - fir_filter_parallel_reduced_stream:impl|fir_filter_parallel_reduced:impl|history_next[0][0][11]~0   ; 0                 ; 0       ;
;      - fir_filter_parallel_reduced_stream:impl|fir_filter_parallel_reduced:impl|history_next[0][0][12]~0   ; 0                 ; 0       ;
;      - fir_filter_parallel_reduced_stream:impl|fir_filter_parallel_reduced:impl|history_next[0][0][13]~0   ; 0                 ; 0       ;
; sample_in[15]                                                                                              ;                   ;         ;
;      - fir_filter_parallel_reduced_stream:impl|gather_buf[0][15]                                           ; 1                 ; 0       ;
;      - fir_filter_parallel_reduced_stream:impl|fir_filter_parallel_reduced:impl|Add216~13                  ; 1                 ; 0       ;
;      - fir_filter_parallel_reduced_stream:impl|fir_filter_parallel_reduced:impl|Add216~17                  ; 1                 ; 0       ;
;      - fir_filter_parallel_reduced_stream:impl|fir_filter_parallel_reduced:impl|Add216~21                  ; 1                 ; 0       ;
;      - fir_filter_parallel_reduced_stream:impl|fir_filter_parallel_reduced:impl|Add216~25                  ; 1                 ; 0       ;
;      - fir_filter_parallel_reduced_stream:impl|fir_filter_parallel_reduced:impl|Add216~29                  ; 1                 ; 0       ;
;      - fir_filter_parallel_reduced_stream:impl|fir_filter_parallel_reduced:impl|Add216~33                  ; 1                 ; 0       ;
;      - fir_filter_parallel_reduced_stream:impl|fir_filter_parallel_reduced:impl|Add216~37                  ; 1                 ; 0       ;
;      - fir_filter_parallel_reduced_stream:impl|fir_filter_parallel_reduced:impl|Add216~5                   ; 1                 ; 0       ;
;      - fir_filter_parallel_reduced_stream:impl|fir_filter_parallel_reduced:impl|Add216~1                   ; 1                 ; 0       ;
;      - fir_filter_parallel_reduced_stream:impl|fir_filter_parallel_reduced:impl|history[1][0][15]          ; 1                 ; 0       ;
; sample_in[14]                                                                                              ;                   ;         ;
;      - fir_filter_parallel_reduced_stream:impl|fir_filter_parallel_reduced:impl|Add216~9                   ; 0                 ; 0       ;
;      - fir_filter_parallel_reduced_stream:impl|fir_filter_parallel_reduced:impl|history[1][0][14]          ; 0                 ; 0       ;
;      - fir_filter_parallel_reduced_stream:impl|gather_buf[0][14]~feeder                                    ; 0                 ; 0       ;
; sample_in[13]                                                                                              ;                   ;         ;
;      - fir_filter_parallel_reduced_stream:impl|fir_filter_parallel_reduced:impl|Add216~41                  ; 1                 ; 0       ;
;      - fir_filter_parallel_reduced_stream:impl|gather_buf[0][13]~feeder                                    ; 1                 ; 0       ;
;      - fir_filter_parallel_reduced_stream:impl|fir_filter_parallel_reduced:impl|history[1][0][13]~feeder   ; 1                 ; 0       ;
; sample_in[0]                                                                                               ;                   ;         ;
;      - fir_filter_parallel_reduced_stream:impl|gather_buf[0][0]                                            ; 1                 ; 0       ;
;      - fir_filter_parallel_reduced_stream:impl|fir_filter_parallel_reduced:impl|Add216~93                  ; 1                 ; 0       ;
;      - fir_filter_parallel_reduced_stream:impl|fir_filter_parallel_reduced:impl|history[1][0][0]           ; 1                 ; 0       ;
; sample_in[1]                                                                                               ;                   ;         ;
;      - fir_filter_parallel_reduced_stream:impl|fir_filter_parallel_reduced:impl|Add216~89                  ; 0                 ; 0       ;
;      - fir_filter_parallel_reduced_stream:impl|fir_filter_parallel_reduced:impl|history[1][0][1]           ; 0                 ; 0       ;
;      - fir_filter_parallel_reduced_stream:impl|gather_buf[0][1]~feeder                                     ; 0                 ; 0       ;
; sample_in[2]                                                                                               ;                   ;         ;
;      - fir_filter_parallel_reduced_stream:impl|gather_buf[0][2]                                            ; 1                 ; 0       ;
;      - fir_filter_parallel_reduced_stream:impl|fir_filter_parallel_reduced:impl|Add216~85                  ; 1                 ; 0       ;
;      - fir_filter_parallel_reduced_stream:impl|fir_filter_parallel_reduced:impl|history[1][0][2]~feeder    ; 1                 ; 0       ;
; sample_in[3]                                                                                               ;                   ;         ;
;      - fir_filter_parallel_reduced_stream:impl|gather_buf[0][3]                                            ; 0                 ; 0       ;
;      - fir_filter_parallel_reduced_stream:impl|fir_filter_parallel_reduced:impl|Add216~81                  ; 0                 ; 0       ;
;      - fir_filter_parallel_reduced_stream:impl|fir_filter_parallel_reduced:impl|history[1][0][3]~feeder    ; 0                 ; 0       ;
; sample_in[4]                                                                                               ;                   ;         ;
;      - fir_filter_parallel_reduced_stream:impl|gather_buf[0][4]                                            ; 1                 ; 0       ;
;      - fir_filter_parallel_reduced_stream:impl|fir_filter_parallel_reduced:impl|Add216~77                  ; 1                 ; 0       ;
;      - fir_filter_parallel_reduced_stream:impl|fir_filter_parallel_reduced:impl|history[1][0][4]~feeder    ; 1                 ; 0       ;
; sample_in[5]                                                                                               ;                   ;         ;
;      - fir_filter_parallel_reduced_stream:impl|fir_filter_parallel_reduced:impl|Add216~73                  ; 0                 ; 0       ;
;      - fir_filter_parallel_reduced_stream:impl|fir_filter_parallel_reduced:impl|history[1][0][5]~feeder    ; 0                 ; 0       ;
;      - fir_filter_parallel_reduced_stream:impl|gather_buf[0][5]~feeder                                     ; 0                 ; 0       ;
; sample_in[6]                                                                                               ;                   ;         ;
;      - fir_filter_parallel_reduced_stream:impl|gather_buf[0][6]                                            ; 0                 ; 0       ;
;      - fir_filter_parallel_reduced_stream:impl|fir_filter_parallel_reduced:impl|Add216~69                  ; 0                 ; 0       ;
;      - fir_filter_parallel_reduced_stream:impl|fir_filter_parallel_reduced:impl|history[1][0][6]           ; 0                 ; 0       ;
; sample_in[7]                                                                                               ;                   ;         ;
;      - fir_filter_parallel_reduced_stream:impl|gather_buf[0][7]                                            ; 0                 ; 0       ;
;      - fir_filter_parallel_reduced_stream:impl|fir_filter_parallel_reduced:impl|Add216~65                  ; 0                 ; 0       ;
;      - fir_filter_parallel_reduced_stream:impl|fir_filter_parallel_reduced:impl|history[1][0][7]           ; 0                 ; 0       ;
; sample_in[8]                                                                                               ;                   ;         ;
;      - fir_filter_parallel_reduced_stream:impl|fir_filter_parallel_reduced:impl|Add216~61                  ; 1                 ; 0       ;
;      - fir_filter_parallel_reduced_stream:impl|fir_filter_parallel_reduced:impl|history[1][0][8]~feeder    ; 1                 ; 0       ;
;      - fir_filter_parallel_reduced_stream:impl|gather_buf[0][8]~feeder                                     ; 1                 ; 0       ;
; sample_in[9]                                                                                               ;                   ;         ;
;      - fir_filter_parallel_reduced_stream:impl|fir_filter_parallel_reduced:impl|Add216~57                  ; 0                 ; 0       ;
;      - fir_filter_parallel_reduced_stream:impl|gather_buf[0][9]~feeder                                     ; 0                 ; 0       ;
;      - fir_filter_parallel_reduced_stream:impl|fir_filter_parallel_reduced:impl|history[1][0][9]~feeder    ; 0                 ; 0       ;
; sample_in[10]                                                                                              ;                   ;         ;
;      - fir_filter_parallel_reduced_stream:impl|fir_filter_parallel_reduced:impl|Add216~53                  ; 0                 ; 0       ;
;      - fir_filter_parallel_reduced_stream:impl|fir_filter_parallel_reduced:impl|history[1][0][10]          ; 0                 ; 0       ;
;      - fir_filter_parallel_reduced_stream:impl|gather_buf[0][10]~feeder                                    ; 0                 ; 0       ;
; sample_in[11]                                                                                              ;                   ;         ;
;      - fir_filter_parallel_reduced_stream:impl|gather_buf[0][11]                                           ; 1                 ; 0       ;
;      - fir_filter_parallel_reduced_stream:impl|fir_filter_parallel_reduced:impl|Add216~49                  ; 1                 ; 0       ;
;      - fir_filter_parallel_reduced_stream:impl|fir_filter_parallel_reduced:impl|history[1][0][11]~feeder   ; 1                 ; 0       ;
; sample_in[12]                                                                                              ;                   ;         ;
;      - fir_filter_parallel_reduced_stream:impl|gather_buf[0][12]                                           ; 0                 ; 0       ;
;      - fir_filter_parallel_reduced_stream:impl|fir_filter_parallel_reduced:impl|Add216~45                  ; 0                 ; 0       ;
;      - fir_filter_parallel_reduced_stream:impl|fir_filter_parallel_reduced:impl|history[1][0][12]          ; 0                 ; 0       ;
+------------------------------------------------------------------------------------------------------------+-------------------+---------+


+----------------------------------------------------------------------------------------------------------------------------------------------------------------------------------------------------------------------------+
; Control Signals                                                                                                                                                                                                            ;
+----------------------------------------------------------------------------------------------+---------------------+---------+--------------+--------+----------------------+------------------+---------------------------+
; Name                                                                                         ; Location            ; Fan-Out ; Usage        ; Global ; Global Resource Used ; Global Line Name ; Enable Signal Source Name ;
+----------------------------------------------------------------------------------------------+---------------------+---------+--------------+--------+----------------------+------------------+---------------------------+
; clk                                                                                          ; PIN_AC17            ; 3576    ; Clock        ; yes    ; Global Clock         ; GCLK6            ; --                        ;
; fir_filter_parallel_reduced_stream:impl|Decoder1~4                                           ; LABCELL_X66_Y88_N27 ; 16      ; Sync. load   ; no     ; --                   ; --               ; --                        ;
; fir_filter_parallel_reduced_stream:impl|Equal0~1                                             ; LABCELL_X66_Y92_N42 ; 17      ; Sync. clear  ; no     ; --                   ; --               ; --                        ;
; fir_filter_parallel_reduced_stream:impl|block_valid~0                                        ; LABCELL_X62_Y79_N48 ; 3425    ; Clock enable ; no     ; --                   ; --               ; --                        ;
; fir_filter_parallel_reduced_stream:impl|fir_filter_parallel_reduced:impl|sample_out[0][11]~3 ; LABCELL_X67_Y87_N3  ; 15      ; Sync. clear  ; no     ; --                   ; --               ; --                        ;
; fir_filter_parallel_reduced_stream:impl|fir_filter_parallel_reduced:impl|sample_out[1][1]~8  ; LABCELL_X64_Y83_N0  ; 15      ; Sync. clear  ; no     ; --                   ; --               ; --                        ;
; fir_filter_parallel_reduced_stream:impl|gather_buf[0][0]~0                                   ; LABCELL_X62_Y81_N51 ; 16      ; Clock enable ; no     ; --                   ; --               ; --                        ;
; fir_filter_parallel_reduced_stream:impl|output_fifo[0][3]~0                                  ; LABCELL_X66_Y91_N30 ; 16      ; Sync. clear  ; no     ; --                   ; --               ; --                        ;
; fir_filter_parallel_reduced_stream:impl|output_fifo[0][3]~1                                  ; LABCELL_X66_Y91_N33 ; 16      ; Sync. load   ; no     ; --                   ; --               ; --                        ;
; fir_filter_parallel_reduced_stream:impl|output_fifo[1][0]~2                                  ; LABCELL_X66_Y88_N6  ; 16      ; Sync. clear  ; no     ; --                   ; --               ; --                        ;
; fir_filter_parallel_reduced_stream:impl|output_fifo[2][5]~4                                  ; LABCELL_X67_Y89_N30 ; 16      ; Sync. clear  ; no     ; --                   ; --               ; --                        ;
; fir_filter_parallel_reduced_stream:impl|output_fifo[3][7]~5                                  ; LABCELL_X66_Y89_N39 ; 16      ; Sync. clear  ; no     ; --                   ; --               ; --                        ;
; fir_filter_parallel_reduced_stream:impl|output_fifo[4][8]~7                                  ; LABCELL_X70_Y84_N39 ; 16      ; Sync. clear  ; no     ; --                   ; --               ; --                        ;
; fir_filter_parallel_reduced_stream:impl|output_fifo[5][0]~9                                  ; LABCELL_X66_Y88_N24 ; 16      ; Sync. clear  ; no     ; --                   ; --               ; --                        ;
; fir_filter_parallel_reduced_stream:impl|output_fifo[6][1]~10                                 ; LABCELL_X66_Y92_N30 ; 16      ; Sync. clear  ; no     ; --                   ; --               ; --                        ;
; rst_n                                                                                        ; PIN_V27             ; 3576    ; Async. clear ; yes    ; Global Clock         ; GCLK9            ; --                        ;
+----------------------------------------------------------------------------------------------+---------------------+---------+--------------+--------+----------------------+------------------+---------------------------+


+--------------------------------------------------------------------------------------------------+
; Global & Other Fast Signals                                                                      ;
+-------+----------+---------+----------------------+------------------+---------------------------+
; Name  ; Location ; Fan-Out ; Global Resource Used ; Global Line Name ; Enable Signal Source Name ;
+-------+----------+---------+----------------------+------------------+---------------------------+
; clk   ; PIN_AC17 ; 3576    ; Global Clock         ; GCLK6            ; --                        ;
; rst_n ; PIN_V27  ; 3576    ; Global Clock         ; GCLK9            ; --                        ;
+-------+----------+---------+----------------------+------------------+---------------------------+


+-------------------------------------------------------------------+
; Non-Global High Fan-Out Signals                                   ;
+---------------------------------------------------------+---------+
; Name                                                    ; Fan-Out ;
+---------------------------------------------------------+---------+
; sample_valid~input                                      ; 3611    ;
; fir_filter_parallel_reduced_stream:impl|gather_count[0] ; 3611    ;
; fir_filter_parallel_reduced_stream:impl|block_valid~0   ; 3425    ;
+---------------------------------------------------------+---------+


+---------------------------------------------------------+
; Fitter DSP Block Usage Summary                          ;
+-------------------------------------------+-------------+
; Statistic                                 ; Number Used ;
+-------------------------------------------+-------------+
; Two Independent 18x18                     ; 206         ;
; Total number of DSP blocks                ; 206         ;
;                                           ;             ;
; Fixed Point Signed Multiplier             ; 90          ;
; Fixed Point Mixed Sign Multiplier         ; 116         ;
; Fixed Point Dedicated Pre-Adder           ; 204         ;
; Fixed Point Dedicated Coefficient Storage ; 204         ;
+-------------------------------------------+-------------+


+---------------------------------------------------------------------------------------------------------------------------------------------------------------------------------------------------------------------------------------------------------------------------------------------------------------------------------------------------------------------------------------------------------------------------------------------------------------------------------+
; DSP Block Details                                                                                                                                                                                                                                                                                                                                                                                                                                                               ;
+------------------------------------------------------------------------------------+-----------------------+-----------------+---------------------+------------------------+------------------------+------------------------+------------------------+------------------------+------------------------+-----------------+--------------------------------+---------------------+-------------------------------+------------------------------+------------------------------+
; Name                                                                               ; Mode                  ; Location        ; Sign Representation ; Data AX Input Register ; Data AY Input Register ; Data AZ Input Register ; Data BX Input Register ; Data BY Input Register ; Data BZ Input Register ; Output Register ; Dedicated Shift Register Chain ; Dedicated Pre-Adder ; Dedicated Coefficient Storage ; Dedicated Output Adder Chain ; Dedicated Output Accumulator ;
+------------------------------------------------------------------------------------+-----------------------+-----------------+---------------------+------------------------+------------------------+------------------------+------------------------+------------------------+------------------------+-----------------+--------------------------------+---------------------+-------------------------------+------------------------------+------------------------------+
; fir_filter_parallel_reduced_stream:impl|fir_filter_parallel_reduced:impl|Mult52~8  ; Two Independent 18x18 ; DSP_X65_Y97_N0  ; Mixed               ; --                     ; no                     ; no                     ; --                     ; --                     ; --                     ; no              ; no                             ; yes                 ; yes                           ; no                           ; no                           ;
; fir_filter_parallel_reduced_stream:impl|fir_filter_parallel_reduced:impl|Mult48~8  ; Two Independent 18x18 ; DSP_X65_Y99_N0  ; Mixed               ; --                     ; no                     ; no                     ; --                     ; --                     ; --                     ; no              ; no                             ; yes                 ; yes                           ; no                           ; no                           ;
; fir_filter_parallel_reduced_stream:impl|fir_filter_parallel_reduced:impl|Mult47~8  ; Two Independent 18x18 ; DSP_X113_Y91_N0 ; Mixed               ; --                     ; no                     ; no                     ; --                     ; --                     ; --                     ; no              ; no                             ; yes                 ; yes                           ; no                           ; no                           ;
; fir_filter_parallel_reduced_stream:impl|fir_filter_parallel_reduced:impl|Mult36~8  ; Two Independent 18x18 ; DSP_X82_Y61_N0  ; Mixed               ; --                     ; no                     ; no                     ; --                     ; --                     ; --                     ; no              ; no                             ; yes                 ; yes                           ; no                           ; no                           ;
; fir_filter_parallel_reduced_stream:impl|fir_filter_parallel_reduced:impl|Mult26~8  ; Two Independent 18x18 ; DSP_X82_Y57_N0  ; Mixed               ; --                     ; no                     ; no                     ; --                     ; --                     ; --                     ; no              ; no                             ; yes                 ; yes                           ; no                           ; no                           ;
; fir_filter_parallel_reduced_stream:impl|fir_filter_parallel_reduced:impl|Mult23~8  ; Two Independent 18x18 ; DSP_X82_Y39_N0  ; Mixed               ; --                     ; no                     ; no                     ; --                     ; --                     ; --                     ; no              ; no                             ; yes                 ; yes                           ; no                           ; no                           ;
; fir_filter_parallel_reduced_stream:impl|fir_filter_parallel_reduced:impl|Mult19~8  ; Two Independent 18x18 ; DSP_X113_Y61_N0 ; Mixed               ; --                     ; no                     ; no                     ; --                     ; --                     ; --                     ; no              ; no                             ; yes                 ; yes                           ; no                           ; no                           ;
; fir_filter_parallel_reduced_stream:impl|fir_filter_parallel_reduced:impl|Mult17~8  ; Two Independent 18x18 ; DSP_X65_Y57_N0  ; Mixed               ; --                     ; no                     ; no                     ; --                     ; --                     ; --                     ; no              ; no                             ; yes                 ; yes                           ; no                           ; no                           ;
; fir_filter_parallel_reduced_stream:impl|fir_filter_parallel_reduced:impl|Mult16~8  ; Two Independent 18x18 ; DSP_X82_Y33_N0  ; Mixed               ; --                     ; no                     ; no                     ; --                     ; --                     ; --                     ; no              ; no                             ; yes                 ; yes                           ; no                           ; no                           ;
; fir_filter_parallel_reduced_stream:impl|fir_filter_parallel_reduced:impl|Mult27~8  ; Two Independent 18x18 ; DSP_X65_Y59_N0  ; Mixed               ; --                     ; no                     ; no                     ; --                     ; --                     ; --                     ; no              ; no                             ; yes                 ; yes                           ; no                           ; no                           ;
; fir_filter_parallel_reduced_stream:impl|fir_filter_parallel_reduced:impl|Mult18~8  ; Two Independent 18x18 ; DSP_X82_Y35_N0  ; Mixed               ; --                     ; no                     ; no                     ; --                     ; --                     ; --                     ; no              ; no                             ; yes                 ; yes                           ; no                           ; no                           ;
; fir_filter_parallel_reduced_stream:impl|fir_filter_parallel_reduced:impl|Mult46~8  ; Two Independent 18x18 ; DSP_X82_Y69_N0  ; Mixed               ; --                     ; no                     ; no                     ; --                     ; --                     ; --                     ; no              ; no                             ; yes                 ; yes                           ; no                           ; no                           ;
; fir_filter_parallel_reduced_stream:impl|fir_filter_parallel_reduced:impl|Mult15~8  ; Two Independent 18x18 ; DSP_X65_Y45_N0  ; Mixed               ; --                     ; no                     ; no                     ; --                     ; --                     ; --                     ; no              ; no                             ; yes                 ; yes                           ; no                           ; no                           ;
; fir_filter_parallel_reduced_stream:impl|fir_filter_parallel_reduced:impl|Mult13~8  ; Two Independent 18x18 ; DSP_X65_Y23_N0  ; Mixed               ; --                     ; no                     ; no                     ; --                     ; --                     ; --                     ; no              ; no                             ; yes                 ; yes                           ; no                           ; no                           ;
; fir_filter_parallel_reduced_stream:impl|fir_filter_parallel_reduced:impl|Mult9~8   ; Two Independent 18x18 ; DSP_X65_Y51_N0  ; Mixed               ; --                     ; no                     ; no                     ; --                     ; --                     ; --                     ; no              ; no                             ; yes                 ; yes                           ; no                           ; no                           ;
; fir_filter_parallel_reduced_stream:impl|fir_filter_parallel_reduced:impl|Mult32~8  ; Two Independent 18x18 ; DSP_X65_Y37_N0  ; Mixed               ; --                     ; no                     ; no                     ; --                     ; --                     ; --                     ; no              ; no                             ; yes                 ; yes                           ; no                           ; no                           ;
; fir_filter_parallel_reduced_stream:impl|fir_filter_parallel_reduced:impl|Mult14~8  ; Two Independent 18x18 ; DSP_X65_Y25_N0  ; Mixed               ; --                     ; no                     ; no                     ; --                     ; --                     ; --                     ; no              ; no                             ; yes                 ; yes                           ; no                           ; no                           ;
; fir_filter_parallel_reduced_stream:impl|fir_filter_parallel_reduced:impl|Mult8~8   ; Two Independent 18x18 ; DSP_X65_Y35_N0  ; Mixed               ; --                     ; no                     ; no                     ; --                     ; --                     ; --                     ; no              ; no                             ; yes                 ; yes                           ; no                           ; no                           ;
; fir_filter_parallel_reduced_stream:impl|fir_filter_parallel_reduced:impl|Mult12~8  ; Two Independent 18x18 ; DSP_X65_Y31_N0  ; Mixed               ; --                     ; no                     ; no                     ; --                     ; --                     ; --                     ; no              ; no                             ; yes                 ; yes                           ; no                           ; no                           ;
; fir_filter_parallel_reduced_stream:impl|fir_filter_parallel_reduced:impl|Mult11~8  ; Two Independent 18x18 ; DSP_X65_Y47_N0  ; Mixed               ; --                     ; no                     ; no                     ; --                     ; --                     ; --                     ; no              ; no                             ; yes                 ; yes                           ; no                           ; no                           ;
; fir_filter_parallel_reduced_stream:impl|fir_filter_parallel_reduced:impl|Mult10~8  ; Two Independent 18x18 ; DSP_X65_Y33_N0  ; Mixed               ; --                     ; no                     ; no                     ; --                     ; --                     ; --                     ; no              ; no                             ; yes                 ; yes                           ; no                           ; no                           ;
; fir_filter_parallel_reduced_stream:impl|fir_filter_parallel_reduced:impl|Mult101~8 ; Two Independent 18x18 ; DSP_X20_Y29_N0  ; Mixed               ; --                     ; no                     ; no                     ; --                     ; --                     ; --                     ; no              ; no                             ; yes                 ; yes                           ; no                           ; no                           ;
; fir_filter_parallel_reduced_stream:impl|fir_filter_parallel_reduced:impl|Mult100~8 ; Two Independent 18x18 ; DSP_X49_Y31_N0  ; Mixed               ; --                     ; no                     ; no                     ; --                     ; --                     ; --                     ; no              ; no                             ; yes                 ; yes                           ; no                           ; no                           ;
; fir_filter_parallel_reduced_stream:impl|fir_filter_parallel_reduced:impl|Mult102~8 ; Two Independent 18x18 ; DSP_X49_Y29_N0  ; Mixed               ; no                     ; no                     ; --                     ; --                     ; --                     ; --                     ; no              ; no                             ; no                  ; no                            ; no                           ; no                           ;
; fir_filter_parallel_reduced_stream:impl|fir_filter_parallel_reduced:impl|Mult99~8  ; Two Independent 18x18 ; DSP_X49_Y35_N0  ; Mixed               ; --                     ; no                     ; no                     ; --                     ; --                     ; --                     ; no              ; no                             ; yes                 ; yes                           ; no                           ; no                           ;
; fir_filter_parallel_reduced_stream:impl|fir_filter_parallel_reduced:impl|Mult96~8  ; Two Independent 18x18 ; DSP_X20_Y39_N0  ; Mixed               ; --                     ; no                     ; no                     ; --                     ; --                     ; --                     ; no              ; no                             ; yes                 ; yes                           ; no                           ; no                           ;
; fir_filter_parallel_reduced_stream:impl|fir_filter_parallel_reduced:impl|Mult95~8  ; Two Independent 18x18 ; DSP_X49_Y39_N0  ; Mixed               ; --                     ; no                     ; no                     ; --                     ; --                     ; --                     ; no              ; no                             ; yes                 ; yes                           ; no                           ; no                           ;
; fir_filter_parallel_reduced_stream:impl|fir_filter_parallel_reduced:impl|Mult94~8  ; Two Independent 18x18 ; DSP_X20_Y35_N0  ; Mixed               ; --                     ; no                     ; no                     ; --                     ; --                     ; --                     ; no              ; no                             ; yes                 ; yes                           ; no                           ; no                           ;
; fir_filter_parallel_reduced_stream:impl|fir_filter_parallel_reduced:impl|Mult44~8  ; Two Independent 18x18 ; DSP_X113_Y87_N0 ; Mixed               ; --                     ; no                     ; no                     ; --                     ; --                     ; --                     ; no              ; no                             ; yes                 ; yes                           ; no                           ; no                           ;
; fir_filter_parallel_reduced_stream:impl|fir_filter_parallel_reduced:impl|Mult43~8  ; Two Independent 18x18 ; DSP_X82_Y99_N0  ; Mixed               ; --                     ; no                     ; no                     ; --                     ; --                     ; --                     ; no              ; no                             ; yes                 ; yes                           ; no                           ; no                           ;
; fir_filter_parallel_reduced_stream:impl|fir_filter_parallel_reduced:impl|Mult40~8  ; Two Independent 18x18 ; DSP_X82_Y79_N0  ; Mixed               ; --                     ; no                     ; no                     ; --                     ; --                     ; --                     ; no              ; no                             ; yes                 ; yes                           ; no                           ; no                           ;
; fir_filter_parallel_reduced_stream:impl|fir_filter_parallel_reduced:impl|Mult28~8  ; Two Independent 18x18 ; DSP_X82_Y67_N0  ; Mixed               ; --                     ; no                     ; no                     ; --                     ; --                     ; --                     ; no              ; no                             ; yes                 ; yes                           ; no                           ; no                           ;
; fir_filter_parallel_reduced_stream:impl|fir_filter_parallel_reduced:impl|Mult21~8  ; Two Independent 18x18 ; DSP_X82_Y55_N0  ; Mixed               ; --                     ; no                     ; no                     ; --                     ; --                     ; --                     ; no              ; no                             ; yes                 ; yes                           ; no                           ; no                           ;
; fir_filter_parallel_reduced_stream:impl|fir_filter_parallel_reduced:impl|Mult69~8  ; Two Independent 18x18 ; DSP_X20_Y97_N0  ; Mixed               ; --                     ; no                     ; no                     ; --                     ; --                     ; --                     ; no              ; no                             ; yes                 ; yes                           ; no                           ; no                           ;
; fir_filter_parallel_reduced_stream:impl|fir_filter_parallel_reduced:impl|Mult54~8  ; Two Independent 18x18 ; DSP_X82_Y95_N0  ; Mixed               ; --                     ; no                     ; no                     ; --                     ; --                     ; --                     ; no              ; no                             ; yes                 ; yes                           ; no                           ; no                           ;
; fir_filter_parallel_reduced_stream:impl|fir_filter_parallel_reduced:impl|Mult45~8  ; Two Independent 18x18 ; DSP_X82_Y91_N0  ; Mixed               ; --                     ; no                     ; no                     ; --                     ; --                     ; --                     ; no              ; no                             ; yes                 ; yes                           ; no                           ; no                           ;
; fir_filter_parallel_reduced_stream:impl|fir_filter_parallel_reduced:impl|Mult42~8  ; Two Independent 18x18 ; DSP_X82_Y93_N0  ; Mixed               ; --                     ; no                     ; no                     ; --                     ; --                     ; --                     ; no              ; no                             ; yes                 ; yes                           ; no                           ; no                           ;
; fir_filter_parallel_reduced_stream:impl|fir_filter_parallel_reduced:impl|Mult33~8  ; Two Independent 18x18 ; DSP_X113_Y69_N0 ; Mixed               ; --                     ; no                     ; no                     ; --                     ; --                     ; --                     ; no              ; no                             ; yes                 ; yes                           ; no                           ; no                           ;
; fir_filter_parallel_reduced_stream:impl|fir_filter_parallel_reduced:impl|Mult31~8  ; Two Independent 18x18 ; DSP_X82_Y71_N0  ; Mixed               ; --                     ; no                     ; no                     ; --                     ; --                     ; --                     ; no              ; no                             ; yes                 ; yes                           ; no                           ; no                           ;
; fir_filter_parallel_reduced_stream:impl|fir_filter_parallel_reduced:impl|Mult25~8  ; Two Independent 18x18 ; DSP_X82_Y59_N0  ; Mixed               ; --                     ; no                     ; no                     ; --                     ; --                     ; --                     ; no              ; no                             ; yes                 ; yes                           ; no                           ; no                           ;
; fir_filter_parallel_reduced_stream:impl|fir_filter_parallel_reduced:impl|Mult24~8  ; Two Independent 18x18 ; DSP_X82_Y63_N0  ; Mixed               ; --                     ; no                     ; no                     ; --                     ; --                     ; --                     ; no              ; no                             ; yes                 ; yes                           ; no                           ; no                           ;
; fir_filter_parallel_reduced_stream:impl|fir_filter_parallel_reduced:impl|Mult22~8  ; Two Independent 18x18 ; DSP_X82_Y47_N0  ; Mixed               ; --                     ; no                     ; no                     ; --                     ; --                     ; --                     ; no              ; no                             ; yes                 ; yes                           ; no                           ; no                           ;
; fir_filter_parallel_reduced_stream:impl|fir_filter_parallel_reduced:impl|Mult20~8  ; Two Independent 18x18 ; DSP_X82_Y37_N0  ; Mixed               ; --                     ; no                     ; no                     ; --                     ; --                     ; --                     ; no              ; no                             ; yes                 ; yes                           ; no                           ; no                           ;
; fir_filter_parallel_reduced_stream:impl|fir_filter_parallel_reduced:impl|Mult3~8   ; Two Independent 18x18 ; DSP_X49_Y101_N0 ; Mixed               ; --                     ; no                     ; no                     ; --                     ; --                     ; --                     ; no              ; no                             ; yes                 ; yes                           ; no                           ; no                           ;
; fir_filter_parallel_reduced_stream:impl|fir_filter_parallel_reduced:impl|Mult50~8  ; Two Independent 18x18 ; DSP_X82_Y101_N0 ; Mixed               ; --                     ; no                     ; no                     ; --                     ; --                     ; --                     ; no              ; no                             ; yes                 ; yes                           ; no                           ; no                           ;
; fir_filter_parallel_reduced_stream:impl|fir_filter_parallel_reduced:impl|Mult41~8  ; Two Independent 18x18 ; DSP_X113_Y89_N0 ; Mixed               ; --                     ; no                     ; no                     ; --                     ; --                     ; --                     ; no              ; no                             ; yes                 ; yes                           ; no                           ; no                           ;
; fir_filter_parallel_reduced_stream:impl|fir_filter_parallel_reduced:impl|Mult155~8 ; Two Independent 18x18 ; DSP_X82_Y81_N0  ; Mixed               ; --                     ; no                     ; no                     ; --                     ; --                     ; --                     ; no              ; no                             ; yes                 ; yes                           ; no                           ; no                           ;
; fir_filter_parallel_reduced_stream:impl|fir_filter_parallel_reduced:impl|Mult151~8 ; Two Independent 18x18 ; DSP_X82_Y83_N0  ; Mixed               ; --                     ; no                     ; no                     ; --                     ; --                     ; --                     ; no              ; no                             ; yes                 ; yes                           ; no                           ; no                           ;
; fir_filter_parallel_reduced_stream:impl|fir_filter_parallel_reduced:impl|Mult150~8 ; Two Independent 18x18 ; DSP_X65_Y101_N0 ; Mixed               ; --                     ; no                     ; no                     ; --                     ; --                     ; --                     ; no              ; no                             ; yes                 ; yes                           ; no                           ; no                           ;
; fir_filter_parallel_reduced_stream:impl|fir_filter_parallel_reduced:impl|Mult139~8 ; Two Independent 18x18 ; DSP_X65_Y63_N0  ; Mixed               ; --                     ; no                     ; no                     ; --                     ; --                     ; --                     ; no              ; no                             ; yes                 ; yes                           ; no                           ; no                           ;
; fir_filter_parallel_reduced_stream:impl|fir_filter_parallel_reduced:impl|Mult129~8 ; Two Independent 18x18 ; DSP_X82_Y49_N0  ; Mixed               ; --                     ; no                     ; no                     ; --                     ; --                     ; --                     ; no              ; no                             ; yes                 ; yes                           ; no                           ; no                           ;
; fir_filter_parallel_reduced_stream:impl|fir_filter_parallel_reduced:impl|Mult126~8 ; Two Independent 18x18 ; DSP_X82_Y53_N0  ; Mixed               ; --                     ; no                     ; no                     ; --                     ; --                     ; --                     ; no              ; no                             ; yes                 ; yes                           ; no                           ; no                           ;
; fir_filter_parallel_reduced_stream:impl|fir_filter_parallel_reduced:impl|Mult122~8 ; Two Independent 18x18 ; DSP_X82_Y31_N0  ; Mixed               ; --                     ; no                     ; no                     ; --                     ; --                     ; --                     ; no              ; no                             ; yes                 ; yes                           ; no                           ; no                           ;
; fir_filter_parallel_reduced_stream:impl|fir_filter_parallel_reduced:impl|Mult120~8 ; Two Independent 18x18 ; DSP_X82_Y27_N0  ; Mixed               ; --                     ; no                     ; no                     ; --                     ; --                     ; --                     ; no              ; no                             ; yes                 ; yes                           ; no                           ; no                           ;
; fir_filter_parallel_reduced_stream:impl|fir_filter_parallel_reduced:impl|Mult119~8 ; Two Independent 18x18 ; DSP_X82_Y41_N0  ; Mixed               ; --                     ; no                     ; no                     ; --                     ; --                     ; --                     ; no              ; no                             ; yes                 ; yes                           ; no                           ; no                           ;
; fir_filter_parallel_reduced_stream:impl|fir_filter_parallel_reduced:impl|Mult130~8 ; Two Independent 18x18 ; DSP_X113_Y63_N0 ; Mixed               ; --                     ; no                     ; no                     ; --                     ; --                     ; --                     ; no              ; no                             ; yes                 ; yes                           ; no                           ; no                           ;
; fir_filter_parallel_reduced_stream:impl|fir_filter_parallel_reduced:impl|Mult121~8 ; Two Independent 18x18 ; DSP_X113_Y59_N0 ; Mixed               ; --                     ; no                     ; no                     ; --                     ; --                     ; --                     ; no              ; no                             ; yes                 ; yes                           ; no                           ; no                           ;
; fir_filter_parallel_reduced_stream:impl|fir_filter_parallel_reduced:impl|Mult149~8 ; Two Independent 18x18 ; DSP_X113_Y65_N0 ; Mixed               ; --                     ; no                     ; no                     ; --                     ; --                     ; --                     ; no              ; no                             ; yes                 ; yes                           ; no                           ; no                           ;
; fir_filter_parallel_reduced_stream:impl|fir_filter_parallel_reduced:impl|Mult118~8 ; Two Independent 18x18 ; DSP_X65_Y29_N0  ; Mixed               ; --                     ; no                     ; no                     ; --                     ; --                     ; --                     ; no              ; no                             ; yes                 ; yes                           ; no                           ; no                           ;
; fir_filter_parallel_reduced_stream:impl|fir_filter_parallel_reduced:impl|Mult116~8 ; Two Independent 18x18 ; DSP_X65_Y27_N0  ; Mixed               ; --                     ; no                     ; no                     ; --                     ; --                     ; --                     ; no              ; no                             ; yes                 ; yes                           ; no                           ; no                           ;
; fir_filter_parallel_reduced_stream:impl|fir_filter_parallel_reduced:impl|Mult112~8 ; Two Independent 18x18 ; DSP_X65_Y41_N0  ; Mixed               ; --                     ; no                     ; no                     ; --                     ; --                     ; --                     ; no              ; no                             ; yes                 ; yes                           ; no                           ; no                           ;
; fir_filter_parallel_reduced_stream:impl|fir_filter_parallel_reduced:impl|Mult135~8 ; Two Independent 18x18 ; DSP_X65_Y61_N0  ; Mixed               ; --                     ; no                     ; no                     ; --                     ; --                     ; --                     ; no              ; no                             ; yes                 ; yes                           ; no                           ; no                           ;
; fir_filter_parallel_reduced_stream:impl|fir_filter_parallel_reduced:impl|Mult117~8 ; Two Independent 18x18 ; DSP_X65_Y39_N0  ; Mixed               ; --                     ; no                     ; no                     ; --                     ; --                     ; --                     ; no              ; no                             ; yes                 ; yes                           ; no                           ; no                           ;
; fir_filter_parallel_reduced_stream:impl|fir_filter_parallel_reduced:impl|Mult111~8 ; Two Independent 18x18 ; DSP_X65_Y53_N0  ; Mixed               ; --                     ; no                     ; no                     ; --                     ; --                     ; --                     ; no              ; no                             ; yes                 ; yes                           ; no                           ; no                           ;
; fir_filter_parallel_reduced_stream:impl|fir_filter_parallel_reduced:impl|Mult115~8 ; Two Independent 18x18 ; DSP_X65_Y43_N0  ; Mixed               ; --                     ; no                     ; no                     ; --                     ; --                     ; --                     ; no              ; no                             ; yes                 ; yes                           ; no                           ; no                           ;
; fir_filter_parallel_reduced_stream:impl|fir_filter_parallel_reduced:impl|Mult114~8 ; Two Independent 18x18 ; DSP_X49_Y27_N0  ; Mixed               ; --                     ; no                     ; no                     ; --                     ; --                     ; --                     ; no              ; no                             ; yes                 ; yes                           ; no                           ; no                           ;
; fir_filter_parallel_reduced_stream:impl|fir_filter_parallel_reduced:impl|Mult113~8 ; Two Independent 18x18 ; DSP_X65_Y49_N0  ; Mixed               ; --                     ; no                     ; no                     ; --                     ; --                     ; --                     ; no              ; no                             ; yes                 ; yes                           ; no                           ; no                           ;
; fir_filter_parallel_reduced_stream:impl|fir_filter_parallel_reduced:impl|Mult204~8 ; Two Independent 18x18 ; DSP_X49_Y25_N0  ; Mixed               ; --                     ; no                     ; no                     ; --                     ; --                     ; --                     ; no              ; no                             ; yes                 ; yes                           ; no                           ; no                           ;
; fir_filter_parallel_reduced_stream:impl|fir_filter_parallel_reduced:impl|Mult203~8 ; Two Independent 18x18 ; DSP_X20_Y33_N0  ; Mixed               ; --                     ; no                     ; no                     ; --                     ; --                     ; --                     ; no              ; no                             ; yes                 ; yes                           ; no                           ; no                           ;
; fir_filter_parallel_reduced_stream:impl|fir_filter_parallel_reduced:impl|Mult205~8 ; Two Independent 18x18 ; DSP_X20_Y31_N0  ; Mixed               ; no                     ; no                     ; --                     ; --                     ; --                     ; --                     ; no              ; no                             ; no                  ; no                            ; no                           ; no                           ;
; fir_filter_parallel_reduced_stream:impl|fir_filter_parallel_reduced:impl|Mult202~8 ; Two Independent 18x18 ; DSP_X49_Y41_N0  ; Mixed               ; --                     ; no                     ; no                     ; --                     ; --                     ; --                     ; no              ; no                             ; yes                 ; yes                           ; no                           ; no                           ;
; fir_filter_parallel_reduced_stream:impl|fir_filter_parallel_reduced:impl|Mult199~8 ; Two Independent 18x18 ; DSP_X49_Y37_N0  ; Mixed               ; --                     ; no                     ; no                     ; --                     ; --                     ; --                     ; no              ; no                             ; yes                 ; yes                           ; no                           ; no                           ;
; fir_filter_parallel_reduced_stream:impl|fir_filter_parallel_reduced:impl|Mult198~8 ; Two Independent 18x18 ; DSP_X49_Y33_N0  ; Mixed               ; --                     ; no                     ; no                     ; --                     ; --                     ; --                     ; no              ; no                             ; yes                 ; yes                           ; no                           ; no                           ;
; fir_filter_parallel_reduced_stream:impl|fir_filter_parallel_reduced:impl|Mult197~8 ; Two Independent 18x18 ; DSP_X33_Y27_N0  ; Mixed               ; --                     ; no                     ; no                     ; --                     ; --                     ; --                     ; no              ; no                             ; yes                 ; yes                           ; no                           ; no                           ;
; fir_filter_parallel_reduced_stream:impl|fir_filter_parallel_reduced:impl|Mult147~8 ; Two Independent 18x18 ; DSP_X82_Y77_N0  ; Mixed               ; --                     ; no                     ; no                     ; --                     ; --                     ; --                     ; no              ; no                             ; yes                 ; yes                           ; no                           ; no                           ;
; fir_filter_parallel_reduced_stream:impl|fir_filter_parallel_reduced:impl|Mult146~8 ; Two Independent 18x18 ; DSP_X82_Y97_N0  ; Mixed               ; --                     ; no                     ; no                     ; --                     ; --                     ; --                     ; no              ; no                             ; yes                 ; yes                           ; no                           ; no                           ;
; fir_filter_parallel_reduced_stream:impl|fir_filter_parallel_reduced:impl|Mult143~8 ; Two Independent 18x18 ; DSP_X113_Y71_N0 ; Mixed               ; --                     ; no                     ; no                     ; --                     ; --                     ; --                     ; no              ; no                             ; yes                 ; yes                           ; no                           ; no                           ;
; fir_filter_parallel_reduced_stream:impl|fir_filter_parallel_reduced:impl|Mult131~8 ; Two Independent 18x18 ; DSP_X82_Y73_N0  ; Mixed               ; --                     ; no                     ; no                     ; --                     ; --                     ; --                     ; no              ; no                             ; yes                 ; yes                           ; no                           ; no                           ;
; fir_filter_parallel_reduced_stream:impl|fir_filter_parallel_reduced:impl|Mult124~8 ; Two Independent 18x18 ; DSP_X82_Y43_N0  ; Mixed               ; --                     ; no                     ; no                     ; --                     ; --                     ; --                     ; no              ; no                             ; yes                 ; yes                           ; no                           ; no                           ;
; fir_filter_parallel_reduced_stream:impl|fir_filter_parallel_reduced:impl|Mult172~8 ; Two Independent 18x18 ; DSP_X82_Y75_N0  ; Mixed               ; --                     ; no                     ; no                     ; --                     ; --                     ; --                     ; no              ; no                             ; yes                 ; yes                           ; no                           ; no                           ;
; fir_filter_parallel_reduced_stream:impl|fir_filter_parallel_reduced:impl|Mult157~8 ; Two Independent 18x18 ; DSP_X113_Y85_N0 ; Mixed               ; --                     ; no                     ; no                     ; --                     ; --                     ; --                     ; no              ; no                             ; yes                 ; yes                           ; no                           ; no                           ;
; fir_filter_parallel_reduced_stream:impl|fir_filter_parallel_reduced:impl|Mult148~8 ; Two Independent 18x18 ; DSP_X113_Y83_N0 ; Mixed               ; --                     ; no                     ; no                     ; --                     ; --                     ; --                     ; no              ; no                             ; yes                 ; yes                           ; no                           ; no                           ;
; fir_filter_parallel_reduced_stream:impl|fir_filter_parallel_reduced:impl|Mult145~8 ; Two Independent 18x18 ; DSP_X113_Y73_N0 ; Mixed               ; --                     ; no                     ; no                     ; --                     ; --                     ; --                     ; no              ; no                             ; yes                 ; yes                           ; no                           ; no                           ;
; fir_filter_parallel_reduced_stream:impl|fir_filter_parallel_reduced:impl|Mult136~8 ; Two Independent 18x18 ; DSP_X113_Y67_N0 ; Mixed               ; --                     ; no                     ; no                     ; --                     ; --                     ; --                     ; no              ; no                             ; yes                 ; yes                           ; no                           ; no                           ;
; fir_filter_parallel_reduced_stream:impl|fir_filter_parallel_reduced:impl|Mult134~8 ; Two Independent 18x18 ; DSP_X113_Y79_N0 ; Mixed               ; --                     ; no                     ; no                     ; --                     ; --                     ; --                     ; no              ; no                             ; yes                 ; yes                           ; no                           ; no                           ;
; fir_filter_parallel_reduced_stream:impl|fir_filter_parallel_reduced:impl|Mult128~8 ; Two Independent 18x18 ; DSP_X82_Y65_N0  ; Mixed               ; --                     ; no                     ; no                     ; --                     ; --                     ; --                     ; no              ; no                             ; yes                 ; yes                           ; no                           ; no                           ;
; fir_filter_parallel_reduced_stream:impl|fir_filter_parallel_reduced:impl|Mult127~8 ; Two Independent 18x18 ; DSP_X82_Y45_N0  ; Mixed               ; --                     ; no                     ; no                     ; --                     ; --                     ; --                     ; no              ; no                             ; yes                 ; yes                           ; no                           ; no                           ;
; fir_filter_parallel_reduced_stream:impl|fir_filter_parallel_reduced:impl|Mult125~8 ; Two Independent 18x18 ; DSP_X82_Y51_N0  ; Mixed               ; --                     ; no                     ; no                     ; --                     ; --                     ; --                     ; no              ; no                             ; yes                 ; yes                           ; no                           ; no                           ;
; fir_filter_parallel_reduced_stream:impl|fir_filter_parallel_reduced:impl|Mult123~8 ; Two Independent 18x18 ; DSP_X113_Y55_N0 ; Mixed               ; --                     ; no                     ; no                     ; --                     ; --                     ; --                     ; no              ; no                             ; yes                 ; yes                           ; no                           ; no                           ;
; fir_filter_parallel_reduced_stream:impl|fir_filter_parallel_reduced:impl|Mult106~8 ; Two Independent 18x18 ; DSP_X113_Y75_N0 ; Mixed               ; --                     ; no                     ; no                     ; --                     ; --                     ; --                     ; no              ; no                             ; yes                 ; yes                           ; no                           ; no                           ;
; fir_filter_parallel_reduced_stream:impl|fir_filter_parallel_reduced:impl|Mult153~8 ; Two Independent 18x18 ; DSP_X113_Y81_N0 ; Mixed               ; --                     ; no                     ; no                     ; --                     ; --                     ; --                     ; no              ; no                             ; yes                 ; yes                           ; no                           ; no                           ;
; fir_filter_parallel_reduced_stream:impl|fir_filter_parallel_reduced:impl|Mult144~8 ; Two Independent 18x18 ; DSP_X113_Y77_N0 ; Mixed               ; --                     ; no                     ; no                     ; --                     ; --                     ; --                     ; no              ; no                             ; yes                 ; yes                           ; no                           ; no                           ;
; fir_filter_parallel_reduced_stream:impl|fir_filter_parallel_reduced:impl|Mult98~8  ; Two Independent 18x18 ; DSP_X49_Y49_N0  ; Mixed               ; --                     ; no                     ; no                     ; --                     ; --                     ; --                     ; no              ; no                             ; yes                 ; yes                           ; no                           ; no                           ;
; fir_filter_parallel_reduced_stream:impl|fir_filter_parallel_reduced:impl|Mult86~8  ; Two Independent 18x18 ; DSP_X33_Y49_N0  ; Mixed               ; --                     ; no                     ; no                     ; --                     ; --                     ; --                     ; no              ; no                             ; yes                 ; yes                           ; no                           ; no                           ;
; fir_filter_parallel_reduced_stream:impl|fir_filter_parallel_reduced:impl|Mult85~8  ; Two Independent 18x18 ; DSP_X33_Y55_N0  ; Mixed               ; --                     ; no                     ; no                     ; --                     ; --                     ; --                     ; no              ; no                             ; yes                 ; yes                           ; no                           ; no                           ;
; fir_filter_parallel_reduced_stream:impl|fir_filter_parallel_reduced:impl|Mult97~8  ; Two Independent 18x18 ; DSP_X33_Y39_N0  ; Mixed               ; --                     ; no                     ; no                     ; --                     ; --                     ; --                     ; no              ; no                             ; yes                 ; yes                           ; no                           ; no                           ;
; fir_filter_parallel_reduced_stream:impl|fir_filter_parallel_reduced:impl|Mult93~8  ; Two Independent 18x18 ; DSP_X33_Y33_N0  ; Mixed               ; --                     ; no                     ; no                     ; --                     ; --                     ; --                     ; no              ; no                             ; yes                 ; yes                           ; no                           ; no                           ;
; fir_filter_parallel_reduced_stream:impl|fir_filter_parallel_reduced:impl|Mult91~8  ; Two Independent 18x18 ; DSP_X33_Y35_N0  ; Mixed               ; --                     ; no                     ; no                     ; --                     ; --                     ; --                     ; no              ; no                             ; yes                 ; yes                           ; no                           ; no                           ;
; fir_filter_parallel_reduced_stream:impl|fir_filter_parallel_reduced:impl|Mult90~8  ; Two Independent 18x18 ; DSP_X33_Y53_N0  ; Mixed               ; --                     ; no                     ; no                     ; --                     ; --                     ; --                     ; no              ; no                             ; yes                 ; yes                           ; no                           ; no                           ;
; fir_filter_parallel_reduced_stream:impl|fir_filter_parallel_reduced:impl|Mult89~8  ; Two Independent 18x18 ; DSP_X33_Y59_N0  ; Mixed               ; --                     ; no                     ; no                     ; --                     ; --                     ; --                     ; no              ; no                             ; yes                 ; yes                           ; no                           ; no                           ;
; fir_filter_parallel_reduced_stream:impl|fir_filter_parallel_reduced:impl|Mult87~8  ; Two Independent 18x18 ; DSP_X33_Y51_N0  ; Mixed               ; --                     ; no                     ; no                     ; --                     ; --                     ; --                     ; no              ; no                             ; yes                 ; yes                           ; no                           ; no                           ;
; fir_filter_parallel_reduced_stream:impl|fir_filter_parallel_reduced:impl|Mult7~8   ; Two Independent 18x18 ; DSP_X33_Y69_N0  ; Mixed               ; --                     ; no                     ; no                     ; --                     ; --                     ; --                     ; no              ; no                             ; yes                 ; yes                           ; no                           ; no                           ;
; fir_filter_parallel_reduced_stream:impl|fir_filter_parallel_reduced:impl|Mult2~8   ; Two Independent 18x18 ; DSP_X33_Y67_N0  ; Mixed               ; --                     ; no                     ; no                     ; --                     ; --                     ; --                     ; no              ; no                             ; yes                 ; yes                           ; no                           ; no                           ;
; fir_filter_parallel_reduced_stream:impl|fir_filter_parallel_reduced:impl|Mult83~8  ; Two Independent 18x18 ; DSP_X33_Y45_N0  ; Mixed               ; --                     ; no                     ; no                     ; --                     ; --                     ; --                     ; no              ; no                             ; yes                 ; yes                           ; no                           ; no                           ;
; fir_filter_parallel_reduced_stream:impl|fir_filter_parallel_reduced:impl|Mult84~8  ; Two Independent 18x18 ; DSP_X33_Y57_N0  ; Mixed               ; --                     ; no                     ; no                     ; --                     ; --                     ; --                     ; no              ; no                             ; yes                 ; yes                           ; no                           ; no                           ;
; fir_filter_parallel_reduced_stream:impl|fir_filter_parallel_reduced:impl|Mult77~8  ; Two Independent 18x18 ; DSP_X20_Y67_N0  ; Mixed               ; --                     ; no                     ; no                     ; --                     ; --                     ; --                     ; no              ; no                             ; yes                 ; yes                           ; no                           ; no                           ;
; fir_filter_parallel_reduced_stream:impl|fir_filter_parallel_reduced:impl|Mult76~8  ; Two Independent 18x18 ; DSP_X33_Y61_N0  ; Mixed               ; --                     ; no                     ; no                     ; --                     ; --                     ; --                     ; no              ; no                             ; yes                 ; yes                           ; no                           ; no                           ;
; fir_filter_parallel_reduced_stream:impl|fir_filter_parallel_reduced:impl|Mult75~8  ; Two Independent 18x18 ; DSP_X20_Y61_N0  ; Mixed               ; --                     ; no                     ; no                     ; --                     ; --                     ; --                     ; no              ; no                             ; yes                 ; yes                           ; no                           ; no                           ;
; fir_filter_parallel_reduced_stream:impl|fir_filter_parallel_reduced:impl|Mult92~8  ; Two Independent 18x18 ; DSP_X20_Y45_N0  ; Mixed               ; --                     ; no                     ; no                     ; --                     ; --                     ; --                     ; no              ; no                             ; yes                 ; yes                           ; no                           ; no                           ;
; fir_filter_parallel_reduced_stream:impl|fir_filter_parallel_reduced:impl|Mult82~8  ; Two Independent 18x18 ; DSP_X49_Y47_N0  ; Mixed               ; --                     ; no                     ; no                     ; --                     ; --                     ; --                     ; no              ; no                             ; yes                 ; yes                           ; no                           ; no                           ;
; fir_filter_parallel_reduced_stream:impl|fir_filter_parallel_reduced:impl|Mult74~8  ; Two Independent 18x18 ; DSP_X33_Y71_N0  ; Mixed               ; --                     ; no                     ; no                     ; --                     ; --                     ; --                     ; no              ; no                             ; yes                 ; yes                           ; no                           ; no                           ;
; fir_filter_parallel_reduced_stream:impl|fir_filter_parallel_reduced:impl|Mult72~8  ; Two Independent 18x18 ; DSP_X49_Y75_N0  ; Mixed               ; --                     ; no                     ; no                     ; --                     ; --                     ; --                     ; no              ; no                             ; yes                 ; yes                           ; no                           ; no                           ;
; fir_filter_parallel_reduced_stream:impl|fir_filter_parallel_reduced:impl|Mult70~8  ; Two Independent 18x18 ; DSP_X20_Y75_N0  ; Mixed               ; --                     ; no                     ; no                     ; --                     ; --                     ; --                     ; no              ; no                             ; yes                 ; yes                           ; no                           ; no                           ;
; fir_filter_parallel_reduced_stream:impl|fir_filter_parallel_reduced:impl|Mult81~8  ; Two Independent 18x18 ; DSP_X20_Y49_N0  ; Mixed               ; --                     ; no                     ; no                     ; --                     ; --                     ; --                     ; no              ; no                             ; yes                 ; yes                           ; no                           ; no                           ;
; fir_filter_parallel_reduced_stream:impl|fir_filter_parallel_reduced:impl|Mult80~8  ; Two Independent 18x18 ; DSP_X20_Y47_N0  ; Mixed               ; --                     ; no                     ; no                     ; --                     ; --                     ; --                     ; no              ; no                             ; yes                 ; yes                           ; no                           ; no                           ;
; fir_filter_parallel_reduced_stream:impl|fir_filter_parallel_reduced:impl|Mult71~8  ; Two Independent 18x18 ; DSP_X20_Y51_N0  ; Mixed               ; --                     ; no                     ; no                     ; --                     ; --                     ; --                     ; no              ; no                             ; yes                 ; yes                           ; no                           ; no                           ;
; fir_filter_parallel_reduced_stream:impl|fir_filter_parallel_reduced:impl|Mult67~8  ; Two Independent 18x18 ; DSP_X33_Y77_N0  ; Mixed               ; --                     ; no                     ; no                     ; --                     ; --                     ; --                     ; no              ; no                             ; yes                 ; yes                           ; no                           ; no                           ;
; fir_filter_parallel_reduced_stream:impl|fir_filter_parallel_reduced:impl|Mult66~8  ; Two Independent 18x18 ; DSP_X20_Y79_N0  ; Mixed               ; --                     ; no                     ; no                     ; --                     ; --                     ; --                     ; no              ; no                             ; yes                 ; yes                           ; no                           ; no                           ;
; fir_filter_parallel_reduced_stream:impl|fir_filter_parallel_reduced:impl|Mult65~8  ; Two Independent 18x18 ; DSP_X33_Y79_N0  ; Mixed               ; --                     ; no                     ; no                     ; --                     ; --                     ; --                     ; no              ; no                             ; yes                 ; yes                           ; no                           ; no                           ;
; fir_filter_parallel_reduced_stream:impl|fir_filter_parallel_reduced:impl|Mult57~8  ; Two Independent 18x18 ; DSP_X49_Y73_N0  ; Mixed               ; --                     ; no                     ; no                     ; --                     ; --                     ; --                     ; no              ; no                             ; yes                 ; yes                           ; no                           ; no                           ;
; fir_filter_parallel_reduced_stream:impl|fir_filter_parallel_reduced:impl|Mult79~8  ; Two Independent 18x18 ; DSP_X20_Y59_N0  ; Mixed               ; --                     ; no                     ; no                     ; --                     ; --                     ; --                     ; no              ; no                             ; yes                 ; yes                           ; no                           ; no                           ;
; fir_filter_parallel_reduced_stream:impl|fir_filter_parallel_reduced:impl|Mult78~8  ; Two Independent 18x18 ; DSP_X49_Y57_N0  ; Mixed               ; --                     ; no                     ; no                     ; --                     ; --                     ; --                     ; no              ; no                             ; yes                 ; yes                           ; no                           ; no                           ;
; fir_filter_parallel_reduced_stream:impl|fir_filter_parallel_reduced:impl|Mult61~8  ; Two Independent 18x18 ; DSP_X49_Y83_N0  ; Mixed               ; --                     ; no                     ; no                     ; --                     ; --                     ; --                     ; no              ; no                             ; yes                 ; yes                           ; no                           ; no                           ;
; fir_filter_parallel_reduced_stream:impl|fir_filter_parallel_reduced:impl|Mult58~8  ; Two Independent 18x18 ; DSP_X33_Y95_N0  ; Mixed               ; --                     ; no                     ; no                     ; --                     ; --                     ; --                     ; no              ; no                             ; yes                 ; yes                           ; no                           ; no                           ;
; fir_filter_parallel_reduced_stream:impl|fir_filter_parallel_reduced:impl|Mult56~8  ; Two Independent 18x18 ; DSP_X49_Y85_N0  ; Mixed               ; --                     ; no                     ; no                     ; --                     ; --                     ; --                     ; no              ; no                             ; yes                 ; yes                           ; no                           ; no                           ;
; fir_filter_parallel_reduced_stream:impl|fir_filter_parallel_reduced:impl|Mult39~8  ; Two Independent 18x18 ; DSP_X65_Y75_N0  ; Mixed               ; --                     ; no                     ; no                     ; --                     ; --                     ; --                     ; no              ; no                             ; yes                 ; yes                           ; no                           ; no                           ;
; fir_filter_parallel_reduced_stream:impl|fir_filter_parallel_reduced:impl|Mult88~8  ; Two Independent 18x18 ; DSP_X65_Y55_N0  ; Mixed               ; --                     ; no                     ; no                     ; --                     ; --                     ; --                     ; no              ; no                             ; yes                 ; yes                           ; no                           ; no                           ;
; fir_filter_parallel_reduced_stream:impl|fir_filter_parallel_reduced:impl|Mult73~8  ; Two Independent 18x18 ; DSP_X20_Y63_N0  ; Mixed               ; --                     ; no                     ; no                     ; --                     ; --                     ; --                     ; no              ; no                             ; yes                 ; yes                           ; no                           ; no                           ;
; fir_filter_parallel_reduced_stream:impl|fir_filter_parallel_reduced:impl|Mult6~8   ; Two Independent 18x18 ; DSP_X49_Y93_N0  ; Mixed               ; --                     ; no                     ; no                     ; --                     ; --                     ; --                     ; no              ; no                             ; yes                 ; yes                           ; no                           ; no                           ;
; fir_filter_parallel_reduced_stream:impl|fir_filter_parallel_reduced:impl|Mult5~8   ; Two Independent 18x18 ; DSP_X65_Y95_N0  ; Mixed               ; --                     ; no                     ; no                     ; --                     ; --                     ; --                     ; no              ; no                             ; yes                 ; yes                           ; no                           ; no                           ;
; fir_filter_parallel_reduced_stream:impl|fir_filter_parallel_reduced:impl|Mult4~8   ; Two Independent 18x18 ; DSP_X49_Y95_N0  ; Mixed               ; --                     ; no                     ; no                     ; --                     ; --                     ; --                     ; no              ; no                             ; yes                 ; yes                           ; no                           ; no                           ;
; fir_filter_parallel_reduced_stream:impl|fir_filter_parallel_reduced:impl|Mult68~8  ; Two Independent 18x18 ; DSP_X20_Y95_N0  ; Mixed               ; --                     ; no                     ; no                     ; --                     ; --                     ; --                     ; no              ; no                             ; yes                 ; yes                           ; no                           ; no                           ;
; fir_filter_parallel_reduced_stream:impl|fir_filter_parallel_reduced:impl|Mult63~8  ; Two Independent 18x18 ; DSP_X33_Y93_N0  ; Mixed               ; --                     ; no                     ; no                     ; --                     ; --                     ; --                     ; no              ; no                             ; yes                 ; yes                           ; no                           ; no                           ;
; fir_filter_parallel_reduced_stream:impl|fir_filter_parallel_reduced:impl|Mult62~8  ; Two Independent 18x18 ; DSP_X20_Y93_N0  ; Mixed               ; --                     ; no                     ; no                     ; --                     ; --                     ; --                     ; no              ; no                             ; yes                 ; yes                           ; no                           ; no                           ;
; fir_filter_parallel_reduced_stream:impl|fir_filter_parallel_reduced:impl|Mult53~8  ; Two Independent 18x18 ; DSP_X82_Y85_N0  ; Mixed               ; --                     ; no                     ; no                     ; --                     ; --                     ; --                     ; no              ; no                             ; yes                 ; yes                           ; no                           ; no                           ;
; fir_filter_parallel_reduced_stream:impl|fir_filter_parallel_reduced:impl|Mult51~8  ; Two Independent 18x18 ; DSP_X82_Y89_N0  ; Mixed               ; --                     ; no                     ; no                     ; --                     ; --                     ; --                     ; no              ; no                             ; yes                 ; yes                           ; no                           ; no                           ;
; fir_filter_parallel_reduced_stream:impl|fir_filter_parallel_reduced:impl|Mult49~8  ; Two Independent 18x18 ; DSP_X82_Y87_N0  ; Mixed               ; --                     ; no                     ; no                     ; --                     ; --                     ; --                     ; no              ; no                             ; yes                 ; yes                           ; no                           ; no                           ;
; fir_filter_parallel_reduced_stream:impl|fir_filter_parallel_reduced:impl|Mult38~8  ; Two Independent 18x18 ; DSP_X65_Y89_N0  ; Mixed               ; --                     ; no                     ; no                     ; --                     ; --                     ; --                     ; no              ; no                             ; yes                 ; yes                           ; no                           ; no                           ;
; fir_filter_parallel_reduced_stream:impl|fir_filter_parallel_reduced:impl|Mult30~8  ; Two Independent 18x18 ; DSP_X65_Y93_N0  ; Mixed               ; --                     ; no                     ; no                     ; --                     ; --                     ; --                     ; no              ; no                             ; yes                 ; yes                           ; no                           ; no                           ;
; fir_filter_parallel_reduced_stream:impl|fir_filter_parallel_reduced:impl|Mult29~8  ; Two Independent 18x18 ; DSP_X65_Y91_N0  ; Mixed               ; --                     ; no                     ; no                     ; --                     ; --                     ; --                     ; no              ; no                             ; yes                 ; yes                           ; no                           ; no                           ;
; fir_filter_parallel_reduced_stream:impl|fir_filter_parallel_reduced:impl|Mult1~8   ; Two Independent 18x18 ; DSP_X49_Y97_N0  ; Mixed               ; --                     ; no                     ; no                     ; --                     ; --                     ; --                     ; no              ; no                             ; yes                 ; yes                           ; no                           ; no                           ;
; fir_filter_parallel_reduced_stream:impl|fir_filter_parallel_reduced:impl|Mult0~8   ; Two Independent 18x18 ; DSP_X49_Y99_N0  ; Mixed               ; --                     ; no                     ; no                     ; --                     ; --                     ; --                     ; no              ; no                             ; yes                 ; yes                           ; no                           ; no                           ;
; fir_filter_parallel_reduced_stream:impl|fir_filter_parallel_reduced:impl|Mult64~8  ; Two Independent 18x18 ; DSP_X20_Y91_N0  ; Mixed               ; --                     ; no                     ; no                     ; --                     ; --                     ; --                     ; no              ; no                             ; yes                 ; yes                           ; no                           ; no                           ;
; fir_filter_parallel_reduced_stream:impl|fir_filter_parallel_reduced:impl|Mult60~8  ; Two Independent 18x18 ; DSP_X33_Y97_N0  ; Mixed               ; --                     ; no                     ; no                     ; --                     ; --                     ; --                     ; no              ; no                             ; yes                 ; yes                           ; no                           ; no                           ;
; fir_filter_parallel_reduced_stream:impl|fir_filter_parallel_reduced:impl|Mult59~8  ; Two Independent 18x18 ; DSP_X33_Y91_N0  ; Mixed               ; --                     ; no                     ; no                     ; --                     ; --                     ; --                     ; no              ; no                             ; yes                 ; yes                           ; no                           ; no                           ;
; fir_filter_parallel_reduced_stream:impl|fir_filter_parallel_reduced:impl|Mult55~8  ; Two Independent 18x18 ; DSP_X33_Y89_N0  ; Mixed               ; --                     ; no                     ; no                     ; --                     ; --                     ; --                     ; no              ; no                             ; yes                 ; yes                           ; no                           ; no                           ;
; fir_filter_parallel_reduced_stream:impl|fir_filter_parallel_reduced:impl|Mult37~8  ; Two Independent 18x18 ; DSP_X65_Y71_N0  ; Mixed               ; --                     ; no                     ; no                     ; --                     ; --                     ; --                     ; no              ; no                             ; yes                 ; yes                           ; no                           ; no                           ;
; fir_filter_parallel_reduced_stream:impl|fir_filter_parallel_reduced:impl|Mult35~8  ; Two Independent 18x18 ; DSP_X65_Y79_N0  ; Mixed               ; --                     ; no                     ; no                     ; --                     ; --                     ; --                     ; no              ; no                             ; yes                 ; yes                           ; no                           ; no                           ;
; fir_filter_parallel_reduced_stream:impl|fir_filter_parallel_reduced:impl|Mult34~8  ; Two Independent 18x18 ; DSP_X65_Y81_N0  ; Mixed               ; --                     ; no                     ; no                     ; --                     ; --                     ; --                     ; no              ; no                             ; yes                 ; yes                           ; no                           ; no                           ;
; fir_filter_parallel_reduced_stream:impl|fir_filter_parallel_reduced:impl|Mult201~8 ; Two Independent 18x18 ; DSP_X33_Y41_N0  ; Mixed               ; --                     ; no                     ; no                     ; --                     ; --                     ; --                     ; no              ; no                             ; yes                 ; yes                           ; no                           ; no                           ;
; fir_filter_parallel_reduced_stream:impl|fir_filter_parallel_reduced:impl|Mult189~8 ; Two Independent 18x18 ; DSP_X33_Y43_N0  ; Mixed               ; --                     ; no                     ; no                     ; --                     ; --                     ; --                     ; no              ; no                             ; yes                 ; yes                           ; no                           ; no                           ;
; fir_filter_parallel_reduced_stream:impl|fir_filter_parallel_reduced:impl|Mult188~8 ; Two Independent 18x18 ; DSP_X20_Y41_N0  ; Mixed               ; --                     ; no                     ; no                     ; --                     ; --                     ; --                     ; no              ; no                             ; yes                 ; yes                           ; no                           ; no                           ;
; fir_filter_parallel_reduced_stream:impl|fir_filter_parallel_reduced:impl|Mult200~8 ; Two Independent 18x18 ; DSP_X49_Y45_N0  ; Mixed               ; --                     ; no                     ; no                     ; --                     ; --                     ; --                     ; no              ; no                             ; yes                 ; yes                           ; no                           ; no                           ;
; fir_filter_parallel_reduced_stream:impl|fir_filter_parallel_reduced:impl|Mult196~8 ; Two Independent 18x18 ; DSP_X49_Y43_N0  ; Mixed               ; --                     ; no                     ; no                     ; --                     ; --                     ; --                     ; no              ; no                             ; yes                 ; yes                           ; no                           ; no                           ;
; fir_filter_parallel_reduced_stream:impl|fir_filter_parallel_reduced:impl|Mult194~8 ; Two Independent 18x18 ; DSP_X33_Y29_N0  ; Mixed               ; --                     ; no                     ; no                     ; --                     ; --                     ; --                     ; no              ; no                             ; yes                 ; yes                           ; no                           ; no                           ;
; fir_filter_parallel_reduced_stream:impl|fir_filter_parallel_reduced:impl|Mult193~8 ; Two Independent 18x18 ; DSP_X33_Y47_N0  ; Mixed               ; --                     ; no                     ; no                     ; --                     ; --                     ; --                     ; no              ; no                             ; yes                 ; yes                           ; no                           ; no                           ;
; fir_filter_parallel_reduced_stream:impl|fir_filter_parallel_reduced:impl|Mult192~8 ; Two Independent 18x18 ; DSP_X20_Y37_N0  ; Mixed               ; --                     ; no                     ; no                     ; --                     ; --                     ; --                     ; no              ; no                             ; yes                 ; yes                           ; no                           ; no                           ;
; fir_filter_parallel_reduced_stream:impl|fir_filter_parallel_reduced:impl|Mult190~8 ; Two Independent 18x18 ; DSP_X33_Y31_N0  ; Mixed               ; --                     ; no                     ; no                     ; --                     ; --                     ; --                     ; no              ; no                             ; yes                 ; yes                           ; no                           ; no                           ;
; fir_filter_parallel_reduced_stream:impl|fir_filter_parallel_reduced:impl|Mult110~8 ; Two Independent 18x18 ; DSP_X49_Y63_N0  ; Mixed               ; --                     ; no                     ; no                     ; --                     ; --                     ; --                     ; no              ; no                             ; yes                 ; yes                           ; no                           ; no                           ;
; fir_filter_parallel_reduced_stream:impl|fir_filter_parallel_reduced:impl|Mult105~8 ; Two Independent 18x18 ; DSP_X49_Y65_N0  ; Mixed               ; --                     ; no                     ; no                     ; --                     ; --                     ; --                     ; no              ; no                             ; yes                 ; yes                           ; no                           ; no                           ;
; fir_filter_parallel_reduced_stream:impl|fir_filter_parallel_reduced:impl|Mult186~8 ; Two Independent 18x18 ; DSP_X49_Y51_N0  ; Mixed               ; --                     ; no                     ; no                     ; --                     ; --                     ; --                     ; no              ; no                             ; yes                 ; yes                           ; no                           ; no                           ;
; fir_filter_parallel_reduced_stream:impl|fir_filter_parallel_reduced:impl|Mult187~8 ; Two Independent 18x18 ; DSP_X20_Y53_N0  ; Mixed               ; --                     ; no                     ; no                     ; --                     ; --                     ; --                     ; no              ; no                             ; yes                 ; yes                           ; no                           ; no                           ;
; fir_filter_parallel_reduced_stream:impl|fir_filter_parallel_reduced:impl|Mult180~8 ; Two Independent 18x18 ; DSP_X49_Y55_N0  ; Mixed               ; --                     ; no                     ; no                     ; --                     ; --                     ; --                     ; no              ; no                             ; yes                 ; yes                           ; no                           ; no                           ;
; fir_filter_parallel_reduced_stream:impl|fir_filter_parallel_reduced:impl|Mult179~8 ; Two Independent 18x18 ; DSP_X20_Y57_N0  ; Mixed               ; --                     ; no                     ; no                     ; --                     ; --                     ; --                     ; no              ; no                             ; yes                 ; yes                           ; no                           ; no                           ;
; fir_filter_parallel_reduced_stream:impl|fir_filter_parallel_reduced:impl|Mult178~8 ; Two Independent 18x18 ; DSP_X20_Y43_N0  ; Mixed               ; --                     ; no                     ; no                     ; --                     ; --                     ; --                     ; no              ; no                             ; yes                 ; yes                           ; no                           ; no                           ;
; fir_filter_parallel_reduced_stream:impl|fir_filter_parallel_reduced:impl|Mult195~8 ; Two Independent 18x18 ; DSP_X33_Y37_N0  ; Mixed               ; --                     ; no                     ; no                     ; --                     ; --                     ; --                     ; no              ; no                             ; yes                 ; yes                           ; no                           ; no                           ;
; fir_filter_parallel_reduced_stream:impl|fir_filter_parallel_reduced:impl|Mult185~8 ; Two Independent 18x18 ; DSP_X49_Y61_N0  ; Mixed               ; --                     ; no                     ; no                     ; --                     ; --                     ; --                     ; no              ; no                             ; yes                 ; yes                           ; no                           ; no                           ;
; fir_filter_parallel_reduced_stream:impl|fir_filter_parallel_reduced:impl|Mult177~8 ; Two Independent 18x18 ; DSP_X33_Y63_N0  ; Mixed               ; --                     ; no                     ; no                     ; --                     ; --                     ; --                     ; no              ; no                             ; yes                 ; yes                           ; no                           ; no                           ;
; fir_filter_parallel_reduced_stream:impl|fir_filter_parallel_reduced:impl|Mult175~8 ; Two Independent 18x18 ; DSP_X20_Y69_N0  ; Mixed               ; --                     ; no                     ; no                     ; --                     ; --                     ; --                     ; no              ; no                             ; yes                 ; yes                           ; no                           ; no                           ;
; fir_filter_parallel_reduced_stream:impl|fir_filter_parallel_reduced:impl|Mult173~8 ; Two Independent 18x18 ; DSP_X33_Y65_N0  ; Mixed               ; --                     ; no                     ; no                     ; --                     ; --                     ; --                     ; no              ; no                             ; yes                 ; yes                           ; no                           ; no                           ;
; fir_filter_parallel_reduced_stream:impl|fir_filter_parallel_reduced:impl|Mult184~8 ; Two Independent 18x18 ; DSP_X20_Y71_N0  ; Mixed               ; --                     ; no                     ; no                     ; --                     ; --                     ; --                     ; no              ; no                             ; yes                 ; yes                           ; no                           ; no                           ;
; fir_filter_parallel_reduced_stream:impl|fir_filter_parallel_reduced:impl|Mult183~8 ; Two Independent 18x18 ; DSP_X20_Y55_N0  ; Mixed               ; --                     ; no                     ; no                     ; --                     ; --                     ; --                     ; no              ; no                             ; yes                 ; yes                           ; no                           ; no                           ;
; fir_filter_parallel_reduced_stream:impl|fir_filter_parallel_reduced:impl|Mult174~8 ; Two Independent 18x18 ; DSP_X20_Y73_N0  ; Mixed               ; --                     ; no                     ; no                     ; --                     ; --                     ; --                     ; no              ; no                             ; yes                 ; yes                           ; no                           ; no                           ;
; fir_filter_parallel_reduced_stream:impl|fir_filter_parallel_reduced:impl|Mult170~8 ; Two Independent 18x18 ; DSP_X33_Y75_N0  ; Mixed               ; --                     ; no                     ; no                     ; --                     ; --                     ; --                     ; no              ; no                             ; yes                 ; yes                           ; no                           ; no                           ;
; fir_filter_parallel_reduced_stream:impl|fir_filter_parallel_reduced:impl|Mult169~8 ; Two Independent 18x18 ; DSP_X20_Y77_N0  ; Mixed               ; --                     ; no                     ; no                     ; --                     ; --                     ; --                     ; no              ; no                             ; yes                 ; yes                           ; no                           ; no                           ;
; fir_filter_parallel_reduced_stream:impl|fir_filter_parallel_reduced:impl|Mult168~8 ; Two Independent 18x18 ; DSP_X33_Y73_N0  ; Mixed               ; --                     ; no                     ; no                     ; --                     ; --                     ; --                     ; no              ; no                             ; yes                 ; yes                           ; no                           ; no                           ;
; fir_filter_parallel_reduced_stream:impl|fir_filter_parallel_reduced:impl|Mult160~8 ; Two Independent 18x18 ; DSP_X49_Y81_N0  ; Mixed               ; --                     ; no                     ; no                     ; --                     ; --                     ; --                     ; no              ; no                             ; yes                 ; yes                           ; no                           ; no                           ;
; fir_filter_parallel_reduced_stream:impl|fir_filter_parallel_reduced:impl|Mult182~8 ; Two Independent 18x18 ; DSP_X49_Y59_N0  ; Mixed               ; --                     ; no                     ; no                     ; --                     ; --                     ; --                     ; no              ; no                             ; yes                 ; yes                           ; no                           ; no                           ;
; fir_filter_parallel_reduced_stream:impl|fir_filter_parallel_reduced:impl|Mult181~8 ; Two Independent 18x18 ; DSP_X20_Y65_N0  ; Mixed               ; --                     ; no                     ; no                     ; --                     ; --                     ; --                     ; no              ; no                             ; yes                 ; yes                           ; no                           ; no                           ;
; fir_filter_parallel_reduced_stream:impl|fir_filter_parallel_reduced:impl|Mult164~8 ; Two Independent 18x18 ; DSP_X33_Y87_N0  ; Mixed               ; --                     ; no                     ; no                     ; --                     ; --                     ; --                     ; no              ; no                             ; yes                 ; yes                           ; no                           ; no                           ;
; fir_filter_parallel_reduced_stream:impl|fir_filter_parallel_reduced:impl|Mult161~8 ; Two Independent 18x18 ; DSP_X20_Y83_N0  ; Mixed               ; --                     ; no                     ; no                     ; --                     ; --                     ; --                     ; no              ; no                             ; yes                 ; yes                           ; no                           ; no                           ;
; fir_filter_parallel_reduced_stream:impl|fir_filter_parallel_reduced:impl|Mult159~8 ; Two Independent 18x18 ; DSP_X33_Y83_N0  ; Mixed               ; --                     ; no                     ; no                     ; --                     ; --                     ; --                     ; no              ; no                             ; yes                 ; yes                           ; no                           ; no                           ;
; fir_filter_parallel_reduced_stream:impl|fir_filter_parallel_reduced:impl|Mult142~8 ; Two Independent 18x18 ; DSP_X49_Y77_N0  ; Mixed               ; --                     ; no                     ; no                     ; --                     ; --                     ; --                     ; no              ; no                             ; yes                 ; yes                           ; no                           ; no                           ;
; fir_filter_parallel_reduced_stream:impl|fir_filter_parallel_reduced:impl|Mult191~8 ; Two Independent 18x18 ; DSP_X49_Y53_N0  ; Mixed               ; --                     ; no                     ; no                     ; --                     ; --                     ; --                     ; no              ; no                             ; yes                 ; yes                           ; no                           ; no                           ;
; fir_filter_parallel_reduced_stream:impl|fir_filter_parallel_reduced:impl|Mult176~8 ; Two Independent 18x18 ; DSP_X49_Y67_N0  ; Mixed               ; --                     ; no                     ; no                     ; --                     ; --                     ; --                     ; no              ; no                             ; yes                 ; yes                           ; no                           ; no                           ;
; fir_filter_parallel_reduced_stream:impl|fir_filter_parallel_reduced:impl|Mult109~8 ; Two Independent 18x18 ; DSP_X49_Y71_N0  ; Mixed               ; --                     ; no                     ; no                     ; --                     ; --                     ; --                     ; no              ; no                             ; yes                 ; yes                           ; no                           ; no                           ;
; fir_filter_parallel_reduced_stream:impl|fir_filter_parallel_reduced:impl|Mult108~8 ; Two Independent 18x18 ; DSP_X20_Y81_N0  ; Mixed               ; --                     ; no                     ; no                     ; --                     ; --                     ; --                     ; no              ; no                             ; yes                 ; yes                           ; no                           ; no                           ;
; fir_filter_parallel_reduced_stream:impl|fir_filter_parallel_reduced:impl|Mult107~8 ; Two Independent 18x18 ; DSP_X49_Y79_N0  ; Mixed               ; --                     ; no                     ; no                     ; --                     ; --                     ; --                     ; no              ; no                             ; yes                 ; yes                           ; no                           ; no                           ;
; fir_filter_parallel_reduced_stream:impl|fir_filter_parallel_reduced:impl|Mult171~8 ; Two Independent 18x18 ; DSP_X33_Y81_N0  ; Mixed               ; --                     ; no                     ; no                     ; --                     ; --                     ; --                     ; no              ; no                             ; yes                 ; yes                           ; no                           ; no                           ;
; fir_filter_parallel_reduced_stream:impl|fir_filter_parallel_reduced:impl|Mult166~8 ; Two Independent 18x18 ; DSP_X33_Y85_N0  ; Mixed               ; --                     ; no                     ; no                     ; --                     ; --                     ; --                     ; no              ; no                             ; yes                 ; yes                           ; no                           ; no                           ;
; fir_filter_parallel_reduced_stream:impl|fir_filter_parallel_reduced:impl|Mult165~8 ; Two Independent 18x18 ; DSP_X20_Y85_N0  ; Mixed               ; --                     ; no                     ; no                     ; --                     ; --                     ; --                     ; no              ; no                             ; yes                 ; yes                           ; no                           ; no                           ;
; fir_filter_parallel_reduced_stream:impl|fir_filter_parallel_reduced:impl|Mult156~8 ; Two Independent 18x18 ; DSP_X65_Y83_N0  ; Mixed               ; --                     ; no                     ; no                     ; --                     ; --                     ; --                     ; no              ; no                             ; yes                 ; yes                           ; no                           ; no                           ;
; fir_filter_parallel_reduced_stream:impl|fir_filter_parallel_reduced:impl|Mult154~8 ; Two Independent 18x18 ; DSP_X65_Y85_N0  ; Mixed               ; --                     ; no                     ; no                     ; --                     ; --                     ; --                     ; no              ; no                             ; yes                 ; yes                           ; no                           ; no                           ;
; fir_filter_parallel_reduced_stream:impl|fir_filter_parallel_reduced:impl|Mult152~8 ; Two Independent 18x18 ; DSP_X65_Y87_N0  ; Mixed               ; --                     ; no                     ; no                     ; --                     ; --                     ; --                     ; no              ; no                             ; yes                 ; yes                           ; no                           ; no                           ;
; fir_filter_parallel_reduced_stream:impl|fir_filter_parallel_reduced:impl|Mult141~8 ; Two Independent 18x18 ; DSP_X65_Y67_N0  ; Mixed               ; --                     ; no                     ; no                     ; --                     ; --                     ; --                     ; no              ; no                             ; yes                 ; yes                           ; no                           ; no                           ;
; fir_filter_parallel_reduced_stream:impl|fir_filter_parallel_reduced:impl|Mult133~8 ; Two Independent 18x18 ; DSP_X65_Y65_N0  ; Mixed               ; --                     ; no                     ; no                     ; --                     ; --                     ; --                     ; no              ; no                             ; yes                 ; yes                           ; no                           ; no                           ;
; fir_filter_parallel_reduced_stream:impl|fir_filter_parallel_reduced:impl|Mult132~8 ; Two Independent 18x18 ; DSP_X49_Y69_N0  ; Mixed               ; --                     ; no                     ; no                     ; --                     ; --                     ; --                     ; no              ; no                             ; yes                 ; yes                           ; no                           ; no                           ;
; fir_filter_parallel_reduced_stream:impl|fir_filter_parallel_reduced:impl|Mult104~8 ; Two Independent 18x18 ; DSP_X49_Y89_N0  ; Mixed               ; --                     ; no                     ; no                     ; --                     ; --                     ; --                     ; no              ; no                             ; yes                 ; yes                           ; no                           ; no                           ;
; fir_filter_parallel_reduced_stream:impl|fir_filter_parallel_reduced:impl|Mult103~8 ; Two Independent 18x18 ; DSP_X49_Y91_N0  ; Mixed               ; --                     ; no                     ; no                     ; --                     ; --                     ; --                     ; no              ; no                             ; yes                 ; yes                           ; no                           ; no                           ;
; fir_filter_parallel_reduced_stream:impl|fir_filter_parallel_reduced:impl|Mult167~8 ; Two Independent 18x18 ; DSP_X20_Y89_N0  ; Mixed               ; --                     ; no                     ; no                     ; --                     ; --                     ; --                     ; no              ; no                             ; yes                 ; yes                           ; no                           ; no                           ;
; fir_filter_parallel_reduced_stream:impl|fir_filter_parallel_reduced:impl|Mult163~8 ; Two Independent 18x18 ; DSP_X20_Y87_N0  ; Mixed               ; --                     ; no                     ; no                     ; --                     ; --                     ; --                     ; no              ; no                             ; yes                 ; yes                           ; no                           ; no                           ;
; fir_filter_parallel_reduced_stream:impl|fir_filter_parallel_reduced:impl|Mult162~8 ; Two Independent 18x18 ; DSP_X33_Y99_N0  ; Mixed               ; --                     ; no                     ; no                     ; --                     ; --                     ; --                     ; no              ; no                             ; yes                 ; yes                           ; no                           ; no                           ;
; fir_filter_parallel_reduced_stream:impl|fir_filter_parallel_reduced:impl|Mult158~8 ; Two Independent 18x18 ; DSP_X49_Y87_N0  ; Mixed               ; --                     ; no                     ; no                     ; --                     ; --                     ; --                     ; no              ; no                             ; yes                 ; yes                           ; no                           ; no                           ;
; fir_filter_parallel_reduced_stream:impl|fir_filter_parallel_reduced:impl|Mult140~8 ; Two Independent 18x18 ; DSP_X65_Y77_N0  ; Mixed               ; --                     ; no                     ; no                     ; --                     ; --                     ; --                     ; no              ; no                             ; yes                 ; yes                           ; no                           ; no                           ;
; fir_filter_parallel_reduced_stream:impl|fir_filter_parallel_reduced:impl|Mult138~8 ; Two Independent 18x18 ; DSP_X65_Y73_N0  ; Mixed               ; --                     ; no                     ; no                     ; --                     ; --                     ; --                     ; no              ; no                             ; yes                 ; yes                           ; no                           ; no                           ;
; fir_filter_parallel_reduced_stream:impl|fir_filter_parallel_reduced:impl|Mult137~8 ; Two Independent 18x18 ; DSP_X65_Y69_N0  ; Mixed               ; --                     ; no                     ; no                     ; --                     ; --                     ; --                     ; no              ; no                             ; yes                 ; yes                           ; no                           ; no                           ;
+------------------------------------------------------------------------------------+-----------------------+-----------------+---------------------+------------------------+------------------------+------------------------+------------------------+------------------------+------------------------+-----------------+--------------------------------+---------------------+-------------------------------+------------------------------+------------------------------+


+----------------------------------------------------------+
; Routing Usage Summary                                    ;
+------------------------------+---------------------------+
; Routing Resource Type        ; Usage                     ;
+------------------------------+---------------------------+
; Block interconnects          ; 25,002 / 721,028 ( 3 % )  ;
; C12 interconnects            ; 6,046 / 30,780 ( 20 % )   ;
; C2 interconnects             ; 15,885 / 303,248 ( 5 % )  ;
; C4 interconnects             ; 11,841 / 140,620 ( 8 % )  ;
; DQS bus muxes                ; 0 / 35 ( 0 % )            ;
; DQS-18 I/O buses             ; 0 / 35 ( 0 % )            ;
; DQS-9 I/O buses              ; 0 / 35 ( 0 % )            ;
; Direct links                 ; 1,001 / 721,028 ( < 1 % ) ;
; Global clocks                ; 2 / 16 ( 13 % )           ;
; Horizontal periphery clocks  ; 0 / 96 ( 0 % )            ;
; Local interconnects          ; 5,127 / 227,120 ( 2 % )   ;
; Quadrant clocks              ; 0 / 88 ( 0 % )            ;
; R14 interconnects            ; 7,039 / 30,168 ( 23 % )   ;
; R14/C12 interconnect drivers ; 12,789 / 53,952 ( 24 % )  ;
; R3 interconnects             ; 17,852 / 331,920 ( 5 % )  ;
; R6 interconnects             ; 21,765 / 622,512 ( 3 % )  ;
; Spine clocks                 ; 30 / 480 ( 6 % )          ;
; Wire stub REs                ; 0 / 40,996 ( 0 % )        ;
+------------------------------+---------------------------+


+------------------------------------------+
; I/O Rules Summary                        ;
+----------------------------------+-------+
; I/O Rules Statistic              ; Total ;
+----------------------------------+-------+
; Total I/O Rules                  ; 28    ;
; Number of I/O Rules Passed       ; 6     ;
; Number of I/O Rules Failed       ; 0     ;
; Number of I/O Rules Unchecked    ; 0     ;
; Number of I/O Rules Inapplicable ; 22    ;
+----------------------------------+-------+


+-----------------------------------------------------------------------------------------------------------------------------------------------------------------------------------------------------------------------------------------------------------------------------------+
; I/O Rules Details                                                                                                                                                                                                                                                                 ;
+--------------+-----------+-----------------------------------+------------------------------------------------------------------------------------+----------+--------------------------------------------------------------------------+---------------------+-------------------+
; Status       ; ID        ; Category                          ; Rule Description                                                                   ; Severity ; Information                                                              ; Area                ; Extra Information ;
+--------------+-----------+-----------------------------------+------------------------------------------------------------------------------------+----------+--------------------------------------------------------------------------+---------------------+-------------------+
; Inapplicable ; IO_000001 ; Capacity Checks                   ; Number of pins in an I/O bank should not exceed the number of locations available. ; Critical ; No Location assignments found.                                           ; I/O                 ;                   ;
; Inapplicable ; IO_000002 ; Capacity Checks                   ; Number of clocks in an I/O bank should not exceed the number of clocks available.  ; Critical ; No Global Signal assignments found.                                      ; I/O                 ;                   ;
; Inapplicable ; IO_000003 ; Capacity Checks                   ; Number of pins in a Vrefgroup should not exceed the number of locations available. ; Critical ; No Location assignments found.                                           ; I/O                 ;                   ;
; Inapplicable ; IO_000004 ; Voltage Compatibility Checks      ; The I/O bank should support the requested VCCIO.                                   ; Critical ; No IOBANK_VCCIO assignments found.                                       ; I/O                 ;                   ;
; Inapplicable ; IO_000005 ; Voltage Compatibility Checks      ; The I/O bank should not have competing VREF values.                                ; Critical ; No VREF I/O Standard assignments found.                                  ; I/O                 ;                   ;
; Pass         ; IO_000006 ; Voltage Compatibility Checks      ; The I/O bank should not have competing VCCIO values.                               ; Critical ; 0 such failures found.                                                   ; I/O                 ;                   ;
; Inapplicable ; IO_000007 ; Valid Location Checks             ; Checks for unavailable locations.                                                  ; Critical ; No Location assignments found.                                           ; I/O                 ;                   ;
; Inapplicable ; IO_000008 ; Valid Location Checks             ; Checks for reserved locations.                                                     ; Critical ; No reserved LogicLock region found.                                      ; I/O                 ;                   ;
; Pass         ; IO_000009 ; I/O Properties Checks for One I/O ; The location should support the requested I/O standard.                            ; Critical ; 0 such failures found.                                                   ; I/O                 ;                   ;
; Pass         ; IO_000010 ; I/O Properties Checks for One I/O ; The location should support the requested I/O direction.                           ; Critical ; 0 such failures found.                                                   ; I/O                 ;                   ;
; Inapplicable ; IO_000011 ; I/O Properties Checks for One I/O ; The location should support the requested Current Strength.                        ; Critical ; No Current Strength assignments found.                                   ; I/O                 ;                   ;
; Pass         ; IO_000012 ; I/O Properties Checks for One I/O ; The location should support the requested On Chip Termination value.               ; Critical ; 0 such failures found.                                                   ; I/O                 ;                   ;
; Inapplicable ; IO_000013 ; I/O Properties Checks for One I/O ; The location should support the requested Bus Hold value.                          ; Critical ; No Enable Bus-Hold Circuitry assignments found.                          ; I/O                 ;                   ;
; Inapplicable ; IO_000014 ; I/O Properties Checks for One I/O ; The location should support the requested Weak Pull Up value.                      ; Critical ; No Weak Pull-Up Resistor assignments found.                              ; I/O                 ;                   ;
; Inapplicable ; IO_000015 ; I/O Properties Checks for One I/O ; The location should support the requested PCI Clamp Diode.                         ; Critical ; No Clamping Diode assignments found.                                     ; I/O                 ;                   ;
; Inapplicable ; IO_000018 ; I/O Properties Checks for One I/O ; The I/O standard should support the requested Current Strength.                    ; Critical ; No Current Strength assignments found.                                   ; I/O                 ;                   ;
; Pass         ; IO_000019 ; I/O Properties Checks for One I/O ; The I/O standard should support the requested On Chip Termination value.           ; Critical ; 0 such failures found.                                                   ; I/O                 ;                   ;
; Inapplicable ; IO_000020 ; I/O Properties Checks for One I/O ; The I/O standard should support the requested PCI Clamp Diode.                     ; Critical ; No Clamping Diode assignments found.                                     ; I/O                 ;                   ;
; Inapplicable ; IO_000021 ; I/O Properties Checks for One I/O ; The I/O standard should support the requested Weak Pull Up value.                  ; Critical ; No Weak Pull-Up Resistor assignments found.                              ; I/O                 ;                   ;
; Inapplicable ; IO_000022 ; I/O Properties Checks for One I/O ; The I/O standard should support the requested Bus Hold value.                      ; Critical ; No Enable Bus-Hold Circuitry assignments found.                          ; I/O                 ;                   ;
; Inapplicable ; IO_000023 ; I/O Properties Checks for One I/O ; The I/O standard should support the Open Drain value.                              ; Critical ; No open drain assignments found.                                         ; I/O                 ;                   ;
; Pass         ; IO_000024 ; I/O Properties Checks for One I/O ; The I/O direction should support the On Chip Termination value.                    ; Critical ; 0 such failures found.                                                   ; I/O                 ;                   ;
; Inapplicable ; IO_000026 ; I/O Properties Checks for One I/O ; On Chip Termination and Current Strength should not be used at the same time.      ; Critical ; No Current Strength assignments found.                                   ; I/O                 ;                   ;
; Inapplicable ; IO_000027 ; I/O Properties Checks for One I/O ; Weak Pull Up and Bus Hold should not be used at the same time.                     ; Critical ; No Enable Bus-Hold Circuitry or Weak Pull-Up Resistor assignments found. ; I/O                 ;                   ;
; Inapplicable ; IO_000045 ; I/O Properties Checks for One I/O ; The I/O standard should support the requested Slew Rate value.                     ; Critical ; No Slew Rate assignments found.                                          ; I/O                 ;                   ;
; Inapplicable ; IO_000046 ; I/O Properties Checks for One I/O ; The location should support the requested Slew Rate value.                         ; Critical ; No Slew Rate assignments found.                                          ; I/O                 ;                   ;
; Inapplicable ; IO_000047 ; I/O Properties Checks for One I/O ; On Chip Termination and Slew Rate should not be used at the same time.             ; Critical ; No Slew Rate assignments found.                                          ; I/O                 ;                   ;
; Inapplicable ; IO_000034 ; SI Related Distance Checks        ; Single-ended outputs should be 0 LAB row(s) away from a differential I/O.          ; High     ; No Differential I/O Standard assignments found.                          ; I/O                 ;                   ;
; ----         ; ----      ; Disclaimer                        ; OCT rules are checked but not reported.                                            ; None     ; ----                                                                     ; On Chip Termination ;                   ;
+--------------+-----------+-----------------------------------+------------------------------------------------------------------------------------+----------+--------------------------------------------------------------------------+---------------------+-------------------+


+-----------------------------------------------------------------------------------------------------------------------------------------------------------------------------------------------------------------------------------------------------------------------------------------------------------------------------------------------------------------------------------------------------------------------------------------------+
; I/O Rules Matrix                                                                                                                                                                                                                                                                                                                                                                                                                              ;
+--------------------+--------------+--------------+--------------+--------------+--------------+-----------+--------------+--------------+-----------+-----------+--------------+--------------+--------------+--------------+--------------+--------------+--------------+--------------+--------------+--------------+--------------+--------------+--------------+--------------+--------------+--------------+--------------+--------------+
; Pin/Rules          ; IO_000001    ; IO_000002    ; IO_000003    ; IO_000004    ; IO_000005    ; IO_000006 ; IO_000007    ; IO_000008    ; IO_000009 ; IO_000010 ; IO_000011    ; IO_000012    ; IO_000013    ; IO_000014    ; IO_000015    ; IO_000018    ; IO_000019    ; IO_000020    ; IO_000021    ; IO_000022    ; IO_000023    ; IO_000024    ; IO_000026    ; IO_000027    ; IO_000045    ; IO_000046    ; IO_000047    ; IO_000034    ;
+--------------------+--------------+--------------+--------------+--------------+--------------+-----------+--------------+--------------+-----------+-----------+--------------+--------------+--------------+--------------+--------------+--------------+--------------+--------------+--------------+--------------+--------------+--------------+--------------+--------------+--------------+--------------+--------------+--------------+
; Total Pass         ; 0            ; 0            ; 0            ; 0            ; 0            ; 36        ; 0            ; 0            ; 36        ; 36        ; 0            ; 17           ; 0            ; 0            ; 0            ; 0            ; 17           ; 0            ; 0            ; 0            ; 0            ; 17           ; 0            ; 0            ; 0            ; 0            ; 0            ; 0            ;
; Total Unchecked    ; 0            ; 0            ; 0            ; 0            ; 0            ; 0         ; 0            ; 0            ; 0         ; 0         ; 0            ; 0            ; 0            ; 0            ; 0            ; 0            ; 0            ; 0            ; 0            ; 0            ; 0            ; 0            ; 0            ; 0            ; 0            ; 0            ; 0            ; 0            ;
; Total Inapplicable ; 36           ; 36           ; 36           ; 36           ; 36           ; 0         ; 36           ; 36           ; 0         ; 0         ; 36           ; 19           ; 36           ; 36           ; 36           ; 36           ; 19           ; 36           ; 36           ; 36           ; 36           ; 19           ; 36           ; 36           ; 36           ; 36           ; 36           ; 36           ;
; Total Fail         ; 0            ; 0            ; 0            ; 0            ; 0            ; 0         ; 0            ; 0            ; 0         ; 0         ; 0            ; 0            ; 0            ; 0            ; 0            ; 0            ; 0            ; 0            ; 0            ; 0            ; 0            ; 0            ; 0            ; 0            ; 0            ; 0            ; 0            ; 0            ;
; sample_out_valid   ; Inapplicable ; Inapplicable ; Inapplicable ; Inapplicable ; Inapplicable ; Pass      ; Inapplicable ; Inapplicable ; Pass      ; Pass      ; Inapplicable ; Pass         ; Inapplicable ; Inapplicable ; Inapplicable ; Inapplicable ; Pass         ; Inapplicable ; Inapplicable ; Inapplicable ; Inapplicable ; Pass         ; Inapplicable ; Inapplicable ; Inapplicable ; Inapplicable ; Inapplicable ; Inapplicable ;
; sample_out[0]      ; Inapplicable ; Inapplicable ; Inapplicable ; Inapplicable ; Inapplicable ; Pass      ; Inapplicable ; Inapplicable ; Pass      ; Pass      ; Inapplicable ; Pass         ; Inapplicable ; Inapplicable ; Inapplicable ; Inapplicable ; Pass         ; Inapplicable ; Inapplicable ; Inapplicable ; Inapplicable ; Pass         ; Inapplicable ; Inapplicable ; Inapplicable ; Inapplicable ; Inapplicable ; Inapplicable ;
; sample_out[1]      ; Inapplicable ; Inapplicable ; Inapplicable ; Inapplicable ; Inapplicable ; Pass      ; Inapplicable ; Inapplicable ; Pass      ; Pass      ; Inapplicable ; Pass         ; Inapplicable ; Inapplicable ; Inapplicable ; Inapplicable ; Pass         ; Inapplicable ; Inapplicable ; Inapplicable ; Inapplicable ; Pass         ; Inapplicable ; Inapplicable ; Inapplicable ; Inapplicable ; Inapplicable ; Inapplicable ;
; sample_out[2]      ; Inapplicable ; Inapplicable ; Inapplicable ; Inapplicable ; Inapplicable ; Pass      ; Inapplicable ; Inapplicable ; Pass      ; Pass      ; Inapplicable ; Pass         ; Inapplicable ; Inapplicable ; Inapplicable ; Inapplicable ; Pass         ; Inapplicable ; Inapplicable ; Inapplicable ; Inapplicable ; Pass         ; Inapplicable ; Inapplicable ; Inapplicable ; Inapplicable ; Inapplicable ; Inapplicable ;
; sample_out[3]      ; Inapplicable ; Inapplicable ; Inapplicable ; Inapplicable ; Inapplicable ; Pass      ; Inapplicable ; Inapplicable ; Pass      ; Pass      ; Inapplicable ; Pass         ; Inapplicable ; Inapplicable ; Inapplicable ; Inapplicable ; Pass         ; Inapplicable ; Inapplicable ; Inapplicable ; Inapplicable ; Pass         ; Inapplicable ; Inapplicable ; Inapplicable ; Inapplicable ; Inapplicable ; Inapplicable ;
; sample_out[4]      ; Inapplicable ; Inapplicable ; Inapplicable ; Inapplicable ; Inapplicable ; Pass      ; Inapplicable ; Inapplicable ; Pass      ; Pass      ; Inapplicable ; Pass         ; Inapplicable ; Inapplicable ; Inapplicable ; Inapplicable ; Pass         ; Inapplicable ; Inapplicable ; Inapplicable ; Inapplicable ; Pass         ; Inapplicable ; Inapplicable ; Inapplicable ; Inapplicable ; Inapplicable ; Inapplicable ;
; sample_out[5]      ; Inapplicable ; Inapplicable ; Inapplicable ; Inapplicable ; Inapplicable ; Pass      ; Inapplicable ; Inapplicable ; Pass      ; Pass      ; Inapplicable ; Pass         ; Inapplicable ; Inapplicable ; Inapplicable ; Inapplicable ; Pass         ; Inapplicable ; Inapplicable ; Inapplicable ; Inapplicable ; Pass         ; Inapplicable ; Inapplicable ; Inapplicable ; Inapplicable ; Inapplicable ; Inapplicable ;
; sample_out[6]      ; Inapplicable ; Inapplicable ; Inapplicable ; Inapplicable ; Inapplicable ; Pass      ; Inapplicable ; Inapplicable ; Pass      ; Pass      ; Inapplicable ; Pass         ; Inapplicable ; Inapplicable ; Inapplicable ; Inapplicable ; Pass         ; Inapplicable ; Inapplicable ; Inapplicable ; Inapplicable ; Pass         ; Inapplicable ; Inapplicable ; Inapplicable ; Inapplicable ; Inapplicable ; Inapplicable ;
; sample_out[7]      ; Inapplicable ; Inapplicable ; Inapplicable ; Inapplicable ; Inapplicable ; Pass      ; Inapplicable ; Inapplicable ; Pass      ; Pass      ; Inapplicable ; Pass         ; Inapplicable ; Inapplicable ; Inapplicable ; Inapplicable ; Pass         ; Inapplicable ; Inapplicable ; Inapplicable ; Inapplicable ; Pass         ; Inapplicable ; Inapplicable ; Inapplicable ; Inapplicable ; Inapplicable ; Inapplicable ;
; sample_out[8]      ; Inapplicable ; Inapplicable ; Inapplicable ; Inapplicable ; Inapplicable ; Pass      ; Inapplicable ; Inapplicable ; Pass      ; Pass      ; Inapplicable ; Pass         ; Inapplicable ; Inapplicable ; Inapplicable ; Inapplicable ; Pass         ; Inapplicable ; Inapplicable ; Inapplicable ; Inapplicable ; Pass         ; Inapplicable ; Inapplicable ; Inapplicable ; Inapplicable ; Inapplicable ; Inapplicable ;
; sample_out[9]      ; Inapplicable ; Inapplicable ; Inapplicable ; Inapplicable ; Inapplicable ; Pass      ; Inapplicable ; Inapplicable ; Pass      ; Pass      ; Inapplicable ; Pass         ; Inapplicable ; Inapplicable ; Inapplicable ; Inapplicable ; Pass         ; Inapplicable ; Inapplicable ; Inapplicable ; Inapplicable ; Pass         ; Inapplicable ; Inapplicable ; Inapplicable ; Inapplicable ; Inapplicable ; Inapplicable ;
; sample_out[10]     ; Inapplicable ; Inapplicable ; Inapplicable ; Inapplicable ; Inapplicable ; Pass      ; Inapplicable ; Inapplicable ; Pass      ; Pass      ; Inapplicable ; Pass         ; Inapplicable ; Inapplicable ; Inapplicable ; Inapplicable ; Pass         ; Inapplicable ; Inapplicable ; Inapplicable ; Inapplicable ; Pass         ; Inapplicable ; Inapplicable ; Inapplicable ; Inapplicable ; Inapplicable ; Inapplicable ;
; sample_out[11]     ; Inapplicable ; Inapplicable ; Inapplicable ; Inapplicable ; Inapplicable ; Pass      ; Inapplicable ; Inapplicable ; Pass      ; Pass      ; Inapplicable ; Pass         ; Inapplicable ; Inapplicable ; Inapplicable ; Inapplicable ; Pass         ; Inapplicable ; Inapplicable ; Inapplicable ; Inapplicable ; Pass         ; Inapplicable ; Inapplicable ; Inapplicable ; Inapplicable ; Inapplicable ; Inapplicable ;
; sample_out[12]     ; Inapplicable ; Inapplicable ; Inapplicable ; Inapplicable ; Inapplicable ; Pass      ; Inapplicable ; Inapplicable ; Pass      ; Pass      ; Inapplicable ; Pass         ; Inapplicable ; Inapplicable ; Inapplicable ; Inapplicable ; Pass         ; Inapplicable ; Inapplicable ; Inapplicable ; Inapplicable ; Pass         ; Inapplicable ; Inapplicable ; Inapplicable ; Inapplicable ; Inapplicable ; Inapplicable ;
; sample_out[13]     ; Inapplicable ; Inapplicable ; Inapplicable ; Inapplicable ; Inapplicable ; Pass      ; Inapplicable ; Inapplicable ; Pass      ; Pass      ; Inapplicable ; Pass         ; Inapplicable ; Inapplicable ; Inapplicable ; Inapplicable ; Pass         ; Inapplicable ; Inapplicable ; Inapplicable ; Inapplicable ; Pass         ; Inapplicable ; Inapplicable ; Inapplicable ; Inapplicable ; Inapplicable ; Inapplicable ;
; sample_out[14]     ; Inapplicable ; Inapplicable ; Inapplicable ; Inapplicable ; Inapplicable ; Pass      ; Inapplicable ; Inapplicable ; Pass      ; Pass      ; Inapplicable ; Pass         ; Inapplicable ; Inapplicable ; Inapplicable ; Inapplicable ; Pass         ; Inapplicable ; Inapplicable ; Inapplicable ; Inapplicable ; Pass         ; Inapplicable ; Inapplicable ; Inapplicable ; Inapplicable ; Inapplicable ; Inapplicable ;
; sample_out[15]     ; Inapplicable ; Inapplicable ; Inapplicable ; Inapplicable ; Inapplicable ; Pass      ; Inapplicable ; Inapplicable ; Pass      ; Pass      ; Inapplicable ; Pass         ; Inapplicable ; Inapplicable ; Inapplicable ; Inapplicable ; Pass         ; Inapplicable ; Inapplicable ; Inapplicable ; Inapplicable ; Pass         ; Inapplicable ; Inapplicable ; Inapplicable ; Inapplicable ; Inapplicable ; Inapplicable ;
; clk                ; Inapplicable ; Inapplicable ; Inapplicable ; Inapplicable ; Inapplicable ; Pass      ; Inapplicable ; Inapplicable ; Pass      ; Pass      ; Inapplicable ; Inapplicable ; Inapplicable ; Inapplicable ; Inapplicable ; Inapplicable ; Inapplicable ; Inapplicable ; Inapplicable ; Inapplicable ; Inapplicable ; Inapplicable ; Inapplicable ; Inapplicable ; Inapplicable ; Inapplicable ; Inapplicable ; Inapplicable ;
; rst_n              ; Inapplicable ; Inapplicable ; Inapplicable ; Inapplicable ; Inapplicable ; Pass      ; Inapplicable ; Inapplicable ; Pass      ; Pass      ; Inapplicable ; Inapplicable ; Inapplicable ; Inapplicable ; Inapplicable ; Inapplicable ; Inapplicable ; Inapplicable ; Inapplicable ; Inapplicable ; Inapplicable ; Inapplicable ; Inapplicable ; Inapplicable ; Inapplicable ; Inapplicable ; Inapplicable ; Inapplicable ;
; sample_valid       ; Inapplicable ; Inapplicable ; Inapplicable ; Inapplicable ; Inapplicable ; Pass      ; Inapplicable ; Inapplicable ; Pass      ; Pass      ; Inapplicable ; Inapplicable ; Inapplicable ; Inapplicable ; Inapplicable ; Inapplicable ; Inapplicable ; Inapplicable ; Inapplicable ; Inapplicable ; Inapplicable ; Inapplicable ; Inapplicable ; Inapplicable ; Inapplicable ; Inapplicable ; Inapplicable ; Inapplicable ;
; sample_in[15]      ; Inapplicable ; Inapplicable ; Inapplicable ; Inapplicable ; Inapplicable ; Pass      ; Inapplicable ; Inapplicable ; Pass      ; Pass      ; Inapplicable ; Inapplicable ; Inapplicable ; Inapplicable ; Inapplicable ; Inapplicable ; Inapplicable ; Inapplicable ; Inapplicable ; Inapplicable ; Inapplicable ; Inapplicable ; Inapplicable ; Inapplicable ; Inapplicable ; Inapplicable ; Inapplicable ; Inapplicable ;
; sample_in[14]      ; Inapplicable ; Inapplicable ; Inapplicable ; Inapplicable ; Inapplicable ; Pass      ; Inapplicable ; Inapplicable ; Pass      ; Pass      ; Inapplicable ; Inapplicable ; Inapplicable ; Inapplicable ; Inapplicable ; Inapplicable ; Inapplicable ; Inapplicable ; Inapplicable ; Inapplicable ; Inapplicable ; Inapplicable ; Inapplicable ; Inapplicable ; Inapplicable ; Inapplicable ; Inapplicable ; Inapplicable ;
; sample_in[13]      ; Inapplicable ; Inapplicable ; Inapplicable ; Inapplicable ; Inapplicable ; Pass      ; Inapplicable ; Inapplicable ; Pass      ; Pass      ; Inapplicable ; Inapplicable ; Inapplicable ; Inapplicable ; Inapplicable ; Inapplicable ; Inapplicable ; Inapplicable ; Inapplicable ; Inapplicable ; Inapplicable ; Inapplicable ; Inapplicable ; Inapplicable ; Inapplicable ; Inapplicable ; Inapplicable ; Inapplicable ;
; sample_in[0]       ; Inapplicable ; Inapplicable ; Inapplicable ; Inapplicable ; Inapplicable ; Pass      ; Inapplicable ; Inapplicable ; Pass      ; Pass      ; Inapplicable ; Inapplicable ; Inapplicable ; Inapplicable ; Inapplicable ; Inapplicable ; Inapplicable ; Inapplicable ; Inapplicable ; Inapplicable ; Inapplicable ; Inapplicable ; Inapplicable ; Inapplicable ; Inapplicable ; Inapplicable ; Inapplicable ; Inapplicable ;
; sample_in[1]       ; Inapplicable ; Inapplicable ; Inapplicable ; Inapplicable ; Inapplicable ; Pass      ; Inapplicable ; Inapplicable ; Pass      ; Pass      ; Inapplicable ; Inapplicable ; Inapplicable ; Inapplicable ; Inapplicable ; Inapplicable ; Inapplicable ; Inapplicable ; Inapplicable ; Inapplicable ; Inapplicable ; Inapplicable ; Inapplicable ; Inapplicable ; Inapplicable ; Inapplicable ; Inapplicable ; Inapplicable ;
; sample_in[2]       ; Inapplicable ; Inapplicable ; Inapplicable ; Inapplicable ; Inapplicable ; Pass      ; Inapplicable ; Inapplicable ; Pass      ; Pass      ; Inapplicable ; Inapplicable ; Inapplicable ; Inapplicable ; Inapplicable ; Inapplicable ; Inapplicable ; Inapplicable ; Inapplicable ; Inapplicable ; Inapplicable ; Inapplicable ; Inapplicable ; Inapplicable ; Inapplicable ; Inapplicable ; Inapplicable ; Inapplicable ;
; sample_in[3]       ; Inapplicable ; Inapplicable ; Inapplicable ; Inapplicable ; Inapplicable ; Pass      ; Inapplicable ; Inapplicable ; Pass      ; Pass      ; Inapplicable ; Inapplicable ; Inapplicable ; Inapplicable ; Inapplicable ; Inapplicable ; Inapplicable ; Inapplicable ; Inapplicable ; Inapplicable ; Inapplicable ; Inapplicable ; Inapplicable ; Inapplicable ; Inapplicable ; Inapplicable ; Inapplicable ; Inapplicable ;
; sample_in[4]       ; Inapplicable ; Inapplicable ; Inapplicable ; Inapplicable ; Inapplicable ; Pass      ; Inapplicable ; Inapplicable ; Pass      ; Pass      ; Inapplicable ; Inapplicable ; Inapplicable ; Inapplicable ; Inapplicable ; Inapplicable ; Inapplicable ; Inapplicable ; Inapplicable ; Inapplicable ; Inapplicable ; Inapplicable ; Inapplicable ; Inapplicable ; Inapplicable ; Inapplicable ; Inapplicable ; Inapplicable ;
; sample_in[5]       ; Inapplicable ; Inapplicable ; Inapplicable ; Inapplicable ; Inapplicable ; Pass      ; Inapplicable ; Inapplicable ; Pass      ; Pass      ; Inapplicable ; Inapplicable ; Inapplicable ; Inapplicable ; Inapplicable ; Inapplicable ; Inapplicable ; Inapplicable ; Inapplicable ; Inapplicable ; Inapplicable ; Inapplicable ; Inapplicable ; Inapplicable ; Inapplicable ; Inapplicable ; Inapplicable ; Inapplicable ;
; sample_in[6]       ; Inapplicable ; Inapplicable ; Inapplicable ; Inapplicable ; Inapplicable ; Pass      ; Inapplicable ; Inapplicable ; Pass      ; Pass      ; Inapplicable ; Inapplicable ; Inapplicable ; Inapplicable ; Inapplicable ; Inapplicable ; Inapplicable ; Inapplicable ; Inapplicable ; Inapplicable ; Inapplicable ; Inapplicable ; Inapplicable ; Inapplicable ; Inapplicable ; Inapplicable ; Inapplicable ; Inapplicable ;
; sample_in[7]       ; Inapplicable ; Inapplicable ; Inapplicable ; Inapplicable ; Inapplicable ; Pass      ; Inapplicable ; Inapplicable ; Pass      ; Pass      ; Inapplicable ; Inapplicable ; Inapplicable ; Inapplicable ; Inapplicable ; Inapplicable ; Inapplicable ; Inapplicable ; Inapplicable ; Inapplicable ; Inapplicable ; Inapplicable ; Inapplicable ; Inapplicable ; Inapplicable ; Inapplicable ; Inapplicable ; Inapplicable ;
; sample_in[8]       ; Inapplicable ; Inapplicable ; Inapplicable ; Inapplicable ; Inapplicable ; Pass      ; Inapplicable ; Inapplicable ; Pass      ; Pass      ; Inapplicable ; Inapplicable ; Inapplicable ; Inapplicable ; Inapplicable ; Inapplicable ; Inapplicable ; Inapplicable ; Inapplicable ; Inapplicable ; Inapplicable ; Inapplicable ; Inapplicable ; Inapplicable ; Inapplicable ; Inapplicable ; Inapplicable ; Inapplicable ;
; sample_in[9]       ; Inapplicable ; Inapplicable ; Inapplicable ; Inapplicable ; Inapplicable ; Pass      ; Inapplicable ; Inapplicable ; Pass      ; Pass      ; Inapplicable ; Inapplicable ; Inapplicable ; Inapplicable ; Inapplicable ; Inapplicable ; Inapplicable ; Inapplicable ; Inapplicable ; Inapplicable ; Inapplicable ; Inapplicable ; Inapplicable ; Inapplicable ; Inapplicable ; Inapplicable ; Inapplicable ; Inapplicable ;
; sample_in[10]      ; Inapplicable ; Inapplicable ; Inapplicable ; Inapplicable ; Inapplicable ; Pass      ; Inapplicable ; Inapplicable ; Pass      ; Pass      ; Inapplicable ; Inapplicable ; Inapplicable ; Inapplicable ; Inapplicable ; Inapplicable ; Inapplicable ; Inapplicable ; Inapplicable ; Inapplicable ; Inapplicable ; Inapplicable ; Inapplicable ; Inapplicable ; Inapplicable ; Inapplicable ; Inapplicable ; Inapplicable ;
; sample_in[11]      ; Inapplicable ; Inapplicable ; Inapplicable ; Inapplicable ; Inapplicable ; Pass      ; Inapplicable ; Inapplicable ; Pass      ; Pass      ; Inapplicable ; Inapplicable ; Inapplicable ; Inapplicable ; Inapplicable ; Inapplicable ; Inapplicable ; Inapplicable ; Inapplicable ; Inapplicable ; Inapplicable ; Inapplicable ; Inapplicable ; Inapplicable ; Inapplicable ; Inapplicable ; Inapplicable ; Inapplicable ;
; sample_in[12]      ; Inapplicable ; Inapplicable ; Inapplicable ; Inapplicable ; Inapplicable ; Pass      ; Inapplicable ; Inapplicable ; Pass      ; Pass      ; Inapplicable ; Inapplicable ; Inapplicable ; Inapplicable ; Inapplicable ; Inapplicable ; Inapplicable ; Inapplicable ; Inapplicable ; Inapplicable ; Inapplicable ; Inapplicable ; Inapplicable ; Inapplicable ; Inapplicable ; Inapplicable ; Inapplicable ; Inapplicable ;
+--------------------+--------------+--------------+--------------+--------------+--------------+-----------+--------------+--------------+-----------+-----------+--------------+--------------+--------------+--------------+--------------+--------------+--------------+--------------+--------------+--------------+--------------+--------------+--------------+--------------+--------------+--------------+--------------+--------------+


+------------------------------------------------------------------------------------------------+
; Fitter Device Options                                                                          ;
+------------------------------------------------------------------+-----------------------------+
; Option                                                           ; Setting                     ;
+------------------------------------------------------------------+-----------------------------+
; Enable user-supplied start-up clock (CLKUSR)                     ; Off                         ;
; Enable device-wide reset (DEV_CLRn)                              ; Off                         ;
; Enable device-wide output enable (DEV_OE)                        ; Off                         ;
; Enable INIT_DONE output                                          ; Off                         ;
; Configuration scheme                                             ; Passive Serial              ;
; Enable Error Detection CRC_ERROR pin                             ; Off                         ;
; Enable CvP_CONFDONE pin                                          ; Off                         ;
; Enable open drain on CRC_ERROR pin                               ; On                          ;
; Enable open drain on CvP_CONFDONE pin                            ; On                          ;
; Enable open drain on INIT_DONE pin                               ; On                          ;
; Enable open drain on Partial Reconfiguration pins                ; Off                         ;
; Enable open drain on nCEO pin                                    ; On                          ;
; Enable Partial Reconfiguration pins                              ; Off                         ;
; Enable input tri-state on active configuration pins in user mode ; Off                         ;
; Enable internal scrubbing                                        ; Off                         ;
; Active Serial clock source                                       ; 100 MHz Internal Oscillator ;
; Device initialization clock source                               ; Internal Oscillator         ;
; Configuration via Protocol                                       ; Off                         ;
; Configuration Voltage Level                                      ; Auto                        ;
; Force Configuration Voltage Level                                ; Off                         ;
; Enable nCEO output                                               ; Off                         ;
; Data[15..8]                                                      ; Unreserved                  ;
; Data[7..5]                                                       ; Unreserved                  ;
; Base pin-out file on sameframe device                            ; Off                         ;
+------------------------------------------------------------------+-----------------------------+


+------------------------------------+
; Operating Settings and Conditions  ;
+---------------------------+--------+
; Setting                   ; Value  ;
+---------------------------+--------+
; Nominal Core Voltage      ; 1.10 V ;
; Low Junction Temperature  ; 0 °C   ;
; High Junction Temperature ; 85 °C  ;
+---------------------------+--------+


+------------------------------------------------------------+
; Estimated Delay Added for Hold Timing Summary              ;
+-----------------+----------------------+-------------------+
; Source Clock(s) ; Destination Clock(s) ; Delay Added in ns ;
+-----------------+----------------------+-------------------+
; clk,I/O         ; clk                  ; 106.9             ;
; clk             ; clk                  ; 25.4              ;
+-----------------+----------------------+-------------------+
Note: For more information on problematic transfers, consider running the Fitter again with the Optimize hold timing option (Settings Menu) turned off.
This will disable optimization of problematic paths and expose them for further analysis using the Timing Analyzer.


+--------------------------------------------------------------------------------------------------------------------------------------------------------------------------------------------------------------+
; Estimated Delay Added for Hold Timing Details                                                                                                                                                                ;
+---------------------------------------------------------------------------------------------+--------------------------------------------------------------------------------------------+-------------------+
; Source Register                                                                             ; Destination Register                                                                       ; Delay Added in ns ;
+---------------------------------------------------------------------------------------------+--------------------------------------------------------------------------------------------+-------------------+
; fir_filter_parallel_reduced_stream:impl|fir_filter_parallel_reduced:impl|history[0][70][5]  ; fir_filter_parallel_reduced_stream:impl|fir_filter_parallel_reduced:impl|sample_out[1][15] ; 0.356             ;
; fir_filter_parallel_reduced_stream:impl|fir_filter_parallel_reduced:impl|history[0][26][1]  ; fir_filter_parallel_reduced_stream:impl|fir_filter_parallel_reduced:impl|sample_out[1][15] ; 0.353             ;
; fir_filter_parallel_reduced_stream:impl|fir_filter_parallel_reduced:impl|history[1][26][14] ; fir_filter_parallel_reduced_stream:impl|fir_filter_parallel_reduced:impl|sample_out[1][15] ; 0.340             ;
; fir_filter_parallel_reduced_stream:impl|fir_filter_parallel_reduced:impl|history[0][58][10] ; fir_filter_parallel_reduced_stream:impl|fir_filter_parallel_reduced:impl|sample_out[1][15] ; 0.339             ;
; fir_filter_parallel_reduced_stream:impl|fir_filter_parallel_reduced:impl|history[1][18][5]  ; fir_filter_parallel_reduced_stream:impl|fir_filter_parallel_reduced:impl|sample_out[1][15] ; 0.339             ;
; fir_filter_parallel_reduced_stream:impl|fir_filter_parallel_reduced:impl|history[1][92][12] ; fir_filter_parallel_reduced_stream:impl|fir_filter_parallel_reduced:impl|sample_out[0][15] ; 0.338             ;
; fir_filter_parallel_reduced_stream:impl|fir_filter_parallel_reduced:impl|history[1][27][12] ; fir_filter_parallel_reduced_stream:impl|fir_filter_parallel_reduced:impl|sample_out[1][15] ; 0.338             ;
; fir_filter_parallel_reduced_stream:impl|fir_filter_parallel_reduced:impl|history[1][27][7]  ; fir_filter_parallel_reduced_stream:impl|fir_filter_parallel_reduced:impl|sample_out[1][15] ; 0.338             ;
; fir_filter_parallel_reduced_stream:impl|fir_filter_parallel_reduced:impl|history[1][85][4]  ; fir_filter_parallel_reduced_stream:impl|fir_filter_parallel_reduced:impl|sample_out[1][15] ; 0.337             ;
; fir_filter_parallel_reduced_stream:impl|fir_filter_parallel_reduced:impl|history[1][11][10] ; fir_filter_parallel_reduced_stream:impl|fir_filter_parallel_reduced:impl|sample_out[0][15] ; 0.337             ;
; fir_filter_parallel_reduced_stream:impl|fir_filter_parallel_reduced:impl|history[0][18][5]  ; fir_filter_parallel_reduced_stream:impl|fir_filter_parallel_reduced:impl|sample_out[1][15] ; 0.335             ;
; fir_filter_parallel_reduced_stream:impl|output_fifo_count[0]                                ; fir_filter_parallel_reduced_stream:impl|output_fifo_count[1]                               ; 0.323             ;
; fir_filter_parallel_reduced_stream:impl|output_fifo_count[2]                                ; fir_filter_parallel_reduced_stream:impl|output_fifo[4][10]                                 ; 0.304             ;
; fir_filter_parallel_reduced_stream:impl|fir_filter_parallel_reduced:impl|history[0][37][0]  ; fir_filter_parallel_reduced_stream:impl|fir_filter_parallel_reduced:impl|sample_out[1][15] ; 0.284             ;
; fir_filter_parallel_reduced_stream:impl|fir_filter_parallel_reduced:impl|history[0][59][0]  ; fir_filter_parallel_reduced_stream:impl|fir_filter_parallel_reduced:impl|sample_out[1][15] ; 0.284             ;
; fir_filter_parallel_reduced_stream:impl|fir_filter_parallel_reduced:impl|history[0][67][8]  ; fir_filter_parallel_reduced_stream:impl|fir_filter_parallel_reduced:impl|sample_out[1][15] ; 0.284             ;
; fir_filter_parallel_reduced_stream:impl|fir_filter_parallel_reduced:impl|history[0][78][11] ; fir_filter_parallel_reduced_stream:impl|fir_filter_parallel_reduced:impl|sample_out[1][15] ; 0.284             ;
; fir_filter_parallel_reduced_stream:impl|fir_filter_parallel_reduced:impl|history[0][78][12] ; fir_filter_parallel_reduced_stream:impl|fir_filter_parallel_reduced:impl|sample_out[1][15] ; 0.284             ;
; fir_filter_parallel_reduced_stream:impl|fir_filter_parallel_reduced:impl|history[0][37][3]  ; fir_filter_parallel_reduced_stream:impl|fir_filter_parallel_reduced:impl|sample_out[1][15] ; 0.283             ;
; fir_filter_parallel_reduced_stream:impl|fir_filter_parallel_reduced:impl|history[0][69][5]  ; fir_filter_parallel_reduced_stream:impl|fir_filter_parallel_reduced:impl|sample_out[1][15] ; 0.283             ;
; fir_filter_parallel_reduced_stream:impl|fir_filter_parallel_reduced:impl|history[0][47][8]  ; fir_filter_parallel_reduced_stream:impl|fir_filter_parallel_reduced:impl|sample_out[1][15] ; 0.283             ;
; fir_filter_parallel_reduced_stream:impl|fir_filter_parallel_reduced:impl|history[0][78][10] ; fir_filter_parallel_reduced_stream:impl|fir_filter_parallel_reduced:impl|sample_out[1][15] ; 0.283             ;
; fir_filter_parallel_reduced_stream:impl|fir_filter_parallel_reduced:impl|history[0][77][14] ; fir_filter_parallel_reduced_stream:impl|fir_filter_parallel_reduced:impl|sample_out[1][15] ; 0.283             ;
; fir_filter_parallel_reduced_stream:impl|fir_filter_parallel_reduced:impl|history[0][64][10] ; fir_filter_parallel_reduced_stream:impl|fir_filter_parallel_reduced:impl|sample_out[1][15] ; 0.282             ;
; fir_filter_parallel_reduced_stream:impl|fir_filter_parallel_reduced:impl|history[1][14][9]  ; fir_filter_parallel_reduced_stream:impl|fir_filter_parallel_reduced:impl|sample_out[1][15] ; 0.282             ;
; fir_filter_parallel_reduced_stream:impl|fir_filter_parallel_reduced:impl|history[1][85][1]  ; fir_filter_parallel_reduced_stream:impl|fir_filter_parallel_reduced:impl|sample_out[1][15] ; 0.281             ;
; fir_filter_parallel_reduced_stream:impl|fir_filter_parallel_reduced:impl|history[0][55][1]  ; fir_filter_parallel_reduced_stream:impl|fir_filter_parallel_reduced:impl|sample_out[1][15] ; 0.281             ;
; fir_filter_parallel_reduced_stream:impl|fir_filter_parallel_reduced:impl|history[0][53][15] ; fir_filter_parallel_reduced_stream:impl|fir_filter_parallel_reduced:impl|sample_out[1][15] ; 0.281             ;
; fir_filter_parallel_reduced_stream:impl|output_fifo_count[1]                                ; fir_filter_parallel_reduced_stream:impl|output_fifo_count[2]                               ; 0.279             ;
; fir_filter_parallel_reduced_stream:impl|fir_filter_parallel_reduced:impl|history[1][19][4]  ; fir_filter_parallel_reduced_stream:impl|fir_filter_parallel_reduced:impl|sample_out[1][15] ; 0.275             ;
; fir_filter_parallel_reduced_stream:impl|fir_filter_parallel_reduced:impl|history[0][29][2]  ; fir_filter_parallel_reduced_stream:impl|fir_filter_parallel_reduced:impl|sample_out[1][15] ; 0.271             ;
; fir_filter_parallel_reduced_stream:impl|fir_filter_parallel_reduced:impl|history[1][59][6]  ; fir_filter_parallel_reduced_stream:impl|fir_filter_parallel_reduced:impl|sample_out[1][15] ; 0.270             ;
; fir_filter_parallel_reduced_stream:impl|fir_filter_parallel_reduced:impl|history[0][64][3]  ; fir_filter_parallel_reduced_stream:impl|fir_filter_parallel_reduced:impl|sample_out[1][15] ; 0.269             ;
; fir_filter_parallel_reduced_stream:impl|fir_filter_parallel_reduced:impl|history[0][71][5]  ; fir_filter_parallel_reduced_stream:impl|fir_filter_parallel_reduced:impl|sample_out[1][15] ; 0.269             ;
; fir_filter_parallel_reduced_stream:impl|fir_filter_parallel_reduced:impl|history[0][54][6]  ; fir_filter_parallel_reduced_stream:impl|fir_filter_parallel_reduced:impl|sample_out[1][15] ; 0.269             ;
; fir_filter_parallel_reduced_stream:impl|fir_filter_parallel_reduced:impl|history[0][78][8]  ; fir_filter_parallel_reduced_stream:impl|fir_filter_parallel_reduced:impl|sample_out[1][15] ; 0.269             ;
; fir_filter_parallel_reduced_stream:impl|fir_filter_parallel_reduced:impl|history[0][69][10] ; fir_filter_parallel_reduced_stream:impl|fir_filter_parallel_reduced:impl|sample_out[1][15] ; 0.269             ;
; fir_filter_parallel_reduced_stream:impl|fir_filter_parallel_reduced:impl|history[1][16][1]  ; fir_filter_parallel_reduced_stream:impl|fir_filter_parallel_reduced:impl|sample_out[1][15] ; 0.269             ;
; fir_filter_parallel_reduced_stream:impl|fir_filter_parallel_reduced:impl|history[1][85][13] ; fir_filter_parallel_reduced_stream:impl|fir_filter_parallel_reduced:impl|sample_out[1][15] ; 0.268             ;
; fir_filter_parallel_reduced_stream:impl|fir_filter_parallel_reduced:impl|history[0][27][0]  ; fir_filter_parallel_reduced_stream:impl|fir_filter_parallel_reduced:impl|sample_out[1][15] ; 0.268             ;
; fir_filter_parallel_reduced_stream:impl|fir_filter_parallel_reduced:impl|history[0][53][7]  ; fir_filter_parallel_reduced_stream:impl|fir_filter_parallel_reduced:impl|sample_out[1][15] ; 0.268             ;
; fir_filter_parallel_reduced_stream:impl|fir_filter_parallel_reduced:impl|history[0][84][8]  ; fir_filter_parallel_reduced_stream:impl|fir_filter_parallel_reduced:impl|sample_out[1][15] ; 0.268             ;
; fir_filter_parallel_reduced_stream:impl|fir_filter_parallel_reduced:impl|history[0][84][10] ; fir_filter_parallel_reduced_stream:impl|fir_filter_parallel_reduced:impl|sample_out[1][15] ; 0.268             ;
; fir_filter_parallel_reduced_stream:impl|fir_filter_parallel_reduced:impl|history[0][37][13] ; fir_filter_parallel_reduced_stream:impl|fir_filter_parallel_reduced:impl|sample_out[1][15] ; 0.268             ;
; fir_filter_parallel_reduced_stream:impl|fir_filter_parallel_reduced:impl|history[1][85][3]  ; fir_filter_parallel_reduced_stream:impl|fir_filter_parallel_reduced:impl|sample_out[1][15] ; 0.267             ;
; fir_filter_parallel_reduced_stream:impl|fir_filter_parallel_reduced:impl|history[0][25][0]  ; fir_filter_parallel_reduced_stream:impl|fir_filter_parallel_reduced:impl|sample_out[1][15] ; 0.267             ;
; fir_filter_parallel_reduced_stream:impl|fir_filter_parallel_reduced:impl|history[0][44][0]  ; fir_filter_parallel_reduced_stream:impl|fir_filter_parallel_reduced:impl|sample_out[1][15] ; 0.267             ;
; fir_filter_parallel_reduced_stream:impl|fir_filter_parallel_reduced:impl|history[0][77][6]  ; fir_filter_parallel_reduced_stream:impl|fir_filter_parallel_reduced:impl|sample_out[1][15] ; 0.267             ;
; fir_filter_parallel_reduced_stream:impl|fir_filter_parallel_reduced:impl|history[0][52][7]  ; fir_filter_parallel_reduced_stream:impl|fir_filter_parallel_reduced:impl|sample_out[1][15] ; 0.267             ;
; fir_filter_parallel_reduced_stream:impl|fir_filter_parallel_reduced:impl|history[0][55][7]  ; fir_filter_parallel_reduced_stream:impl|fir_filter_parallel_reduced:impl|sample_out[1][15] ; 0.267             ;
; fir_filter_parallel_reduced_stream:impl|fir_filter_parallel_reduced:impl|history[0][77][11] ; fir_filter_parallel_reduced_stream:impl|fir_filter_parallel_reduced:impl|sample_out[1][15] ; 0.267             ;
; fir_filter_parallel_reduced_stream:impl|fir_filter_parallel_reduced:impl|history[0][25][12] ; fir_filter_parallel_reduced_stream:impl|fir_filter_parallel_reduced:impl|sample_out[1][15] ; 0.267             ;
; fir_filter_parallel_reduced_stream:impl|fir_filter_parallel_reduced:impl|history[0][64][14] ; fir_filter_parallel_reduced_stream:impl|fir_filter_parallel_reduced:impl|sample_out[1][15] ; 0.267             ;
; fir_filter_parallel_reduced_stream:impl|fir_filter_parallel_reduced:impl|history[1][19][9]  ; fir_filter_parallel_reduced_stream:impl|fir_filter_parallel_reduced:impl|sample_out[1][15] ; 0.267             ;
; fir_filter_parallel_reduced_stream:impl|fir_filter_parallel_reduced:impl|history[1][19][7]  ; fir_filter_parallel_reduced_stream:impl|fir_filter_parallel_reduced:impl|sample_out[1][15] ; 0.267             ;
; fir_filter_parallel_reduced_stream:impl|fir_filter_parallel_reduced:impl|history[1][78][4]  ; fir_filter_parallel_reduced_stream:impl|fir_filter_parallel_reduced:impl|sample_out[1][15] ; 0.267             ;
; fir_filter_parallel_reduced_stream:impl|fir_filter_parallel_reduced:impl|history[1][85][8]  ; fir_filter_parallel_reduced_stream:impl|fir_filter_parallel_reduced:impl|sample_out[1][15] ; 0.266             ;
; fir_filter_parallel_reduced_stream:impl|fir_filter_parallel_reduced:impl|history[1][88][12] ; fir_filter_parallel_reduced_stream:impl|fir_filter_parallel_reduced:impl|sample_out[1][15] ; 0.266             ;
; fir_filter_parallel_reduced_stream:impl|fir_filter_parallel_reduced:impl|history[0][26][0]  ; fir_filter_parallel_reduced_stream:impl|fir_filter_parallel_reduced:impl|sample_out[1][15] ; 0.266             ;
; fir_filter_parallel_reduced_stream:impl|fir_filter_parallel_reduced:impl|history[0][55][0]  ; fir_filter_parallel_reduced_stream:impl|fir_filter_parallel_reduced:impl|sample_out[1][15] ; 0.266             ;
; fir_filter_parallel_reduced_stream:impl|fir_filter_parallel_reduced:impl|history[0][44][14] ; fir_filter_parallel_reduced_stream:impl|fir_filter_parallel_reduced:impl|sample_out[1][15] ; 0.266             ;
; fir_filter_parallel_reduced_stream:impl|fir_filter_parallel_reduced:impl|history[1][84][1]  ; fir_filter_parallel_reduced_stream:impl|fir_filter_parallel_reduced:impl|sample_out[1][15] ; 0.266             ;
; fir_filter_parallel_reduced_stream:impl|fir_filter_parallel_reduced:impl|history[1][17][12] ; fir_filter_parallel_reduced_stream:impl|fir_filter_parallel_reduced:impl|sample_out[1][15] ; 0.266             ;
; fir_filter_parallel_reduced_stream:impl|fir_filter_parallel_reduced:impl|history[0][31][3]  ; fir_filter_parallel_reduced_stream:impl|fir_filter_parallel_reduced:impl|sample_out[1][15] ; 0.265             ;
; fir_filter_parallel_reduced_stream:impl|fir_filter_parallel_reduced:impl|history[0][0][5]   ; fir_filter_parallel_reduced_stream:impl|fir_filter_parallel_reduced:impl|sample_out[1][15] ; 0.262             ;
; fir_filter_parallel_reduced_stream:impl|fir_filter_parallel_reduced:impl|history[0][36][3]  ; fir_filter_parallel_reduced_stream:impl|fir_filter_parallel_reduced:impl|sample_out[1][15] ; 0.260             ;
; fir_filter_parallel_reduced_stream:impl|fir_filter_parallel_reduced:impl|history[0][84][5]  ; fir_filter_parallel_reduced_stream:impl|fir_filter_parallel_reduced:impl|sample_out[1][15] ; 0.195             ;
; fir_filter_parallel_reduced_stream:impl|output_fifo[5][0]                                   ; fir_filter_parallel_reduced_stream:impl|output_fifo[4][0]                                  ; 0.195             ;
; fir_filter_parallel_reduced_stream:impl|fir_filter_parallel_reduced:impl|history[0][73][14] ; fir_filter_parallel_reduced_stream:impl|fir_filter_parallel_reduced:impl|sample_out[1][15] ; 0.191             ;
; fir_filter_parallel_reduced_stream:impl|fir_filter_parallel_reduced:impl|history[0][74][9]  ; fir_filter_parallel_reduced_stream:impl|fir_filter_parallel_reduced:impl|sample_out[1][15] ; 0.190             ;
; fir_filter_parallel_reduced_stream:impl|output_fifo[3][0]                                   ; fir_filter_parallel_reduced_stream:impl|output_fifo[2][0]                                  ; 0.189             ;
; fir_filter_parallel_reduced_stream:impl|fir_filter_parallel_reduced:impl|history[0][49][15] ; fir_filter_parallel_reduced_stream:impl|fir_filter_parallel_reduced:impl|sample_out[1][15] ; 0.186             ;
; fir_filter_parallel_reduced_stream:impl|fir_filter_parallel_reduced:impl|history[0][59][4]  ; fir_filter_parallel_reduced_stream:impl|fir_filter_parallel_reduced:impl|sample_out[1][15] ; 0.182             ;
; fir_filter_parallel_reduced_stream:impl|fir_filter_parallel_reduced:impl|history[0][77][12] ; fir_filter_parallel_reduced_stream:impl|fir_filter_parallel_reduced:impl|sample_out[1][15] ; 0.145             ;
; fir_filter_parallel_reduced_stream:impl|fir_filter_parallel_reduced:impl|history[1][17][5]  ; fir_filter_parallel_reduced_stream:impl|fir_filter_parallel_reduced:impl|sample_out[1][15] ; 0.144             ;
; fir_filter_parallel_reduced_stream:impl|fir_filter_parallel_reduced:impl|history[0][39][0]  ; fir_filter_parallel_reduced_stream:impl|fir_filter_parallel_reduced:impl|sample_out[1][15] ; 0.129             ;
; fir_filter_parallel_reduced_stream:impl|fir_filter_parallel_reduced:impl|history[0][52][15] ; fir_filter_parallel_reduced_stream:impl|fir_filter_parallel_reduced:impl|sample_out[1][15] ; 0.129             ;
; fir_filter_parallel_reduced_stream:impl|fir_filter_parallel_reduced:impl|sample_out_valid   ; fir_filter_parallel_reduced_stream:impl|output_fifo[4][10]                                 ; 0.127             ;
; fir_filter_parallel_reduced_stream:impl|output_fifo[5][14]                                  ; fir_filter_parallel_reduced_stream:impl|output_fifo[4][14]                                 ; 0.108             ;
; fir_filter_parallel_reduced_stream:impl|output_fifo[5][2]                                   ; fir_filter_parallel_reduced_stream:impl|output_fifo[4][2]                                  ; 0.108             ;
; fir_filter_parallel_reduced_stream:impl|output_fifo[3][8]                                   ; fir_filter_parallel_reduced_stream:impl|output_fifo[2][8]                                  ; 0.106             ;
; fir_filter_parallel_reduced_stream:impl|output_fifo[3][7]                                   ; fir_filter_parallel_reduced_stream:impl|output_fifo[2][7]                                  ; 0.106             ;
; fir_filter_parallel_reduced_stream:impl|output_fifo[3][5]                                   ; fir_filter_parallel_reduced_stream:impl|output_fifo[2][5]                                  ; 0.106             ;
; fir_filter_parallel_reduced_stream:impl|output_fifo[3][2]                                   ; fir_filter_parallel_reduced_stream:impl|output_fifo[2][2]                                  ; 0.106             ;
; fir_filter_parallel_reduced_stream:impl|output_fifo[5][12]                                  ; fir_filter_parallel_reduced_stream:impl|output_fifo[4][12]                                 ; 0.104             ;
; fir_filter_parallel_reduced_stream:impl|output_fifo[5][4]                                   ; fir_filter_parallel_reduced_stream:impl|output_fifo[4][4]                                  ; 0.104             ;
; fir_filter_parallel_reduced_stream:impl|output_fifo[5][5]                                   ; fir_filter_parallel_reduced_stream:impl|output_fifo[4][5]                                  ; 0.098             ;
; fir_filter_parallel_reduced_stream:impl|output_fifo[5][11]                                  ; fir_filter_parallel_reduced_stream:impl|output_fifo[4][11]                                 ; 0.095             ;
; fir_filter_parallel_reduced_stream:impl|output_fifo[5][9]                                   ; fir_filter_parallel_reduced_stream:impl|output_fifo[4][9]                                  ; 0.095             ;
; fir_filter_parallel_reduced_stream:impl|output_fifo[5][10]                                  ; fir_filter_parallel_reduced_stream:impl|output_fifo[4][10]                                 ; 0.094             ;
; fir_filter_parallel_reduced_stream:impl|output_fifo[5][7]                                   ; fir_filter_parallel_reduced_stream:impl|output_fifo[4][7]                                  ; 0.094             ;
; fir_filter_parallel_reduced_stream:impl|output_fifo[3][15]                                  ; fir_filter_parallel_reduced_stream:impl|output_fifo[2][15]                                 ; 0.090             ;
; fir_filter_parallel_reduced_stream:impl|output_fifo[3][14]                                  ; fir_filter_parallel_reduced_stream:impl|output_fifo[2][14]                                 ; 0.090             ;
; fir_filter_parallel_reduced_stream:impl|output_fifo[3][10]                                  ; fir_filter_parallel_reduced_stream:impl|output_fifo[2][10]                                 ; 0.090             ;
; fir_filter_parallel_reduced_stream:impl|output_fifo[3][6]                                   ; fir_filter_parallel_reduced_stream:impl|output_fifo[2][6]                                  ; 0.090             ;
; fir_filter_parallel_reduced_stream:impl|output_fifo[5][13]                                  ; fir_filter_parallel_reduced_stream:impl|output_fifo[4][13]                                 ; 0.087             ;
; fir_filter_parallel_reduced_stream:impl|output_fifo[5][1]                                   ; fir_filter_parallel_reduced_stream:impl|output_fifo[4][1]                                  ; 0.087             ;
; fir_filter_parallel_reduced_stream:impl|output_fifo[5][8]                                   ; fir_filter_parallel_reduced_stream:impl|output_fifo[4][8]                                  ; 0.085             ;
; fir_filter_parallel_reduced_stream:impl|fir_filter_parallel_reduced:impl|history[0][37][2]  ; fir_filter_parallel_reduced_stream:impl|fir_filter_parallel_reduced:impl|history[0][38][2] ; 0.083             ;
; fir_filter_parallel_reduced_stream:impl|fir_filter_parallel_reduced:impl|history[0][38][2]  ; fir_filter_parallel_reduced_stream:impl|fir_filter_parallel_reduced:impl|history[0][38][2] ; 0.083             ;
+---------------------------------------------------------------------------------------------+--------------------------------------------------------------------------------------------+-------------------+
Note: This table only shows the top 100 path(s) that have the largest delay added for hold.


+-----------------+
; Fitter Messages ;
+-----------------+
Info (20032): Parallel compilation is enabled and will use up to 4 processors
Info (119006): Selected device 5CGXFC9E6F35C7 for design "fir_filter_l2_reduced"
Info (21076): High junction temperature operating condition is not set. Assuming a default value of '85'.
Info (21076): Low junction temperature operating condition is not set. Assuming a default value of '0'.
Info (171003): Fitter is performing an Auto Fit compilation, which may decrease Fitter effort to reduce compilation time
Warning (292013): Feature LogicLock is only available with a valid subscription license. You can purchase a software subscription to gain full access to this feature.
Warning (15714): Some pins have incomplete I/O assignments. Refer to the I/O Assignment Warnings report for details
Critical Warning (169085): No exact pin location assignment(s) for 36 pins of 36 total pins. For the list of pins please refer to the I/O Assignment Warnings table in the fitter report.
Info (184020): Starting Fitter periphery placement operations
Info (11191): Automatically promoted 2 clocks (2 global)
    Info (11162): clk~inputCLKENA0 with 3574 fanout uses global clock CLKCTRL_G6
    Info (11162): rst_n~inputCLKENA0 with 3574 fanout uses global clock CLKCTRL_G9
Info (184021): Fitter periphery placement operations ending: elapsed time is 00:00:01
Info (176233): Starting register packing
Info (332104): Reading SDC File: 'vendor/quartus/fir_filter.sdc'
Info (332143): No user constrained clock uncertainty found in the design. Calling "derive_clock_uncertainty"
Info (332123): Deriving Clock Uncertainty. Please refer to report_sdc in the Timing Analyzer to see clock uncertainties.
Info (332129): Detected timing requirements -- optimizing circuit to achieve only the specified requirements
Info (332111): Found 1 clocks
    Info (332111):   Period   Clock Name
    Info (332111): ======== ============
    Info (332111):   10.000          clk
Info (176235): Finished register packing
    Extra Info (176219): No registers were packed into other blocks
Info (11798): Fitter preparation operations ending: elapsed time is 00:00:34
Info (170189): Fitter placement preparation operations beginning
Info (14951): The Fitter is using Advanced Physical Optimization.
Info (170190): Fitter placement preparation operations ending: elapsed time is 00:01:09
Info (170191): Fitter placement operations beginning
Info (170137): Fitter placement was successful
Info (170192): Fitter placement operations ending: elapsed time is 00:01:18
Info (170193): Fitter routing operations beginning
Info (170195): Router estimated average interconnect usage is 6% of the available device resources
    Info (170196): Router estimated peak interconnect usage is 30% of the available device resources in the region that extends from location X61_Y81 to location X72_Y91
Info (170199): The Fitter performed an Auto Fit compilation.  Optimizations were skipped to reduce compilation time.
    Info (170201): Optimizations that may affect the design's routability were skipped
Info (170194): Fitter routing operations ending: elapsed time is 00:03:55
Info (11888): Total time spent on timing analysis during the Fitter is 51.50 seconds.
Info (334003): Started post-fitting delay annotation
Info (334004): Delay annotation completed successfully
Info (334003): Started post-fitting delay annotation
Info (334004): Delay annotation completed successfully
Info (11801): Fitter post-fit operations ending: elapsed time is 00:01:23
Info (144001): Generated suppressed messages file C:/Mac/Home/Desktop/avlsi-fir-filter-design/fir-filter-hardware-optimized/output_files/fir_filter_l2_reduced.fit.smsg
Info: Quartus Prime Fitter was successful. 0 errors, 3 warnings
    Info: Peak virtual memory: 15950 megabytes
    Info: Processing ended: Tue Mar 24 22:35:46 2026
    Info: Elapsed time: 00:11:00
    Info: Total CPU time (on all processors): 00:19:54


+----------------------------+
; Fitter Suppressed Messages ;
+----------------------------+
The suppressed messages can be found in C:/Mac/Home/Desktop/avlsi-fir-filter-design/fir-filter-hardware-optimized/output_files/fir_filter_l2_reduced.fit.smsg.


